{
  "type": "FeatureCollection",
  "features": [
    {
      "type": "Feature",
      "geometry": {
        "type": "MultiPolygon",
        "coordinates": [
          [
            [
              [
                129.0328,
                35.1162
              ],
              [
                129.0332,
                35.1154
              ],
              [
                129.0336,
                35.1155
              ],
              [
                129.0338,
                35.1154
              ],
              [
                129.034,
                35.1153
              ],
              [
                129.0343,
                35.1151
              ],
              [
                129.0356,
                35.1141
              ],
              [
                129.0361,
                35.1135
              ],
              [
                129.0361,
                35.1135
              ],
              [
                129.0361,
                35.1135
              ],
              [
                129.0361,
                35.1134
              ],
              [
                129.036,
                35.1134
              ],
              [
                129.0361,
                35.1132
              ],
              [
                129.0365,
                35.1129
              ],
              [
                129.0379,
                35.112
              ],
              [
                129.0382,
                35.112
              ],
              [
                129.0386,
                35.1119
              ],
              [
                129.04,
                35.1114
              ],
              [
                129.0401,
                35.1114
              ],
              [
                129.0416,
                35.111
              ],
              [
                129.0412,
                35.1102
              ],
              [
                129.0409,
                35.1095
              ],
              [
                129.0411,
                35.1087
              ],
              [
                129.0412,
                35.1087
              ],
              [
                129.044,
                35.1076
              ],
              [
                129.044,
                35.1075
              ],
              [
                129.044,
                35.1071
              ],
              [
                129.044,
                35.1069
              ],
              [
                129.0441,
                35.1068
              ],
              [
                129.0441,
                35.1066
              ],
              [
                129.0442,
                35.1065
              ],
              [
                129.0442,
                35.1064
              ],
              [
                129.0443,
                35.1062
              ],
              [
                129.0445,
                35.1061
              ],
              [
                129.0446,
                35.106
              ],
              [
                129.0448,
                35.1059
              ],
              [
                129.045,
                35.1059
              ],
              [
                129.0456,
                35.1056
              ],
              [
                129.0456,
                35.1056
              ],
              [
                129.0456,
                35.1056
              ],
              [
                129.0458,
                35.1058
              ],
              [
                129.0467,
                35.1068
              ],
              [
                129.0468,
                35.1068
              ],
              [
                129.0452,
                35.105
              ],
              [
                129.045,
                35.1049
              ],
              [
                129.0437,
                35.105
              ],
              [
                129.0407,
                35.1069
              ],
              [
                129.0405,
                35.107
              ],
              [
                129.0403,
                35.107
              ],
              [
                129.0398,
                35.1058
              ],
              [
                129.0409,
                35.1052
              ],
              [
                129.0425,
                35.1041
              ],
              [
                129.0436,
                35.1035
              ],
              [
                129.0436,
                35.1034
              ],
              [
                129.0425,
                35.1021
              ],
              [
                129.0423,
                35.102
              ],
              [
                129.0422,
                35.102
              ],
              [
                129.04,
                35.1029
              ],
              [
                129.0389,
                35.1036
              ],
              [
                129.0397,
                35.1044
              ],
              [
                129.0397,
                35.1044
              ],
              [
                129.0393,
                35.1044
              ],
              [
                129.0382,
                35.1044
              ],
              [
                129.0378,
                35.1036
              ],
              [
                129.0379,
                35.1027
              ],
              [
                129.0383,
                35.1018
              ],
              [
                129.0384,
                35.1017
              ],
              [
                129.039,
                35.1015
              ],
              [
                129.0399,
                35.1013
              ],
              [
                129.0399,
                35.1004
              ],
              [
                129.0398,
                35.1
              ],
              [
                129.0381,
                35.0972
              ],
              [
                129.0379,
                35.0971
              ],
              [
                129.0378,
                35.0969
              ],
              [
                129.0377,
                35.0968
              ],
              [
                129.0375,
                35.0967
              ],
              [
                129.0374,
                35.0967
              ],
              [
                129.0373,
                35.0966
              ],
              [
                129.0372,
                35.0966
              ],
              [
                129.0371,
                35.0965
              ],
              [
                129.0369,
                35.0965
              ],
              [
                129.0366,
                35.0964
              ],
              [
                129.036,
                35.0964
              ],
              [
                129.0343,
                35.0967
              ],
              [
                129.0288,
                35.0963
              ],
              [
                129.0264,
                35.0957
              ],
              [
                129.0252,
                35.098
              ],
              [
                129.0246,
                35.0993
              ],
              [
                129.0215,
                35.1019
              ],
              [
                129.0212,
                35.1032
              ],
              [
                129.0224,
                35.1075
              ],
              [
                129.0229,
                35.1089
              ],
              [
                129.0238,
                35.1089
              ],
              [
                129.0238,
                35.1089
              ],
              [
                129.0242,
                35.1089
              ],
              [
                129.0244,
                35.1089
              ],
              [
                129.0253,
                35.1098
              ],
              [
                129.026,
                35.1108
              ],
              [
                129.0271,
                35.1103
              ],
              [
                129.0276,
                35.1102
              ],
              [
                129.0281,
                35.1124
              ],
              [
                129.0281,
                35.1124
              ],
              [
                129.0281,
                35.1131
              ],
              [
                129.0279,
                35.1145
              ],
              [
                129.0278,
                35.1147
              ],
              [
                129.0276,
                35.1152
              ],
              [
                129.0275,
                35.1154
              ],
              [
                129.0274,
                35.1155
              ],
              [
                129.0293,
                35.1163
              ],
              [
                129.0323,
                35.1164
              ],
              [
                129.0328,
                35.1162
              ]
            ]
          ]
        ]
      },
      "properties": {
        "name": "중구",
        "base_year": "2018",
        "name_eng": "Jung-gu",
        "code": "21010"
      }
    },
    {
      "type": "Feature",
      "geometry": {
        "type": "MultiPolygon",
        "coordinates": [
          [
            [
              [
                129.0147,
                35.0503
              ],
              [
                129.0147,
                35.0503
              ],
              [
                129.0148,
                35.0503
              ],
              [
                129.0149,
                35.0503
              ],
              [
                129.0149,
                35.0503
              ],
              [
                129.015,
                35.0503
              ],
              [
                129.0156,
                35.0496
              ],
              [
                129.016,
                35.0487
              ],
              [
                129.0159,
                35.0481
              ],
              [
                129.0159,
                35.048
              ],
              [
                129.0156,
                35.0476
              ],
              [
                129.0155,
                35.0476
              ],
              [
                129.0155,
                35.0476
              ],
              [
                129.0154,
                35.0476
              ],
              [
                129.0152,
                35.0474
              ],
              [
                129.0151,
                35.0474
              ],
              [
                129.0151,
                35.0474
              ],
              [
                129.015,
                35.0474
              ],
              [
                129.015,
                35.0474
              ],
              [
                129.0149,
                35.0474
              ],
              [
                129.0149,
                35.0474
              ],
              [
                129.0139,
                35.0481
              ],
              [
                129.0139,
                35.0481
              ],
              [
                129.0139,
                35.0481
              ],
              [
                129.0142,
                35.05
              ],
              [
                129.0142,
                35.05
              ],
              [
                129.0142,
                35.0501
              ],
              [
                129.0143,
                35.0501
              ],
              [
                129.0143,
                35.0502
              ],
              [
                129.0143,
                35.0502
              ],
              [
                129.0144,
                35.0503
              ],
              [
                129.0144,
                35.0503
              ],
              [
                129.0144,
                35.0503
              ],
              [
                129.0145,
                35.0503
              ],
              [
                129.0145,
                35.0504
              ],
              [
                129.0146,
                35.0504
              ],
              [
                129.0147,
                35.0503
              ]
            ]
          ],
          [
            [
              [
                129.004,
                35.1396
              ],
              [
                129.006,
                35.1392
              ],
              [
                129.0077,
                35.1395
              ],
              [
                129.0087,
                35.1394
              ],
              [
                129.0106,
                35.1388
              ],
              [
                129.0122,
                35.1375
              ],
              [
                129.0122,
                35.1375
              ],
              [
                129.0122,
                35.1375
              ],
              [
                129.0122,
                35.1374
              ],
              [
                129.0127,
                35.137
              ],
              [
                129.0127,
                35.137
              ],
              [
                129.0159,
                35.136
              ],
              [
                129.018,
                35.1364
              ],
              [
                129.0208,
                35.1367
              ],
              [
                129.0213,
                35.1368
              ],
              [
                129.0215,
                35.1368
              ],
              [
                129.0215,
                35.1368
              ],
              [
                129.0215,
                35.1368
              ],
              [
                129.023,
                35.1366
              ],
              [
                129.0256,
                35.1357
              ],
              [
                129.026,
                35.1314
              ],
              [
                129.026,
                35.1249
              ],
              [
                129.0258,
                35.1233
              ],
              [
                129.0251,
                35.1217
              ],
              [
                129.0254,
                35.1206
              ],
              [
                129.0243,
                35.1188
              ],
              [
                129.0244,
                35.1185
              ],
              [
                129.0246,
                35.1181
              ],
              [
                129.0246,
                35.1179
              ],
              [
                129.025,
                35.1176
              ],
              [
                129.0255,
                35.1171
              ],
              [
                129.0259,
                35.1167
              ],
              [
                129.0274,
                35.1155
              ],
              [
                129.0275,
                35.1154
              ],
              [
                129.0276,
                35.1152
              ],
              [
                129.0278,
                35.1147
              ],
              [
                129.0279,
                35.1145
              ],
              [
                129.0281,
                35.1131
              ],
              [
                129.0281,
                35.1124
              ],
              [
                129.0281,
                35.1124
              ],
              [
                129.0276,
                35.1102
              ],
              [
                129.0271,
                35.1103
              ],
              [
                129.026,
                35.1108
              ],
              [
                129.0253,
                35.1098
              ],
              [
                129.0244,
                35.1089
              ],
              [
                129.0242,
                35.1089
              ],
              [
                129.0238,
                35.1089
              ],
              [
                129.0238,
                35.1089
              ],
              [
                129.0229,
                35.1089
              ],
              [
                129.0224,
                35.1075
              ],
              [
                129.0212,
                35.1032
              ],
              [
                129.0215,
                35.1019
              ],
              [
                129.0246,
                35.0993
              ],
              [
                129.0252,
                35.098
              ],
              [
                129.0264,
                35.0957
              ],
              [
                129.0252,
                35.0935
              ],
              [
                129.0253,
                35.0933
              ],
              [
                129.026,
                35.0868
              ],
              [
                129.0267,
                35.0853
              ],
              [
                129.0259,
                35.0821
              ],
              [
                129.0259,
                35.0821
              ],
              [
                129.0257,
                35.0812
              ],
              [
                129.0255,
                35.0806
              ],
              [
                129.0246,
                35.0763
              ],
              [
                129.0238,
                35.0758
              ],
              [
                129.0237,
                35.0758
              ],
              [
                129.0236,
                35.0758
              ],
              [
                129.0235,
                35.0758
              ],
              [
                129.0234,
                35.0758
              ],
              [
                129.0233,
                35.0757
              ],
              [
                129.0233,
                35.0758
              ],
              [
                129.0232,
                35.0758
              ],
              [
                129.0231,
                35.0758
              ],
              [
                129.023,
                35.0758
              ],
              [
                129.0229,
                35.0758
              ],
              [
                129.0229,
                35.0759
              ],
              [
                129.0218,
                35.0764
              ],
              [
                129.0216,
                35.0766
              ],
              [
                129.0215,
                35.0767
              ],
              [
                129.0215,
                35.0767
              ],
              [
                129.0215,
                35.0767
              ],
              [
                129.0215,
                35.0767
              ],
              [
                129.0215,
                35.0768
              ],
              [
                129.0215,
                35.0768
              ],
              [
                129.0215,
                35.0768
              ],
              [
                129.0216,
                35.0768
              ],
              [
                129.0216,
                35.0768
              ],
              [
                129.0216,
                35.0768
              ],
              [
                129.0216,
                35.0768
              ],
              [
                129.0216,
                35.0768
              ],
              [
                129.0216,
                35.0768
              ],
              [
                129.0216,
                35.0768
              ],
              [
                129.0216,
                35.0768
              ],
              [
                129.0216,
                35.0768
              ],
              [
                129.0218,
                35.0767
              ],
              [
                129.0218,
                35.0766
              ],
              [
                129.0219,
                35.0766
              ],
              [
                129.0219,
                35.0766
              ],
              [
                129.0219,
                35.0765
              ],
              [
                129.022,
                35.0765
              ],
              [
                129.022,
                35.0765
              ],
              [
                129.0221,
                35.0765
              ],
              [
                129.0221,
                35.0765
              ],
              [
                129.0221,
                35.0765
              ],
              [
                129.0222,
                35.0765
              ],
              [
                129.0222,
                35.0765
              ],
              [
                129.0222,
                35.0765
              ],
              [
                129.0222,
                35.0765
              ],
              [
                129.0222,
                35.0765
              ],
              [
                129.0222,
                35.0765
              ],
              [
                129.0222,
                35.0767
              ],
              [
                129.0222,
                35.0767
              ],
              [
                129.0221,
                35.0768
              ],
              [
                129.022,
                35.0768
              ],
              [
                129.0218,
                35.0769
              ],
              [
                129.0214,
                35.0771
              ],
              [
                129.0214,
                35.0771
              ],
              [
                129.0203,
                35.077
              ],
              [
                129.0202,
                35.077
              ],
              [
                129.0195,
                35.0768
              ],
              [
                129.0194,
                35.0768
              ],
              [
                129.0192,
                35.0767
              ],
              [
                129.0191,
                35.0766
              ],
              [
                129.019,
                35.0766
              ],
              [
                129.0188,
                35.0765
              ],
              [
                129.0183,
                35.0761
              ],
              [
                129.0181,
                35.0759
              ],
              [
                129.0179,
                35.0758
              ],
              [
                129.0176,
                35.0756
              ],
              [
                129.0176,
                35.0755
              ],
              [
                129.0174,
                35.0753
              ],
              [
                129.0173,
                35.0751
              ],
              [
                129.0172,
                35.075
              ],
              [
                129.0172,
                35.0749
              ],
              [
                129.017,
                35.0747
              ],
              [
                129.0169,
                35.0745
              ],
              [
                129.0169,
                35.0744
              ],
              [
                129.0169,
                35.0743
              ],
              [
                129.0169,
                35.0743
              ],
              [
                129.0169,
                35.0742
              ],
              [
                129.0169,
                35.0741
              ],
              [
                129.0169,
                35.0741
              ],
              [
                129.0169,
                35.074
              ],
              [
                129.0182,
                35.0718
              ],
              [
                129.0182,
                35.0717
              ],
              [
                129.0182,
                35.0717
              ],
              [
                129.0182,
                35.0716
              ],
              [
                129.0192,
                35.0706
              ],
              [
                129.0194,
                35.0706
              ],
              [
                129.0194,
                35.0706
              ],
              [
                129.0196,
                35.0707
              ],
              [
                129.0197,
                35.071
              ],
              [
                129.0197,
                35.071
              ],
              [
                129.0198,
                35.0713
              ],
              [
                129.0208,
                35.0704
              ],
              [
                129.0213,
                35.0697
              ],
              [
                129.0214,
                35.0665
              ],
              [
                129.0212,
                35.0657
              ],
              [
                129.0219,
                35.0628
              ],
              [
                129.0221,
                35.0626
              ],
              [
                129.0221,
                35.0626
              ],
              [
                129.0222,
                35.0625
              ],
              [
                129.0223,
                35.0624
              ],
              [
                129.0223,
                35.0624
              ],
              [
                129.0223,
                35.062
              ],
              [
                129.0223,
                35.0619
              ],
              [
                129.0223,
                35.0619
              ],
              [
                129.022,
                35.0613
              ],
              [
                129.022,
                35.0612
              ],
              [
                129.022,
                35.0612
              ],
              [
                129.0215,
                35.0607
              ],
              [
                129.0164,
                35.0572
              ],
              [
                129.0161,
                35.0544
              ],
              [
                129.0162,
                35.0542
              ],
              [
                129.0162,
                35.0542
              ],
              [
                129.0161,
                35.0538
              ],
              [
                129.016,
                35.0538
              ],
              [
                129.016,
                35.0537
              ],
              [
                129.016,
                35.0537
              ],
              [
                129.0159,
                35.0536
              ],
              [
                129.0159,
                35.0536
              ],
              [
                129.0159,
                35.0535
              ],
              [
                129.0157,
                35.0533
              ],
              [
                129.0157,
                35.0533
              ],
              [
                129.0157,
                35.0532
              ],
              [
                129.0156,
                35.0532
              ],
              [
                129.0152,
                35.0529
              ],
              [
                129.015,
                35.0527
              ],
              [
                129.0149,
                35.0527
              ],
              [
                129.0106,
                35.0517
              ],
              [
                129.0116,
                35.0525
              ],
              [
                129.01,
                35.0572
              ],
              [
                129.0088,
                35.0605
              ],
              [
                129.0111,
                35.063
              ],
              [
                129.0097,
                35.0658
              ],
              [
                129.0093,
                35.0659
              ],
              [
                129.0093,
                35.0659
              ],
              [
                129.0089,
                35.0666
              ],
              [
                129.0059,
                35.0706
              ],
              [
                129.0055,
                35.0711
              ],
              [
                129.0054,
                35.0718
              ],
              [
                129.0053,
                35.0728
              ],
              [
                129.0047,
                35.0766
              ],
              [
                129.0045,
                35.0778
              ],
              [
                129.0045,
                35.0784
              ],
              [
                129.0045,
                35.0784
              ],
              [
                129.0063,
                35.0786
              ],
              [
                129.0079,
                35.0786
              ],
              [
                129.0081,
                35.0784
              ],
              [
                129.0083,
                35.0782
              ],
              [
                129.0087,
                35.0778
              ],
              [
                129.0088,
                35.0776
              ],
              [
                129.0089,
                35.0776
              ],
              [
                129.0101,
                35.077
              ],
              [
                129.0112,
                35.0768
              ],
              [
                129.0117,
                35.0807
              ],
              [
                129.0118,
                35.0816
              ],
              [
                129.0122,
                35.0847
              ],
              [
                129.0128,
                35.0872
              ],
              [
                129.0129,
                35.0877
              ],
              [
                129.013,
                35.0882
              ],
              [
                129.0131,
                35.0884
              ],
              [
                129.0132,
                35.0888
              ],
              [
                129.0134,
                35.0894
              ],
              [
                129.0135,
                35.0895
              ],
              [
                129.0135,
                35.0895
              ],
              [
                129.0139,
                35.0902
              ],
              [
                129.0141,
                35.0906
              ],
              [
                129.0144,
                35.091
              ],
              [
                129.0143,
                35.0927
              ],
              [
                129.0143,
                35.093
              ],
              [
                129.0142,
                35.0937
              ],
              [
                129.0135,
                35.0947
              ],
              [
                129.0112,
                35.0975
              ],
              [
                129.0072,
                35.0995
              ],
              [
                129.0073,
                35.1012
              ],
              [
                129.0076,
                35.1019
              ],
              [
                129.0083,
                35.1029
              ],
              [
                129.0086,
                35.1031
              ],
              [
                129.0092,
                35.1038
              ],
              [
                129.01,
                35.1048
              ],
              [
                129.0105,
                35.1057
              ],
              [
                129.0083,
                35.1074
              ],
              [
                129.0062,
                35.1095
              ],
              [
                129.0054,
                35.1097
              ],
              [
                129.0047,
                35.1099
              ],
              [
                129.0043,
                35.1102
              ],
              [
                129.0035,
                35.1113
              ],
              [
                129.0039,
                35.1131
              ],
              [
                129.002,
                35.1143
              ],
              [
                129.0024,
                35.1155
              ],
              [
                129.0027,
                35.1173
              ],
              [
                129.0021,
                35.118
              ],
              [
                128.9988,
                35.1198
              ],
              [
                128.9997,
                35.1233
              ],
              [
                129,
                35.1237
              ],
              [
                129.0013,
                35.1247
              ],
              [
                129.0029,
                35.1254
              ],
              [
                129.003,
                35.1255
              ],
              [
                129.0033,
                35.126
              ],
              [
                129.0036,
                35.1265
              ],
              [
                129.0036,
                35.1265
              ],
              [
                129.0037,
                35.1268
              ],
              [
                129.0039,
                35.1275
              ],
              [
                129.0039,
                35.1277
              ],
              [
                129.004,
                35.128
              ],
              [
                129.0036,
                35.128
              ],
              [
                129.0031,
                35.1278
              ],
              [
                129.0029,
                35.1278
              ],
              [
                129.003,
                35.1293
              ],
              [
                129.0031,
                35.1299
              ],
              [
                129.0032,
                35.1305
              ],
              [
                129.0032,
                35.1306
              ],
              [
                129.003,
                35.1314
              ],
              [
                129.0029,
                35.1319
              ],
              [
                129.0027,
                35.1329
              ],
              [
                129.0027,
                35.1337
              ],
              [
                129.0035,
                35.1346
              ],
              [
                129.0043,
                35.1364
              ],
              [
                128.9995,
                35.1389
              ],
              [
                128.996,
                35.1404
              ],
              [
                128.9985,
                35.141
              ],
              [
                129.0017,
                35.1407
              ],
              [
                129.004,
                35.1396
              ]
            ]
          ]
        ]
      },
      "properties": {
        "name": "서구",
        "base_year": "2018",
        "name_eng": "Seo-gu",
        "code": "21020"
      }
    },
    {
      "type": "Feature",
      "geometry": {
        "type": "MultiPolygon",
        "coordinates": [
          [
            [
              [
                129.0501,
                35.1436
              ],
              [
                129.0517,
                35.1424
              ],
              [
                129.0517,
                35.1423
              ],
              [
                129.0521,
                35.1422
              ],
              [
                129.0525,
                35.1421
              ],
              [
                129.0545,
                35.1418
              ],
              [
                129.0553,
                35.1418
              ],
              [
                129.0567,
                35.1421
              ],
              [
                129.0573,
                35.1427
              ],
              [
                129.0573,
                35.1421
              ],
              [
                129.0591,
                35.1413
              ],
              [
                129.0645,
                35.1414
              ],
              [
                129.0661,
                35.137
              ],
              [
                129.0656,
                35.1358
              ],
              [
                129.0656,
                35.1347
              ],
              [
                129.0661,
                35.1303
              ],
              [
                129.0659,
                35.1303
              ],
              [
                129.0655,
                35.129
              ],
              [
                129.0648,
                35.1272
              ],
              [
                129.0572,
                35.1192
              ],
              [
                129.0561,
                35.118
              ],
              [
                129.0544,
                35.1191
              ],
              [
                129.0528,
                35.1201
              ],
              [
                129.0523,
                35.1205
              ],
              [
                129.0531,
                35.1211
              ],
              [
                129.0553,
                35.1229
              ],
              [
                129.0553,
                35.1241
              ],
              [
                129.0554,
                35.1253
              ],
              [
                129.055,
                35.1256
              ],
              [
                129.0546,
                35.1258
              ],
              [
                129.054,
                35.1258
              ],
              [
                129.0527,
                35.1257
              ],
              [
                129.0525,
                35.1253
              ],
              [
                129.0526,
                35.1252
              ],
              [
                129.0527,
                35.125
              ],
              [
                129.0513,
                35.1242
              ],
              [
                129.05,
                35.1236
              ],
              [
                129.05,
                35.1234
              ],
              [
                129.0496,
                35.1227
              ],
              [
                129.0491,
                35.1217
              ],
              [
                129.0487,
                35.1207
              ],
              [
                129.0502,
                35.1192
              ],
              [
                129.0516,
                35.1184
              ],
              [
                129.0531,
                35.1174
              ],
              [
                129.0546,
                35.1165
              ],
              [
                129.0553,
                35.116
              ],
              [
                129.0553,
                35.116
              ],
              [
                129.0548,
                35.1154
              ],
              [
                129.0544,
                35.115
              ],
              [
                129.0527,
                35.116
              ],
              [
                129.0511,
                35.117
              ],
              [
                129.051,
                35.1171
              ],
              [
                129.0501,
                35.1176
              ],
              [
                129.0473,
                35.1166
              ],
              [
                129.0471,
                35.1164
              ],
              [
                129.0477,
                35.116
              ],
              [
                129.0508,
                35.114
              ],
              [
                129.0508,
                35.1125
              ],
              [
                129.0508,
                35.1125
              ],
              [
                129.0492,
                35.1102
              ],
              [
                129.0491,
                35.1101
              ],
              [
                129.0489,
                35.1099
              ],
              [
                129.0467,
                35.108
              ],
              [
                129.0466,
                35.1079
              ],
              [
                129.0464,
                35.1078
              ],
              [
                129.0461,
                35.1077
              ],
              [
                129.046,
                35.1077
              ],
              [
                129.046,
                35.1077
              ],
              [
                129.044,
                35.1076
              ],
              [
                129.0412,
                35.1087
              ],
              [
                129.0411,
                35.1087
              ],
              [
                129.0409,
                35.1095
              ],
              [
                129.0412,
                35.1102
              ],
              [
                129.0416,
                35.111
              ],
              [
                129.0401,
                35.1114
              ],
              [
                129.04,
                35.1114
              ],
              [
                129.0386,
                35.1119
              ],
              [
                129.0382,
                35.112
              ],
              [
                129.0379,
                35.112
              ],
              [
                129.0365,
                35.1129
              ],
              [
                129.0361,
                35.1132
              ],
              [
                129.036,
                35.1134
              ],
              [
                129.0361,
                35.1134
              ],
              [
                129.0361,
                35.1135
              ],
              [
                129.0361,
                35.1135
              ],
              [
                129.0361,
                35.1135
              ],
              [
                129.0356,
                35.1141
              ],
              [
                129.0343,
                35.1151
              ],
              [
                129.034,
                35.1153
              ],
              [
                129.0338,
                35.1154
              ],
              [
                129.0336,
                35.1155
              ],
              [
                129.0332,
                35.1154
              ],
              [
                129.0328,
                35.1162
              ],
              [
                129.0323,
                35.1164
              ],
              [
                129.0293,
                35.1163
              ],
              [
                129.0274,
                35.1155
              ],
              [
                129.0259,
                35.1167
              ],
              [
                129.0255,
                35.1171
              ],
              [
                129.025,
                35.1176
              ],
              [
                129.0246,
                35.1179
              ],
              [
                129.0246,
                35.1181
              ],
              [
                129.0244,
                35.1185
              ],
              [
                129.0243,
                35.1188
              ],
              [
                129.0254,
                35.1206
              ],
              [
                129.0251,
                35.1217
              ],
              [
                129.0258,
                35.1233
              ],
              [
                129.026,
                35.1249
              ],
              [
                129.026,
                35.1314
              ],
              [
                129.0256,
                35.1357
              ],
              [
                129.0281,
                35.1367
              ],
              [
                129.0283,
                35.1369
              ],
              [
                129.0304,
                35.1371
              ],
              [
                129.0332,
                35.1371
              ],
              [
                129.0336,
                35.1372
              ],
              [
                129.0341,
                35.1374
              ],
              [
                129.0342,
                35.1375
              ],
              [
                129.0377,
                35.1397
              ],
              [
                129.0384,
                35.1397
              ],
              [
                129.0384,
                35.1397
              ],
              [
                129.0384,
                35.1397
              ],
              [
                129.0384,
                35.1398
              ],
              [
                129.0384,
                35.1398
              ],
              [
                129.0387,
                35.1403
              ],
              [
                129.0391,
                35.1414
              ],
              [
                129.0392,
                35.1416
              ],
              [
                129.0393,
                35.142
              ],
              [
                129.0394,
                35.1426
              ],
              [
                129.0393,
                35.1428
              ],
              [
                129.0392,
                35.1434
              ],
              [
                129.0391,
                35.1435
              ],
              [
                129.039,
                35.1435
              ],
              [
                129.0392,
                35.1443
              ],
              [
                129.0392,
                35.1443
              ],
              [
                129.0404,
                35.1456
              ],
              [
                129.0409,
                35.146
              ],
              [
                129.041,
                35.1461
              ],
              [
                129.0411,
                35.1462
              ],
              [
                129.0412,
                35.1462
              ],
              [
                129.042,
                35.1462
              ],
              [
                129.0447,
                35.1461
              ],
              [
                129.0464,
                35.1457
              ],
              [
                129.0501,
                35.1436
              ]
            ]
          ]
        ]
      },
      "properties": {
        "name": "동구",
        "base_year": "2018",
        "name_eng": "Dong-gu",
        "code": "21030"
      }
    },
    {
      "type": "Feature",
      "geometry": {
        "type": "MultiPolygon",
        "coordinates": [
          [
            [
              [
                129.0981,
                35.0787
              ],
              [
                129.0976,
                35.0786
              ],
              [
                129.0976,
                35.0788
              ],
              [
                129.0982,
                35.0789
              ],
              [
                129.104,
                35.0793
              ],
              [
                129.1047,
                35.0793
              ],
              [
                129.1048,
                35.0793
              ],
              [
                129.1052,
                35.0794
              ],
              [
                129.1052,
                35.0792
              ],
              [
                129.103,
                35.079
              ],
              [
                129.1015,
                35.0789
              ],
              [
                129.0981,
                35.0787
              ]
            ]
          ],
          [
            [
              [
                129.0621,
                35.1013
              ],
              [
                129.0614,
                35.0979
              ],
              [
                129.0638,
                35.0981
              ],
              [
                129.0646,
                35.0977
              ],
              [
                129.066,
                35.0971
              ],
              [
                129.0685,
                35.0959
              ],
              [
                129.0704,
                35.0943
              ],
              [
                129.0709,
                35.0939
              ],
              [
                129.0709,
                35.0939
              ],
              [
                129.0712,
                35.0936
              ],
              [
                129.0734,
                35.0911
              ],
              [
                129.074,
                35.0905
              ],
              [
                129.0745,
                35.0899
              ],
              [
                129.076,
                35.0882
              ],
              [
                129.0762,
                35.0879
              ],
              [
                129.0764,
                35.0878
              ],
              [
                129.0777,
                35.0869
              ],
              [
                129.0781,
                35.0872
              ],
              [
                129.0784,
                35.0872
              ],
              [
                129.0794,
                35.085
              ],
              [
                129.0794,
                35.0847
              ],
              [
                129.0777,
                35.0836
              ],
              [
                129.0779,
                35.0833
              ],
              [
                129.0793,
                35.082
              ],
              [
                129.0801,
                35.0824
              ],
              [
                129.0827,
                35.0836
              ],
              [
                129.0832,
                35.0848
              ],
              [
                129.0831,
                35.0856
              ],
              [
                129.083,
                35.0857
              ],
              [
                129.0832,
                35.0858
              ],
              [
                129.0832,
                35.0858
              ],
              [
                129.0834,
                35.0848
              ],
              [
                129.0829,
                35.0836
              ],
              [
                129.0835,
                35.0848
              ],
              [
                129.0835,
                35.0848
              ],
              [
                129.0836,
                35.0847
              ],
              [
                129.0836,
                35.0847
              ],
              [
                129.0832,
                35.0833
              ],
              [
                129.082,
                35.0828
              ],
              [
                129.0805,
                35.0821
              ],
              [
                129.0793,
                35.0815
              ],
              [
                129.0802,
                35.0801
              ],
              [
                129.0815,
                35.0783
              ],
              [
                129.0817,
                35.0781
              ],
              [
                129.0834,
                35.0752
              ],
              [
                129.0857,
                35.0747
              ],
              [
                129.0879,
                35.0773
              ],
              [
                129.0918,
                35.0798
              ],
              [
                129.0918,
                35.0798
              ],
              [
                129.0926,
                35.0803
              ],
              [
                129.0928,
                35.0804
              ],
              [
                129.0932,
                35.0805
              ],
              [
                129.0933,
                35.0805
              ],
              [
                129.0937,
                35.0806
              ],
              [
                129.0937,
                35.0806
              ],
              [
                129.0945,
                35.0807
              ],
              [
                129.0945,
                35.0807
              ],
              [
                129.0945,
                35.0807
              ],
              [
                129.0945,
                35.0807
              ],
              [
                129.0945,
                35.0807
              ],
              [
                129.0945,
                35.0807
              ],
              [
                129.0945,
                35.0806
              ],
              [
                129.0945,
                35.0806
              ],
              [
                129.0958,
                35.0805
              ],
              [
                129.0958,
                35.0805
              ],
              [
                129.0958,
                35.0805
              ],
              [
                129.0958,
                35.0805
              ],
              [
                129.0958,
                35.0805
              ],
              [
                129.096,
                35.0804
              ],
              [
                129.096,
                35.0804
              ],
              [
                129.096,
                35.0804
              ],
              [
                129.096,
                35.0804
              ],
              [
                129.0961,
                35.0801
              ],
              [
                129.0961,
                35.0796
              ],
              [
                129.0961,
                35.0796
              ],
              [
                129.096,
                35.0795
              ],
              [
                129.096,
                35.0794
              ],
              [
                129.096,
                35.0794
              ],
              [
                129.0953,
                35.0776
              ],
              [
                129.0953,
                35.0775
              ],
              [
                129.095,
                35.0769
              ],
              [
                129.095,
                35.0769
              ],
              [
                129.095,
                35.0769
              ],
              [
                129.095,
                35.0769
              ],
              [
                129.0947,
                35.0765
              ],
              [
                129.0947,
                35.0765
              ],
              [
                129.0947,
                35.0765
              ],
              [
                129.0947,
                35.0765
              ],
              [
                129.0947,
                35.0764
              ],
              [
                129.0908,
                35.0738
              ],
              [
                129.0871,
                35.0727
              ],
              [
                129.087,
                35.0727
              ],
              [
                129.0869,
                35.0727
              ],
              [
                129.0869,
                35.0727
              ],
              [
                129.0869,
                35.0727
              ],
              [
                129.0869,
                35.0727
              ],
              [
                129.0868,
                35.0727
              ],
              [
                129.0868,
                35.0727
              ],
              [
                129.0868,
                35.0727
              ],
              [
                129.0867,
                35.0729
              ],
              [
                129.0866,
                35.073
              ],
              [
                129.0866,
                35.0731
              ],
              [
                129.0866,
                35.0731
              ],
              [
                129.0865,
                35.0732
              ],
              [
                129.0864,
                35.0734
              ],
              [
                129.0863,
                35.0737
              ],
              [
                129.086,
                35.0741
              ],
              [
                129.086,
                35.0741
              ],
              [
                129.0859,
                35.0741
              ],
              [
                129.0859,
                35.0741
              ],
              [
                129.0859,
                35.0741
              ],
              [
                129.0859,
                35.0741
              ],
              [
                129.0858,
                35.0741
              ],
              [
                129.0858,
                35.0741
              ],
              [
                129.0801,
                35.0715
              ],
              [
                129.0801,
                35.0715
              ],
              [
                129.0801,
                35.0715
              ],
              [
                129.08,
                35.0714
              ],
              [
                129.08,
                35.0714
              ],
              [
                129.08,
                35.0714
              ],
              [
                129.08,
                35.0714
              ],
              [
                129.08,
                35.0714
              ],
              [
                129.08,
                35.0714
              ],
              [
                129.08,
                35.0714
              ],
              [
                129.08,
                35.0713
              ],
              [
                129.08,
                35.0708
              ],
              [
                129.08,
                35.0708
              ],
              [
                129.0801,
                35.0706
              ],
              [
                129.0801,
                35.0706
              ],
              [
                129.0803,
                35.0704
              ],
              [
                129.0804,
                35.0704
              ],
              [
                129.0811,
                35.0698
              ],
              [
                129.0842,
                35.0697
              ],
              [
                129.0847,
                35.068
              ],
              [
                129.0857,
                35.0657
              ],
              [
                129.0857,
                35.0655
              ],
              [
                129.086,
                35.0649
              ],
              [
                129.0868,
                35.0638
              ],
              [
                129.087,
                35.0636
              ],
              [
                129.087,
                35.0635
              ],
              [
                129.087,
                35.0635
              ],
              [
                129.0872,
                35.0633
              ],
              [
                129.0875,
                35.063
              ],
              [
                129.0879,
                35.0627
              ],
              [
                129.0896,
                35.0617
              ],
              [
                129.0897,
                35.0617
              ],
              [
                129.0909,
                35.0611
              ],
              [
                129.0911,
                35.061
              ],
              [
                129.0912,
                35.061
              ],
              [
                129.0913,
                35.0609
              ],
              [
                129.094,
                35.0603
              ],
              [
                129.0948,
                35.0601
              ],
              [
                129.0953,
                35.06
              ],
              [
                129.0956,
                35.06
              ],
              [
                129.0956,
                35.058
              ],
              [
                129.093,
                35.055
              ],
              [
                129.0925,
                35.0543
              ],
              [
                129.0924,
                35.0542
              ],
              [
                129.0924,
                35.0542
              ],
              [
                129.0924,
                35.0541
              ],
              [
                129.0923,
                35.0539
              ],
              [
                129.0922,
                35.0538
              ],
              [
                129.0922,
                35.0538
              ],
              [
                129.0922,
                35.0537
              ],
              [
                129.0922,
                35.0535
              ],
              [
                129.0922,
                35.0534
              ],
              [
                129.0922,
                35.0533
              ],
              [
                129.0922,
                35.0533
              ],
              [
                129.0922,
                35.0532
              ],
              [
                129.0922,
                35.0532
              ],
              [
                129.0923,
                35.0532
              ],
              [
                129.0925,
                35.0531
              ],
              [
                129.0931,
                35.0525
              ],
              [
                129.0931,
                35.0524
              ],
              [
                129.0931,
                35.0524
              ],
              [
                129.0931,
                35.0524
              ],
              [
                129.0931,
                35.0523
              ],
              [
                129.0931,
                35.0522
              ],
              [
                129.0918,
                35.0512
              ],
              [
                129.0917,
                35.0512
              ],
              [
                129.0915,
                35.051
              ],
              [
                129.0909,
                35.0507
              ],
              [
                129.0876,
                35.0494
              ],
              [
                129.0876,
                35.0494
              ],
              [
                129.0864,
                35.0493
              ],
              [
                129.0863,
                35.0493
              ],
              [
                129.0832,
                35.0503
              ],
              [
                129.0831,
                35.0503
              ],
              [
                129.0827,
                35.0505
              ],
              [
                129.0827,
                35.0505
              ],
              [
                129.0825,
                35.0506
              ],
              [
                129.0824,
                35.0507
              ],
              [
                129.0822,
                35.0509
              ],
              [
                129.0821,
                35.051
              ],
              [
                129.0814,
                35.0525
              ],
              [
                129.0814,
                35.0525
              ],
              [
                129.0814,
                35.0535
              ],
              [
                129.0814,
                35.0535
              ],
              [
                129.0815,
                35.0538
              ],
              [
                129.0815,
                35.0539
              ],
              [
                129.0815,
                35.0539
              ],
              [
                129.0815,
                35.0539
              ],
              [
                129.0815,
                35.0539
              ],
              [
                129.0816,
                35.0539
              ],
              [
                129.0816,
                35.054
              ],
              [
                129.0816,
                35.054
              ],
              [
                129.0807,
                35.0563
              ],
              [
                129.0792,
                35.0586
              ],
              [
                129.0774,
                35.0603
              ],
              [
                129.0772,
                35.0604
              ],
              [
                129.077,
                35.0605
              ],
              [
                129.0767,
                35.0606
              ],
              [
                129.0765,
                35.0607
              ],
              [
                129.0762,
                35.0607
              ],
              [
                129.076,
                35.0608
              ],
              [
                129.0757,
                35.0608
              ],
              [
                129.0754,
                35.0608
              ],
              [
                129.0753,
                35.0608
              ],
              [
                129.0751,
                35.0608
              ],
              [
                129.0749,
                35.0607
              ],
              [
                129.0744,
                35.0606
              ],
              [
                129.0739,
                35.0604
              ],
              [
                129.0738,
                35.0604
              ],
              [
                129.0738,
                35.0604
              ],
              [
                129.0736,
                35.0602
              ],
              [
                129.0735,
                35.0601
              ],
              [
                129.0734,
                35.0599
              ],
              [
                129.0708,
                35.0586
              ],
              [
                129.07,
                35.0602
              ],
              [
                129.0695,
                35.0606
              ],
              [
                129.0668,
                35.0614
              ],
              [
                129.0664,
                35.0614
              ],
              [
                129.0651,
                35.0614
              ],
              [
                129.0648,
                35.0616
              ],
              [
                129.0645,
                35.0619
              ],
              [
                129.0645,
                35.0625
              ],
              [
                129.0648,
                35.0652
              ],
              [
                129.0651,
                35.0662
              ],
              [
                129.0651,
                35.0662
              ],
              [
                129.0651,
                35.0663
              ],
              [
                129.0652,
                35.0664
              ],
              [
                129.0652,
                35.0664
              ],
              [
                129.0652,
                35.0664
              ],
              [
                129.0652,
                35.0664
              ],
              [
                129.0652,
                35.0664
              ],
              [
                129.0654,
                35.0664
              ],
              [
                129.0657,
                35.0671
              ],
              [
                129.0656,
                35.0676
              ],
              [
                129.0656,
                35.0676
              ],
              [
                129.0656,
                35.0677
              ],
              [
                129.0656,
                35.0677
              ],
              [
                129.0656,
                35.0677
              ],
              [
                129.0656,
                35.0677
              ],
              [
                129.0655,
                35.0678
              ],
              [
                129.0655,
                35.0678
              ],
              [
                129.0655,
                35.0678
              ],
              [
                129.065,
                35.0684
              ],
              [
                129.0646,
                35.0687
              ],
              [
                129.0637,
                35.0692
              ],
              [
                129.0637,
                35.0692
              ],
              [
                129.0636,
                35.0692
              ],
              [
                129.0636,
                35.0693
              ],
              [
                129.0635,
                35.0693
              ],
              [
                129.0635,
                35.0693
              ],
              [
                129.0634,
                35.0693
              ],
              [
                129.0634,
                35.0693
              ],
              [
                129.0634,
                35.0693
              ],
              [
                129.0633,
                35.0693
              ],
              [
                129.0627,
                35.0695
              ],
              [
                129.0627,
                35.0695
              ],
              [
                129.0617,
                35.0697
              ],
              [
                129.0617,
                35.0697
              ],
              [
                129.0616,
                35.0696
              ],
              [
                129.0615,
                35.0695
              ],
              [
                129.0582,
                35.0695
              ],
              [
                129.057,
                35.0694
              ],
              [
                129.057,
                35.0695
              ],
              [
                129.0569,
                35.0695
              ],
              [
                129.0569,
                35.0695
              ],
              [
                129.0539,
                35.0713
              ],
              [
                129.0539,
                35.0713
              ],
              [
                129.0539,
                35.0713
              ],
              [
                129.0539,
                35.0713
              ],
              [
                129.0539,
                35.0713
              ],
              [
                129.0537,
                35.0714
              ],
              [
                129.0537,
                35.0714
              ],
              [
                129.0522,
                35.0723
              ],
              [
                129.0519,
                35.0727
              ],
              [
                129.0517,
                35.0727
              ],
              [
                129.0517,
                35.0727
              ],
              [
                129.0517,
                35.0727
              ],
              [
                129.0517,
                35.0727
              ],
              [
                129.0516,
                35.0727
              ],
              [
                129.0473,
                35.0755
              ],
              [
                129.0466,
                35.076
              ],
              [
                129.0459,
                35.0766
              ],
              [
                129.0458,
                35.0767
              ],
              [
                129.0458,
                35.0767
              ],
              [
                129.0457,
                35.0768
              ],
              [
                129.0457,
                35.0769
              ],
              [
                129.0457,
                35.0769
              ],
              [
                129.0456,
                35.077
              ],
              [
                129.0454,
                35.0772
              ],
              [
                129.0453,
                35.0773
              ],
              [
                129.0453,
                35.0774
              ],
              [
                129.0452,
                35.0774
              ],
              [
                129.0439,
                35.0786
              ],
              [
                129.0435,
                35.079
              ],
              [
                129.0434,
                35.079
              ],
              [
                129.0414,
                35.0806
              ],
              [
                129.0412,
                35.0807
              ],
              [
                129.0412,
                35.0807
              ],
              [
                129.0409,
                35.0807
              ],
              [
                129.0404,
                35.0807
              ],
              [
                129.04,
                35.0805
              ],
              [
                129.0383,
                35.0817
              ],
              [
                129.0364,
                35.0833
              ],
              [
                129.0344,
                35.085
              ],
              [
                129.0326,
                35.09
              ],
              [
                129.0312,
                35.0922
              ],
              [
                129.0312,
                35.0923
              ],
              [
                129.0311,
                35.0928
              ],
              [
                129.0312,
                35.0937
              ],
              [
                129.0312,
                35.0937
              ],
              [
                129.0313,
                35.0938
              ],
              [
                129.0314,
                35.0939
              ],
              [
                129.0316,
                35.094
              ],
              [
                129.0331,
                35.0944
              ],
              [
                129.0334,
                35.0942
              ],
              [
                129.0367,
                35.0926
              ],
              [
                129.0361,
                35.0945
              ],
              [
                129.0375,
                35.0948
              ],
              [
                129.0375,
                35.0948
              ],
              [
                129.0376,
                35.0946
              ],
              [
                129.0379,
                35.0937
              ],
              [
                129.0385,
                35.0936
              ],
              [
                129.0388,
                35.0948
              ],
              [
                129.04,
                35.0956
              ],
              [
                129.0407,
                35.0959
              ],
              [
                129.0442,
                35.097
              ],
              [
                129.0455,
                35.0971
              ],
              [
                129.0467,
                35.0967
              ],
              [
                129.0471,
                35.0961
              ],
              [
                129.0477,
                35.0957
              ],
              [
                129.0479,
                35.0956
              ],
              [
                129.0488,
                35.0953
              ],
              [
                129.0489,
                35.0953
              ],
              [
                129.0492,
                35.096
              ],
              [
                129.0479,
                35.0964
              ],
              [
                129.0479,
                35.0964
              ],
              [
                129.0479,
                35.0965
              ],
              [
                129.0476,
                35.0972
              ],
              [
                129.0478,
                35.0979
              ],
              [
                129.0495,
                35.0984
              ],
              [
                129.0502,
                35.0973
              ],
              [
                129.0518,
                35.0966
              ],
              [
                129.0519,
                35.0966
              ],
              [
                129.0521,
                35.0966
              ],
              [
                129.0523,
                35.0967
              ],
              [
                129.0523,
                35.0968
              ],
              [
                129.0519,
                35.0978
              ],
              [
                129.0516,
                35.0984
              ],
              [
                129.0514,
                35.0989
              ],
              [
                129.0513,
                35.0991
              ],
              [
                129.0511,
                35.0995
              ],
              [
                129.0511,
                35.0996
              ],
              [
                129.0521,
                35.0999
              ],
              [
                129.0523,
                35.1
              ],
              [
                129.0526,
                35.1001
              ],
              [
                129.0527,
                35.1001
              ],
              [
                129.0552,
                35.1009
              ],
              [
                129.058,
                35.1015
              ],
              [
                129.0593,
                35.101
              ],
              [
                129.0612,
                35.1027
              ],
              [
                129.0624,
                35.104
              ],
              [
                129.0631,
                35.1034
              ],
              [
                129.0621,
                35.1013
              ]
            ]
          ]
        ]
      },
      "properties": {
        "name": "영도구",
        "base_year": "2018",
        "name_eng": "Yeongdo-gu",
        "code": "21040"
      }
    },
    {
      "type": "Feature",
      "geometry": {
        "type": "MultiPolygon",
        "coordinates": [
          [
            [
              [
                129.0441,
                35.1994
              ],
              [
                129.0482,
                35.1945
              ],
              [
                129.0477,
                35.1932
              ],
              [
                129.0474,
                35.1923
              ],
              [
                129.0473,
                35.1922
              ],
              [
                129.0476,
                35.1905
              ],
              [
                129.0483,
                35.1894
              ],
              [
                129.0513,
                35.1849
              ],
              [
                129.0531,
                35.1844
              ],
              [
                129.054,
                35.1842
              ],
              [
                129.0547,
                35.184
              ],
              [
                129.0551,
                35.184
              ],
              [
                129.0551,
                35.184
              ],
              [
                129.0552,
                35.184
              ],
              [
                129.058,
                35.1841
              ],
              [
                129.0587,
                35.1841
              ],
              [
                129.0615,
                35.1835
              ],
              [
                129.0616,
                35.1798
              ],
              [
                129.0619,
                35.1795
              ],
              [
                129.0624,
                35.1783
              ],
              [
                129.0626,
                35.1774
              ],
              [
                129.0628,
                35.1773
              ],
              [
                129.0657,
                35.1769
              ],
              [
                129.0674,
                35.1765
              ],
              [
                129.0678,
                35.1765
              ],
              [
                129.0703,
                35.1758
              ],
              [
                129.0714,
                35.1771
              ],
              [
                129.072,
                35.1779
              ],
              [
                129.072,
                35.1796
              ],
              [
                129.0723,
                35.1794
              ],
              [
                129.0751,
                35.1782
              ],
              [
                129.0751,
                35.1781
              ],
              [
                129.0752,
                35.1776
              ],
              [
                129.0752,
                35.1776
              ],
              [
                129.0757,
                35.1765
              ],
              [
                129.0772,
                35.1754
              ],
              [
                129.0786,
                35.1754
              ],
              [
                129.0786,
                35.1754
              ],
              [
                129.0818,
                35.1719
              ],
              [
                129.0818,
                35.1718
              ],
              [
                129.082,
                35.1715
              ],
              [
                129.082,
                35.1715
              ],
              [
                129.082,
                35.1714
              ],
              [
                129.082,
                35.1712
              ],
              [
                129.0819,
                35.171
              ],
              [
                129.0817,
                35.169
              ],
              [
                129.0816,
                35.1688
              ],
              [
                129.0816,
                35.1687
              ],
              [
                129.0815,
                35.1685
              ],
              [
                129.0814,
                35.1681
              ],
              [
                129.0813,
                35.1678
              ],
              [
                129.0812,
                35.1677
              ],
              [
                129.0812,
                35.1676
              ],
              [
                129.081,
                35.1676
              ],
              [
                129.0809,
                35.1676
              ],
              [
                129.0807,
                35.1676
              ],
              [
                129.0805,
                35.1676
              ],
              [
                129.0793,
                35.1667
              ],
              [
                129.079,
                35.1663
              ],
              [
                129.0789,
                35.1661
              ],
              [
                129.0786,
                35.1653
              ],
              [
                129.0781,
                35.1644
              ],
              [
                129.0797,
                35.1613
              ],
              [
                129.0803,
                35.1605
              ],
              [
                129.0828,
                35.1582
              ],
              [
                129.0824,
                35.1566
              ],
              [
                129.082,
                35.1555
              ],
              [
                129.0798,
                35.1524
              ],
              [
                129.0787,
                35.1505
              ],
              [
                129.0778,
                35.1506
              ],
              [
                129.0756,
                35.1506
              ],
              [
                129.0751,
                35.1506
              ],
              [
                129.0741,
                35.1502
              ],
              [
                129.0731,
                35.1498
              ],
              [
                129.0729,
                35.1497
              ],
              [
                129.0725,
                35.1495
              ],
              [
                129.072,
                35.1493
              ],
              [
                129.0718,
                35.1492
              ],
              [
                129.0715,
                35.1491
              ],
              [
                129.071,
                35.1485
              ],
              [
                129.0709,
                35.1484
              ],
              [
                129.0707,
                35.1482
              ],
              [
                129.0668,
                35.1478
              ],
              [
                129.0633,
                35.1488
              ],
              [
                129.063,
                35.1487
              ],
              [
                129.0632,
                35.1479
              ],
              [
                129.0632,
                35.1436
              ],
              [
                129.0632,
                35.1435
              ],
              [
                129.0633,
                35.1434
              ],
              [
                129.0634,
                35.1432
              ],
              [
                129.0635,
                35.143
              ],
              [
                129.0635,
                35.1428
              ],
              [
                129.0645,
                35.1414
              ],
              [
                129.0591,
                35.1413
              ],
              [
                129.0573,
                35.1421
              ],
              [
                129.0573,
                35.1427
              ],
              [
                129.0567,
                35.1421
              ],
              [
                129.0553,
                35.1418
              ],
              [
                129.0545,
                35.1418
              ],
              [
                129.0525,
                35.1421
              ],
              [
                129.0521,
                35.1422
              ],
              [
                129.0517,
                35.1423
              ],
              [
                129.0517,
                35.1424
              ],
              [
                129.0501,
                35.1436
              ],
              [
                129.0464,
                35.1457
              ],
              [
                129.0447,
                35.1461
              ],
              [
                129.042,
                35.1462
              ],
              [
                129.0412,
                35.1462
              ],
              [
                129.0411,
                35.1462
              ],
              [
                129.041,
                35.1461
              ],
              [
                129.0409,
                35.146
              ],
              [
                129.0404,
                35.1456
              ],
              [
                129.0392,
                35.1443
              ],
              [
                129.0392,
                35.1443
              ],
              [
                129.039,
                35.1435
              ],
              [
                129.0391,
                35.1435
              ],
              [
                129.0392,
                35.1434
              ],
              [
                129.0393,
                35.1428
              ],
              [
                129.0394,
                35.1426
              ],
              [
                129.0393,
                35.142
              ],
              [
                129.0392,
                35.1416
              ],
              [
                129.0391,
                35.1414
              ],
              [
                129.0387,
                35.1403
              ],
              [
                129.0384,
                35.1398
              ],
              [
                129.0384,
                35.1398
              ],
              [
                129.0384,
                35.1397
              ],
              [
                129.0384,
                35.1397
              ],
              [
                129.0384,
                35.1397
              ],
              [
                129.0377,
                35.1397
              ],
              [
                129.0342,
                35.1375
              ],
              [
                129.0341,
                35.1374
              ],
              [
                129.0336,
                35.1372
              ],
              [
                129.0332,
                35.1371
              ],
              [
                129.0304,
                35.1371
              ],
              [
                129.0283,
                35.1369
              ],
              [
                129.0281,
                35.1367
              ],
              [
                129.0256,
                35.1357
              ],
              [
                129.023,
                35.1366
              ],
              [
                129.0215,
                35.1368
              ],
              [
                129.0215,
                35.1368
              ],
              [
                129.0215,
                35.1368
              ],
              [
                129.0213,
                35.1368
              ],
              [
                129.0208,
                35.1367
              ],
              [
                129.018,
                35.1364
              ],
              [
                129.0159,
                35.136
              ],
              [
                129.0127,
                35.137
              ],
              [
                129.0127,
                35.137
              ],
              [
                129.0122,
                35.1374
              ],
              [
                129.0122,
                35.1375
              ],
              [
                129.0122,
                35.1375
              ],
              [
                129.0129,
                35.1386
              ],
              [
                129.0151,
                35.1417
              ],
              [
                129.0161,
                35.1432
              ],
              [
                129.0162,
                35.1433
              ],
              [
                129.0163,
                35.1434
              ],
              [
                129.0162,
                35.1434
              ],
              [
                129.0161,
                35.1438
              ],
              [
                129.0161,
                35.1438
              ],
              [
                129.0158,
                35.1438
              ],
              [
                129.0154,
                35.144
              ],
              [
                129.0153,
                35.144
              ],
              [
                129.0148,
                35.1447
              ],
              [
                129.0141,
                35.1458
              ],
              [
                129.0141,
                35.1459
              ],
              [
                129.0144,
                35.1461
              ],
              [
                129.0144,
                35.1461
              ],
              [
                129.0148,
                35.1463
              ],
              [
                129.0163,
                35.1473
              ],
              [
                129.0163,
                35.1475
              ],
              [
                129.0163,
                35.1476
              ],
              [
                129.0162,
                35.1481
              ],
              [
                129.0162,
                35.1482
              ],
              [
                129.0167,
                35.1528
              ],
              [
                129.0164,
                35.1542
              ],
              [
                129.0163,
                35.1546
              ],
              [
                129.0162,
                35.1548
              ],
              [
                129.0154,
                35.1563
              ],
              [
                129.0153,
                35.1563
              ],
              [
                129.0149,
                35.1561
              ],
              [
                129.0149,
                35.1561
              ],
              [
                129.0106,
                35.1587
              ],
              [
                129.0107,
                35.1604
              ],
              [
                129.0114,
                35.1613
              ],
              [
                129.0114,
                35.1624
              ],
              [
                129.0113,
                35.1628
              ],
              [
                129.0129,
                35.1665
              ],
              [
                129.011,
                35.1708
              ],
              [
                129.0106,
                35.1736
              ],
              [
                129.0145,
                35.1767
              ],
              [
                129.0164,
                35.1785
              ],
              [
                129.0167,
                35.1792
              ],
              [
                129.0169,
                35.1796
              ],
              [
                129.0188,
                35.1803
              ],
              [
                129.0193,
                35.1805
              ],
              [
                129.0193,
                35.1805
              ],
              [
                129.0208,
                35.1832
              ],
              [
                129.0211,
                35.1875
              ],
              [
                129.0211,
                35.1875
              ],
              [
                129.0215,
                35.1878
              ],
              [
                129.0218,
                35.188
              ],
              [
                129.022,
                35.1883
              ],
              [
                129.0226,
                35.1888
              ],
              [
                129.0256,
                35.1917
              ],
              [
                129.0259,
                35.193
              ],
              [
                129.0255,
                35.1941
              ],
              [
                129.0288,
                35.1944
              ],
              [
                129.0288,
                35.1944
              ],
              [
                129.0305,
                35.1963
              ],
              [
                129.0317,
                35.1965
              ],
              [
                129.0328,
                35.1974
              ],
              [
                129.0342,
                35.1981
              ],
              [
                129.0363,
                35.1991
              ],
              [
                129.0364,
                35.1991
              ],
              [
                129.0369,
                35.1988
              ],
              [
                129.0376,
                35.1986
              ],
              [
                129.0376,
                35.1986
              ],
              [
                129.038,
                35.1988
              ],
              [
                129.0386,
                35.199
              ],
              [
                129.0398,
                35.2001
              ],
              [
                129.0441,
                35.1994
              ]
            ]
          ]
        ]
      },
      "properties": {
        "name": "부산진구",
        "base_year": "2018",
        "name_eng": "Busanjin-gu",
        "code": "21050"
      }
    },
    {
      "type": "Feature",
      "geometry": {
        "type": "MultiPolygon",
        "coordinates": [
          [
            [
              [
                129.0783,
                35.2256
              ],
              [
                129.0797,
                35.2243
              ],
              [
                129.0815,
                35.2233
              ],
              [
                129.082,
                35.2243
              ],
              [
                129.0822,
                35.2242
              ],
              [
                129.0823,
                35.2241
              ],
              [
                129.0824,
                35.2239
              ],
              [
                129.0825,
                35.2238
              ],
              [
                129.083,
                35.2234
              ],
              [
                129.0831,
                35.2234
              ],
              [
                129.0832,
                35.2233
              ],
              [
                129.0847,
                35.2223
              ],
              [
                129.0851,
                35.2221
              ],
              [
                129.0851,
                35.2221
              ],
              [
                129.0873,
                35.2219
              ],
              [
                129.0873,
                35.2219
              ],
              [
                129.0871,
                35.2213
              ],
              [
                129.087,
                35.221
              ],
              [
                129.0869,
                35.2207
              ],
              [
                129.0868,
                35.2205
              ],
              [
                129.0867,
                35.2202
              ],
              [
                129.086,
                35.219
              ],
              [
                129.0839,
                35.2172
              ],
              [
                129.086,
                35.2171
              ],
              [
                129.0881,
                35.2176
              ],
              [
                129.0883,
                35.2177
              ],
              [
                129.0921,
                35.2166
              ],
              [
                129.0925,
                35.2163
              ],
              [
                129.0926,
                35.2163
              ],
              [
                129.0939,
                35.2154
              ],
              [
                129.0942,
                35.2155
              ],
              [
                129.095,
                35.2155
              ],
              [
                129.097,
                35.2144
              ],
              [
                129.099,
                35.2131
              ],
              [
                129.1051,
                35.2103
              ],
              [
                129.1082,
                35.2101
              ],
              [
                129.1102,
                35.2101
              ],
              [
                129.1103,
                35.2086
              ],
              [
                129.1111,
                35.2047
              ],
              [
                129.1136,
                35.2022
              ],
              [
                129.1138,
                35.2015
              ],
              [
                129.116,
                35.2011
              ],
              [
                129.1153,
                35.1993
              ],
              [
                129.1153,
                35.1992
              ],
              [
                129.1147,
                35.1977
              ],
              [
                129.1143,
                35.1948
              ],
              [
                129.1143,
                35.194
              ],
              [
                129.1143,
                35.1936
              ],
              [
                129.1145,
                35.1922
              ],
              [
                129.1146,
                35.1919
              ],
              [
                129.1147,
                35.1915
              ],
              [
                129.1145,
                35.1899
              ],
              [
                129.1145,
                35.1892
              ],
              [
                129.1145,
                35.1891
              ],
              [
                129.1147,
                35.188
              ],
              [
                129.1148,
                35.1878
              ],
              [
                129.1155,
                35.186
              ],
              [
                129.1151,
                35.1863
              ],
              [
                129.1151,
                35.1837
              ],
              [
                129.1139,
                35.1844
              ],
              [
                129.1138,
                35.1845
              ],
              [
                129.1138,
                35.1845
              ],
              [
                129.1132,
                35.1856
              ],
              [
                129.1123,
                35.1874
              ],
              [
                129.1123,
                35.1875
              ],
              [
                129.1123,
                35.1876
              ],
              [
                129.1124,
                35.1879
              ],
              [
                129.1125,
                35.188
              ],
              [
                129.1126,
                35.1881
              ],
              [
                129.1123,
                35.1884
              ],
              [
                129.1122,
                35.1886
              ],
              [
                129.112,
                35.1887
              ],
              [
                129.1118,
                35.1889
              ],
              [
                129.1102,
                35.1892
              ],
              [
                129.1087,
                35.1901
              ],
              [
                129.1085,
                35.1902
              ],
              [
                129.1084,
                35.1903
              ],
              [
                129.1082,
                35.1904
              ],
              [
                129.104,
                35.1907
              ],
              [
                129.1026,
                35.1908
              ],
              [
                129.1006,
                35.1913
              ],
              [
                129.0995,
                35.1914
              ],
              [
                129.0993,
                35.1913
              ],
              [
                129.0975,
                35.1918
              ],
              [
                129.0941,
                35.193
              ],
              [
                129.091,
                35.193
              ],
              [
                129.0906,
                35.1931
              ],
              [
                129.0884,
                35.1934
              ],
              [
                129.0884,
                35.1934
              ],
              [
                129.0884,
                35.1934
              ],
              [
                129.0881,
                35.1935
              ],
              [
                129.0874,
                35.1937
              ],
              [
                129.0874,
                35.1937
              ],
              [
                129.0833,
                35.1957
              ],
              [
                129.0832,
                35.1957
              ],
              [
                129.0832,
                35.1957
              ],
              [
                129.0831,
                35.1959
              ],
              [
                129.0831,
                35.196
              ],
              [
                129.0829,
                35.1962
              ],
              [
                129.0827,
                35.1965
              ],
              [
                129.0826,
                35.1968
              ],
              [
                129.0826,
                35.1969
              ],
              [
                129.0826,
                35.1971
              ],
              [
                129.0825,
                35.1974
              ],
              [
                129.0823,
                35.1978
              ],
              [
                129.0822,
                35.1978
              ],
              [
                129.0821,
                35.198
              ],
              [
                129.082,
                35.1981
              ],
              [
                129.0819,
                35.1982
              ],
              [
                129.0806,
                35.1994
              ],
              [
                129.0782,
                35.1995
              ],
              [
                129.0778,
                35.1994
              ],
              [
                129.0742,
                35.1981
              ],
              [
                129.0717,
                35.1958
              ],
              [
                129.0719,
                35.1952
              ],
              [
                129.0697,
                35.1948
              ],
              [
                129.0666,
                35.1942
              ],
              [
                129.0665,
                35.1942
              ],
              [
                129.0644,
                35.1937
              ],
              [
                129.0624,
                35.1917
              ],
              [
                129.0624,
                35.1917
              ],
              [
                129.0624,
                35.1917
              ],
              [
                129.0623,
                35.1917
              ],
              [
                129.0622,
                35.1917
              ],
              [
                129.0622,
                35.1917
              ],
              [
                129.0608,
                35.1916
              ],
              [
                129.0558,
                35.1924
              ],
              [
                129.0527,
                35.1923
              ],
              [
                129.0527,
                35.1923
              ],
              [
                129.0526,
                35.1923
              ],
              [
                129.0515,
                35.1928
              ],
              [
                129.0505,
                35.1933
              ],
              [
                129.0503,
                35.1934
              ],
              [
                129.0482,
                35.1945
              ],
              [
                129.0441,
                35.1994
              ],
              [
                129.0442,
                35.2017
              ],
              [
                129.0468,
                35.2038
              ],
              [
                129.05,
                35.2066
              ],
              [
                129.0504,
                35.2072
              ],
              [
                129.0505,
                35.2074
              ],
              [
                129.0506,
                35.2077
              ],
              [
                129.0508,
                35.2083
              ],
              [
                129.0513,
                35.211
              ],
              [
                129.0513,
                35.2114
              ],
              [
                129.0511,
                35.2125
              ],
              [
                129.0511,
                35.2125
              ],
              [
                129.0512,
                35.213
              ],
              [
                129.0535,
                35.2158
              ],
              [
                129.0544,
                35.2164
              ],
              [
                129.0558,
                35.2177
              ],
              [
                129.0564,
                35.2188
              ],
              [
                129.0569,
                35.2204
              ],
              [
                129.0576,
                35.2219
              ],
              [
                129.058,
                35.2227
              ],
              [
                129.0581,
                35.2228
              ],
              [
                129.0584,
                35.2236
              ],
              [
                129.0589,
                35.2248
              ],
              [
                129.0618,
                35.2258
              ],
              [
                129.0628,
                35.2251
              ],
              [
                129.0683,
                35.2248
              ],
              [
                129.0689,
                35.2248
              ],
              [
                129.0736,
                35.2251
              ],
              [
                129.0743,
                35.2252
              ],
              [
                129.0747,
                35.2253
              ],
              [
                129.0758,
                35.2255
              ],
              [
                129.0768,
                35.2262
              ],
              [
                129.0782,
                35.2258
              ],
              [
                129.0782,
                35.2257
              ],
              [
                129.0783,
                35.2256
              ]
            ]
          ]
        ]
      },
      "properties": {
        "name": "동래구",
        "base_year": "2018",
        "name_eng": "Dongnae-gu",
        "code": "21060"
      }
    },
    {
      "type": "Feature",
      "geometry": {
        "type": "MultiPolygon",
        "coordinates": [
          [
            [
              [
                129.1073,
                35.0858
              ],
              [
                129.1057,
                35.0844
              ],
              [
                129.1057,
                35.0844
              ],
              [
                129.1057,
                35.0844
              ],
              [
                129.1055,
                35.0845
              ],
              [
                129.1055,
                35.0846
              ],
              [
                129.1105,
                35.089
              ],
              [
                129.113,
                35.0912
              ],
              [
                129.1132,
                35.0911
              ],
              [
                129.1073,
                35.0858
              ]
            ]
          ],
          [
            [
              [
                129.0954,
                35.1613
              ],
              [
                129.098,
                35.1566
              ],
              [
                129.0989,
                35.1548
              ],
              [
                129.099,
                35.1546
              ],
              [
                129.1011,
                35.152
              ],
              [
                129.1012,
                35.1518
              ],
              [
                129.1019,
                35.1496
              ],
              [
                129.1026,
                35.1475
              ],
              [
                129.1034,
                35.1448
              ],
              [
                129.1034,
                35.1441
              ],
              [
                129.1034,
                35.1439
              ],
              [
                129.1031,
                35.1437
              ],
              [
                129.103,
                35.1436
              ],
              [
                129.1029,
                35.1436
              ],
              [
                129.1022,
                35.1427
              ],
              [
                129.1022,
                35.1427
              ],
              [
                129.1022,
                35.1426
              ],
              [
                129.1027,
                35.1421
              ],
              [
                129.1028,
                35.142
              ],
              [
                129.1029,
                35.1418
              ],
              [
                129.1031,
                35.1417
              ],
              [
                129.1062,
                35.1391
              ],
              [
                129.1112,
                35.1358
              ],
              [
                129.112,
                35.1363
              ],
              [
                129.1141,
                35.1358
              ],
              [
                129.1118,
                35.1355
              ],
              [
                129.1114,
                35.1354
              ],
              [
                129.1106,
                35.1349
              ],
              [
                129.1094,
                35.1334
              ],
              [
                129.1089,
                35.1328
              ],
              [
                129.1092,
                35.1327
              ],
              [
                129.1129,
                35.1351
              ],
              [
                129.116,
                35.1331
              ],
              [
                129.1178,
                35.1321
              ],
              [
                129.1177,
                35.1312
              ],
              [
                129.1169,
                35.13
              ],
              [
                129.1166,
                35.1297
              ],
              [
                129.1162,
                35.1293
              ],
              [
                129.1152,
                35.1283
              ],
              [
                129.1133,
                35.1262
              ],
              [
                129.1131,
                35.1258
              ],
              [
                129.1128,
                35.125
              ],
              [
                129.1128,
                35.125
              ],
              [
                129.1134,
                35.1262
              ],
              [
                129.1205,
                35.1339
              ],
              [
                129.1207,
                35.1338
              ],
              [
                129.121,
                35.1332
              ],
              [
                129.121,
                35.1332
              ],
              [
                129.121,
                35.1332
              ],
              [
                129.121,
                35.1332
              ],
              [
                129.121,
                35.1329
              ],
              [
                129.1224,
                35.1321
              ],
              [
                129.1223,
                35.1295
              ],
              [
                129.1224,
                35.1269
              ],
              [
                129.1224,
                35.1269
              ],
              [
                129.1227,
                35.1264
              ],
              [
                129.1241,
                35.1236
              ],
              [
                129.1255,
                35.1221
              ],
              [
                129.1264,
                35.121
              ],
              [
                129.1287,
                35.1187
              ],
              [
                129.129,
                35.1182
              ],
              [
                129.129,
                35.1182
              ],
              [
                129.1279,
                35.1144
              ],
              [
                129.1272,
                35.1135
              ],
              [
                129.1279,
                35.1123
              ],
              [
                129.1281,
                35.1118
              ],
              [
                129.1281,
                35.1117
              ],
              [
                129.128,
                35.1108
              ],
              [
                129.1275,
                35.1101
              ],
              [
                129.1272,
                35.1093
              ],
              [
                129.1272,
                35.109
              ],
              [
                129.1273,
                35.109
              ],
              [
                129.1273,
                35.109
              ],
              [
                129.1273,
                35.109
              ],
              [
                129.1273,
                35.109
              ],
              [
                129.1273,
                35.109
              ],
              [
                129.1273,
                35.109
              ],
              [
                129.1273,
                35.109
              ],
              [
                129.1273,
                35.109
              ],
              [
                129.1273,
                35.109
              ],
              [
                129.1273,
                35.1089
              ],
              [
                129.1273,
                35.1089
              ],
              [
                129.1273,
                35.1089
              ],
              [
                129.1273,
                35.1089
              ],
              [
                129.1273,
                35.1087
              ],
              [
                129.1272,
                35.1084
              ],
              [
                129.1272,
                35.1083
              ],
              [
                129.127,
                35.1081
              ],
              [
                129.1269,
                35.1081
              ],
              [
                129.1269,
                35.1081
              ],
              [
                129.1267,
                35.107
              ],
              [
                129.1267,
                35.107
              ],
              [
                129.1267,
                35.107
              ],
              [
                129.1267,
                35.107
              ],
              [
                129.1266,
                35.1069
              ],
              [
                129.1266,
                35.1069
              ],
              [
                129.1263,
                35.1065
              ],
              [
                129.1261,
                35.1064
              ],
              [
                129.1257,
                35.1061
              ],
              [
                129.1257,
                35.1061
              ],
              [
                129.1257,
                35.1061
              ],
              [
                129.1257,
                35.1061
              ],
              [
                129.1257,
                35.1061
              ],
              [
                129.1256,
                35.1061
              ],
              [
                129.1256,
                35.1061
              ],
              [
                129.1256,
                35.1061
              ],
              [
                129.1256,
                35.1061
              ],
              [
                129.1256,
                35.1061
              ],
              [
                129.1256,
                35.1061
              ],
              [
                129.1245,
                35.1033
              ],
              [
                129.1239,
                35.1024
              ],
              [
                129.1236,
                35.102
              ],
              [
                129.1236,
                35.102
              ],
              [
                129.1236,
                35.102
              ],
              [
                129.1236,
                35.102
              ],
              [
                129.1236,
                35.1018
              ],
              [
                129.1236,
                35.1017
              ],
              [
                129.1236,
                35.1017
              ],
              [
                129.1236,
                35.1017
              ],
              [
                129.1236,
                35.1017
              ],
              [
                129.1236,
                35.1017
              ],
              [
                129.1236,
                35.1017
              ],
              [
                129.1236,
                35.1017
              ],
              [
                129.1236,
                35.1017
              ],
              [
                129.1236,
                35.1017
              ],
              [
                129.1236,
                35.1017
              ],
              [
                129.1236,
                35.1017
              ],
              [
                129.1236,
                35.1017
              ],
              [
                129.1236,
                35.1016
              ],
              [
                129.1236,
                35.1016
              ],
              [
                129.1237,
                35.1016
              ],
              [
                129.1237,
                35.1016
              ],
              [
                129.1237,
                35.1016
              ],
              [
                129.1238,
                35.1015
              ],
              [
                129.1238,
                35.1015
              ],
              [
                129.1238,
                35.1015
              ],
              [
                129.1238,
                35.1015
              ],
              [
                129.1238,
                35.1015
              ],
              [
                129.1238,
                35.1015
              ],
              [
                129.1238,
                35.1015
              ],
              [
                129.1238,
                35.1015
              ],
              [
                129.1238,
                35.1015
              ],
              [
                129.1238,
                35.1014
              ],
              [
                129.1238,
                35.1014
              ],
              [
                129.1238,
                35.1014
              ],
              [
                129.1238,
                35.1014
              ],
              [
                129.1239,
                35.1014
              ],
              [
                129.1239,
                35.1014
              ],
              [
                129.1239,
                35.1014
              ],
              [
                129.1239,
                35.1014
              ],
              [
                129.1239,
                35.1014
              ],
              [
                129.1239,
                35.1014
              ],
              [
                129.1239,
                35.1014
              ],
              [
                129.1239,
                35.1014
              ],
              [
                129.1239,
                35.1014
              ],
              [
                129.1239,
                35.1014
              ],
              [
                129.1241,
                35.1013
              ],
              [
                129.1248,
                35.1008
              ],
              [
                129.1248,
                35.1008
              ],
              [
                129.1248,
                35.1008
              ],
              [
                129.1249,
                35.1007
              ],
              [
                129.1249,
                35.1007
              ],
              [
                129.1249,
                35.1007
              ],
              [
                129.1249,
                35.1007
              ],
              [
                129.1249,
                35.1007
              ],
              [
                129.1249,
                35.1007
              ],
              [
                129.1249,
                35.1007
              ],
              [
                129.1249,
                35.1007
              ],
              [
                129.1249,
                35.1007
              ],
              [
                129.1249,
                35.1006
              ],
              [
                129.1249,
                35.1006
              ],
              [
                129.1249,
                35.1006
              ],
              [
                129.1249,
                35.1006
              ],
              [
                129.1249,
                35.1006
              ],
              [
                129.1247,
                35.1004
              ],
              [
                129.1247,
                35.1004
              ],
              [
                129.1247,
                35.1004
              ],
              [
                129.1247,
                35.1004
              ],
              [
                129.1247,
                35.1004
              ],
              [
                129.1246,
                35.1004
              ],
              [
                129.1246,
                35.1004
              ],
              [
                129.1246,
                35.1004
              ],
              [
                129.1246,
                35.1004
              ],
              [
                129.1246,
                35.1004
              ],
              [
                129.1246,
                35.1004
              ],
              [
                129.1246,
                35.1004
              ],
              [
                129.1246,
                35.1004
              ],
              [
                129.1246,
                35.1004
              ],
              [
                129.1245,
                35.1004
              ],
              [
                129.1245,
                35.1004
              ],
              [
                129.1245,
                35.1003
              ],
              [
                129.1245,
                35.1003
              ],
              [
                129.1245,
                35.1003
              ],
              [
                129.1242,
                35.0995
              ],
              [
                129.1242,
                35.0994
              ],
              [
                129.1242,
                35.0994
              ],
              [
                129.1242,
                35.0994
              ],
              [
                129.1242,
                35.0994
              ],
              [
                129.1242,
                35.0994
              ],
              [
                129.1242,
                35.0994
              ],
              [
                129.1242,
                35.0994
              ],
              [
                129.1242,
                35.0994
              ],
              [
                129.1242,
                35.0994
              ],
              [
                129.1242,
                35.0994
              ],
              [
                129.1242,
                35.0994
              ],
              [
                129.1241,
                35.0993
              ],
              [
                129.1241,
                35.0993
              ],
              [
                129.1241,
                35.0993
              ],
              [
                129.1241,
                35.0993
              ],
              [
                129.1241,
                35.0993
              ],
              [
                129.1241,
                35.0993
              ],
              [
                129.124,
                35.0993
              ],
              [
                129.124,
                35.0992
              ],
              [
                129.124,
                35.0992
              ],
              [
                129.124,
                35.0992
              ],
              [
                129.124,
                35.0992
              ],
              [
                129.124,
                35.0992
              ],
              [
                129.124,
                35.0992
              ],
              [
                129.124,
                35.0992
              ],
              [
                129.124,
                35.0992
              ],
              [
                129.124,
                35.0992
              ],
              [
                129.124,
                35.0992
              ],
              [
                129.1239,
                35.0992
              ],
              [
                129.1239,
                35.0992
              ],
              [
                129.1239,
                35.0992
              ],
              [
                129.1239,
                35.0992
              ],
              [
                129.1238,
                35.0992
              ],
              [
                129.1238,
                35.0992
              ],
              [
                129.1238,
                35.0992
              ],
              [
                129.1238,
                35.0992
              ],
              [
                129.1238,
                35.0992
              ],
              [
                129.1229,
                35.0993
              ],
              [
                129.1219,
                35.0995
              ],
              [
                129.1205,
                35.0996
              ],
              [
                129.1193,
                35.0993
              ],
              [
                129.1192,
                35.0993
              ],
              [
                129.1192,
                35.0992
              ],
              [
                129.1191,
                35.0992
              ],
              [
                129.119,
                35.0993
              ],
              [
                129.1188,
                35.0993
              ],
              [
                129.1186,
                35.0995
              ],
              [
                129.1185,
                35.0995
              ],
              [
                129.1184,
                35.0997
              ],
              [
                129.1183,
                35.0998
              ],
              [
                129.1183,
                35.0999
              ],
              [
                129.1182,
                35.0999
              ],
              [
                129.1173,
                35.1003
              ],
              [
                129.1173,
                35.1004
              ],
              [
                129.1171,
                35.1004
              ],
              [
                129.1171,
                35.1004
              ],
              [
                129.1171,
                35.1004
              ],
              [
                129.1171,
                35.1004
              ],
              [
                129.1171,
                35.1004
              ],
              [
                129.1171,
                35.1004
              ],
              [
                129.1169,
                35.1003
              ],
              [
                129.1169,
                35.1003
              ],
              [
                129.1169,
                35.1002
              ],
              [
                129.1167,
                35.1002
              ],
              [
                129.1158,
                35.1002
              ],
              [
                129.1157,
                35.1002
              ],
              [
                129.1157,
                35.1002
              ],
              [
                129.1157,
                35.1002
              ],
              [
                129.1157,
                35.1002
              ],
              [
                129.1157,
                35.1002
              ],
              [
                129.1157,
                35.1002
              ],
              [
                129.1157,
                35.1002
              ],
              [
                129.1157,
                35.1002
              ],
              [
                129.1157,
                35.1002
              ],
              [
                129.1156,
                35.1002
              ],
              [
                129.1156,
                35.1002
              ],
              [
                129.1156,
                35.1002
              ],
              [
                129.1155,
                35.1002
              ],
              [
                129.1155,
                35.1002
              ],
              [
                129.1155,
                35.1002
              ],
              [
                129.1155,
                35.1002
              ],
              [
                129.1155,
                35.1002
              ],
              [
                129.1155,
                35.1002
              ],
              [
                129.1155,
                35.1002
              ],
              [
                129.1155,
                35.1002
              ],
              [
                129.1155,
                35.1002
              ],
              [
                129.1154,
                35.1003
              ],
              [
                129.1154,
                35.1003
              ],
              [
                129.1154,
                35.1003
              ],
              [
                129.1154,
                35.1003
              ],
              [
                129.1154,
                35.1003
              ],
              [
                129.1154,
                35.1003
              ],
              [
                129.1154,
                35.1003
              ],
              [
                129.1154,
                35.1004
              ],
              [
                129.1154,
                35.1004
              ],
              [
                129.1154,
                35.1004
              ],
              [
                129.1154,
                35.1004
              ],
              [
                129.1154,
                35.1004
              ],
              [
                129.1154,
                35.1004
              ],
              [
                129.1154,
                35.1004
              ],
              [
                129.1154,
                35.1004
              ],
              [
                129.1153,
                35.1006
              ],
              [
                129.1151,
                35.1009
              ],
              [
                129.114,
                35.1016
              ],
              [
                129.1138,
                35.1021
              ],
              [
                129.1134,
                35.1029
              ],
              [
                129.1134,
                35.1029
              ],
              [
                129.1134,
                35.1029
              ],
              [
                129.1134,
                35.1029
              ],
              [
                129.1133,
                35.1029
              ],
              [
                129.1133,
                35.103
              ],
              [
                129.1133,
                35.103
              ],
              [
                129.1132,
                35.103
              ],
              [
                129.1132,
                35.103
              ],
              [
                129.1132,
                35.103
              ],
              [
                129.1132,
                35.103
              ],
              [
                129.1132,
                35.103
              ],
              [
                129.1132,
                35.103
              ],
              [
                129.113,
                35.103
              ],
              [
                129.1123,
                35.1026
              ],
              [
                129.1105,
                35.1011
              ],
              [
                129.1105,
                35.1011
              ],
              [
                129.112,
                35.0997
              ],
              [
                129.1134,
                35.0985
              ],
              [
                129.1136,
                35.0986
              ],
              [
                129.1144,
                35.0982
              ],
              [
                129.1145,
                35.0981
              ],
              [
                129.1145,
                35.098
              ],
              [
                129.1145,
                35.0979
              ],
              [
                129.1145,
                35.0979
              ],
              [
                129.1145,
                35.0978
              ],
              [
                129.1127,
                35.0953
              ],
              [
                129.1119,
                35.0943
              ],
              [
                129.1095,
                35.0915
              ],
              [
                129.1102,
                35.0926
              ],
              [
                129.114,
                35.0978
              ],
              [
                129.1114,
                35.1
              ],
              [
                129.1106,
                35.1007
              ],
              [
                129.1099,
                35.1006
              ],
              [
                129.1023,
                35.0945
              ],
              [
                129.1023,
                35.0945
              ],
              [
                129.1051,
                35.0919
              ],
              [
                129.1003,
                35.0913
              ],
              [
                129.0997,
                35.0912
              ],
              [
                129.0996,
                35.0912
              ],
              [
                129.0994,
                35.0913
              ],
              [
                129.0992,
                35.0914
              ],
              [
                129.0962,
                35.0932
              ],
              [
                129.0958,
                35.0935
              ],
              [
                129.0956,
                35.0936
              ],
              [
                129.0952,
                35.0939
              ],
              [
                129.0946,
                35.0999
              ],
              [
                129.0943,
                35.1025
              ],
              [
                129.0939,
                35.1058
              ],
              [
                129.0938,
                35.1074
              ],
              [
                129.0939,
                35.1074
              ],
              [
                129.0939,
                35.1085
              ],
              [
                129.093,
                35.1093
              ],
              [
                129.0925,
                35.1092
              ],
              [
                129.0904,
                35.1087
              ],
              [
                129.0904,
                35.1086
              ],
              [
                129.0904,
                35.1036
              ],
              [
                129.086,
                35.1036
              ],
              [
                129.0752,
                35.1036
              ],
              [
                129.075,
                35.1036
              ],
              [
                129.066,
                35.1088
              ],
              [
                129.0655,
                35.1091
              ],
              [
                129.0671,
                35.1083
              ],
              [
                129.0674,
                35.1082
              ],
              [
                129.0695,
                35.111
              ],
              [
                129.0689,
                35.1115
              ],
              [
                129.0685,
                35.1117
              ],
              [
                129.0685,
                35.112
              ],
              [
                129.0684,
                35.1124
              ],
              [
                129.0695,
                35.114
              ],
              [
                129.0712,
                35.1153
              ],
              [
                129.0724,
                35.1159
              ],
              [
                129.0726,
                35.116
              ],
              [
                129.0732,
                35.1164
              ],
              [
                129.0738,
                35.1168
              ],
              [
                129.0733,
                35.1181
              ],
              [
                129.0722,
                35.1188
              ],
              [
                129.0717,
                35.1182
              ],
              [
                129.071,
                35.1174
              ],
              [
                129.071,
                35.1174
              ],
              [
                129.0703,
                35.1178
              ],
              [
                129.0695,
                35.1183
              ],
              [
                129.0725,
                35.1216
              ],
              [
                129.073,
                35.1222
              ],
              [
                129.073,
                35.1222
              ],
              [
                129.0708,
                35.1229
              ],
              [
                129.07,
                35.1231
              ],
              [
                129.0696,
                35.1228
              ],
              [
                129.069,
                35.122
              ],
              [
                129.0687,
                35.1217
              ],
              [
                129.0671,
                35.1223
              ],
              [
                129.0653,
                35.1229
              ],
              [
                129.0662,
                35.1265
              ],
              [
                129.066,
                35.1281
              ],
              [
                129.0655,
                35.129
              ],
              [
                129.0659,
                35.1303
              ],
              [
                129.0661,
                35.1303
              ],
              [
                129.0656,
                35.1347
              ],
              [
                129.0656,
                35.1358
              ],
              [
                129.0661,
                35.137
              ],
              [
                129.0645,
                35.1414
              ],
              [
                129.0635,
                35.1428
              ],
              [
                129.0635,
                35.143
              ],
              [
                129.0634,
                35.1432
              ],
              [
                129.0633,
                35.1434
              ],
              [
                129.0632,
                35.1435
              ],
              [
                129.0632,
                35.1436
              ],
              [
                129.0632,
                35.1479
              ],
              [
                129.063,
                35.1487
              ],
              [
                129.0633,
                35.1488
              ],
              [
                129.0668,
                35.1478
              ],
              [
                129.0707,
                35.1482
              ],
              [
                129.0709,
                35.1484
              ],
              [
                129.071,
                35.1485
              ],
              [
                129.0715,
                35.1491
              ],
              [
                129.0718,
                35.1492
              ],
              [
                129.072,
                35.1493
              ],
              [
                129.0725,
                35.1495
              ],
              [
                129.0729,
                35.1497
              ],
              [
                129.0731,
                35.1498
              ],
              [
                129.0741,
                35.1502
              ],
              [
                129.0751,
                35.1506
              ],
              [
                129.0756,
                35.1506
              ],
              [
                129.0778,
                35.1506
              ],
              [
                129.0787,
                35.1505
              ],
              [
                129.0798,
                35.1524
              ],
              [
                129.082,
                35.1555
              ],
              [
                129.0824,
                35.1566
              ],
              [
                129.0828,
                35.1582
              ],
              [
                129.0835,
                35.1585
              ],
              [
                129.0858,
                35.1588
              ],
              [
                129.086,
                35.159
              ],
              [
                129.0865,
                35.1594
              ],
              [
                129.0878,
                35.1602
              ],
              [
                129.0891,
                35.1607
              ],
              [
                129.0896,
                35.1605
              ],
              [
                129.0902,
                35.1603
              ],
              [
                129.0903,
                35.1603
              ],
              [
                129.0913,
                35.16
              ],
              [
                129.0929,
                35.16
              ],
              [
                129.0931,
                35.1601
              ],
              [
                129.0936,
                35.1603
              ],
              [
                129.0954,
                35.1613
              ]
            ],
            [
              [
                129.0995,
                35.0915
              ],
              [
                129.0997,
                35.0914
              ],
              [
                129.1014,
                35.0916
              ],
              [
                129.1015,
                35.0916
              ],
              [
                129.1028,
                35.0928
              ],
              [
                129.1033,
                35.0934
              ],
              [
                129.1033,
                35.0934
              ],
              [
                129.1029,
                35.0937
              ],
              [
                129.1022,
                35.0943
              ],
              [
                129.1016,
                35.0945
              ],
              [
                129.0988,
                35.0954
              ],
              [
                129.0995,
                35.0915
              ]
            ]
          ]
        ]
      },
      "properties": {
        "name": "남구",
        "base_year": "2018",
        "name_eng": "Nam-gu",
        "code": "21070"
      }
    },
    {
      "type": "Feature",
      "geometry": {
        "type": "MultiPolygon",
        "coordinates": [
          [
            [
              [
                129.0348,
                35.2763
              ],
              [
                129.0369,
                35.2754
              ],
              [
                129.0387,
                35.2754
              ],
              [
                129.0393,
                35.2752
              ],
              [
                129.0409,
                35.2748
              ],
              [
                129.0424,
                35.2747
              ],
              [
                129.0426,
                35.2746
              ],
              [
                129.044,
                35.2745
              ],
              [
                129.0446,
                35.2745
              ],
              [
                129.0461,
                35.2747
              ],
              [
                129.0466,
                35.2748
              ],
              [
                129.0469,
                35.2746
              ],
              [
                129.0475,
                35.2742
              ],
              [
                129.0465,
                35.2728
              ],
              [
                129.0448,
                35.2707
              ],
              [
                129.0441,
                35.27
              ],
              [
                129.0436,
                35.2694
              ],
              [
                129.0429,
                35.2687
              ],
              [
                129.0428,
                35.2682
              ],
              [
                129.0426,
                35.2665
              ],
              [
                129.0426,
                35.266
              ],
              [
                129.0427,
                35.2656
              ],
              [
                129.0425,
                35.2643
              ],
              [
                129.0424,
                35.264
              ],
              [
                129.042,
                35.2635
              ],
              [
                129.0418,
                35.2633
              ],
              [
                129.04,
                35.2628
              ],
              [
                129.0389,
                35.2626
              ],
              [
                129.0379,
                35.2624
              ],
              [
                129.037,
                35.2615
              ],
              [
                129.0366,
                35.2609
              ],
              [
                129.0366,
                35.2607
              ],
              [
                129.0366,
                35.2605
              ],
              [
                129.0366,
                35.2605
              ],
              [
                129.0377,
                35.2599
              ],
              [
                129.0379,
                35.2596
              ],
              [
                129.0388,
                35.2592
              ],
              [
                129.042,
                35.258
              ],
              [
                129.0455,
                35.2572
              ],
              [
                129.0468,
                35.2571
              ],
              [
                129.0473,
                35.2568
              ],
              [
                129.0474,
                35.2568
              ],
              [
                129.0474,
                35.2567
              ],
              [
                129.0477,
                35.2566
              ],
              [
                129.0478,
                35.2564
              ],
              [
                129.0485,
                35.2553
              ],
              [
                129.0485,
                35.2549
              ],
              [
                129.0482,
                35.2546
              ],
              [
                129.0476,
                35.2545
              ],
              [
                129.047,
                35.2539
              ],
              [
                129.0459,
                35.2525
              ],
              [
                129.0454,
                35.2515
              ],
              [
                129.0453,
                35.2515
              ],
              [
                129.0453,
                35.2515
              ],
              [
                129.0455,
                35.248
              ],
              [
                129.0456,
                35.2473
              ],
              [
                129.0461,
                35.2467
              ],
              [
                129.0465,
                35.2466
              ],
              [
                129.0467,
                35.2465
              ],
              [
                129.0482,
                35.2461
              ],
              [
                129.0496,
                35.2452
              ],
              [
                129.0501,
                35.2434
              ],
              [
                129.0498,
                35.2425
              ],
              [
                129.0504,
                35.2412
              ],
              [
                129.05,
                35.24
              ],
              [
                129.0494,
                35.2394
              ],
              [
                129.0479,
                35.2387
              ],
              [
                129.0473,
                35.2379
              ],
              [
                129.0466,
                35.235
              ],
              [
                129.0456,
                35.2341
              ],
              [
                129.044,
                35.2328
              ],
              [
                129.0443,
                35.2307
              ],
              [
                129.045,
                35.2303
              ],
              [
                129.0453,
                35.2305
              ],
              [
                129.0463,
                35.2304
              ],
              [
                129.0472,
                35.2301
              ],
              [
                129.0474,
                35.2299
              ],
              [
                129.0476,
                35.2296
              ],
              [
                129.0478,
                35.2292
              ],
              [
                129.0489,
                35.2286
              ],
              [
                129.0493,
                35.2286
              ],
              [
                129.0522,
                35.2281
              ],
              [
                129.0538,
                35.228
              ],
              [
                129.0566,
                35.228
              ],
              [
                129.0569,
                35.2281
              ],
              [
                129.0605,
                35.2298
              ],
              [
                129.0618,
                35.2258
              ],
              [
                129.0589,
                35.2248
              ],
              [
                129.0584,
                35.2236
              ],
              [
                129.0581,
                35.2228
              ],
              [
                129.058,
                35.2227
              ],
              [
                129.0576,
                35.2219
              ],
              [
                129.0569,
                35.2204
              ],
              [
                129.0564,
                35.2188
              ],
              [
                129.0558,
                35.2177
              ],
              [
                129.0544,
                35.2164
              ],
              [
                129.0535,
                35.2158
              ],
              [
                129.0512,
                35.213
              ],
              [
                129.0511,
                35.2125
              ],
              [
                129.0511,
                35.2125
              ],
              [
                129.0513,
                35.2114
              ],
              [
                129.0513,
                35.211
              ],
              [
                129.0508,
                35.2083
              ],
              [
                129.0506,
                35.2077
              ],
              [
                129.0505,
                35.2074
              ],
              [
                129.0504,
                35.2072
              ],
              [
                129.05,
                35.2066
              ],
              [
                129.0468,
                35.2038
              ],
              [
                129.0442,
                35.2017
              ],
              [
                129.0441,
                35.1994
              ],
              [
                129.0398,
                35.2001
              ],
              [
                129.0386,
                35.199
              ],
              [
                129.038,
                35.1988
              ],
              [
                129.0376,
                35.1986
              ],
              [
                129.0376,
                35.1986
              ],
              [
                129.0369,
                35.1988
              ],
              [
                129.0364,
                35.1991
              ],
              [
                129.0363,
                35.1991
              ],
              [
                129.0342,
                35.1981
              ],
              [
                129.0328,
                35.1974
              ],
              [
                129.0317,
                35.1965
              ],
              [
                129.0305,
                35.1963
              ],
              [
                129.0288,
                35.1944
              ],
              [
                129.0288,
                35.1944
              ],
              [
                129.0255,
                35.1941
              ],
              [
                129.0259,
                35.193
              ],
              [
                129.0256,
                35.1917
              ],
              [
                129.0226,
                35.1888
              ],
              [
                129.022,
                35.1883
              ],
              [
                129.0218,
                35.188
              ],
              [
                129.0215,
                35.1878
              ],
              [
                129.0211,
                35.1875
              ],
              [
                129.0211,
                35.1875
              ],
              [
                129.0209,
                35.1876
              ],
              [
                129.0197,
                35.188
              ],
              [
                129.0172,
                35.1888
              ],
              [
                129.0142,
                35.1889
              ],
              [
                129.0114,
                35.1889
              ],
              [
                129.0071,
                35.1886
              ],
              [
                129.0035,
                35.1901
              ],
              [
                129.001,
                35.19
              ],
              [
                129.0004,
                35.1902
              ],
              [
                129.0003,
                35.1919
              ],
              [
                128.9987,
                35.1927
              ],
              [
                128.9947,
                35.1949
              ],
              [
                128.9938,
                35.1953
              ],
              [
                128.9909,
                35.1939
              ],
              [
                128.9879,
                35.1959
              ],
              [
                128.9886,
                35.198
              ],
              [
                128.9891,
                35.2001
              ],
              [
                128.9891,
                35.2002
              ],
              [
                128.9889,
                35.2006
              ],
              [
                128.9877,
                35.2015
              ],
              [
                128.9912,
                35.2044
              ],
              [
                128.9922,
                35.2056
              ],
              [
                128.9932,
                35.2067
              ],
              [
                128.9939,
                35.2081
              ],
              [
                128.9946,
                35.21
              ],
              [
                128.9946,
                35.2102
              ],
              [
                128.9953,
                35.2124
              ],
              [
                128.9954,
                35.2127
              ],
              [
                128.9954,
                35.2129
              ],
              [
                128.9955,
                35.2131
              ],
              [
                128.9955,
                35.2133
              ],
              [
                128.9955,
                35.2133
              ],
              [
                128.9969,
                35.2226
              ],
              [
                128.9975,
                35.2264
              ],
              [
                128.9976,
                35.2283
              ],
              [
                128.998,
                35.2309
              ],
              [
                128.9982,
                35.2329
              ],
              [
                128.9976,
                35.2345
              ],
              [
                128.9968,
                35.2361
              ],
              [
                128.9986,
                35.2379
              ],
              [
                128.9988,
                35.2381
              ],
              [
                129.0003,
                35.241
              ],
              [
                129.0006,
                35.2417
              ],
              [
                129.0018,
                35.2443
              ],
              [
                129.0029,
                35.2466
              ],
              [
                129.0068,
                35.2538
              ],
              [
                129.0116,
                35.2633
              ],
              [
                129.0117,
                35.2634
              ],
              [
                129.0126,
                35.2654
              ],
              [
                129.0131,
                35.2665
              ],
              [
                129.0136,
                35.2676
              ],
              [
                129.014,
                35.2687
              ],
              [
                129.0148,
                35.2705
              ],
              [
                129.0141,
                35.2722
              ],
              [
                129.0135,
                35.2738
              ],
              [
                129.0154,
                35.2747
              ],
              [
                129.0167,
                35.2753
              ],
              [
                129.017,
                35.2754
              ],
              [
                129.0171,
                35.2755
              ],
              [
                129.0215,
                35.2761
              ],
              [
                129.0235,
                35.2763
              ],
              [
                129.0273,
                35.2767
              ],
              [
                129.0276,
                35.2768
              ],
              [
                129.0295,
                35.2769
              ],
              [
                129.0302,
                35.2769
              ],
              [
                129.0307,
                35.2769
              ],
              [
                129.0348,
                35.2763
              ]
            ]
          ]
        ]
      },
      "properties": {
        "name": "북구",
        "base_year": "2018",
        "name_eng": "Buk-gu",
        "code": "21080"
      }
    },
    {
      "type": "Feature",
      "geometry": {
        "type": "MultiPolygon",
        "coordinates": [
          [
            [
              [
                129.1551,
                35.2369
              ],
              [
                129.1554,
                35.2359
              ],
              [
                129.158,
                35.2354
              ],
              [
                129.1609,
                35.2355
              ],
              [
                129.161,
                35.2345
              ],
              [
                129.1612,
                35.2342
              ],
              [
                129.1613,
                35.2341
              ],
              [
                129.1625,
                35.233
              ],
              [
                129.1641,
                35.2315
              ],
              [
                129.1668,
                35.2298
              ],
              [
                129.1688,
                35.2282
              ],
              [
                129.169,
                35.2278
              ],
              [
                129.1689,
                35.2255
              ],
              [
                129.1686,
                35.2246
              ],
              [
                129.1665,
                35.2214
              ],
              [
                129.1662,
                35.221
              ],
              [
                129.1655,
                35.2189
              ],
              [
                129.1654,
                35.2178
              ],
              [
                129.1649,
                35.2152
              ],
              [
                129.1635,
                35.214
              ],
              [
                129.162,
                35.2127
              ],
              [
                129.161,
                35.2122
              ],
              [
                129.1604,
                35.2119
              ],
              [
                129.1597,
                35.21
              ],
              [
                129.1601,
                35.2064
              ],
              [
                129.1643,
                35.205
              ],
              [
                129.1645,
                35.2043
              ],
              [
                129.1649,
                35.2032
              ],
              [
                129.1653,
                35.203
              ],
              [
                129.1667,
                35.2024
              ],
              [
                129.1697,
                35.201
              ],
              [
                129.171,
                35.2018
              ],
              [
                129.1721,
                35.2022
              ],
              [
                129.176,
                35.2006
              ],
              [
                129.1771,
                35.1996
              ],
              [
                129.1792,
                35.198
              ],
              [
                129.1799,
                35.1979
              ],
              [
                129.1827,
                35.1977
              ],
              [
                129.1833,
                35.1977
              ],
              [
                129.1834,
                35.1977
              ],
              [
                129.1843,
                35.1972
              ],
              [
                129.1855,
                35.1955
              ],
              [
                129.1847,
                35.1937
              ],
              [
                129.1842,
                35.1929
              ],
              [
                129.184,
                35.1926
              ],
              [
                129.1833,
                35.191
              ],
              [
                129.1832,
                35.19
              ],
              [
                129.1848,
                35.1895
              ],
              [
                129.1866,
                35.1893
              ],
              [
                129.1866,
                35.1893
              ],
              [
                129.1881,
                35.1893
              ],
              [
                129.1882,
                35.1893
              ],
              [
                129.1882,
                35.1894
              ],
              [
                129.1898,
                35.1904
              ],
              [
                129.1932,
                35.194
              ],
              [
                129.1939,
                35.1949
              ],
              [
                129.1942,
                35.1957
              ],
              [
                129.1941,
                35.1963
              ],
              [
                129.1943,
                35.1979
              ],
              [
                129.1949,
                35.1985
              ],
              [
                129.1958,
                35.1989
              ],
              [
                129.199,
                35.1996
              ],
              [
                129.2004,
                35.1994
              ],
              [
                129.2012,
                35.1989
              ],
              [
                129.2014,
                35.1988
              ],
              [
                129.2023,
                35.1983
              ],
              [
                129.2023,
                35.1983
              ],
              [
                129.2025,
                35.1983
              ],
              [
                129.2025,
                35.1982
              ],
              [
                129.2029,
                35.1982
              ],
              [
                129.203,
                35.1982
              ],
              [
                129.2032,
                35.1981
              ],
              [
                129.2035,
                35.1981
              ],
              [
                129.2037,
                35.1981
              ],
              [
                129.2038,
                35.1981
              ],
              [
                129.2041,
                35.1981
              ],
              [
                129.2041,
                35.1981
              ],
              [
                129.2065,
                35.1971
              ],
              [
                129.2066,
                35.1971
              ],
              [
                129.2068,
                35.197
              ],
              [
                129.2069,
                35.1969
              ],
              [
                129.2069,
                35.1968
              ],
              [
                129.2074,
                35.1946
              ],
              [
                129.2073,
                35.1937
              ],
              [
                129.2072,
                35.1934
              ],
              [
                129.2071,
                35.1931
              ],
              [
                129.2071,
                35.1929
              ],
              [
                129.2068,
                35.1903
              ],
              [
                129.2068,
                35.1883
              ],
              [
                129.2069,
                35.1851
              ],
              [
                129.2076,
                35.1829
              ],
              [
                129.2084,
                35.182
              ],
              [
                129.2068,
                35.1817
              ],
              [
                129.2044,
                35.1803
              ],
              [
                129.2043,
                35.1803
              ],
              [
                129.2042,
                35.1803
              ],
              [
                129.2041,
                35.1803
              ],
              [
                129.2039,
                35.1803
              ],
              [
                129.2039,
                35.1803
              ],
              [
                129.2037,
                35.1803
              ],
              [
                129.2034,
                35.1803
              ],
              [
                129.2032,
                35.1803
              ],
              [
                129.203,
                35.1802
              ],
              [
                129.2027,
                35.1802
              ],
              [
                129.2025,
                35.1801
              ],
              [
                129.2024,
                35.1801
              ],
              [
                129.2017,
                35.1799
              ],
              [
                129.2013,
                35.1797
              ],
              [
                129.2009,
                35.1794
              ],
              [
                129.2005,
                35.1792
              ],
              [
                129.2002,
                35.1789
              ],
              [
                129.2,
                35.1787
              ],
              [
                129.1998,
                35.1785
              ],
              [
                129.1995,
                35.1783
              ],
              [
                129.199,
                35.1777
              ],
              [
                129.1986,
                35.1771
              ],
              [
                129.1984,
                35.1768
              ],
              [
                129.1981,
                35.1762
              ],
              [
                129.1979,
                35.1759
              ],
              [
                129.1976,
                35.1751
              ],
              [
                129.1976,
                35.1751
              ],
              [
                129.1976,
                35.1751
              ],
              [
                129.1977,
                35.1749
              ],
              [
                129.1977,
                35.1748
              ],
              [
                129.198,
                35.1738
              ],
              [
                129.1983,
                35.1728
              ],
              [
                129.1983,
                35.1727
              ],
              [
                129.1981,
                35.1717
              ],
              [
                129.1979,
                35.1712
              ],
              [
                129.1979,
                35.1711
              ],
              [
                129.1979,
                35.1711
              ],
              [
                129.1979,
                35.1711
              ],
              [
                129.1978,
                35.1709
              ],
              [
                129.1975,
                35.1703
              ],
              [
                129.1973,
                35.1696
              ],
              [
                129.1973,
                35.1693
              ],
              [
                129.1969,
                35.1677
              ],
              [
                129.1969,
                35.1677
              ],
              [
                129.1969,
                35.1677
              ],
              [
                129.1969,
                35.1677
              ],
              [
                129.1969,
                35.1677
              ],
              [
                129.1969,
                35.1677
              ],
              [
                129.1969,
                35.1677
              ],
              [
                129.1969,
                35.1677
              ],
              [
                129.1969,
                35.1677
              ],
              [
                129.1969,
                35.1677
              ],
              [
                129.1969,
                35.1676
              ],
              [
                129.1967,
                35.1667
              ],
              [
                129.1967,
                35.1667
              ],
              [
                129.1967,
                35.1667
              ],
              [
                129.1967,
                35.1667
              ],
              [
                129.1967,
                35.1667
              ],
              [
                129.1967,
                35.1667
              ],
              [
                129.1967,
                35.1667
              ],
              [
                129.1967,
                35.1667
              ],
              [
                129.1967,
                35.1666
              ],
              [
                129.1967,
                35.1666
              ],
              [
                129.1967,
                35.1666
              ],
              [
                129.1967,
                35.1666
              ],
              [
                129.1967,
                35.1666
              ],
              [
                129.1967,
                35.1666
              ],
              [
                129.1967,
                35.1666
              ],
              [
                129.1967,
                35.1666
              ],
              [
                129.1967,
                35.1666
              ],
              [
                129.1967,
                35.1666
              ],
              [
                129.1967,
                35.1666
              ],
              [
                129.1967,
                35.1665
              ],
              [
                129.1967,
                35.1665
              ],
              [
                129.1967,
                35.1665
              ],
              [
                129.1967,
                35.1665
              ],
              [
                129.1967,
                35.1665
              ],
              [
                129.1968,
                35.1665
              ],
              [
                129.1968,
                35.1665
              ],
              [
                129.1968,
                35.1665
              ],
              [
                129.1968,
                35.1664
              ],
              [
                129.1968,
                35.1664
              ],
              [
                129.1969,
                35.1661
              ],
              [
                129.1969,
                35.1661
              ],
              [
                129.1969,
                35.1661
              ],
              [
                129.1969,
                35.1661
              ],
              [
                129.1969,
                35.1661
              ],
              [
                129.1969,
                35.1661
              ],
              [
                129.1969,
                35.1661
              ],
              [
                129.1969,
                35.1661
              ],
              [
                129.1969,
                35.1661
              ],
              [
                129.1968,
                35.1658
              ],
              [
                129.1968,
                35.1658
              ],
              [
                129.1968,
                35.1658
              ],
              [
                129.1968,
                35.1652
              ],
              [
                129.1968,
                35.165
              ],
              [
                129.1968,
                35.1649
              ],
              [
                129.1964,
                35.1639
              ],
              [
                129.1964,
                35.1639
              ],
              [
                129.1964,
                35.1639
              ],
              [
                129.1964,
                35.1638
              ],
              [
                129.1964,
                35.1638
              ],
              [
                129.1964,
                35.1638
              ],
              [
                129.1963,
                35.1638
              ],
              [
                129.1962,
                35.1637
              ],
              [
                129.1962,
                35.1637
              ],
              [
                129.1962,
                35.1637
              ],
              [
                129.1962,
                35.1637
              ],
              [
                129.1957,
                35.163
              ],
              [
                129.1957,
                35.163
              ],
              [
                129.1956,
                35.1628
              ],
              [
                129.1952,
                35.1627
              ],
              [
                129.1952,
                35.1627
              ],
              [
                129.1951,
                35.1627
              ],
              [
                129.1951,
                35.1627
              ],
              [
                129.1951,
                35.1627
              ],
              [
                129.1951,
                35.1627
              ],
              [
                129.1945,
                35.1622
              ],
              [
                129.1945,
                35.1619
              ],
              [
                129.1946,
                35.1615
              ],
              [
                129.1945,
                35.1611
              ],
              [
                129.1945,
                35.1611
              ],
              [
                129.1945,
                35.1605
              ],
              [
                129.1945,
                35.1605
              ],
              [
                129.1945,
                35.1605
              ],
              [
                129.1944,
                35.1602
              ],
              [
                129.1944,
                35.1602
              ],
              [
                129.1944,
                35.1602
              ],
              [
                129.1944,
                35.1602
              ],
              [
                129.1944,
                35.1602
              ],
              [
                129.1944,
                35.1602
              ],
              [
                129.1944,
                35.1602
              ],
              [
                129.1944,
                35.1602
              ],
              [
                129.1943,
                35.1602
              ],
              [
                129.1943,
                35.1602
              ],
              [
                129.194,
                35.1601
              ],
              [
                129.194,
                35.1601
              ],
              [
                129.194,
                35.1601
              ],
              [
                129.194,
                35.1601
              ],
              [
                129.194,
                35.1601
              ],
              [
                129.194,
                35.1601
              ],
              [
                129.194,
                35.1601
              ],
              [
                129.194,
                35.1601
              ],
              [
                129.1939,
                35.1601
              ],
              [
                129.1939,
                35.1601
              ],
              [
                129.1939,
                35.1601
              ],
              [
                129.1938,
                35.1601
              ],
              [
                129.1938,
                35.1601
              ],
              [
                129.1938,
                35.1601
              ],
              [
                129.1938,
                35.1601
              ],
              [
                129.1938,
                35.1601
              ],
              [
                129.1938,
                35.1601
              ],
              [
                129.1937,
                35.1601
              ],
              [
                129.1922,
                35.1601
              ],
              [
                129.1919,
                35.1604
              ],
              [
                129.1878,
                35.1596
              ],
              [
                129.1877,
                35.1596
              ],
              [
                129.1876,
                35.1596
              ],
              [
                129.1876,
                35.1596
              ],
              [
                129.1875,
                35.1596
              ],
              [
                129.1874,
                35.1595
              ],
              [
                129.1874,
                35.1595
              ],
              [
                129.1873,
                35.1595
              ],
              [
                129.1873,
                35.1595
              ],
              [
                129.1872,
                35.1595
              ],
              [
                129.1867,
                35.1592
              ],
              [
                129.1862,
                35.1587
              ],
              [
                129.1853,
                35.1578
              ],
              [
                129.185,
                35.1575
              ],
              [
                129.185,
                35.1575
              ],
              [
                129.1847,
                35.157
              ],
              [
                129.1847,
                35.157
              ],
              [
                129.1847,
                35.157
              ],
              [
                129.1847,
                35.157
              ],
              [
                129.1847,
                35.1567
              ],
              [
                129.1844,
                35.1563
              ],
              [
                129.1835,
                35.1557
              ],
              [
                129.1835,
                35.1557
              ],
              [
                129.1834,
                35.1557
              ],
              [
                129.1818,
                35.1549
              ],
              [
                129.1817,
                35.1548
              ],
              [
                129.1814,
                35.1548
              ],
              [
                129.1807,
                35.1547
              ],
              [
                129.1782,
                35.1548
              ],
              [
                129.1782,
                35.1548
              ],
              [
                129.1777,
                35.1549
              ],
              [
                129.1771,
                35.1551
              ],
              [
                129.1757,
                35.1559
              ],
              [
                129.1755,
                35.156
              ],
              [
                129.1753,
                35.156
              ],
              [
                129.1743,
                35.1564
              ],
              [
                129.174,
                35.1566
              ],
              [
                129.1716,
                35.1576
              ],
              [
                129.1711,
                35.1581
              ],
              [
                129.17,
                35.159
              ],
              [
                129.1699,
                35.159
              ],
              [
                129.1699,
                35.1591
              ],
              [
                129.1698,
                35.1591
              ],
              [
                129.1697,
                35.1591
              ],
              [
                129.1696,
                35.1591
              ],
              [
                129.1694,
                35.1591
              ],
              [
                129.1693,
                35.1591
              ],
              [
                129.1688,
                35.1591
              ],
              [
                129.1687,
                35.1591
              ],
              [
                129.1685,
                35.1591
              ],
              [
                129.1684,
                35.1591
              ],
              [
                129.1683,
                35.1591
              ],
              [
                129.1679,
                35.1591
              ],
              [
                129.165,
                35.159
              ],
              [
                129.1646,
                35.159
              ],
              [
                129.1642,
                35.159
              ],
              [
                129.1639,
                35.1589
              ],
              [
                129.1635,
                35.1589
              ],
              [
                129.1624,
                35.1588
              ],
              [
                129.1619,
                35.1587
              ],
              [
                129.1616,
                35.1587
              ],
              [
                129.1612,
                35.1586
              ],
              [
                129.1609,
                35.1585
              ],
              [
                129.1605,
                35.1584
              ],
              [
                129.1596,
                35.1582
              ],
              [
                129.1593,
                35.1581
              ],
              [
                129.1583,
                35.1578
              ],
              [
                129.158,
                35.1578
              ],
              [
                129.1577,
                35.1577
              ],
              [
                129.1573,
                35.1576
              ],
              [
                129.157,
                35.1574
              ],
              [
                129.1568,
                35.1573
              ],
              [
                129.1565,
                35.1572
              ],
              [
                129.1559,
                35.1569
              ],
              [
                129.1556,
                35.1568
              ],
              [
                129.1554,
                35.1566
              ],
              [
                129.1551,
                35.1564
              ],
              [
                129.1548,
                35.1563
              ],
              [
                129.1548,
                35.1563
              ],
              [
                129.1539,
                35.1542
              ],
              [
                129.1535,
                35.1529
              ],
              [
                129.1535,
                35.1529
              ],
              [
                129.1535,
                35.1528
              ],
              [
                129.1531,
                35.152
              ],
              [
                129.1531,
                35.1519
              ],
              [
                129.1528,
                35.1518
              ],
              [
                129.1526,
                35.1517
              ],
              [
                129.1505,
                35.1514
              ],
              [
                129.15,
                35.1514
              ],
              [
                129.15,
                35.1514
              ],
              [
                129.1499,
                35.1514
              ],
              [
                129.1499,
                35.1514
              ],
              [
                129.1498,
                35.1515
              ],
              [
                129.1498,
                35.1515
              ],
              [
                129.1498,
                35.1515
              ],
              [
                129.1497,
                35.1516
              ],
              [
                129.1497,
                35.1518
              ],
              [
                129.1497,
                35.1519
              ],
              [
                129.1497,
                35.1519
              ],
              [
                129.1497,
                35.152
              ],
              [
                129.1497,
                35.1521
              ],
              [
                129.1497,
                35.1521
              ],
              [
                129.1502,
                35.1543
              ],
              [
                129.151,
                35.1561
              ],
              [
                129.1511,
                35.1563
              ],
              [
                129.1513,
                35.1565
              ],
              [
                129.1516,
                35.1567
              ],
              [
                129.1526,
                35.1573
              ],
              [
                129.1535,
                35.1578
              ],
              [
                129.1533,
                35.158
              ],
              [
                129.1532,
                35.158
              ],
              [
                129.1524,
                35.1576
              ],
              [
                129.1492,
                35.1568
              ],
              [
                129.1489,
                35.1567
              ],
              [
                129.1488,
                35.1566
              ],
              [
                129.1488,
                35.1566
              ],
              [
                129.1485,
                35.1565
              ],
              [
                129.1483,
                35.1564
              ],
              [
                129.1482,
                35.1563
              ],
              [
                129.148,
                35.1562
              ],
              [
                129.1479,
                35.156
              ],
              [
                129.1478,
                35.1559
              ],
              [
                129.1477,
                35.1558
              ],
              [
                129.1475,
                35.1549
              ],
              [
                129.1474,
                35.1545
              ],
              [
                129.1476,
                35.1543
              ],
              [
                129.1476,
                35.1541
              ],
              [
                129.1473,
                35.1537
              ],
              [
                129.1472,
                35.1536
              ],
              [
                129.147,
                35.1535
              ],
              [
                129.1469,
                35.1535
              ],
              [
                129.1467,
                35.1534
              ],
              [
                129.1465,
                35.1534
              ],
              [
                129.1463,
                35.1534
              ],
              [
                129.1428,
                35.1544
              ],
              [
                129.1426,
                35.1545
              ],
              [
                129.1423,
                35.1546
              ],
              [
                129.1421,
                35.1547
              ],
              [
                129.1419,
                35.1548
              ],
              [
                129.1418,
                35.1549
              ],
              [
                129.1416,
                35.1551
              ],
              [
                129.1415,
                35.1552
              ],
              [
                129.1414,
                35.1554
              ],
              [
                129.1413,
                35.1555
              ],
              [
                129.1405,
                35.157
              ],
              [
                129.1406,
                35.1572
              ],
              [
                129.141,
                35.1574
              ],
              [
                129.142,
                35.1582
              ],
              [
                129.142,
                35.1586
              ],
              [
                129.1389,
                35.1613
              ],
              [
                129.1384,
                35.1613
              ],
              [
                129.1344,
                35.1623
              ],
              [
                129.1339,
                35.1624
              ],
              [
                129.1309,
                35.1613
              ],
              [
                129.13,
                35.1625
              ],
              [
                129.1286,
                35.164
              ],
              [
                129.1281,
                35.1644
              ],
              [
                129.1273,
                35.1648
              ],
              [
                129.126,
                35.1653
              ],
              [
                129.126,
                35.1664
              ],
              [
                129.1242,
                35.1698
              ],
              [
                129.1238,
                35.1704
              ],
              [
                129.1229,
                35.1717
              ],
              [
                129.1222,
                35.1725
              ],
              [
                129.1212,
                35.1734
              ],
              [
                129.1208,
                35.174
              ],
              [
                129.1191,
                35.177
              ],
              [
                129.1186,
                35.1782
              ],
              [
                129.1178,
                35.1799
              ],
              [
                129.1179,
                35.1808
              ],
              [
                129.118,
                35.181
              ],
              [
                129.1178,
                35.1813
              ],
              [
                129.1175,
                35.182
              ],
              [
                129.1157,
                35.1861
              ],
              [
                129.1155,
                35.186
              ],
              [
                129.1148,
                35.1878
              ],
              [
                129.1147,
                35.188
              ],
              [
                129.1145,
                35.1891
              ],
              [
                129.1145,
                35.1892
              ],
              [
                129.1145,
                35.1899
              ],
              [
                129.1147,
                35.1915
              ],
              [
                129.1146,
                35.1919
              ],
              [
                129.1145,
                35.1922
              ],
              [
                129.1143,
                35.1936
              ],
              [
                129.1143,
                35.194
              ],
              [
                129.1143,
                35.1948
              ],
              [
                129.1147,
                35.1977
              ],
              [
                129.1153,
                35.1992
              ],
              [
                129.1153,
                35.1993
              ],
              [
                129.116,
                35.2011
              ],
              [
                129.1138,
                35.2015
              ],
              [
                129.1136,
                35.2022
              ],
              [
                129.1111,
                35.2047
              ],
              [
                129.1103,
                35.2086
              ],
              [
                129.1102,
                35.2101
              ],
              [
                129.1109,
                35.2111
              ],
              [
                129.1114,
                35.2119
              ],
              [
                129.1122,
                35.2125
              ],
              [
                129.1175,
                35.2143
              ],
              [
                129.1178,
                35.2142
              ],
              [
                129.1181,
                35.214
              ],
              [
                129.119,
                35.2143
              ],
              [
                129.1192,
                35.2144
              ],
              [
                129.1192,
                35.215
              ],
              [
                129.1192,
                35.2156
              ],
              [
                129.1192,
                35.2158
              ],
              [
                129.1184,
                35.218
              ],
              [
                129.1183,
                35.2184
              ],
              [
                129.1178,
                35.2196
              ],
              [
                129.1174,
                35.2203
              ],
              [
                129.1172,
                35.2206
              ],
              [
                129.1171,
                35.221
              ],
              [
                129.117,
                35.2214
              ],
              [
                129.1169,
                35.2215
              ],
              [
                129.1168,
                35.2223
              ],
              [
                129.1175,
                35.224
              ],
              [
                129.1177,
                35.2241
              ],
              [
                129.1179,
                35.2242
              ],
              [
                129.1182,
                35.2244
              ],
              [
                129.1189,
                35.2249
              ],
              [
                129.1205,
                35.2258
              ],
              [
                129.1207,
                35.2259
              ],
              [
                129.1236,
                35.2268
              ],
              [
                129.1257,
                35.2268
              ],
              [
                129.126,
                35.2269
              ],
              [
                129.127,
                35.2271
              ],
              [
                129.1298,
                35.2302
              ],
              [
                129.1305,
                35.2313
              ],
              [
                129.1305,
                35.2313
              ],
              [
                129.1305,
                35.2313
              ],
              [
                129.1305,
                35.2315
              ],
              [
                129.1302,
                35.2322
              ],
              [
                129.1302,
                35.2323
              ],
              [
                129.1301,
                35.2332
              ],
              [
                129.131,
                35.2353
              ],
              [
                129.1337,
                35.2367
              ],
              [
                129.1348,
                35.2368
              ],
              [
                129.1357,
                35.2364
              ],
              [
                129.1358,
                35.2369
              ],
              [
                129.1359,
                35.2373
              ],
              [
                129.1372,
                35.2385
              ],
              [
                129.1382,
                35.2392
              ],
              [
                129.1397,
                35.2405
              ],
              [
                129.14,
                35.2409
              ],
              [
                129.1406,
                35.2416
              ],
              [
                129.1421,
                35.2453
              ],
              [
                129.1446,
                35.2509
              ],
              [
                129.1446,
                35.2509
              ],
              [
                129.1455,
                35.2504
              ],
              [
                129.147,
                35.2494
              ],
              [
                129.1488,
                35.2474
              ],
              [
                129.1486,
                35.2461
              ],
              [
                129.1503,
                35.2455
              ],
              [
                129.1533,
                35.245
              ],
              [
                129.1547,
                35.2448
              ],
              [
                129.156,
                35.2445
              ],
              [
                129.1564,
                35.2443
              ],
              [
                129.1569,
                35.2426
              ],
              [
                129.1565,
                35.2402
              ],
              [
                129.1554,
                35.2391
              ],
              [
                129.1552,
                35.239
              ],
              [
                129.1552,
                35.2385
              ],
              [
                129.1551,
                35.2369
              ]
            ]
          ]
        ]
      },
      "properties": {
        "name": "해운대구",
        "base_year": "2018",
        "name_eng": "Haeundae-gu",
        "code": "21090"
      }
    },
    {
      "type": "Feature",
      "geometry": {
        "type": "MultiPolygon",
        "coordinates": [
          [
            [
              [
                128.9903,
                34.9809
              ],
              [
                128.9907,
                34.9808
              ],
              [
                128.9908,
                34.9808
              ],
              [
                128.9917,
                34.981
              ],
              [
                128.9919,
                34.9811
              ],
              [
                128.9919,
                34.9811
              ],
              [
                128.9919,
                34.9811
              ],
              [
                128.9919,
                34.9812
              ],
              [
                128.9919,
                34.9812
              ],
              [
                128.9919,
                34.9812
              ],
              [
                128.9919,
                34.9813
              ],
              [
                128.992,
                34.9813
              ],
              [
                128.992,
                34.9813
              ],
              [
                128.9924,
                34.9816
              ],
              [
                128.9924,
                34.9816
              ],
              [
                128.9926,
                34.9817
              ],
              [
                128.9928,
                34.9818
              ],
              [
                128.9929,
                34.9818
              ],
              [
                128.9933,
                34.9818
              ],
              [
                128.9933,
                34.9818
              ],
              [
                128.9939,
                34.9818
              ],
              [
                128.9939,
                34.9818
              ],
              [
                128.9939,
                34.9818
              ],
              [
                128.994,
                34.9815
              ],
              [
                128.994,
                34.9815
              ],
              [
                128.994,
                34.9813
              ],
              [
                128.9939,
                34.9809
              ],
              [
                128.9939,
                34.9808
              ],
              [
                128.9939,
                34.9808
              ],
              [
                128.9936,
                34.9806
              ],
              [
                128.992,
                34.9794
              ],
              [
                128.9888,
                34.9783
              ],
              [
                128.9887,
                34.9783
              ],
              [
                128.9886,
                34.9783
              ],
              [
                128.9886,
                34.9783
              ],
              [
                128.9885,
                34.9783
              ],
              [
                128.9883,
                34.9784
              ],
              [
                128.9883,
                34.9784
              ],
              [
                128.9881,
                34.9785
              ],
              [
                128.988,
                34.9786
              ],
              [
                128.988,
                34.9787
              ],
              [
                128.9879,
                34.9791
              ],
              [
                128.988,
                34.9791
              ],
              [
                128.988,
                34.9792
              ],
              [
                128.988,
                34.9792
              ],
              [
                128.9895,
                34.9813
              ],
              [
                128.9902,
                34.9819
              ],
              [
                128.9901,
                34.9811
              ],
              [
                128.9903,
                34.9809
              ],
              [
                128.9903,
                34.9809
              ]
            ]
          ],
          [
            [
              [
                128.9742,
                35.0311
              ],
              [
                128.9741,
                35.031
              ],
              [
                128.9743,
                35.031
              ],
              [
                128.9743,
                35.031
              ],
              [
                128.9744,
                35.031
              ],
              [
                128.9744,
                35.031
              ],
              [
                128.9745,
                35.0308
              ],
              [
                128.975,
                35.0302
              ],
              [
                128.9752,
                35.0298
              ],
              [
                128.9752,
                35.0295
              ],
              [
                128.9752,
                35.0294
              ],
              [
                128.9752,
                35.0292
              ],
              [
                128.9738,
                35.0254
              ],
              [
                128.9738,
                35.0253
              ],
              [
                128.9737,
                35.0253
              ],
              [
                128.9736,
                35.0253
              ],
              [
                128.9736,
                35.0252
              ],
              [
                128.9735,
                35.0252
              ],
              [
                128.9733,
                35.0252
              ],
              [
                128.9733,
                35.0252
              ],
              [
                128.9728,
                35.0256
              ],
              [
                128.9725,
                35.0259
              ],
              [
                128.9712,
                35.0273
              ],
              [
                128.9712,
                35.0273
              ],
              [
                128.9712,
                35.0274
              ],
              [
                128.9711,
                35.0275
              ],
              [
                128.9711,
                35.0275
              ],
              [
                128.9711,
                35.0276
              ],
              [
                128.9712,
                35.0278
              ],
              [
                128.9716,
                35.0291
              ],
              [
                128.9717,
                35.0292
              ],
              [
                128.9717,
                35.0293
              ],
              [
                128.9718,
                35.0294
              ],
              [
                128.9719,
                35.0295
              ],
              [
                128.9729,
                35.0306
              ],
              [
                128.973,
                35.0306
              ],
              [
                128.9735,
                35.031
              ],
              [
                128.9735,
                35.031
              ],
              [
                128.9735,
                35.031
              ],
              [
                128.9738,
                35.0311
              ],
              [
                128.9742,
                35.0312
              ],
              [
                128.9742,
                35.0311
              ]
            ]
          ],
          [
            [
              [
                128.9535,
                35.062
              ],
              [
                128.9536,
                35.0617
              ],
              [
                128.9536,
                35.0615
              ],
              [
                128.9537,
                35.0613
              ],
              [
                128.9537,
                35.061
              ],
              [
                128.9542,
                35.0561
              ],
              [
                128.9542,
                35.056
              ],
              [
                128.9541,
                35.0557
              ],
              [
                128.9541,
                35.0556
              ],
              [
                128.9535,
                35.0554
              ],
              [
                128.953,
                35.0556
              ],
              [
                128.9529,
                35.0557
              ],
              [
                128.9529,
                35.0558
              ],
              [
                128.9528,
                35.0559
              ],
              [
                128.9527,
                35.056
              ],
              [
                128.9527,
                35.0561
              ],
              [
                128.9526,
                35.0563
              ],
              [
                128.9526,
                35.0564
              ],
              [
                128.9525,
                35.057
              ],
              [
                128.9525,
                35.0571
              ],
              [
                128.9525,
                35.0572
              ],
              [
                128.9526,
                35.0573
              ],
              [
                128.9527,
                35.0574
              ],
              [
                128.9528,
                35.0576
              ],
              [
                128.9529,
                35.0577
              ],
              [
                128.9529,
                35.0578
              ],
              [
                128.953,
                35.058
              ],
              [
                128.953,
                35.0586
              ],
              [
                128.953,
                35.0589
              ],
              [
                128.9529,
                35.0589
              ],
              [
                128.9519,
                35.0595
              ],
              [
                128.948,
                35.0611
              ],
              [
                128.9478,
                35.0612
              ],
              [
                128.9457,
                35.0618
              ],
              [
                128.9457,
                35.0619
              ],
              [
                128.9456,
                35.0619
              ],
              [
                128.9455,
                35.0618
              ],
              [
                128.9455,
                35.0618
              ],
              [
                128.9455,
                35.0617
              ],
              [
                128.9456,
                35.0615
              ],
              [
                128.9462,
                35.0609
              ],
              [
                128.9469,
                35.0601
              ],
              [
                128.9476,
                35.0599
              ],
              [
                128.9478,
                35.0598
              ],
              [
                128.9481,
                35.0597
              ],
              [
                128.9491,
                35.0591
              ],
              [
                128.9494,
                35.0588
              ],
              [
                128.9495,
                35.0587
              ],
              [
                128.9503,
                35.0577
              ],
              [
                128.9504,
                35.0576
              ],
              [
                128.9506,
                35.0573
              ],
              [
                128.9508,
                35.057
              ],
              [
                128.9509,
                35.0569
              ],
              [
                128.951,
                35.0566
              ],
              [
                128.951,
                35.0565
              ],
              [
                128.951,
                35.0564
              ],
              [
                128.951,
                35.0563
              ],
              [
                128.951,
                35.0562
              ],
              [
                128.951,
                35.0561
              ],
              [
                128.9509,
                35.056
              ],
              [
                128.9503,
                35.0547
              ],
              [
                128.9502,
                35.0546
              ],
              [
                128.9502,
                35.0545
              ],
              [
                128.9501,
                35.0544
              ],
              [
                128.95,
                35.0544
              ],
              [
                128.9499,
                35.0543
              ],
              [
                128.9497,
                35.0543
              ],
              [
                128.9493,
                35.0542
              ],
              [
                128.9492,
                35.0542
              ],
              [
                128.9491,
                35.0542
              ],
              [
                128.949,
                35.0543
              ],
              [
                128.9489,
                35.0543
              ],
              [
                128.9489,
                35.0544
              ],
              [
                128.9488,
                35.0545
              ],
              [
                128.9487,
                35.0547
              ],
              [
                128.9486,
                35.0548
              ],
              [
                128.9485,
                35.0549
              ],
              [
                128.9482,
                35.0555
              ],
              [
                128.9481,
                35.0556
              ],
              [
                128.9479,
                35.0559
              ],
              [
                128.9477,
                35.056
              ],
              [
                128.9476,
                35.0561
              ],
              [
                128.9474,
                35.0562
              ],
              [
                128.9471,
                35.0563
              ],
              [
                128.947,
                35.0564
              ],
              [
                128.9468,
                35.0564
              ],
              [
                128.9466,
                35.0564
              ],
              [
                128.9423,
                35.0567
              ],
              [
                128.9422,
                35.0567
              ],
              [
                128.9419,
                35.0567
              ],
              [
                128.9418,
                35.0567
              ],
              [
                128.9417,
                35.0567
              ],
              [
                128.9414,
                35.0566
              ],
              [
                128.9413,
                35.0566
              ],
              [
                128.9412,
                35.0566
              ],
              [
                128.9404,
                35.0564
              ],
              [
                128.9404,
                35.0564
              ],
              [
                128.9403,
                35.0563
              ],
              [
                128.9401,
                35.0563
              ],
              [
                128.9399,
                35.0562
              ],
              [
                128.9397,
                35.0561
              ],
              [
                128.9396,
                35.056
              ],
              [
                128.939,
                35.0557
              ],
              [
                128.9379,
                35.0547
              ],
              [
                128.9378,
                35.0546
              ],
              [
                128.9378,
                35.0546
              ],
              [
                128.9378,
                35.0543
              ],
              [
                128.9378,
                35.0543
              ],
              [
                128.9379,
                35.0542
              ],
              [
                128.9381,
                35.054
              ],
              [
                128.9384,
                35.0538
              ],
              [
                128.9385,
                35.0538
              ],
              [
                128.9386,
                35.0537
              ],
              [
                128.9388,
                35.0536
              ],
              [
                128.9389,
                35.0536
              ],
              [
                128.9391,
                35.0536
              ],
              [
                128.9407,
                35.0537
              ],
              [
                128.9409,
                35.0537
              ],
              [
                128.9411,
                35.0537
              ],
              [
                128.9412,
                35.0538
              ],
              [
                128.9436,
                35.0544
              ],
              [
                128.9457,
                35.0555
              ],
              [
                128.9491,
                35.0536
              ],
              [
                128.9532,
                35.0533
              ],
              [
                128.9532,
                35.0533
              ],
              [
                128.9533,
                35.0533
              ],
              [
                128.9534,
                35.0533
              ],
              [
                128.9534,
                35.0532
              ],
              [
                128.9535,
                35.0532
              ],
              [
                128.9536,
                35.0532
              ],
              [
                128.9536,
                35.0532
              ],
              [
                128.9537,
                35.0532
              ],
              [
                128.9537,
                35.0532
              ],
              [
                128.9538,
                35.0532
              ],
              [
                128.9538,
                35.0531
              ],
              [
                128.9539,
                35.0531
              ],
              [
                128.9539,
                35.0531
              ],
              [
                128.954,
                35.053
              ],
              [
                128.9541,
                35.053
              ],
              [
                128.9541,
                35.0529
              ],
              [
                128.9545,
                35.0527
              ],
              [
                128.9545,
                35.0526
              ],
              [
                128.9546,
                35.0526
              ],
              [
                128.9546,
                35.0526
              ],
              [
                128.9547,
                35.0525
              ],
              [
                128.9547,
                35.0525
              ],
              [
                128.9548,
                35.0524
              ],
              [
                128.9549,
                35.0523
              ],
              [
                128.9549,
                35.0523
              ],
              [
                128.9549,
                35.0522
              ],
              [
                128.9566,
                35.0497
              ],
              [
                128.9567,
                35.0497
              ],
              [
                128.9567,
                35.0496
              ],
              [
                128.9567,
                35.0496
              ],
              [
                128.9567,
                35.0496
              ],
              [
                128.9567,
                35.0495
              ],
              [
                128.9567,
                35.0495
              ],
              [
                128.9567,
                35.0494
              ],
              [
                128.9567,
                35.0494
              ],
              [
                128.9567,
                35.0494
              ],
              [
                128.9567,
                35.0493
              ],
              [
                128.9567,
                35.0493
              ],
              [
                128.9566,
                35.0473
              ],
              [
                128.9566,
                35.0472
              ],
              [
                128.9566,
                35.0471
              ],
              [
                128.9566,
                35.0471
              ],
              [
                128.9566,
                35.0471
              ],
              [
                128.9566,
                35.0471
              ],
              [
                128.9566,
                35.047
              ],
              [
                128.9565,
                35.047
              ],
              [
                128.9565,
                35.047
              ],
              [
                128.9565,
                35.047
              ],
              [
                128.9565,
                35.0469
              ],
              [
                128.9565,
                35.0469
              ],
              [
                128.9564,
                35.0469
              ],
              [
                128.9564,
                35.0469
              ],
              [
                128.9564,
                35.0469
              ],
              [
                128.9564,
                35.0469
              ],
              [
                128.9564,
                35.0469
              ],
              [
                128.9564,
                35.0469
              ],
              [
                128.9563,
                35.0468
              ],
              [
                128.9563,
                35.0468
              ],
              [
                128.9563,
                35.0468
              ],
              [
                128.9562,
                35.0468
              ],
              [
                128.9539,
                35.0468
              ],
              [
                128.9538,
                35.0468
              ],
              [
                128.9538,
                35.0468
              ],
              [
                128.9537,
                35.0468
              ],
              [
                128.9537,
                35.0468
              ],
              [
                128.9536,
                35.0468
              ],
              [
                128.9536,
                35.0468
              ],
              [
                128.9533,
                35.0469
              ],
              [
                128.9533,
                35.0469
              ],
              [
                128.9533,
                35.0469
              ],
              [
                128.9533,
                35.0469
              ],
              [
                128.9533,
                35.0469
              ],
              [
                128.9533,
                35.0469
              ],
              [
                128.9533,
                35.0469
              ],
              [
                128.9533,
                35.047
              ],
              [
                128.9533,
                35.047
              ],
              [
                128.9533,
                35.047
              ],
              [
                128.9533,
                35.047
              ],
              [
                128.9533,
                35.047
              ],
              [
                128.9533,
                35.047
              ],
              [
                128.9533,
                35.047
              ],
              [
                128.9533,
                35.047
              ],
              [
                128.9533,
                35.047
              ],
              [
                128.9533,
                35.047
              ],
              [
                128.9533,
                35.047
              ],
              [
                128.9533,
                35.0471
              ],
              [
                128.9533,
                35.0471
              ],
              [
                128.9533,
                35.0471
              ],
              [
                128.9532,
                35.0471
              ],
              [
                128.9525,
                35.0477
              ],
              [
                128.9524,
                35.0477
              ],
              [
                128.9524,
                35.0477
              ],
              [
                128.9523,
                35.0478
              ],
              [
                128.9523,
                35.0478
              ],
              [
                128.9523,
                35.0478
              ],
              [
                128.9522,
                35.0478
              ],
              [
                128.9522,
                35.0478
              ],
              [
                128.9521,
                35.0479
              ],
              [
                128.9521,
                35.0479
              ],
              [
                128.9521,
                35.0479
              ],
              [
                128.952,
                35.0479
              ],
              [
                128.9509,
                35.0481
              ],
              [
                128.9507,
                35.0482
              ],
              [
                128.9505,
                35.0482
              ],
              [
                128.9493,
                35.0484
              ],
              [
                128.9487,
                35.0484
              ],
              [
                128.9485,
                35.0485
              ],
              [
                128.9483,
                35.0485
              ],
              [
                128.9481,
                35.0485
              ],
              [
                128.9479,
                35.0485
              ],
              [
                128.9477,
                35.0485
              ],
              [
                128.9475,
                35.0485
              ],
              [
                128.9474,
                35.0485
              ],
              [
                128.9471,
                35.0485
              ],
              [
                128.9464,
                35.0485
              ],
              [
                128.9427,
                35.0484
              ],
              [
                128.9409,
                35.0483
              ],
              [
                128.9382,
                35.0483
              ],
              [
                128.9344,
                35.0487
              ],
              [
                128.9308,
                35.0491
              ],
              [
                128.9307,
                35.0491
              ],
              [
                128.9305,
                35.0491
              ],
              [
                128.9275,
                35.0513
              ],
              [
                128.9272,
                35.0515
              ],
              [
                128.9271,
                35.0516
              ],
              [
                128.9245,
                35.0542
              ],
              [
                128.9245,
                35.0543
              ],
              [
                128.9244,
                35.0543
              ],
              [
                128.9244,
                35.0544
              ],
              [
                128.9243,
                35.0545
              ],
              [
                128.9242,
                35.0548
              ],
              [
                128.9242,
                35.0549
              ],
              [
                128.9242,
                35.0549
              ],
              [
                128.9242,
                35.055
              ],
              [
                128.9243,
                35.055
              ],
              [
                128.9243,
                35.055
              ],
              [
                128.9243,
                35.0551
              ],
              [
                128.9244,
                35.0551
              ],
              [
                128.9244,
                35.0552
              ],
              [
                128.9244,
                35.0552
              ],
              [
                128.9245,
                35.0552
              ],
              [
                128.9245,
                35.0553
              ],
              [
                128.9246,
                35.0553
              ],
              [
                128.9246,
                35.0554
              ],
              [
                128.9261,
                35.0562
              ],
              [
                128.9263,
                35.0563
              ],
              [
                128.9268,
                35.0565
              ],
              [
                128.9273,
                35.0568
              ],
              [
                128.9275,
                35.0568
              ],
              [
                128.9279,
                35.0569
              ],
              [
                128.928,
                35.0569
              ],
              [
                128.928,
                35.057
              ],
              [
                128.9283,
                35.057
              ],
              [
                128.9283,
                35.057
              ],
              [
                128.9285,
                35.0569
              ],
              [
                128.9286,
                35.0569
              ],
              [
                128.9287,
                35.0569
              ],
              [
                128.9287,
                35.0568
              ],
              [
                128.9288,
                35.0568
              ],
              [
                128.9307,
                35.0556
              ],
              [
                128.9308,
                35.0555
              ],
              [
                128.9309,
                35.0555
              ],
              [
                128.9309,
                35.0554
              ],
              [
                128.9309,
                35.0554
              ],
              [
                128.9309,
                35.0553
              ],
              [
                128.9309,
                35.0553
              ],
              [
                128.9309,
                35.0552
              ],
              [
                128.9309,
                35.0552
              ],
              [
                128.9309,
                35.0552
              ],
              [
                128.9303,
                35.0545
              ],
              [
                128.9299,
                35.054
              ],
              [
                128.9298,
                35.0538
              ],
              [
                128.9298,
                35.0537
              ],
              [
                128.9298,
                35.0526
              ],
              [
                128.9298,
                35.0524
              ],
              [
                128.9299,
                35.0523
              ],
              [
                128.9305,
                35.0518
              ],
              [
                128.9306,
                35.0517
              ],
              [
                128.9315,
                35.0513
              ],
              [
                128.9317,
                35.0513
              ],
              [
                128.9352,
                35.0506
              ],
              [
                128.936,
                35.0505
              ],
              [
                128.936,
                35.0505
              ],
              [
                128.9361,
                35.0505
              ],
              [
                128.9361,
                35.0506
              ],
              [
                128.9361,
                35.0507
              ],
              [
                128.936,
                35.0509
              ],
              [
                128.9359,
                35.051
              ],
              [
                128.9359,
                35.0511
              ],
              [
                128.9357,
                35.0514
              ],
              [
                128.9356,
                35.0516
              ],
              [
                128.9355,
                35.0517
              ],
              [
                128.932,
                35.0564
              ],
              [
                128.9319,
                35.0564
              ],
              [
                128.9315,
                35.0563
              ],
              [
                128.9314,
                35.0563
              ],
              [
                128.9313,
                35.0563
              ],
              [
                128.9311,
                35.0563
              ],
              [
                128.931,
                35.0564
              ],
              [
                128.9309,
                35.0564
              ],
              [
                128.9308,
                35.0565
              ],
              [
                128.9306,
                35.0566
              ],
              [
                128.9304,
                35.0568
              ],
              [
                128.9303,
                35.0569
              ],
              [
                128.9302,
                35.0571
              ],
              [
                128.9302,
                35.0572
              ],
              [
                128.9301,
                35.0575
              ],
              [
                128.9301,
                35.0576
              ],
              [
                128.9301,
                35.0578
              ],
              [
                128.9301,
                35.0579
              ],
              [
                128.9302,
                35.0582
              ],
              [
                128.9302,
                35.0583
              ],
              [
                128.9303,
                35.0585
              ],
              [
                128.9303,
                35.0586
              ],
              [
                128.9304,
                35.0588
              ],
              [
                128.9313,
                35.0601
              ],
              [
                128.9333,
                35.0627
              ],
              [
                128.9334,
                35.0628
              ],
              [
                128.9336,
                35.0631
              ],
              [
                128.9357,
                35.0649
              ],
              [
                128.9358,
                35.065
              ],
              [
                128.936,
                35.0651
              ],
              [
                128.9362,
                35.0653
              ],
              [
                128.9364,
                35.0654
              ],
              [
                128.9365,
                35.0655
              ],
              [
                128.9367,
                35.0657
              ],
              [
                128.9368,
                35.0659
              ],
              [
                128.9375,
                35.0666
              ],
              [
                128.9377,
                35.0668
              ],
              [
                128.9378,
                35.0669
              ],
              [
                128.9394,
                35.0688
              ],
              [
                128.9401,
                35.0697
              ],
              [
                128.9407,
                35.0704
              ],
              [
                128.9411,
                35.0712
              ],
              [
                128.9417,
                35.0723
              ],
              [
                128.9418,
                35.0724
              ],
              [
                128.9418,
                35.0724
              ],
              [
                128.9426,
                35.0734
              ],
              [
                128.9427,
                35.0735
              ],
              [
                128.9428,
                35.0736
              ],
              [
                128.9429,
                35.0737
              ],
              [
                128.943,
                35.0737
              ],
              [
                128.9437,
                35.0741
              ],
              [
                128.9441,
                35.0744
              ],
              [
                128.9443,
                35.0745
              ],
              [
                128.9443,
                35.0746
              ],
              [
                128.9444,
                35.0746
              ],
              [
                128.9444,
                35.0746
              ],
              [
                128.9445,
                35.0745
              ],
              [
                128.9446,
                35.0745
              ],
              [
                128.9446,
                35.0745
              ],
              [
                128.9449,
                35.0742
              ],
              [
                128.9461,
                35.0726
              ],
              [
                128.9529,
                35.0629
              ],
              [
                128.9531,
                35.0627
              ],
              [
                128.9532,
                35.0625
              ],
              [
                128.9534,
                35.0622
              ],
              [
                128.9535,
                35.062
              ]
            ]
          ],
          [
            [
              [
                128.9593,
                35.0501
              ],
              [
                128.9592,
                35.0503
              ],
              [
                128.9589,
                35.0506
              ],
              [
                128.9586,
                35.051
              ],
              [
                128.9578,
                35.0524
              ],
              [
                128.9577,
                35.0526
              ],
              [
                128.9576,
                35.0527
              ],
              [
                128.9576,
                35.0528
              ],
              [
                128.9576,
                35.0528
              ],
              [
                128.9576,
                35.0529
              ],
              [
                128.9574,
                35.0537
              ],
              [
                128.9571,
                35.0548
              ],
              [
                128.9566,
                35.057
              ],
              [
                128.9535,
                35.0688
              ],
              [
                128.9532,
                35.0695
              ],
              [
                128.9527,
                35.0717
              ],
              [
                128.9527,
                35.072
              ],
              [
                128.9527,
                35.072
              ],
              [
                128.9533,
                35.0721
              ],
              [
                128.9569,
                35.0728
              ],
              [
                128.9554,
                35.0727
              ],
              [
                128.9527,
                35.0722
              ],
              [
                128.9526,
                35.0722
              ],
              [
                128.9526,
                35.0722
              ],
              [
                128.9526,
                35.0722
              ],
              [
                128.9523,
                35.0734
              ],
              [
                128.9521,
                35.0742
              ],
              [
                128.9514,
                35.0768
              ],
              [
                128.9508,
                35.0796
              ],
              [
                128.9507,
                35.0798
              ],
              [
                128.9506,
                35.08
              ],
              [
                128.9506,
                35.0802
              ],
              [
                128.9505,
                35.0806
              ],
              [
                128.9505,
                35.0807
              ],
              [
                128.9505,
                35.0809
              ],
              [
                128.9504,
                35.081
              ],
              [
                128.9504,
                35.0815
              ],
              [
                128.9503,
                35.0818
              ],
              [
                128.9503,
                35.0821
              ],
              [
                128.9503,
                35.0826
              ],
              [
                128.9504,
                35.0835
              ],
              [
                128.9505,
                35.0837
              ],
              [
                128.9505,
                35.0838
              ],
              [
                128.9507,
                35.0845
              ],
              [
                128.9509,
                35.085
              ],
              [
                128.9513,
                35.0856
              ],
              [
                128.9516,
                35.0861
              ],
              [
                128.9516,
                35.0863
              ],
              [
                128.9521,
                35.087
              ],
              [
                128.9524,
                35.0873
              ],
              [
                128.9525,
                35.0875
              ],
              [
                128.9525,
                35.0875
              ],
              [
                128.953,
                35.0885
              ],
              [
                128.9533,
                35.0892
              ],
              [
                128.9535,
                35.0895
              ],
              [
                128.9536,
                35.0898
              ],
              [
                128.9538,
                35.0904
              ],
              [
                128.954,
                35.0907
              ],
              [
                128.9542,
                35.0913
              ],
              [
                128.9542,
                35.0915
              ],
              [
                128.9543,
                35.0917
              ],
              [
                128.9545,
                35.0924
              ],
              [
                128.9546,
                35.0927
              ],
              [
                128.9547,
                35.0928
              ],
              [
                128.9548,
                35.0933
              ],
              [
                128.9548,
                35.0934
              ],
              [
                128.9548,
                35.0936
              ],
              [
                128.9549,
                35.094
              ],
              [
                128.955,
                35.0942
              ],
              [
                128.9551,
                35.0947
              ],
              [
                128.9551,
                35.095
              ],
              [
                128.9551,
                35.0951
              ],
              [
                128.9552,
                35.0955
              ],
              [
                128.9552,
                35.0957
              ],
              [
                128.9552,
                35.0958
              ],
              [
                128.9556,
                35.0992
              ],
              [
                128.9563,
                35.1049
              ],
              [
                128.9564,
                35.1058
              ],
              [
                128.9564,
                35.1059
              ],
              [
                128.9563,
                35.1059
              ],
              [
                128.9563,
                35.106
              ],
              [
                128.956,
                35.1064
              ],
              [
                128.9505,
                35.1073
              ],
              [
                128.9488,
                35.1071
              ],
              [
                128.9474,
                35.1026
              ],
              [
                128.9473,
                35.1023
              ],
              [
                128.9473,
                35.102
              ],
              [
                128.9472,
                35.1017
              ],
              [
                128.9472,
                35.1014
              ],
              [
                128.9472,
                35.1011
              ],
              [
                128.9472,
                35.1005
              ],
              [
                128.9473,
                35.0999
              ],
              [
                128.9473,
                35.0997
              ],
              [
                128.9474,
                35.0996
              ],
              [
                128.9474,
                35.0995
              ],
              [
                128.9475,
                35.0992
              ],
              [
                128.9475,
                35.0991
              ],
              [
                128.9475,
                35.0991
              ],
              [
                128.9475,
                35.099
              ],
              [
                128.9475,
                35.0989
              ],
              [
                128.9472,
                35.0978
              ],
              [
                128.9449,
                35.0909
              ],
              [
                128.9448,
                35.0905
              ],
              [
                128.9443,
                35.0891
              ],
              [
                128.9439,
                35.0881
              ],
              [
                128.9431,
                35.0864
              ],
              [
                128.943,
                35.0862
              ],
              [
                128.9427,
                35.0858
              ],
              [
                128.9426,
                35.0856
              ],
              [
                128.9425,
                35.0855
              ],
              [
                128.9425,
                35.0855
              ],
              [
                128.9425,
                35.0855
              ],
              [
                128.9425,
                35.0855
              ],
              [
                128.9425,
                35.0855
              ],
              [
                128.9418,
                35.0851
              ],
              [
                128.9394,
                35.082
              ],
              [
                128.9378,
                35.0799
              ],
              [
                128.9328,
                35.0741
              ],
              [
                128.9327,
                35.074
              ],
              [
                128.9325,
                35.0739
              ],
              [
                128.9321,
                35.0738
              ],
              [
                128.9317,
                35.0737
              ],
              [
                128.9313,
                35.0737
              ],
              [
                128.9309,
                35.0736
              ],
              [
                128.9308,
                35.0736
              ],
              [
                128.9304,
                35.0736
              ],
              [
                128.9302,
                35.0736
              ],
              [
                128.9299,
                35.0737
              ],
              [
                128.9296,
                35.0738
              ],
              [
                128.9295,
                35.0738
              ],
              [
                128.9294,
                35.0739
              ],
              [
                128.9292,
                35.0741
              ],
              [
                128.9292,
                35.0741
              ],
              [
                128.9292,
                35.0743
              ],
              [
                128.9291,
                35.0744
              ],
              [
                128.9291,
                35.0745
              ],
              [
                128.929,
                35.075
              ],
              [
                128.9289,
                35.0755
              ],
              [
                128.9288,
                35.0758
              ],
              [
                128.9287,
                35.0768
              ],
              [
                128.9286,
                35.0769
              ],
              [
                128.9286,
                35.0773
              ],
              [
                128.9286,
                35.0775
              ],
              [
                128.9286,
                35.0779
              ],
              [
                128.9285,
                35.0782
              ],
              [
                128.9285,
                35.0784
              ],
              [
                128.9286,
                35.0787
              ],
              [
                128.9288,
                35.0792
              ],
              [
                128.9292,
                35.0798
              ],
              [
                128.9296,
                35.0803
              ],
              [
                128.9299,
                35.0807
              ],
              [
                128.9302,
                35.0812
              ],
              [
                128.9319,
                35.0847
              ],
              [
                128.9319,
                35.0855
              ],
              [
                128.9316,
                35.0878
              ],
              [
                128.9316,
                35.0879
              ],
              [
                128.9315,
                35.0881
              ],
              [
                128.9315,
                35.0881
              ],
              [
                128.9319,
                35.0924
              ],
              [
                128.933,
                35.0984
              ],
              [
                128.9336,
                35.1
              ],
              [
                128.9345,
                35.1012
              ],
              [
                128.9351,
                35.1028
              ],
              [
                128.9352,
                35.103
              ],
              [
                128.9353,
                35.1036
              ],
              [
                128.9353,
                35.1039
              ],
              [
                128.9358,
                35.1052
              ],
              [
                128.9358,
                35.1052
              ],
              [
                128.9358,
                35.1053
              ],
              [
                128.9362,
                35.1063
              ],
              [
                128.9362,
                35.1063
              ],
              [
                128.9362,
                35.1063
              ],
              [
                128.9362,
                35.1063
              ],
              [
                128.9362,
                35.1063
              ],
              [
                128.9362,
                35.1063
              ],
              [
                128.9362,
                35.1063
              ],
              [
                128.9362,
                35.1063
              ],
              [
                128.9363,
                35.1064
              ],
              [
                128.9363,
                35.1064
              ],
              [
                128.9363,
                35.1064
              ],
              [
                128.9363,
                35.1064
              ],
              [
                128.9363,
                35.1064
              ],
              [
                128.9363,
                35.1065
              ],
              [
                128.9365,
                35.1067
              ],
              [
                128.9365,
                35.1067
              ],
              [
                128.9366,
                35.1067
              ],
              [
                128.9366,
                35.1067
              ],
              [
                128.9366,
                35.1067
              ],
              [
                128.9366,
                35.1067
              ],
              [
                128.9366,
                35.1067
              ],
              [
                128.9366,
                35.1067
              ],
              [
                128.9366,
                35.1067
              ],
              [
                128.9366,
                35.1067
              ],
              [
                128.9366,
                35.1067
              ],
              [
                128.9367,
                35.1067
              ],
              [
                128.9367,
                35.1067
              ],
              [
                128.9367,
                35.1067
              ],
              [
                128.9367,
                35.1067
              ],
              [
                128.9367,
                35.1067
              ],
              [
                128.9367,
                35.1067
              ],
              [
                128.9367,
                35.1067
              ],
              [
                128.9367,
                35.1067
              ],
              [
                128.9368,
                35.1067
              ],
              [
                128.9368,
                35.1067
              ],
              [
                128.9368,
                35.1067
              ],
              [
                128.9368,
                35.1068
              ],
              [
                128.9368,
                35.1068
              ],
              [
                128.9368,
                35.1068
              ],
              [
                128.9368,
                35.1068
              ],
              [
                128.9368,
                35.1068
              ],
              [
                128.9369,
                35.1068
              ],
              [
                128.937,
                35.1068
              ],
              [
                128.937,
                35.1068
              ],
              [
                128.937,
                35.1068
              ],
              [
                128.937,
                35.1068
              ],
              [
                128.937,
                35.1068
              ],
              [
                128.937,
                35.1068
              ],
              [
                128.9371,
                35.1068
              ],
              [
                128.9371,
                35.1068
              ],
              [
                128.9371,
                35.1068
              ],
              [
                128.9372,
                35.1068
              ],
              [
                128.9372,
                35.1068
              ],
              [
                128.9373,
                35.1068
              ],
              [
                128.9373,
                35.1068
              ],
              [
                128.9373,
                35.1069
              ],
              [
                128.9375,
                35.1069
              ],
              [
                128.9375,
                35.1069
              ],
              [
                128.9376,
                35.1069
              ],
              [
                128.9376,
                35.1069
              ],
              [
                128.9376,
                35.1069
              ],
              [
                128.9376,
                35.1069
              ],
              [
                128.9376,
                35.107
              ],
              [
                128.9377,
                35.107
              ],
              [
                128.9377,
                35.107
              ],
              [
                128.938,
                35.1071
              ],
              [
                128.938,
                35.1071
              ],
              [
                128.9381,
                35.1071
              ],
              [
                128.9381,
                35.1071
              ],
              [
                128.9381,
                35.1071
              ],
              [
                128.9381,
                35.1071
              ],
              [
                128.9382,
                35.1072
              ],
              [
                128.9382,
                35.1072
              ],
              [
                128.9382,
                35.1072
              ],
              [
                128.9383,
                35.1072
              ],
              [
                128.9383,
                35.1073
              ],
              [
                128.9383,
                35.1073
              ],
              [
                128.9383,
                35.1073
              ],
              [
                128.9383,
                35.1073
              ],
              [
                128.9383,
                35.1073
              ],
              [
                128.9384,
                35.1073
              ],
              [
                128.9384,
                35.1073
              ],
              [
                128.9384,
                35.1073
              ],
              [
                128.9384,
                35.1073
              ],
              [
                128.9384,
                35.1073
              ],
              [
                128.9384,
                35.1074
              ],
              [
                128.9386,
                35.1075
              ],
              [
                128.9386,
                35.1075
              ],
              [
                128.9386,
                35.1075
              ],
              [
                128.9386,
                35.1075
              ],
              [
                128.9386,
                35.1075
              ],
              [
                128.9386,
                35.1075
              ],
              [
                128.9386,
                35.1075
              ],
              [
                128.9387,
                35.1075
              ],
              [
                128.9387,
                35.1076
              ],
              [
                128.9389,
                35.1078
              ],
              [
                128.9389,
                35.1078
              ],
              [
                128.9389,
                35.1078
              ],
              [
                128.9389,
                35.1078
              ],
              [
                128.9389,
                35.1078
              ],
              [
                128.9389,
                35.1078
              ],
              [
                128.9389,
                35.1079
              ],
              [
                128.9389,
                35.1079
              ],
              [
                128.9389,
                35.1079
              ],
              [
                128.9389,
                35.1079
              ],
              [
                128.9389,
                35.1079
              ],
              [
                128.939,
                35.1079
              ],
              [
                128.939,
                35.1079
              ],
              [
                128.939,
                35.1079
              ],
              [
                128.939,
                35.1079
              ],
              [
                128.939,
                35.1079
              ],
              [
                128.939,
                35.108
              ],
              [
                128.939,
                35.108
              ],
              [
                128.939,
                35.108
              ],
              [
                128.939,
                35.108
              ],
              [
                128.9391,
                35.1087
              ],
              [
                128.9391,
                35.1087
              ],
              [
                128.9353,
                35.11
              ],
              [
                128.9349,
                35.1119
              ],
              [
                128.9366,
                35.1131
              ],
              [
                128.9382,
                35.1141
              ],
              [
                128.9383,
                35.1148
              ],
              [
                128.9386,
                35.1155
              ],
              [
                128.9415,
                35.1186
              ],
              [
                128.942,
                35.1191
              ],
              [
                128.9447,
                35.1212
              ],
              [
                128.9456,
                35.1217
              ],
              [
                128.9458,
                35.1219
              ],
              [
                128.9478,
                35.1227
              ],
              [
                128.9484,
                35.1241
              ],
              [
                128.9496,
                35.1263
              ],
              [
                128.9513,
                35.129
              ],
              [
                128.9519,
                35.1299
              ],
              [
                128.9531,
                35.1313
              ],
              [
                128.9543,
                35.1325
              ],
              [
                128.9554,
                35.1337
              ],
              [
                128.9555,
                35.1339
              ],
              [
                128.956,
                35.1344
              ],
              [
                128.9563,
                35.1347
              ],
              [
                128.9565,
                35.1349
              ],
              [
                128.9567,
                35.1351
              ],
              [
                128.9594,
                35.1366
              ],
              [
                128.9596,
                35.1366
              ],
              [
                128.9622,
                35.1368
              ],
              [
                128.9622,
                35.1356
              ],
              [
                128.9616,
                35.1335
              ],
              [
                128.9613,
                35.1327
              ],
              [
                128.9609,
                35.1319
              ],
              [
                128.9608,
                35.1315
              ],
              [
                128.9606,
                35.131
              ],
              [
                128.9603,
                35.1307
              ],
              [
                128.9598,
                35.1299
              ],
              [
                128.9588,
                35.1282
              ],
              [
                128.9586,
                35.1278
              ],
              [
                128.9582,
                35.1268
              ],
              [
                128.958,
                35.1263
              ],
              [
                128.9578,
                35.1256
              ],
              [
                128.9575,
                35.1243
              ],
              [
                128.9574,
                35.1238
              ],
              [
                128.9575,
                35.1227
              ],
              [
                128.9576,
                35.1221
              ],
              [
                128.9578,
                35.1207
              ],
              [
                128.9582,
                35.1189
              ],
              [
                128.9583,
                35.1188
              ],
              [
                128.9584,
                35.1186
              ],
              [
                128.9594,
                35.1177
              ],
              [
                128.96,
                35.1191
              ],
              [
                128.9604,
                35.1198
              ],
              [
                128.9606,
                35.1201
              ],
              [
                128.9637,
                35.1219
              ],
              [
                128.9671,
                35.1208
              ],
              [
                128.9696,
                35.1199
              ],
              [
                128.9725,
                35.1187
              ],
              [
                128.9759,
                35.1171
              ],
              [
                128.977,
                35.1169
              ],
              [
                128.9801,
                35.1171
              ],
              [
                128.9805,
                35.1174
              ],
              [
                128.9815,
                35.1186
              ],
              [
                128.9816,
                35.1197
              ],
              [
                128.9822,
                35.1203
              ],
              [
                128.987,
                35.1242
              ],
              [
                128.9878,
                35.1243
              ],
              [
                128.9883,
                35.1245
              ],
              [
                128.9895,
                35.1246
              ],
              [
                128.9899,
                35.1246
              ],
              [
                128.9912,
                35.1244
              ],
              [
                128.9968,
                35.1236
              ],
              [
                128.9997,
                35.1233
              ],
              [
                128.9988,
                35.1198
              ],
              [
                129.0021,
                35.118
              ],
              [
                129.0027,
                35.1173
              ],
              [
                129.0024,
                35.1155
              ],
              [
                129.002,
                35.1143
              ],
              [
                129.0039,
                35.1131
              ],
              [
                129.0035,
                35.1113
              ],
              [
                129.0043,
                35.1102
              ],
              [
                129.0047,
                35.1099
              ],
              [
                129.0054,
                35.1097
              ],
              [
                129.0062,
                35.1095
              ],
              [
                129.0083,
                35.1074
              ],
              [
                129.0105,
                35.1057
              ],
              [
                129.01,
                35.1048
              ],
              [
                129.0092,
                35.1038
              ],
              [
                129.0086,
                35.1031
              ],
              [
                129.0083,
                35.1029
              ],
              [
                129.0076,
                35.1019
              ],
              [
                129.0073,
                35.1012
              ],
              [
                129.0072,
                35.0995
              ],
              [
                129.0112,
                35.0975
              ],
              [
                129.0135,
                35.0947
              ],
              [
                129.0142,
                35.0937
              ],
              [
                129.0143,
                35.093
              ],
              [
                129.0143,
                35.0927
              ],
              [
                129.0144,
                35.091
              ],
              [
                129.0141,
                35.0906
              ],
              [
                129.0139,
                35.0902
              ],
              [
                129.0135,
                35.0895
              ],
              [
                129.0135,
                35.0895
              ],
              [
                129.0134,
                35.0894
              ],
              [
                129.0132,
                35.0888
              ],
              [
                129.0131,
                35.0884
              ],
              [
                129.013,
                35.0882
              ],
              [
                129.0129,
                35.0877
              ],
              [
                129.0128,
                35.0872
              ],
              [
                129.0122,
                35.0847
              ],
              [
                129.0118,
                35.0816
              ],
              [
                129.0117,
                35.0807
              ],
              [
                129.0112,
                35.0768
              ],
              [
                129.0101,
                35.077
              ],
              [
                129.0089,
                35.0776
              ],
              [
                129.0088,
                35.0776
              ],
              [
                129.0087,
                35.0778
              ],
              [
                129.0083,
                35.0782
              ],
              [
                129.0081,
                35.0784
              ],
              [
                129.0079,
                35.0786
              ],
              [
                129.0063,
                35.0786
              ],
              [
                129.0045,
                35.0784
              ],
              [
                129.004,
                35.0813
              ],
              [
                129.0041,
                35.0814
              ],
              [
                129.0047,
                35.0831
              ],
              [
                129.0051,
                35.084
              ],
              [
                129.0052,
                35.0844
              ],
              [
                129.0038,
                35.086
              ],
              [
                129.0038,
                35.086
              ],
              [
                129.0037,
                35.086
              ],
              [
                129.0035,
                35.0861
              ],
              [
                129.0031,
                35.0862
              ],
              [
                129.0025,
                35.0862
              ],
              [
                129.0025,
                35.0862
              ],
              [
                129.0021,
                35.0861
              ],
              [
                129,
                35.0836
              ],
              [
                129,
                35.0816
              ],
              [
                129.0017,
                35.0812
              ],
              [
                129.0017,
                35.081
              ],
              [
                129.0017,
                35.081
              ],
              [
                129.0016,
                35.0807
              ],
              [
                129.0016,
                35.0806
              ],
              [
                129.0012,
                35.0798
              ],
              [
                128.9983,
                35.0805
              ],
              [
                128.9973,
                35.0831
              ],
              [
                128.9967,
                35.0832
              ],
              [
                128.9944,
                35.0837
              ],
              [
                128.9931,
                35.0839
              ],
              [
                128.9926,
                35.0801
              ],
              [
                128.993,
                35.0795
              ],
              [
                128.9937,
                35.0782
              ],
              [
                128.9946,
                35.0766
              ],
              [
                128.995,
                35.0758
              ],
              [
                128.995,
                35.0758
              ],
              [
                128.995,
                35.0748
              ],
              [
                128.995,
                35.0746
              ],
              [
                128.995,
                35.0746
              ],
              [
                128.9947,
                35.0744
              ],
              [
                128.9946,
                35.0744
              ],
              [
                128.9946,
                35.0744
              ],
              [
                128.9943,
                35.0717
              ],
              [
                128.9954,
                35.0674
              ],
              [
                128.9954,
                35.0642
              ],
              [
                128.9954,
                35.0634
              ],
              [
                128.9954,
                35.0634
              ],
              [
                128.9955,
                35.063
              ],
              [
                128.9963,
                35.061
              ],
              [
                128.9966,
                35.0602
              ],
              [
                128.9977,
                35.0574
              ],
              [
                128.9985,
                35.0561
              ],
              [
                128.9993,
                35.0544
              ],
              [
                129.0007,
                35.0509
              ],
              [
                129.0014,
                35.0484
              ],
              [
                129.0023,
                35.0485
              ],
              [
                129.0034,
                35.0487
              ],
              [
                129.0062,
                35.0492
              ],
              [
                129.0069,
                35.0492
              ],
              [
                129.0069,
                35.0492
              ],
              [
                129.007,
                35.049
              ],
              [
                129.007,
                35.0489
              ],
              [
                129.0052,
                35.0486
              ],
              [
                129.0018,
                35.0481
              ],
              [
                129.0013,
                35.048
              ],
              [
                129.0001,
                35.0476
              ],
              [
                129.0002,
                35.0474
              ],
              [
                129.0003,
                35.0474
              ],
              [
                129.0003,
                35.0473
              ],
              [
                129.0003,
                35.0473
              ],
              [
                129.0004,
                35.0471
              ],
              [
                129.0004,
                35.047
              ],
              [
                129.0004,
                35.047
              ],
              [
                129.0004,
                35.0469
              ],
              [
                129.0004,
                35.0469
              ],
              [
                129.0004,
                35.0468
              ],
              [
                129.0004,
                35.0468
              ],
              [
                128.9986,
                35.0444
              ],
              [
                128.9986,
                35.0444
              ],
              [
                128.9986,
                35.0444
              ],
              [
                128.9985,
                35.0444
              ],
              [
                128.9981,
                35.0443
              ],
              [
                128.9981,
                35.0443
              ],
              [
                128.9968,
                35.0444
              ],
              [
                128.9925,
                35.0452
              ],
              [
                128.9925,
                35.0452
              ],
              [
                128.9924,
                35.0452
              ],
              [
                128.9924,
                35.0453
              ],
              [
                128.9924,
                35.0453
              ],
              [
                128.9923,
                35.0454
              ],
              [
                128.9923,
                35.0454
              ],
              [
                128.992,
                35.0469
              ],
              [
                128.992,
                35.0469
              ],
              [
                128.992,
                35.0471
              ],
              [
                128.9921,
                35.0471
              ],
              [
                128.9921,
                35.0472
              ],
              [
                128.9922,
                35.0472
              ],
              [
                128.9922,
                35.0472
              ],
              [
                128.9922,
                35.0472
              ],
              [
                128.9923,
                35.0472
              ],
              [
                128.9924,
                35.0473
              ],
              [
                128.9924,
                35.0473
              ],
              [
                128.9924,
                35.0473
              ],
              [
                128.9925,
                35.0473
              ],
              [
                128.9926,
                35.0475
              ],
              [
                128.9926,
                35.0479
              ],
              [
                128.9926,
                35.048
              ],
              [
                128.9925,
                35.0487
              ],
              [
                128.9924,
                35.0493
              ],
              [
                128.9921,
                35.05
              ],
              [
                128.992,
                35.0502
              ],
              [
                128.9914,
                35.0514
              ],
              [
                128.99,
                35.0546
              ],
              [
                128.9891,
                35.0566
              ],
              [
                128.9886,
                35.0576
              ],
              [
                128.9885,
                35.0578
              ],
              [
                128.9884,
                35.058
              ],
              [
                128.9846,
                35.0598
              ],
              [
                128.9846,
                35.0598
              ],
              [
                128.9828,
                35.0591
              ],
              [
                128.9816,
                35.0586
              ],
              [
                128.9781,
                35.0571
              ],
              [
                128.9774,
                35.0567
              ],
              [
                128.9756,
                35.0567
              ],
              [
                128.9751,
                35.0568
              ],
              [
                128.975,
                35.0569
              ],
              [
                128.9747,
                35.057
              ],
              [
                128.9747,
                35.057
              ],
              [
                128.9746,
                35.057
              ],
              [
                128.9728,
                35.0569
              ],
              [
                128.9728,
                35.0569
              ],
              [
                128.9728,
                35.0569
              ],
              [
                128.9725,
                35.0554
              ],
              [
                128.9724,
                35.0545
              ],
              [
                128.9724,
                35.0545
              ],
              [
                128.9724,
                35.0545
              ],
              [
                128.9733,
                35.0536
              ],
              [
                128.9733,
                35.0536
              ],
              [
                128.9737,
                35.0533
              ],
              [
                128.9739,
                35.0532
              ],
              [
                128.9766,
                35.0527
              ],
              [
                128.9772,
                35.0528
              ],
              [
                128.9796,
                35.0529
              ],
              [
                128.9803,
                35.0529
              ],
              [
                128.9826,
                35.0517
              ],
              [
                128.9828,
                35.0514
              ],
              [
                128.9816,
                35.0494
              ],
              [
                128.9799,
                35.0477
              ],
              [
                128.9799,
                35.0478
              ],
              [
                128.9798,
                35.048
              ],
              [
                128.9798,
                35.048
              ],
              [
                128.9798,
                35.0481
              ],
              [
                128.9798,
                35.0482
              ],
              [
                128.9798,
                35.0482
              ],
              [
                128.9797,
                35.0482
              ],
              [
                128.9797,
                35.0483
              ],
              [
                128.9781,
                35.0485
              ],
              [
                128.973,
                35.0492
              ],
              [
                128.9728,
                35.0492
              ],
              [
                128.9725,
                35.0491
              ],
              [
                128.9713,
                35.0486
              ],
              [
                128.9707,
                35.0482
              ],
              [
                128.9705,
                35.0481
              ],
              [
                128.9705,
                35.0481
              ],
              [
                128.9704,
                35.048
              ],
              [
                128.9703,
                35.0479
              ],
              [
                128.9701,
                35.0478
              ],
              [
                128.9701,
                35.0477
              ],
              [
                128.9698,
                35.0474
              ],
              [
                128.9697,
                35.0474
              ],
              [
                128.9697,
                35.0474
              ],
              [
                128.9697,
                35.0473
              ],
              [
                128.9696,
                35.0473
              ],
              [
                128.9696,
                35.0472
              ],
              [
                128.9696,
                35.0472
              ],
              [
                128.9694,
                35.0469
              ],
              [
                128.9694,
                35.0468
              ],
              [
                128.9692,
                35.0463
              ],
              [
                128.9692,
                35.0462
              ],
              [
                128.9691,
                35.0461
              ],
              [
                128.9691,
                35.0461
              ],
              [
                128.9691,
                35.046
              ],
              [
                128.9691,
                35.046
              ],
              [
                128.9691,
                35.0459
              ],
              [
                128.9691,
                35.0459
              ],
              [
                128.9692,
                35.0458
              ],
              [
                128.9692,
                35.0458
              ],
              [
                128.9692,
                35.0457
              ],
              [
                128.9692,
                35.0456
              ],
              [
                128.9693,
                35.0456
              ],
              [
                128.9696,
                35.0451
              ],
              [
                128.9697,
                35.0449
              ],
              [
                128.9697,
                35.0449
              ],
              [
                128.9698,
                35.0449
              ],
              [
                128.9721,
                35.0437
              ],
              [
                128.9751,
                35.0423
              ],
              [
                128.9757,
                35.0422
              ],
              [
                128.9763,
                35.0421
              ],
              [
                128.9765,
                35.042
              ],
              [
                128.9768,
                35.0418
              ],
              [
                128.9772,
                35.0416
              ],
              [
                128.9772,
                35.0416
              ],
              [
                128.9779,
                35.0408
              ],
              [
                128.9779,
                35.0408
              ],
              [
                128.978,
                35.0402
              ],
              [
                128.9779,
                35.0399
              ],
              [
                128.9779,
                35.0398
              ],
              [
                128.9779,
                35.0398
              ],
              [
                128.9778,
                35.0397
              ],
              [
                128.9778,
                35.0397
              ],
              [
                128.9777,
                35.0397
              ],
              [
                128.9777,
                35.0397
              ],
              [
                128.9761,
                35.0402
              ],
              [
                128.9761,
                35.0402
              ],
              [
                128.976,
                35.0402
              ],
              [
                128.976,
                35.0403
              ],
              [
                128.9759,
                35.0403
              ],
              [
                128.9759,
                35.0404
              ],
              [
                128.9758,
                35.0404
              ],
              [
                128.9758,
                35.0405
              ],
              [
                128.9758,
                35.0405
              ],
              [
                128.9758,
                35.0406
              ],
              [
                128.9757,
                35.0406
              ],
              [
                128.9748,
                35.0414
              ],
              [
                128.9747,
                35.0414
              ],
              [
                128.9746,
                35.0414
              ],
              [
                128.9746,
                35.0415
              ],
              [
                128.9745,
                35.0415
              ],
              [
                128.9745,
                35.0415
              ],
              [
                128.9744,
                35.0415
              ],
              [
                128.9736,
                35.0412
              ],
              [
                128.9735,
                35.0411
              ],
              [
                128.9734,
                35.0411
              ],
              [
                128.9732,
                35.041
              ],
              [
                128.9731,
                35.0409
              ],
              [
                128.9729,
                35.0408
              ],
              [
                128.9726,
                35.0406
              ],
              [
                128.9678,
                35.0368
              ],
              [
                128.9677,
                35.0368
              ],
              [
                128.9672,
                35.0362
              ],
              [
                128.9672,
                35.0362
              ],
              [
                128.9671,
                35.0361
              ],
              [
                128.9671,
                35.0361
              ],
              [
                128.9671,
                35.0361
              ],
              [
                128.9671,
                35.036
              ],
              [
                128.9669,
                35.0356
              ],
              [
                128.9669,
                35.0356
              ],
              [
                128.9669,
                35.0355
              ],
              [
                128.9669,
                35.0355
              ],
              [
                128.9669,
                35.0354
              ],
              [
                128.967,
                35.0348
              ],
              [
                128.9674,
                35.0343
              ],
              [
                128.9674,
                35.0333
              ],
              [
                128.967,
                35.0329
              ],
              [
                128.967,
                35.0329
              ],
              [
                128.9664,
                35.0326
              ],
              [
                128.9659,
                35.0325
              ],
              [
                128.9657,
                35.0324
              ],
              [
                128.9657,
                35.0324
              ],
              [
                128.9656,
                35.0324
              ],
              [
                128.9656,
                35.0324
              ],
              [
                128.9656,
                35.0324
              ],
              [
                128.9656,
                35.0325
              ],
              [
                128.9655,
                35.0325
              ],
              [
                128.9648,
                35.0334
              ],
              [
                128.9646,
                35.0339
              ],
              [
                128.9645,
                35.034
              ],
              [
                128.9645,
                35.0342
              ],
              [
                128.9645,
                35.0342
              ],
              [
                128.9643,
                35.0351
              ],
              [
                128.9643,
                35.0351
              ],
              [
                128.9643,
                35.0352
              ],
              [
                128.9645,
                35.0365
              ],
              [
                128.9659,
                35.0377
              ],
              [
                128.9666,
                35.0391
              ],
              [
                128.9677,
                35.043
              ],
              [
                128.9677,
                35.0434
              ],
              [
                128.9677,
                35.0435
              ],
              [
                128.9676,
                35.0438
              ],
              [
                128.9675,
                35.044
              ],
              [
                128.9674,
                35.0441
              ],
              [
                128.9673,
                35.0442
              ],
              [
                128.9673,
                35.0442
              ],
              [
                128.9666,
                35.0446
              ],
              [
                128.9665,
                35.0446
              ],
              [
                128.9664,
                35.0446
              ],
              [
                128.9662,
                35.0447
              ],
              [
                128.9661,
                35.0447
              ],
              [
                128.9659,
                35.0447
              ],
              [
                128.9657,
                35.0447
              ],
              [
                128.9656,
                35.0448
              ],
              [
                128.9655,
                35.0448
              ],
              [
                128.9654,
                35.0448
              ],
              [
                128.9652,
                35.0448
              ],
              [
                128.9627,
                35.046
              ],
              [
                128.9602,
                35.0475
              ],
              [
                128.96,
                35.0476
              ],
              [
                128.9597,
                35.048
              ],
              [
                128.9595,
                35.0482
              ],
              [
                128.9594,
                35.0483
              ],
              [
                128.9593,
                35.0486
              ],
              [
                128.9592,
                35.0487
              ],
              [
                128.959,
                35.0496
              ],
              [
                128.9589,
                35.0497
              ],
              [
                128.9589,
                35.0498
              ],
              [
                128.9589,
                35.0498
              ],
              [
                128.9591,
                35.0501
              ],
              [
                128.9591,
                35.0501
              ],
              [
                128.9592,
                35.0501
              ],
              [
                128.9592,
                35.0501
              ],
              [
                128.9593,
                35.0501
              ]
            ]
          ]
        ]
      },
      "properties": {
        "name": "사하구",
        "base_year": "2018",
        "name_eng": "Saha-gu",
        "code": "21100"
      }
    },
    {
      "type": "Feature",
      "geometry": {
        "type": "MultiPolygon",
        "coordinates": [
          [
            [
              [
                129.1143,
                35.3034
              ],
              [
                129.1145,
                35.3032
              ],
              [
                129.1145,
                35.3031
              ],
              [
                129.115,
                35.3027
              ],
              [
                129.1165,
                35.3018
              ],
              [
                129.1166,
                35.3018
              ],
              [
                129.1169,
                35.3018
              ],
              [
                129.1191,
                35.3019
              ],
              [
                129.1227,
                35.3015
              ],
              [
                129.1295,
                35.2983
              ],
              [
                129.1297,
                35.2978
              ],
              [
                129.1299,
                35.2974
              ],
              [
                129.131,
                35.2935
              ],
              [
                129.1306,
                35.2913
              ],
              [
                129.1282,
                35.2893
              ],
              [
                129.1279,
                35.2879
              ],
              [
                129.1272,
                35.2864
              ],
              [
                129.1258,
                35.2833
              ],
              [
                129.1242,
                35.2813
              ],
              [
                129.1248,
                35.28
              ],
              [
                129.1248,
                35.2799
              ],
              [
                129.126,
                35.2785
              ],
              [
                129.1251,
                35.2745
              ],
              [
                129.1247,
                35.2737
              ],
              [
                129.1231,
                35.272
              ],
              [
                129.1224,
                35.2712
              ],
              [
                129.122,
                35.2707
              ],
              [
                129.1213,
                35.2696
              ],
              [
                129.1207,
                35.2673
              ],
              [
                129.1213,
                35.2636
              ],
              [
                129.122,
                35.2619
              ],
              [
                129.1226,
                35.2617
              ],
              [
                129.1257,
                35.2619
              ],
              [
                129.1295,
                35.2604
              ],
              [
                129.13,
                35.2604
              ],
              [
                129.1307,
                35.2605
              ],
              [
                129.1313,
                35.2606
              ],
              [
                129.132,
                35.2607
              ],
              [
                129.1324,
                35.2607
              ],
              [
                129.133,
                35.2607
              ],
              [
                129.1333,
                35.2606
              ],
              [
                129.1338,
                35.2601
              ],
              [
                129.1345,
                35.2593
              ],
              [
                129.1378,
                35.2606
              ],
              [
                129.1393,
                35.2605
              ],
              [
                129.1396,
                35.2601
              ],
              [
                129.1396,
                35.2596
              ],
              [
                129.1389,
                35.2576
              ],
              [
                129.1386,
                35.256
              ],
              [
                129.1383,
                35.2543
              ],
              [
                129.1401,
                35.2529
              ],
              [
                129.1423,
                35.2515
              ],
              [
                129.1446,
                35.2509
              ],
              [
                129.1421,
                35.2453
              ],
              [
                129.1406,
                35.2416
              ],
              [
                129.14,
                35.2409
              ],
              [
                129.1397,
                35.2405
              ],
              [
                129.1382,
                35.2392
              ],
              [
                129.1372,
                35.2385
              ],
              [
                129.1359,
                35.2373
              ],
              [
                129.1358,
                35.2369
              ],
              [
                129.1357,
                35.2364
              ],
              [
                129.1348,
                35.2368
              ],
              [
                129.1337,
                35.2367
              ],
              [
                129.131,
                35.2353
              ],
              [
                129.1301,
                35.2332
              ],
              [
                129.1302,
                35.2323
              ],
              [
                129.1302,
                35.2322
              ],
              [
                129.1305,
                35.2315
              ],
              [
                129.1305,
                35.2313
              ],
              [
                129.1305,
                35.2313
              ],
              [
                129.1305,
                35.2313
              ],
              [
                129.1298,
                35.2302
              ],
              [
                129.127,
                35.2271
              ],
              [
                129.126,
                35.2269
              ],
              [
                129.1257,
                35.2268
              ],
              [
                129.1236,
                35.2268
              ],
              [
                129.1207,
                35.2259
              ],
              [
                129.1205,
                35.2258
              ],
              [
                129.1189,
                35.2249
              ],
              [
                129.1182,
                35.2244
              ],
              [
                129.1179,
                35.2242
              ],
              [
                129.1177,
                35.2241
              ],
              [
                129.1175,
                35.224
              ],
              [
                129.1168,
                35.2223
              ],
              [
                129.1169,
                35.2215
              ],
              [
                129.117,
                35.2214
              ],
              [
                129.1171,
                35.221
              ],
              [
                129.1172,
                35.2206
              ],
              [
                129.1174,
                35.2203
              ],
              [
                129.1178,
                35.2196
              ],
              [
                129.1183,
                35.2184
              ],
              [
                129.1184,
                35.218
              ],
              [
                129.1192,
                35.2158
              ],
              [
                129.1192,
                35.2156
              ],
              [
                129.1192,
                35.215
              ],
              [
                129.1192,
                35.2144
              ],
              [
                129.119,
                35.2143
              ],
              [
                129.1181,
                35.214
              ],
              [
                129.1178,
                35.2142
              ],
              [
                129.1175,
                35.2143
              ],
              [
                129.1122,
                35.2125
              ],
              [
                129.1114,
                35.2119
              ],
              [
                129.1109,
                35.2111
              ],
              [
                129.1102,
                35.2101
              ],
              [
                129.1082,
                35.2101
              ],
              [
                129.1051,
                35.2103
              ],
              [
                129.099,
                35.2131
              ],
              [
                129.097,
                35.2144
              ],
              [
                129.095,
                35.2155
              ],
              [
                129.0942,
                35.2155
              ],
              [
                129.0939,
                35.2154
              ],
              [
                129.0926,
                35.2163
              ],
              [
                129.0925,
                35.2163
              ],
              [
                129.0921,
                35.2166
              ],
              [
                129.0883,
                35.2177
              ],
              [
                129.0881,
                35.2176
              ],
              [
                129.086,
                35.2171
              ],
              [
                129.0839,
                35.2172
              ],
              [
                129.086,
                35.219
              ],
              [
                129.0867,
                35.2202
              ],
              [
                129.0868,
                35.2205
              ],
              [
                129.0869,
                35.2207
              ],
              [
                129.087,
                35.221
              ],
              [
                129.0871,
                35.2213
              ],
              [
                129.0873,
                35.2219
              ],
              [
                129.0873,
                35.2219
              ],
              [
                129.0851,
                35.2221
              ],
              [
                129.0851,
                35.2221
              ],
              [
                129.0847,
                35.2223
              ],
              [
                129.0832,
                35.2233
              ],
              [
                129.0831,
                35.2234
              ],
              [
                129.083,
                35.2234
              ],
              [
                129.0825,
                35.2238
              ],
              [
                129.0824,
                35.2239
              ],
              [
                129.0823,
                35.2241
              ],
              [
                129.0822,
                35.2242
              ],
              [
                129.082,
                35.2243
              ],
              [
                129.0815,
                35.2233
              ],
              [
                129.0797,
                35.2243
              ],
              [
                129.0783,
                35.2256
              ],
              [
                129.0782,
                35.2257
              ],
              [
                129.0782,
                35.2258
              ],
              [
                129.0768,
                35.2262
              ],
              [
                129.0758,
                35.2255
              ],
              [
                129.0747,
                35.2253
              ],
              [
                129.0743,
                35.2252
              ],
              [
                129.0736,
                35.2251
              ],
              [
                129.0689,
                35.2248
              ],
              [
                129.0683,
                35.2248
              ],
              [
                129.0628,
                35.2251
              ],
              [
                129.0618,
                35.2258
              ],
              [
                129.0605,
                35.2298
              ],
              [
                129.0569,
                35.2281
              ],
              [
                129.0566,
                35.228
              ],
              [
                129.0538,
                35.228
              ],
              [
                129.0522,
                35.2281
              ],
              [
                129.0493,
                35.2286
              ],
              [
                129.0489,
                35.2286
              ],
              [
                129.0478,
                35.2292
              ],
              [
                129.0476,
                35.2296
              ],
              [
                129.0474,
                35.2299
              ],
              [
                129.0472,
                35.2301
              ],
              [
                129.0463,
                35.2304
              ],
              [
                129.0453,
                35.2305
              ],
              [
                129.045,
                35.2303
              ],
              [
                129.0443,
                35.2307
              ],
              [
                129.044,
                35.2328
              ],
              [
                129.0456,
                35.2341
              ],
              [
                129.0466,
                35.235
              ],
              [
                129.0473,
                35.2379
              ],
              [
                129.0479,
                35.2387
              ],
              [
                129.0494,
                35.2394
              ],
              [
                129.05,
                35.24
              ],
              [
                129.0504,
                35.2412
              ],
              [
                129.0498,
                35.2425
              ],
              [
                129.0501,
                35.2434
              ],
              [
                129.0496,
                35.2452
              ],
              [
                129.0482,
                35.2461
              ],
              [
                129.0467,
                35.2465
              ],
              [
                129.0465,
                35.2466
              ],
              [
                129.0461,
                35.2467
              ],
              [
                129.0456,
                35.2473
              ],
              [
                129.0455,
                35.248
              ],
              [
                129.0453,
                35.2515
              ],
              [
                129.0453,
                35.2515
              ],
              [
                129.0454,
                35.2515
              ],
              [
                129.0459,
                35.2525
              ],
              [
                129.047,
                35.2539
              ],
              [
                129.0476,
                35.2545
              ],
              [
                129.0482,
                35.2546
              ],
              [
                129.0485,
                35.2549
              ],
              [
                129.0485,
                35.2553
              ],
              [
                129.0478,
                35.2564
              ],
              [
                129.0477,
                35.2566
              ],
              [
                129.0474,
                35.2567
              ],
              [
                129.0474,
                35.2568
              ],
              [
                129.0473,
                35.2568
              ],
              [
                129.0468,
                35.2571
              ],
              [
                129.0455,
                35.2572
              ],
              [
                129.042,
                35.258
              ],
              [
                129.0388,
                35.2592
              ],
              [
                129.0379,
                35.2596
              ],
              [
                129.0377,
                35.2599
              ],
              [
                129.0366,
                35.2605
              ],
              [
                129.0366,
                35.2605
              ],
              [
                129.0366,
                35.2607
              ],
              [
                129.0366,
                35.2609
              ],
              [
                129.037,
                35.2615
              ],
              [
                129.0379,
                35.2624
              ],
              [
                129.0389,
                35.2626
              ],
              [
                129.04,
                35.2628
              ],
              [
                129.0418,
                35.2633
              ],
              [
                129.042,
                35.2635
              ],
              [
                129.0424,
                35.264
              ],
              [
                129.0425,
                35.2643
              ],
              [
                129.0427,
                35.2656
              ],
              [
                129.0426,
                35.266
              ],
              [
                129.0426,
                35.2665
              ],
              [
                129.0428,
                35.2682
              ],
              [
                129.0429,
                35.2687
              ],
              [
                129.0436,
                35.2694
              ],
              [
                129.0441,
                35.27
              ],
              [
                129.0448,
                35.2707
              ],
              [
                129.0465,
                35.2728
              ],
              [
                129.0475,
                35.2742
              ],
              [
                129.0476,
                35.2743
              ],
              [
                129.0478,
                35.2745
              ],
              [
                129.0478,
                35.2752
              ],
              [
                129.048,
                35.2767
              ],
              [
                129.049,
                35.2784
              ],
              [
                129.0508,
                35.2803
              ],
              [
                129.0527,
                35.281
              ],
              [
                129.0538,
                35.2821
              ],
              [
                129.0539,
                35.2829
              ],
              [
                129.0532,
                35.2837
              ],
              [
                129.0524,
                35.2845
              ],
              [
                129.0522,
                35.2849
              ],
              [
                129.0522,
                35.2859
              ],
              [
                129.0528,
                35.2873
              ],
              [
                129.0534,
                35.2888
              ],
              [
                129.0535,
                35.289
              ],
              [
                129.0582,
                35.2947
              ],
              [
                129.0584,
                35.2948
              ],
              [
                129.0589,
                35.295
              ],
              [
                129.0605,
                35.295
              ],
              [
                129.0619,
                35.295
              ],
              [
                129.0702,
                35.2943
              ],
              [
                129.0736,
                35.2908
              ],
              [
                129.0743,
                35.2908
              ],
              [
                129.0789,
                35.2948
              ],
              [
                129.0824,
                35.2977
              ],
              [
                129.084,
                35.2988
              ],
              [
                129.0842,
                35.2989
              ],
              [
                129.0849,
                35.2996
              ],
              [
                129.085,
                35.3001
              ],
              [
                129.0858,
                35.3011
              ],
              [
                129.0861,
                35.3014
              ],
              [
                129.0863,
                35.3016
              ],
              [
                129.0883,
                35.3026
              ],
              [
                129.0884,
                35.3026
              ],
              [
                129.0884,
                35.3026
              ],
              [
                129.0906,
                35.3034
              ],
              [
                129.0919,
                35.3032
              ],
              [
                129.0931,
                35.3032
              ],
              [
                129.0948,
                35.3036
              ],
              [
                129.0967,
                35.3035
              ],
              [
                129.0991,
                35.304
              ],
              [
                129.1009,
                35.3047
              ],
              [
                129.1028,
                35.3055
              ],
              [
                129.1056,
                35.3065
              ],
              [
                129.1062,
                35.3065
              ],
              [
                129.1086,
                35.3046
              ],
              [
                129.1111,
                35.3041
              ],
              [
                129.1143,
                35.3034
              ]
            ]
          ]
        ]
      },
      "properties": {
        "name": "금정구",
        "base_year": "2018",
        "name_eng": "Geumjeong-gu",
        "code": "21110"
      }
    },
    {
      "type": "Feature",
      "geometry": {
        "type": "MultiPolygon",
        "coordinates": [
          [
            [
              [
                128.769,
                35.0157
              ],
              [
                128.7691,
                35.0156
              ],
              [
                128.7712,
                35.0157
              ],
              [
                128.7739,
                35.015
              ],
              [
                128.7739,
                35.015
              ],
              [
                128.7739,
                35.015
              ],
              [
                128.7739,
                35.015
              ],
              [
                128.7742,
                35.0148
              ],
              [
                128.7758,
                35.013
              ],
              [
                128.7758,
                35.013
              ],
              [
                128.7758,
                35.013
              ],
              [
                128.7764,
                35.011
              ],
              [
                128.7764,
                35.011
              ],
              [
                128.7764,
                35.011
              ],
              [
                128.7764,
                35.011
              ],
              [
                128.7764,
                35.011
              ],
              [
                128.7764,
                35.0109
              ],
              [
                128.7764,
                35.0109
              ],
              [
                128.7764,
                35.0108
              ],
              [
                128.7764,
                35.0108
              ],
              [
                128.7764,
                35.0108
              ],
              [
                128.7764,
                35.0108
              ],
              [
                128.7764,
                35.0108
              ],
              [
                128.7763,
                35.0107
              ],
              [
                128.7763,
                35.0107
              ],
              [
                128.7763,
                35.0107
              ],
              [
                128.7763,
                35.0107
              ],
              [
                128.7739,
                35.0103
              ],
              [
                128.7739,
                35.0103
              ],
              [
                128.7739,
                35.0102
              ],
              [
                128.7725,
                35.0103
              ],
              [
                128.7725,
                35.0103
              ],
              [
                128.7725,
                35.0103
              ],
              [
                128.7725,
                35.0103
              ],
              [
                128.7725,
                35.0103
              ],
              [
                128.7725,
                35.0103
              ],
              [
                128.7722,
                35.0105
              ],
              [
                128.7722,
                35.0105
              ],
              [
                128.7722,
                35.0105
              ],
              [
                128.7722,
                35.0105
              ],
              [
                128.7722,
                35.0105
              ],
              [
                128.7721,
                35.0106
              ],
              [
                128.7721,
                35.0106
              ],
              [
                128.772,
                35.0107
              ],
              [
                128.772,
                35.0107
              ],
              [
                128.772,
                35.0107
              ],
              [
                128.772,
                35.0107
              ],
              [
                128.7719,
                35.0117
              ],
              [
                128.7719,
                35.0122
              ],
              [
                128.7712,
                35.0133
              ],
              [
                128.7706,
                35.0137
              ],
              [
                128.7692,
                35.0134
              ],
              [
                128.768,
                35.013
              ],
              [
                128.7677,
                35.0123
              ],
              [
                128.7677,
                35.0123
              ],
              [
                128.7677,
                35.0123
              ],
              [
                128.7676,
                35.0122
              ],
              [
                128.7676,
                35.0122
              ],
              [
                128.7676,
                35.0122
              ],
              [
                128.7676,
                35.0122
              ],
              [
                128.7675,
                35.0121
              ],
              [
                128.7675,
                35.0121
              ],
              [
                128.7669,
                35.0118
              ],
              [
                128.7669,
                35.0118
              ],
              [
                128.7669,
                35.0118
              ],
              [
                128.7669,
                35.0118
              ],
              [
                128.7669,
                35.0117
              ],
              [
                128.7669,
                35.0117
              ],
              [
                128.7668,
                35.0117
              ],
              [
                128.7668,
                35.0117
              ],
              [
                128.7668,
                35.0117
              ],
              [
                128.7668,
                35.0117
              ],
              [
                128.7668,
                35.0117
              ],
              [
                128.7658,
                35.0119
              ],
              [
                128.7658,
                35.0119
              ],
              [
                128.7658,
                35.0119
              ],
              [
                128.7656,
                35.0119
              ],
              [
                128.7656,
                35.0119
              ],
              [
                128.7656,
                35.0119
              ],
              [
                128.7656,
                35.0119
              ],
              [
                128.7656,
                35.0119
              ],
              [
                128.7655,
                35.0119
              ],
              [
                128.7655,
                35.0119
              ],
              [
                128.7655,
                35.0119
              ],
              [
                128.7655,
                35.012
              ],
              [
                128.7655,
                35.012
              ],
              [
                128.7655,
                35.012
              ],
              [
                128.7655,
                35.012
              ],
              [
                128.7655,
                35.012
              ],
              [
                128.7654,
                35.0121
              ],
              [
                128.7654,
                35.0121
              ],
              [
                128.7654,
                35.0121
              ],
              [
                128.7654,
                35.0121
              ],
              [
                128.7654,
                35.0121
              ],
              [
                128.7654,
                35.0122
              ],
              [
                128.7654,
                35.0122
              ],
              [
                128.7654,
                35.0122
              ],
              [
                128.7654,
                35.0122
              ],
              [
                128.7654,
                35.0135
              ],
              [
                128.7654,
                35.0135
              ],
              [
                128.7654,
                35.0136
              ],
              [
                128.7654,
                35.0136
              ],
              [
                128.7654,
                35.0136
              ],
              [
                128.7654,
                35.0137
              ],
              [
                128.7654,
                35.0137
              ],
              [
                128.7659,
                35.0149
              ],
              [
                128.7659,
                35.0149
              ],
              [
                128.7659,
                35.0149
              ],
              [
                128.766,
                35.0149
              ],
              [
                128.766,
                35.0149
              ],
              [
                128.766,
                35.0149
              ],
              [
                128.766,
                35.0149
              ],
              [
                128.766,
                35.0149
              ],
              [
                128.766,
                35.015
              ],
              [
                128.7665,
                35.0154
              ],
              [
                128.7665,
                35.0154
              ],
              [
                128.7665,
                35.0154
              ],
              [
                128.7666,
                35.0155
              ],
              [
                128.7666,
                35.0155
              ],
              [
                128.7666,
                35.0155
              ],
              [
                128.7666,
                35.0155
              ],
              [
                128.7666,
                35.0155
              ],
              [
                128.7683,
                35.0161
              ],
              [
                128.7683,
                35.0161
              ],
              [
                128.7683,
                35.0161
              ],
              [
                128.7683,
                35.0161
              ],
              [
                128.7683,
                35.0161
              ],
              [
                128.7684,
                35.0161
              ],
              [
                128.7684,
                35.0161
              ],
              [
                128.7685,
                35.0161
              ],
              [
                128.7685,
                35.0161
              ],
              [
                128.7685,
                35.0161
              ],
              [
                128.7686,
                35.0161
              ],
              [
                128.7686,
                35.0161
              ],
              [
                128.7686,
                35.0161
              ],
              [
                128.7686,
                35.0161
              ],
              [
                128.7686,
                35.0161
              ],
              [
                128.7686,
                35.0161
              ],
              [
                128.7687,
                35.016
              ],
              [
                128.7687,
                35.016
              ],
              [
                128.7688,
                35.016
              ],
              [
                128.7688,
                35.0159
              ],
              [
                128.7688,
                35.0159
              ],
              [
                128.7689,
                35.0159
              ],
              [
                128.7689,
                35.0158
              ],
              [
                128.769,
                35.0158
              ],
              [
                128.769,
                35.0157
              ],
              [
                128.769,
                35.0157
              ]
            ]
          ],
          [
            [
              [
                128.8458,
                35.0595
              ],
              [
                128.8458,
                35.0596
              ],
              [
                128.8458,
                35.0596
              ],
              [
                128.8458,
                35.0596
              ],
              [
                128.8458,
                35.0597
              ],
              [
                128.8458,
                35.0597
              ],
              [
                128.8458,
                35.0597
              ],
              [
                128.8459,
                35.0599
              ],
              [
                128.8464,
                35.0603
              ],
              [
                128.8458,
                35.0595
              ]
            ]
          ],
          [
            [
              [
                128.9112,
                35.0617
              ],
              [
                128.9113,
                35.0617
              ],
              [
                128.9114,
                35.0617
              ],
              [
                128.9115,
                35.0617
              ],
              [
                128.9116,
                35.0617
              ],
              [
                128.9123,
                35.0618
              ],
              [
                128.9154,
                35.0622
              ],
              [
                128.9155,
                35.0622
              ],
              [
                128.9156,
                35.0622
              ],
              [
                128.9157,
                35.0622
              ],
              [
                128.9158,
                35.0622
              ],
              [
                128.9167,
                35.062
              ],
              [
                128.9173,
                35.0618
              ],
              [
                128.9173,
                35.0618
              ],
              [
                128.9179,
                35.0616
              ],
              [
                128.918,
                35.0616
              ],
              [
                128.918,
                35.0615
              ],
              [
                128.918,
                35.0615
              ],
              [
                128.9181,
                35.0615
              ],
              [
                128.9184,
                35.0613
              ],
              [
                128.9184,
                35.0613
              ],
              [
                128.9184,
                35.0613
              ],
              [
                128.9184,
                35.0613
              ],
              [
                128.9194,
                35.0619
              ],
              [
                128.9195,
                35.0619
              ],
              [
                128.9195,
                35.0619
              ],
              [
                128.9195,
                35.0619
              ],
              [
                128.9195,
                35.0619
              ],
              [
                128.9195,
                35.0619
              ],
              [
                128.9195,
                35.0619
              ],
              [
                128.9195,
                35.0619
              ],
              [
                128.9195,
                35.0619
              ],
              [
                128.9195,
                35.0619
              ],
              [
                128.9195,
                35.0619
              ],
              [
                128.9195,
                35.0619
              ],
              [
                128.9196,
                35.0619
              ],
              [
                128.9197,
                35.0618
              ],
              [
                128.9197,
                35.0618
              ],
              [
                128.9198,
                35.0618
              ],
              [
                128.9198,
                35.0617
              ],
              [
                128.9198,
                35.0617
              ],
              [
                128.9199,
                35.0617
              ],
              [
                128.9199,
                35.0616
              ],
              [
                128.9199,
                35.0616
              ],
              [
                128.9199,
                35.0616
              ],
              [
                128.9199,
                35.0616
              ],
              [
                128.92,
                35.0616
              ],
              [
                128.92,
                35.0615
              ],
              [
                128.92,
                35.0615
              ],
              [
                128.92,
                35.0615
              ],
              [
                128.92,
                35.0614
              ],
              [
                128.92,
                35.0614
              ],
              [
                128.92,
                35.0614
              ],
              [
                128.92,
                35.0613
              ],
              [
                128.92,
                35.0613
              ],
              [
                128.92,
                35.0613
              ],
              [
                128.92,
                35.0612
              ],
              [
                128.92,
                35.0612
              ],
              [
                128.92,
                35.0611
              ],
              [
                128.9199,
                35.0608
              ],
              [
                128.9197,
                35.0603
              ],
              [
                128.9197,
                35.0602
              ],
              [
                128.9197,
                35.0602
              ],
              [
                128.9196,
                35.0601
              ],
              [
                128.9196,
                35.0601
              ],
              [
                128.9179,
                35.0567
              ],
              [
                128.9177,
                35.0565
              ],
              [
                128.9173,
                35.0563
              ],
              [
                128.9173,
                35.0563
              ],
              [
                128.9173,
                35.0563
              ],
              [
                128.9172,
                35.0563
              ],
              [
                128.917,
                35.0562
              ],
              [
                128.917,
                35.0562
              ],
              [
                128.917,
                35.0562
              ],
              [
                128.9169,
                35.0562
              ],
              [
                128.9169,
                35.0562
              ],
              [
                128.9169,
                35.0562
              ],
              [
                128.9169,
                35.0562
              ],
              [
                128.9169,
                35.0562
              ],
              [
                128.9169,
                35.0562
              ],
              [
                128.9168,
                35.0562
              ],
              [
                128.9084,
                35.0586
              ],
              [
                128.9084,
                35.0586
              ],
              [
                128.9083,
                35.0587
              ],
              [
                128.907,
                35.0595
              ],
              [
                128.9065,
                35.0599
              ],
              [
                128.9057,
                35.0607
              ],
              [
                128.9057,
                35.0608
              ],
              [
                128.9056,
                35.0608
              ],
              [
                128.9054,
                35.0612
              ],
              [
                128.9054,
                35.0612
              ],
              [
                128.9052,
                35.062
              ],
              [
                128.9052,
                35.062
              ],
              [
                128.9052,
                35.0621
              ],
              [
                128.9052,
                35.0622
              ],
              [
                128.9052,
                35.0622
              ],
              [
                128.9053,
                35.0623
              ],
              [
                128.9053,
                35.0623
              ],
              [
                128.9054,
                35.0624
              ],
              [
                128.9055,
                35.0624
              ],
              [
                128.9056,
                35.0625
              ],
              [
                128.9057,
                35.0625
              ],
              [
                128.9058,
                35.0625
              ],
              [
                128.9059,
                35.0626
              ],
              [
                128.9059,
                35.0626
              ],
              [
                128.9065,
                35.0628
              ],
              [
                128.9066,
                35.0628
              ],
              [
                128.9108,
                35.0636
              ],
              [
                128.9109,
                35.0636
              ],
              [
                128.9109,
                35.0636
              ],
              [
                128.911,
                35.0636
              ],
              [
                128.9111,
                35.0635
              ],
              [
                128.9106,
                35.0626
              ],
              [
                128.9106,
                35.0625
              ],
              [
                128.9106,
                35.0625
              ],
              [
                128.9105,
                35.0623
              ],
              [
                128.9105,
                35.062
              ],
              [
                128.9106,
                35.0619
              ],
              [
                128.9106,
                35.0619
              ],
              [
                128.9106,
                35.0619
              ],
              [
                128.9107,
                35.0618
              ],
              [
                128.911,
                35.0617
              ],
              [
                128.9111,
                35.0617
              ],
              [
                128.9111,
                35.0617
              ],
              [
                128.9112,
                35.0617
              ]
            ]
          ],
          [
            [
              [
                128.892,
                35.0616
              ],
              [
                128.892,
                35.0616
              ],
              [
                128.892,
                35.0628
              ],
              [
                128.8934,
                35.0636
              ],
              [
                128.8964,
                35.0626
              ],
              [
                128.9001,
                35.0603
              ],
              [
                128.906,
                35.0588
              ],
              [
                128.9086,
                35.0571
              ],
              [
                128.9087,
                35.0571
              ],
              [
                128.9088,
                35.057
              ],
              [
                128.909,
                35.057
              ],
              [
                128.9124,
                35.0558
              ],
              [
                128.9128,
                35.0557
              ],
              [
                128.9131,
                35.0556
              ],
              [
                128.9138,
                35.0554
              ],
              [
                128.917,
                35.0548
              ],
              [
                128.9191,
                35.0548
              ],
              [
                128.9192,
                35.0548
              ],
              [
                128.9192,
                35.0548
              ],
              [
                128.9194,
                35.0549
              ],
              [
                128.9195,
                35.0549
              ],
              [
                128.9195,
                35.0549
              ],
              [
                128.9196,
                35.0549
              ],
              [
                128.9196,
                35.0549
              ],
              [
                128.9196,
                35.0549
              ],
              [
                128.9197,
                35.0549
              ],
              [
                128.9197,
                35.0549
              ],
              [
                128.9197,
                35.0548
              ],
              [
                128.9197,
                35.0548
              ],
              [
                128.9197,
                35.0547
              ],
              [
                128.9197,
                35.0547
              ],
              [
                128.9197,
                35.0546
              ],
              [
                128.9196,
                35.0543
              ],
              [
                128.9195,
                35.0542
              ],
              [
                128.9194,
                35.054
              ],
              [
                128.9193,
                35.0538
              ],
              [
                128.9191,
                35.0536
              ],
              [
                128.9191,
                35.0534
              ],
              [
                128.919,
                35.0534
              ],
              [
                128.9188,
                35.0532
              ],
              [
                128.9185,
                35.0528
              ],
              [
                128.9184,
                35.0527
              ],
              [
                128.9183,
                35.0526
              ],
              [
                128.9183,
                35.0525
              ],
              [
                128.9181,
                35.0524
              ],
              [
                128.9178,
                35.0522
              ],
              [
                128.9173,
                35.0517
              ],
              [
                128.9172,
                35.0517
              ],
              [
                128.9172,
                35.0517
              ],
              [
                128.9171,
                35.0516
              ],
              [
                128.9171,
                35.0516
              ],
              [
                128.917,
                35.0516
              ],
              [
                128.9169,
                35.0516
              ],
              [
                128.9169,
                35.0516
              ],
              [
                128.9168,
                35.0516
              ],
              [
                128.9168,
                35.0516
              ],
              [
                128.9167,
                35.0516
              ],
              [
                128.9167,
                35.0517
              ],
              [
                128.9167,
                35.0517
              ],
              [
                128.9166,
                35.0517
              ],
              [
                128.9166,
                35.0517
              ],
              [
                128.9158,
                35.0531
              ],
              [
                128.9131,
                35.0545
              ],
              [
                128.9131,
                35.0545
              ],
              [
                128.913,
                35.0546
              ],
              [
                128.9128,
                35.0547
              ],
              [
                128.9123,
                35.0549
              ],
              [
                128.912,
                35.055
              ],
              [
                128.9119,
                35.055
              ],
              [
                128.9118,
                35.0551
              ],
              [
                128.9117,
                35.0551
              ],
              [
                128.9116,
                35.0551
              ],
              [
                128.9115,
                35.0551
              ],
              [
                128.9112,
                35.0552
              ],
              [
                128.9109,
                35.0553
              ],
              [
                128.9106,
                35.0553
              ],
              [
                128.9106,
                35.0553
              ],
              [
                128.9091,
                35.0556
              ],
              [
                128.909,
                35.0556
              ],
              [
                128.9046,
                35.0561
              ],
              [
                128.9002,
                35.0567
              ],
              [
                128.896,
                35.0576
              ],
              [
                128.8917,
                35.0587
              ],
              [
                128.8916,
                35.0587
              ],
              [
                128.8915,
                35.0587
              ],
              [
                128.8907,
                35.059
              ],
              [
                128.8905,
                35.0591
              ],
              [
                128.8896,
                35.0595
              ],
              [
                128.8895,
                35.0595
              ],
              [
                128.8894,
                35.0595
              ],
              [
                128.889,
                35.0597
              ],
              [
                128.8888,
                35.0598
              ],
              [
                128.8879,
                35.0603
              ],
              [
                128.8876,
                35.0605
              ],
              [
                128.8875,
                35.0605
              ],
              [
                128.8867,
                35.061
              ],
              [
                128.8866,
                35.0611
              ],
              [
                128.8866,
                35.0611
              ],
              [
                128.8864,
                35.0612
              ],
              [
                128.8864,
                35.0613
              ],
              [
                128.8863,
                35.0614
              ],
              [
                128.8863,
                35.0615
              ],
              [
                128.8863,
                35.0615
              ],
              [
                128.8862,
                35.0616
              ],
              [
                128.8862,
                35.0617
              ],
              [
                128.8861,
                35.0622
              ],
              [
                128.8861,
                35.0623
              ],
              [
                128.8859,
                35.0631
              ],
              [
                128.8859,
                35.0632
              ],
              [
                128.8859,
                35.0632
              ],
              [
                128.886,
                35.0633
              ],
              [
                128.8861,
                35.0637
              ],
              [
                128.8861,
                35.0638
              ],
              [
                128.8861,
                35.0638
              ],
              [
                128.8862,
                35.0639
              ],
              [
                128.8862,
                35.064
              ],
              [
                128.8863,
                35.064
              ],
              [
                128.8864,
                35.0642
              ],
              [
                128.8865,
                35.0642
              ],
              [
                128.8865,
                35.0643
              ],
              [
                128.8866,
                35.0644
              ],
              [
                128.8867,
                35.0644
              ],
              [
                128.8868,
                35.0645
              ],
              [
                128.8869,
                35.0645
              ],
              [
                128.887,
                35.0646
              ],
              [
                128.8872,
                35.0647
              ],
              [
                128.8878,
                35.065
              ],
              [
                128.8878,
                35.065
              ],
              [
                128.8879,
                35.065
              ],
              [
                128.888,
                35.065
              ],
              [
                128.888,
                35.065
              ],
              [
                128.8881,
                35.065
              ],
              [
                128.8884,
                35.0649
              ],
              [
                128.8885,
                35.0648
              ],
              [
                128.8886,
                35.0648
              ],
              [
                128.8887,
                35.0648
              ],
              [
                128.8887,
                35.0647
              ],
              [
                128.8888,
                35.0647
              ],
              [
                128.8889,
                35.0646
              ],
              [
                128.889,
                35.0645
              ],
              [
                128.889,
                35.0645
              ],
              [
                128.8893,
                35.064
              ],
              [
                128.8894,
                35.0637
              ],
              [
                128.8895,
                35.0637
              ],
              [
                128.8895,
                35.0636
              ],
              [
                128.8896,
                35.0634
              ],
              [
                128.8897,
                35.0633
              ],
              [
                128.89,
                35.0628
              ],
              [
                128.8901,
                35.0627
              ],
              [
                128.8902,
                35.0627
              ],
              [
                128.8903,
                35.0626
              ],
              [
                128.8908,
                35.0623
              ],
              [
                128.8908,
                35.0622
              ],
              [
                128.8918,
                35.0617
              ],
              [
                128.8918,
                35.0616
              ],
              [
                128.8919,
                35.0616
              ],
              [
                128.892,
                35.0616
              ]
            ]
          ],
          [
            [
              [
                128.79,
                35.0683
              ],
              [
                128.79,
                35.0683
              ],
              [
                128.7899,
                35.0683
              ],
              [
                128.7899,
                35.0684
              ],
              [
                128.7899,
                35.0684
              ],
              [
                128.7899,
                35.0684
              ],
              [
                128.7893,
                35.0697
              ],
              [
                128.7893,
                35.0698
              ],
              [
                128.7893,
                35.0698
              ],
              [
                128.7894,
                35.0699
              ],
              [
                128.7894,
                35.07
              ],
              [
                128.7894,
                35.07
              ],
              [
                128.7894,
                35.07
              ],
              [
                128.7894,
                35.07
              ],
              [
                128.7897,
                35.0702
              ],
              [
                128.7908,
                35.0709
              ],
              [
                128.7908,
                35.0709
              ],
              [
                128.7908,
                35.0709
              ],
              [
                128.7908,
                35.0709
              ],
              [
                128.7908,
                35.0709
              ],
              [
                128.7908,
                35.0709
              ],
              [
                128.7908,
                35.0709
              ],
              [
                128.7908,
                35.0709
              ],
              [
                128.7908,
                35.0709
              ],
              [
                128.7908,
                35.0709
              ],
              [
                128.7908,
                35.0709
              ],
              [
                128.7908,
                35.0709
              ],
              [
                128.7908,
                35.0709
              ],
              [
                128.7908,
                35.0709
              ],
              [
                128.7908,
                35.0709
              ],
              [
                128.7908,
                35.0709
              ],
              [
                128.7908,
                35.0709
              ],
              [
                128.7908,
                35.0709
              ],
              [
                128.7908,
                35.0709
              ],
              [
                128.7908,
                35.0709
              ],
              [
                128.7908,
                35.0709
              ],
              [
                128.7908,
                35.0709
              ],
              [
                128.7908,
                35.0708
              ],
              [
                128.7908,
                35.0708
              ],
              [
                128.7908,
                35.0708
              ],
              [
                128.7908,
                35.0708
              ],
              [
                128.7908,
                35.0708
              ],
              [
                128.7908,
                35.0708
              ],
              [
                128.7908,
                35.0708
              ],
              [
                128.7909,
                35.0706
              ],
              [
                128.7908,
                35.0704
              ],
              [
                128.7907,
                35.0702
              ],
              [
                128.7905,
                35.0693
              ],
              [
                128.7905,
                35.0693
              ],
              [
                128.7906,
                35.0692
              ],
              [
                128.7906,
                35.0692
              ],
              [
                128.7906,
                35.0689
              ],
              [
                128.7906,
                35.0689
              ],
              [
                128.7905,
                35.0687
              ],
              [
                128.7905,
                35.0687
              ],
              [
                128.7905,
                35.0687
              ],
              [
                128.79,
                35.0683
              ]
            ]
          ],
          [
            [
              [
                128.8784,
                35.0636
              ],
              [
                128.878,
                35.0636
              ],
              [
                128.8776,
                35.0636
              ],
              [
                128.8773,
                35.0636
              ],
              [
                128.8747,
                35.0637
              ],
              [
                128.8742,
                35.0638
              ],
              [
                128.8741,
                35.0638
              ],
              [
                128.874,
                35.0638
              ],
              [
                128.8739,
                35.0638
              ],
              [
                128.8738,
                35.0638
              ],
              [
                128.8737,
                35.0638
              ],
              [
                128.8707,
                35.0644
              ],
              [
                128.8703,
                35.0645
              ],
              [
                128.8701,
                35.0646
              ],
              [
                128.87,
                35.0646
              ],
              [
                128.8699,
                35.0646
              ],
              [
                128.8698,
                35.0647
              ],
              [
                128.8698,
                35.0647
              ],
              [
                128.8697,
                35.0647
              ],
              [
                128.8677,
                35.0656
              ],
              [
                128.8649,
                35.0669
              ],
              [
                128.8647,
                35.067
              ],
              [
                128.8643,
                35.0671
              ],
              [
                128.8627,
                35.0677
              ],
              [
                128.8621,
                35.0679
              ],
              [
                128.862,
                35.0679
              ],
              [
                128.8609,
                35.0682
              ],
              [
                128.8605,
                35.0683
              ],
              [
                128.8598,
                35.0684
              ],
              [
                128.8596,
                35.0685
              ],
              [
                128.8593,
                35.0685
              ],
              [
                128.8591,
                35.0685
              ],
              [
                128.859,
                35.0685
              ],
              [
                128.8584,
                35.0685
              ],
              [
                128.8583,
                35.0685
              ],
              [
                128.8582,
                35.0685
              ],
              [
                128.8579,
                35.0686
              ],
              [
                128.8579,
                35.0686
              ],
              [
                128.8579,
                35.0686
              ],
              [
                128.8578,
                35.0686
              ],
              [
                128.8578,
                35.0687
              ],
              [
                128.8578,
                35.0687
              ],
              [
                128.8578,
                35.0688
              ],
              [
                128.8578,
                35.0688
              ],
              [
                128.8578,
                35.0689
              ],
              [
                128.8579,
                35.0694
              ],
              [
                128.8579,
                35.0696
              ],
              [
                128.8579,
                35.0696
              ],
              [
                128.858,
                35.0697
              ],
              [
                128.858,
                35.0699
              ],
              [
                128.858,
                35.0699
              ],
              [
                128.8581,
                35.07
              ],
              [
                128.8581,
                35.07
              ],
              [
                128.8581,
                35.0701
              ],
              [
                128.8582,
                35.0701
              ],
              [
                128.8582,
                35.0702
              ],
              [
                128.8583,
                35.0703
              ],
              [
                128.8584,
                35.0704
              ],
              [
                128.8584,
                35.0704
              ],
              [
                128.8584,
                35.0705
              ],
              [
                128.8585,
                35.0705
              ],
              [
                128.8585,
                35.0705
              ],
              [
                128.8586,
                35.0706
              ],
              [
                128.8586,
                35.0706
              ],
              [
                128.8587,
                35.0707
              ],
              [
                128.8588,
                35.0707
              ],
              [
                128.8588,
                35.0707
              ],
              [
                128.8589,
                35.0707
              ],
              [
                128.8589,
                35.0708
              ],
              [
                128.859,
                35.0708
              ],
              [
                128.8591,
                35.0708
              ],
              [
                128.8591,
                35.0708
              ],
              [
                128.8606,
                35.0713
              ],
              [
                128.8672,
                35.0721
              ],
              [
                128.8674,
                35.0721
              ],
              [
                128.8682,
                35.0722
              ],
              [
                128.8683,
                35.0722
              ],
              [
                128.8685,
                35.0722
              ],
              [
                128.8686,
                35.0722
              ],
              [
                128.8687,
                35.0722
              ],
              [
                128.8688,
                35.0721
              ],
              [
                128.8689,
                35.0721
              ],
              [
                128.869,
                35.0721
              ],
              [
                128.8697,
                35.0718
              ],
              [
                128.8715,
                35.0713
              ],
              [
                128.8717,
                35.0713
              ],
              [
                128.8719,
                35.0713
              ],
              [
                128.8723,
                35.0712
              ],
              [
                128.8725,
                35.0712
              ],
              [
                128.8743,
                35.071
              ],
              [
                128.875,
                35.0709
              ],
              [
                128.877,
                35.0707
              ],
              [
                128.8799,
                35.0701
              ],
              [
                128.881,
                35.0698
              ],
              [
                128.8856,
                35.0685
              ],
              [
                128.8856,
                35.0685
              ],
              [
                128.8856,
                35.0685
              ],
              [
                128.8856,
                35.0685
              ],
              [
                128.8856,
                35.0684
              ],
              [
                128.8859,
                35.0661
              ],
              [
                128.8859,
                35.0661
              ],
              [
                128.8859,
                35.066
              ],
              [
                128.8858,
                35.066
              ],
              [
                128.8858,
                35.0659
              ],
              [
                128.8857,
                35.0659
              ],
              [
                128.8853,
                35.0656
              ],
              [
                128.8853,
                35.0655
              ],
              [
                128.8852,
                35.0655
              ],
              [
                128.8846,
                35.0651
              ],
              [
                128.8839,
                35.0648
              ],
              [
                128.8839,
                35.0648
              ],
              [
                128.8838,
                35.0648
              ],
              [
                128.8834,
                35.0646
              ],
              [
                128.883,
                35.0645
              ],
              [
                128.8824,
                35.0643
              ],
              [
                128.8811,
                35.0639
              ],
              [
                128.8802,
                35.0638
              ],
              [
                128.88,
                35.0637
              ],
              [
                128.8799,
                35.0637
              ],
              [
                128.8795,
                35.0637
              ],
              [
                128.8787,
                35.0636
              ],
              [
                128.8785,
                35.0636
              ],
              [
                128.8784,
                35.0636
              ]
            ]
          ],
          [
            [
              [
                128.8464,
                35.0603
              ],
              [
                128.8478,
                35.0625
              ],
              [
                128.8478,
                35.0625
              ],
              [
                128.8476,
                35.0627
              ],
              [
                128.8463,
                35.0636
              ],
              [
                128.8463,
                35.0637
              ],
              [
                128.8462,
                35.0637
              ],
              [
                128.8462,
                35.0637
              ],
              [
                128.8461,
                35.0638
              ],
              [
                128.846,
                35.0638
              ],
              [
                128.8449,
                35.0641
              ],
              [
                128.8436,
                35.0643
              ],
              [
                128.843,
                35.0643
              ],
              [
                128.8428,
                35.0643
              ],
              [
                128.8428,
                35.0643
              ],
              [
                128.8428,
                35.0643
              ],
              [
                128.8405,
                35.0654
              ],
              [
                128.8368,
                35.0674
              ],
              [
                128.8365,
                35.068
              ],
              [
                128.837,
                35.0739
              ],
              [
                128.837,
                35.0739
              ],
              [
                128.8375,
                35.0748
              ],
              [
                128.8375,
                35.0748
              ],
              [
                128.8379,
                35.0749
              ],
              [
                128.8379,
                35.0749
              ],
              [
                128.8379,
                35.0749
              ],
              [
                128.8382,
                35.0748
              ],
              [
                128.8384,
                35.0748
              ],
              [
                128.8387,
                35.0748
              ],
              [
                128.8389,
                35.0747
              ],
              [
                128.8398,
                35.0744
              ],
              [
                128.8398,
                35.0744
              ],
              [
                128.8399,
                35.0743
              ],
              [
                128.84,
                35.0741
              ],
              [
                128.8402,
                35.0739
              ],
              [
                128.8413,
                35.0721
              ],
              [
                128.8414,
                35.0719
              ],
              [
                128.8415,
                35.0716
              ],
              [
                128.8414,
                35.0714
              ],
              [
                128.8414,
                35.0714
              ],
              [
                128.8414,
                35.0712
              ],
              [
                128.8414,
                35.071
              ],
              [
                128.8414,
                35.0709
              ],
              [
                128.8414,
                35.0708
              ],
              [
                128.8414,
                35.0708
              ],
              [
                128.8414,
                35.0707
              ],
              [
                128.842,
                35.0698
              ],
              [
                128.842,
                35.0698
              ],
              [
                128.8422,
                35.0695
              ],
              [
                128.8423,
                35.0695
              ],
              [
                128.8468,
                35.0687
              ],
              [
                128.8469,
                35.0686
              ],
              [
                128.8469,
                35.0686
              ],
              [
                128.8469,
                35.0686
              ],
              [
                128.8491,
                35.0684
              ],
              [
                128.8491,
                35.0684
              ],
              [
                128.8492,
                35.0684
              ],
              [
                128.8493,
                35.0684
              ],
              [
                128.8493,
                35.0684
              ],
              [
                128.8494,
                35.0684
              ],
              [
                128.8494,
                35.0684
              ],
              [
                128.8496,
                35.0685
              ],
              [
                128.8497,
                35.0685
              ],
              [
                128.8497,
                35.0685
              ],
              [
                128.8498,
                35.0685
              ],
              [
                128.8498,
                35.0685
              ],
              [
                128.8498,
                35.0685
              ],
              [
                128.8499,
                35.0685
              ],
              [
                128.8502,
                35.0687
              ],
              [
                128.8513,
                35.069
              ],
              [
                128.8521,
                35.0691
              ],
              [
                128.8549,
                35.0692
              ],
              [
                128.8584,
                35.0646
              ],
              [
                128.8586,
                35.0643
              ],
              [
                128.8586,
                35.0642
              ],
              [
                128.8586,
                35.0642
              ],
              [
                128.8586,
                35.0641
              ],
              [
                128.8586,
                35.0641
              ],
              [
                128.8586,
                35.0641
              ],
              [
                128.8586,
                35.0641
              ],
              [
                128.8586,
                35.0641
              ],
              [
                128.8586,
                35.064
              ],
              [
                128.8586,
                35.064
              ],
              [
                128.8583,
                35.0638
              ],
              [
                128.8578,
                35.0637
              ],
              [
                128.8576,
                35.0636
              ],
              [
                128.857,
                35.0636
              ],
              [
                128.8507,
                35.0625
              ],
              [
                128.8505,
                35.0625
              ],
              [
                128.8499,
                35.0624
              ],
              [
                128.8499,
                35.0624
              ],
              [
                128.8498,
                35.0623
              ],
              [
                128.8498,
                35.0623
              ],
              [
                128.8497,
                35.0623
              ],
              [
                128.8497,
                35.0623
              ],
              [
                128.8496,
                35.0623
              ],
              [
                128.8492,
                35.0621
              ],
              [
                128.8484,
                35.0618
              ],
              [
                128.848,
                35.0616
              ],
              [
                128.8479,
                35.0616
              ],
              [
                128.8478,
                35.0615
              ],
              [
                128.8476,
                35.0614
              ],
              [
                128.8475,
                35.0613
              ],
              [
                128.8473,
                35.0612
              ],
              [
                128.8472,
                35.0611
              ],
              [
                128.8469,
                35.0608
              ],
              [
                128.8468,
                35.0608
              ],
              [
                128.8466,
                35.0605
              ],
              [
                128.8464,
                35.0604
              ],
              [
                128.8464,
                35.0603
              ]
            ]
          ],
          [
            [
              [
                128.9056,
                35.0722
              ],
              [
                128.9056,
                35.0722
              ],
              [
                128.906,
                35.073
              ],
              [
                128.9102,
                35.0756
              ],
              [
                128.9119,
                35.0764
              ],
              [
                128.9141,
                35.077
              ],
              [
                128.9151,
                35.0771
              ],
              [
                128.9152,
                35.0771
              ],
              [
                128.9152,
                35.0771
              ],
              [
                128.9152,
                35.0771
              ],
              [
                128.9152,
                35.0771
              ],
              [
                128.9152,
                35.077
              ],
              [
                128.9152,
                35.077
              ],
              [
                128.9152,
                35.077
              ],
              [
                128.9147,
                35.0766
              ],
              [
                128.9146,
                35.0766
              ],
              [
                128.9146,
                35.0766
              ],
              [
                128.9146,
                35.0766
              ],
              [
                128.9135,
                35.0763
              ],
              [
                128.9127,
                35.0761
              ],
              [
                128.9126,
                35.076
              ],
              [
                128.9123,
                35.076
              ],
              [
                128.9121,
                35.0759
              ],
              [
                128.9121,
                35.0759
              ],
              [
                128.912,
                35.0759
              ],
              [
                128.9119,
                35.0758
              ],
              [
                128.9118,
                35.0758
              ],
              [
                128.9116,
                35.0757
              ],
              [
                128.9115,
                35.0757
              ],
              [
                128.9114,
                35.0756
              ],
              [
                128.9114,
                35.0756
              ],
              [
                128.9086,
                35.0741
              ],
              [
                128.9076,
                35.0736
              ],
              [
                128.9069,
                35.0732
              ],
              [
                128.9068,
                35.0731
              ],
              [
                128.9067,
                35.073
              ],
              [
                128.9065,
                35.0729
              ],
              [
                128.906,
                35.0725
              ],
              [
                128.9058,
                35.0723
              ],
              [
                128.9057,
                35.0723
              ],
              [
                128.9056,
                35.0722
              ]
            ]
          ],
          [
            [
              [
                128.9221,
                35.0776
              ],
              [
                128.9226,
                35.0765
              ],
              [
                128.9226,
                35.0765
              ],
              [
                128.9226,
                35.0764
              ],
              [
                128.9226,
                35.0764
              ],
              [
                128.9226,
                35.0764
              ],
              [
                128.9226,
                35.0763
              ],
              [
                128.9221,
                35.0752
              ],
              [
                128.922,
                35.0752
              ],
              [
                128.9216,
                35.0747
              ],
              [
                128.9216,
                35.0747
              ],
              [
                128.9215,
                35.0747
              ],
              [
                128.9215,
                35.0747
              ],
              [
                128.9215,
                35.0747
              ],
              [
                128.9214,
                35.0747
              ],
              [
                128.9214,
                35.0747
              ],
              [
                128.9213,
                35.0747
              ],
              [
                128.9213,
                35.0747
              ],
              [
                128.9213,
                35.0747
              ],
              [
                128.9212,
                35.0747
              ],
              [
                128.9212,
                35.0747
              ],
              [
                128.9211,
                35.0748
              ],
              [
                128.9211,
                35.0748
              ],
              [
                128.9209,
                35.0754
              ],
              [
                128.9209,
                35.0755
              ],
              [
                128.9209,
                35.0755
              ],
              [
                128.9209,
                35.0755
              ],
              [
                128.9209,
                35.0756
              ],
              [
                128.9208,
                35.0758
              ],
              [
                128.9204,
                35.0759
              ],
              [
                128.9198,
                35.076
              ],
              [
                128.9191,
                35.076
              ],
              [
                128.9191,
                35.076
              ],
              [
                128.919,
                35.076
              ],
              [
                128.919,
                35.076
              ],
              [
                128.9189,
                35.076
              ],
              [
                128.9189,
                35.076
              ],
              [
                128.9188,
                35.076
              ],
              [
                128.9162,
                35.0758
              ],
              [
                128.9156,
                35.0756
              ],
              [
                128.9152,
                35.0756
              ],
              [
                128.9136,
                35.0751
              ],
              [
                128.9115,
                35.0744
              ],
              [
                128.91,
                35.0737
              ],
              [
                128.9082,
                35.0728
              ],
              [
                128.9077,
                35.0725
              ],
              [
                128.9057,
                35.0712
              ],
              [
                128.9056,
                35.0711
              ],
              [
                128.9054,
                35.0707
              ],
              [
                128.9031,
                35.0709
              ],
              [
                128.9113,
                35.0749
              ],
              [
                128.9118,
                35.0751
              ],
              [
                128.9119,
                35.0752
              ],
              [
                128.9131,
                35.0756
              ],
              [
                128.9132,
                35.0756
              ],
              [
                128.9149,
                35.076
              ],
              [
                128.9149,
                35.076
              ],
              [
                128.9177,
                35.0766
              ],
              [
                128.9178,
                35.0766
              ],
              [
                128.9178,
                35.0766
              ],
              [
                128.918,
                35.0766
              ],
              [
                128.9187,
                35.0767
              ],
              [
                128.9199,
                35.0768
              ],
              [
                128.92,
                35.0768
              ],
              [
                128.92,
                35.0768
              ],
              [
                128.9201,
                35.0768
              ],
              [
                128.9202,
                35.0768
              ],
              [
                128.9204,
                35.0768
              ],
              [
                128.9204,
                35.0768
              ],
              [
                128.9205,
                35.0768
              ],
              [
                128.9205,
                35.0767
              ],
              [
                128.9206,
                35.0767
              ],
              [
                128.9206,
                35.0767
              ],
              [
                128.9207,
                35.0767
              ],
              [
                128.9207,
                35.0767
              ],
              [
                128.9208,
                35.0766
              ],
              [
                128.9209,
                35.0766
              ],
              [
                128.9209,
                35.0766
              ],
              [
                128.9209,
                35.0766
              ],
              [
                128.921,
                35.0766
              ],
              [
                128.9211,
                35.0766
              ],
              [
                128.9212,
                35.0766
              ],
              [
                128.9217,
                35.0766
              ],
              [
                128.9217,
                35.0766
              ],
              [
                128.9219,
                35.0767
              ],
              [
                128.9219,
                35.0767
              ],
              [
                128.9219,
                35.0767
              ],
              [
                128.922,
                35.0767
              ],
              [
                128.922,
                35.0767
              ],
              [
                128.922,
                35.0767
              ],
              [
                128.922,
                35.0767
              ],
              [
                128.922,
                35.0768
              ],
              [
                128.922,
                35.0768
              ],
              [
                128.922,
                35.0769
              ],
              [
                128.922,
                35.0769
              ],
              [
                128.9219,
                35.077
              ],
              [
                128.9219,
                35.0771
              ],
              [
                128.9219,
                35.0771
              ],
              [
                128.9219,
                35.0772
              ],
              [
                128.9219,
                35.0772
              ],
              [
                128.9218,
                35.0772
              ],
              [
                128.9218,
                35.0773
              ],
              [
                128.9218,
                35.0773
              ],
              [
                128.9217,
                35.0773
              ],
              [
                128.9217,
                35.0773
              ],
              [
                128.9205,
                35.0774
              ],
              [
                128.9204,
                35.0774
              ],
              [
                128.9187,
                35.0774
              ],
              [
                128.9184,
                35.0774
              ],
              [
                128.9182,
                35.0774
              ],
              [
                128.9181,
                35.0774
              ],
              [
                128.9181,
                35.0774
              ],
              [
                128.918,
                35.0774
              ],
              [
                128.9177,
                35.0773
              ],
              [
                128.9176,
                35.0773
              ],
              [
                128.9167,
                35.0771
              ],
              [
                128.9162,
                35.0769
              ],
              [
                128.9162,
                35.0769
              ],
              [
                128.9161,
                35.0769
              ],
              [
                128.9158,
                35.0769
              ],
              [
                128.9158,
                35.0769
              ],
              [
                128.9158,
                35.0769
              ],
              [
                128.9157,
                35.0769
              ],
              [
                128.9157,
                35.077
              ],
              [
                128.9155,
                35.0771
              ],
              [
                128.9153,
                35.0775
              ],
              [
                128.9153,
                35.0776
              ],
              [
                128.9152,
                35.0777
              ],
              [
                128.9153,
                35.0777
              ],
              [
                128.9153,
                35.0777
              ],
              [
                128.9153,
                35.0777
              ],
              [
                128.9153,
                35.0778
              ],
              [
                128.9153,
                35.0778
              ],
              [
                128.9153,
                35.0778
              ],
              [
                128.9154,
                35.0778
              ],
              [
                128.9154,
                35.0778
              ],
              [
                128.9155,
                35.0778
              ],
              [
                128.9187,
                35.0779
              ],
              [
                128.9188,
                35.0779
              ],
              [
                128.9213,
                35.0779
              ],
              [
                128.922,
                35.0778
              ],
              [
                128.922,
                35.0777
              ],
              [
                128.9221,
                35.0776
              ]
            ]
          ],
          [
            [
              [
                128.8458,
                35.0595
              ],
              [
                128.8458,
                35.059
              ],
              [
                128.8459,
                35.0586
              ],
              [
                128.8459,
                35.0586
              ],
              [
                128.846,
                35.0581
              ],
              [
                128.846,
                35.058
              ],
              [
                128.8465,
                35.0563
              ],
              [
                128.8466,
                35.0563
              ],
              [
                128.8466,
                35.0562
              ],
              [
                128.8466,
                35.0561
              ],
              [
                128.8468,
                35.0559
              ],
              [
                128.847,
                35.0556
              ],
              [
                128.847,
                35.0556
              ],
              [
                128.8471,
                35.0556
              ],
              [
                128.8473,
                35.0553
              ],
              [
                128.8477,
                35.0549
              ],
              [
                128.8499,
                35.0522
              ],
              [
                128.8499,
                35.0522
              ],
              [
                128.8499,
                35.0522
              ],
              [
                128.8499,
                35.0522
              ],
              [
                128.8499,
                35.0521
              ],
              [
                128.8499,
                35.0521
              ],
              [
                128.8501,
                35.0514
              ],
              [
                128.8502,
                35.0511
              ],
              [
                128.8501,
                35.0483
              ],
              [
                128.85,
                35.0474
              ],
              [
                128.85,
                35.0459
              ],
              [
                128.8502,
                35.0451
              ],
              [
                128.8506,
                35.0442
              ],
              [
                128.8504,
                35.043
              ],
              [
                128.8504,
                35.043
              ],
              [
                128.8504,
                35.043
              ],
              [
                128.8504,
                35.043
              ],
              [
                128.8504,
                35.043
              ],
              [
                128.8504,
                35.043
              ],
              [
                128.8505,
                35.043
              ],
              [
                128.8508,
                35.0425
              ],
              [
                128.8512,
                35.0421
              ],
              [
                128.8512,
                35.0421
              ],
              [
                128.8512,
                35.0421
              ],
              [
                128.8512,
                35.0421
              ],
              [
                128.8512,
                35.042
              ],
              [
                128.8512,
                35.042
              ],
              [
                128.8504,
                35.0394
              ],
              [
                128.8487,
                35.0361
              ],
              [
                128.8487,
                35.0361
              ],
              [
                128.8488,
                35.0359
              ],
              [
                128.8488,
                35.0359
              ],
              [
                128.8488,
                35.0359
              ],
              [
                128.8488,
                35.0359
              ],
              [
                128.8488,
                35.0359
              ],
              [
                128.8488,
                35.0359
              ],
              [
                128.8489,
                35.0354
              ],
              [
                128.8489,
                35.0354
              ],
              [
                128.8489,
                35.0342
              ],
              [
                128.8488,
                35.034
              ],
              [
                128.8487,
                35.0339
              ],
              [
                128.8486,
                35.0338
              ],
              [
                128.8486,
                35.0338
              ],
              [
                128.8483,
                35.0336
              ],
              [
                128.8483,
                35.0336
              ],
              [
                128.8464,
                35.0327
              ],
              [
                128.8461,
                35.0326
              ],
              [
                128.8459,
                35.0326
              ],
              [
                128.8459,
                35.0327
              ],
              [
                128.8459,
                35.0327
              ],
              [
                128.8459,
                35.0327
              ],
              [
                128.8459,
                35.0327
              ],
              [
                128.8459,
                35.0327
              ],
              [
                128.8459,
                35.0327
              ],
              [
                128.8459,
                35.0327
              ],
              [
                128.8459,
                35.0327
              ],
              [
                128.8458,
                35.0327
              ],
              [
                128.8458,
                35.0327
              ],
              [
                128.8458,
                35.0326
              ],
              [
                128.8458,
                35.0326
              ],
              [
                128.8457,
                35.0326
              ],
              [
                128.8455,
                35.0325
              ],
              [
                128.8455,
                35.0325
              ],
              [
                128.8448,
                35.0322
              ],
              [
                128.8448,
                35.0322
              ],
              [
                128.844,
                35.0316
              ],
              [
                128.8439,
                35.0315
              ],
              [
                128.8435,
                35.0311
              ],
              [
                128.8434,
                35.031
              ],
              [
                128.8433,
                35.0309
              ],
              [
                128.8433,
                35.0308
              ],
              [
                128.8432,
                35.0308
              ],
              [
                128.8432,
                35.0307
              ],
              [
                128.8432,
                35.0307
              ],
              [
                128.8431,
                35.0306
              ],
              [
                128.8431,
                35.0304
              ],
              [
                128.843,
                35.0304
              ],
              [
                128.843,
                35.0303
              ],
              [
                128.843,
                35.0302
              ],
              [
                128.843,
                35.0302
              ],
              [
                128.843,
                35.0301
              ],
              [
                128.843,
                35.0301
              ],
              [
                128.843,
                35.03
              ],
              [
                128.843,
                35.0298
              ],
              [
                128.843,
                35.0298
              ],
              [
                128.8431,
                35.0294
              ],
              [
                128.8431,
                35.0294
              ],
              [
                128.8434,
                35.0292
              ],
              [
                128.8436,
                35.0285
              ],
              [
                128.8436,
                35.0276
              ],
              [
                128.8432,
                35.0267
              ],
              [
                128.8417,
                35.0241
              ],
              [
                128.8417,
                35.0241
              ],
              [
                128.8417,
                35.0241
              ],
              [
                128.8417,
                35.024
              ],
              [
                128.8416,
                35.0239
              ],
              [
                128.8416,
                35.0239
              ],
              [
                128.8415,
                35.0239
              ],
              [
                128.8415,
                35.0238
              ],
              [
                128.8415,
                35.0238
              ],
              [
                128.8413,
                35.0237
              ],
              [
                128.8411,
                35.0236
              ],
              [
                128.8409,
                35.0234
              ],
              [
                128.8404,
                35.0231
              ],
              [
                128.8404,
                35.0231
              ],
              [
                128.8404,
                35.0231
              ],
              [
                128.8404,
                35.0231
              ],
              [
                128.8404,
                35.0231
              ],
              [
                128.8403,
                35.0229
              ],
              [
                128.8403,
                35.0229
              ],
              [
                128.8403,
                35.0228
              ],
              [
                128.8398,
                35.0219
              ],
              [
                128.8398,
                35.0219
              ],
              [
                128.8398,
                35.0219
              ],
              [
                128.8397,
                35.0217
              ],
              [
                128.8397,
                35.0217
              ],
              [
                128.8397,
                35.0213
              ],
              [
                128.8397,
                35.0213
              ],
              [
                128.8397,
                35.0213
              ],
              [
                128.8397,
                35.0212
              ],
              [
                128.8397,
                35.0212
              ],
              [
                128.8397,
                35.0212
              ],
              [
                128.8397,
                35.0212
              ],
              [
                128.8397,
                35.0212
              ],
              [
                128.8398,
                35.0212
              ],
              [
                128.8398,
                35.0212
              ],
              [
                128.8398,
                35.0212
              ],
              [
                128.8398,
                35.0211
              ],
              [
                128.8398,
                35.0211
              ],
              [
                128.8398,
                35.0211
              ],
              [
                128.8399,
                35.0211
              ],
              [
                128.8399,
                35.0211
              ],
              [
                128.8399,
                35.0211
              ],
              [
                128.8399,
                35.0211
              ],
              [
                128.8399,
                35.0211
              ],
              [
                128.8399,
                35.0211
              ],
              [
                128.8399,
                35.0211
              ],
              [
                128.8399,
                35.0211
              ],
              [
                128.8399,
                35.0211
              ],
              [
                128.8399,
                35.0206
              ],
              [
                128.8399,
                35.0206
              ],
              [
                128.8399,
                35.0206
              ],
              [
                128.8399,
                35.0206
              ],
              [
                128.8399,
                35.0205
              ],
              [
                128.8399,
                35.0205
              ],
              [
                128.8396,
                35.0203
              ],
              [
                128.8395,
                35.0202
              ],
              [
                128.8394,
                35.02
              ],
              [
                128.8394,
                35.02
              ],
              [
                128.8393,
                35.02
              ],
              [
                128.8393,
                35.0199
              ],
              [
                128.8393,
                35.0199
              ],
              [
                128.8393,
                35.0199
              ],
              [
                128.8393,
                35.0199
              ],
              [
                128.8394,
                35.0197
              ],
              [
                128.8394,
                35.0197
              ],
              [
                128.8394,
                35.0197
              ],
              [
                128.8394,
                35.0196
              ],
              [
                128.8394,
                35.0196
              ],
              [
                128.8394,
                35.0196
              ],
              [
                128.8394,
                35.0194
              ],
              [
                128.8391,
                35.019
              ],
              [
                128.839,
                35.0187
              ],
              [
                128.8387,
                35.0183
              ],
              [
                128.8387,
                35.0183
              ],
              [
                128.8387,
                35.0183
              ],
              [
                128.8385,
                35.0178
              ],
              [
                128.8385,
                35.0178
              ],
              [
                128.8385,
                35.0178
              ],
              [
                128.8385,
                35.0178
              ],
              [
                128.8385,
                35.0178
              ],
              [
                128.8385,
                35.0178
              ],
              [
                128.8385,
                35.0177
              ],
              [
                128.8384,
                35.0177
              ],
              [
                128.8384,
                35.0177
              ],
              [
                128.8382,
                35.0176
              ],
              [
                128.8382,
                35.0176
              ],
              [
                128.8382,
                35.0176
              ],
              [
                128.8382,
                35.0176
              ],
              [
                128.8382,
                35.0176
              ],
              [
                128.8381,
                35.0176
              ],
              [
                128.8375,
                35.0175
              ],
              [
                128.8372,
                35.0174
              ],
              [
                128.8363,
                35.017
              ],
              [
                128.8362,
                35.017
              ],
              [
                128.8361,
                35.017
              ],
              [
                128.8361,
                35.017
              ],
              [
                128.8354,
                35.0164
              ],
              [
                128.8351,
                35.0159
              ],
              [
                128.835,
                35.0159
              ],
              [
                128.835,
                35.0158
              ],
              [
                128.835,
                35.0157
              ],
              [
                128.8349,
                35.0156
              ],
              [
                128.8349,
                35.0156
              ],
              [
                128.8349,
                35.0155
              ],
              [
                128.8344,
                35.0123
              ],
              [
                128.8344,
                35.0122
              ],
              [
                128.8344,
                35.012
              ],
              [
                128.8344,
                35.0119
              ],
              [
                128.8344,
                35.0117
              ],
              [
                128.8344,
                35.0117
              ],
              [
                128.8344,
                35.0112
              ],
              [
                128.8344,
                35.0111
              ],
              [
                128.8345,
                35.0111
              ],
              [
                128.8345,
                35.011
              ],
              [
                128.8345,
                35.0109
              ],
              [
                128.8346,
                35.0109
              ],
              [
                128.8346,
                35.0108
              ],
              [
                128.8347,
                35.0107
              ],
              [
                128.8348,
                35.0107
              ],
              [
                128.8364,
                35.0096
              ],
              [
                128.8366,
                35.0096
              ],
              [
                128.8366,
                35.0095
              ],
              [
                128.8377,
                35.009
              ],
              [
                128.8377,
                35.009
              ],
              [
                128.8377,
                35.0089
              ],
              [
                128.8384,
                35.0087
              ],
              [
                128.8387,
                35.0087
              ],
              [
                128.839,
                35.0087
              ],
              [
                128.839,
                35.0087
              ],
              [
                128.839,
                35.0087
              ],
              [
                128.839,
                35.0087
              ],
              [
                128.8391,
                35.0087
              ],
              [
                128.8391,
                35.0087
              ],
              [
                128.8391,
                35.0087
              ],
              [
                128.8391,
                35.0087
              ],
              [
                128.8392,
                35.0087
              ],
              [
                128.8402,
                35.008
              ],
              [
                128.8402,
                35.008
              ],
              [
                128.8408,
                35.0074
              ],
              [
                128.8409,
                35.0072
              ],
              [
                128.841,
                35.0069
              ],
              [
                128.841,
                35.0069
              ],
              [
                128.8411,
                35.0066
              ],
              [
                128.8411,
                35.0062
              ],
              [
                128.8412,
                35.006
              ],
              [
                128.8412,
                35.0056
              ],
              [
                128.8412,
                35.0056
              ],
              [
                128.8412,
                35.0055
              ],
              [
                128.8412,
                35.0054
              ],
              [
                128.8412,
                35.0054
              ],
              [
                128.8412,
                35.0054
              ],
              [
                128.8411,
                35.0053
              ],
              [
                128.841,
                35.0051
              ],
              [
                128.8408,
                35.0048
              ],
              [
                128.8408,
                35.0048
              ],
              [
                128.8407,
                35.0047
              ],
              [
                128.8407,
                35.0047
              ],
              [
                128.8407,
                35.0047
              ],
              [
                128.8407,
                35.0047
              ],
              [
                128.8407,
                35.0047
              ],
              [
                128.8407,
                35.0047
              ],
              [
                128.8394,
                35.0029
              ],
              [
                128.8394,
                35.0029
              ],
              [
                128.8394,
                35.0029
              ],
              [
                128.8394,
                35.0028
              ],
              [
                128.8394,
                35.0028
              ],
              [
                128.839,
                35.0015
              ],
              [
                128.839,
                35.0015
              ],
              [
                128.839,
                35.0015
              ],
              [
                128.8389,
                35.0015
              ],
              [
                128.8382,
                35.0006
              ],
              [
                128.8378,
                35.0003
              ],
              [
                128.8377,
                35.0003
              ],
              [
                128.8375,
                35.0002
              ],
              [
                128.8375,
                35.0002
              ],
              [
                128.8375,
                35.0002
              ],
              [
                128.8375,
                35.0002
              ],
              [
                128.8375,
                35.0002
              ],
              [
                128.8375,
                35.0002
              ],
              [
                128.8375,
                35.0002
              ],
              [
                128.8375,
                35.0002
              ],
              [
                128.8374,
                35.0001
              ],
              [
                128.8374,
                35.0001
              ],
              [
                128.8374,
                35
              ],
              [
                128.8374,
                35
              ],
              [
                128.8379,
                34.9992
              ],
              [
                128.8381,
                34.999
              ],
              [
                128.8399,
                34.9975
              ],
              [
                128.8388,
                34.9973
              ],
              [
                128.8375,
                34.9971
              ],
              [
                128.8347,
                34.9948
              ],
              [
                128.8296,
                34.9897
              ],
              [
                128.8296,
                34.9894
              ],
              [
                128.8296,
                34.9894
              ],
              [
                128.8296,
                34.9893
              ],
              [
                128.8297,
                34.9893
              ],
              [
                128.8297,
                34.9893
              ],
              [
                128.8297,
                34.9893
              ],
              [
                128.8297,
                34.9892
              ],
              [
                128.8296,
                34.9891
              ],
              [
                128.8295,
                34.989
              ],
              [
                128.8286,
                34.9886
              ],
              [
                128.8285,
                34.9886
              ],
              [
                128.8279,
                34.9886
              ],
              [
                128.8277,
                34.9887
              ],
              [
                128.8277,
                34.9887
              ],
              [
                128.8275,
                34.9889
              ],
              [
                128.8274,
                34.989
              ],
              [
                128.8273,
                34.9897
              ],
              [
                128.8273,
                34.9897
              ],
              [
                128.8281,
                34.9913
              ],
              [
                128.8289,
                34.9922
              ],
              [
                128.8295,
                34.9928
              ],
              [
                128.8302,
                34.9945
              ],
              [
                128.8302,
                34.9945
              ],
              [
                128.8302,
                34.9945
              ],
              [
                128.8302,
                34.9946
              ],
              [
                128.8298,
                34.9951
              ],
              [
                128.8298,
                34.9951
              ],
              [
                128.8297,
                34.9952
              ],
              [
                128.8297,
                34.9952
              ],
              [
                128.8296,
                34.9953
              ],
              [
                128.8296,
                34.9953
              ],
              [
                128.8296,
                34.9953
              ],
              [
                128.8296,
                34.9953
              ],
              [
                128.828,
                34.9957
              ],
              [
                128.8271,
                34.9957
              ],
              [
                128.825,
                34.9952
              ],
              [
                128.8245,
                34.995
              ],
              [
                128.8236,
                34.9946
              ],
              [
                128.8235,
                34.9946
              ],
              [
                128.8235,
                34.9946
              ],
              [
                128.8231,
                34.9945
              ],
              [
                128.823,
                34.9945
              ],
              [
                128.8222,
                34.9945
              ],
              [
                128.822,
                34.9945
              ],
              [
                128.8219,
                34.9945
              ],
              [
                128.8219,
                34.9945
              ],
              [
                128.8219,
                34.9945
              ],
              [
                128.8219,
                34.9946
              ],
              [
                128.8218,
                34.9946
              ],
              [
                128.8218,
                34.9946
              ],
              [
                128.8217,
                34.9947
              ],
              [
                128.8217,
                34.9947
              ],
              [
                128.8217,
                34.9947
              ],
              [
                128.8217,
                34.9947
              ],
              [
                128.8217,
                34.9947
              ],
              [
                128.8217,
                34.9949
              ],
              [
                128.8217,
                34.995
              ],
              [
                128.8219,
                34.997
              ],
              [
                128.8226,
                34.9976
              ],
              [
                128.8227,
                34.9988
              ],
              [
                128.8223,
                35.0009
              ],
              [
                128.8213,
                35.0014
              ],
              [
                128.8212,
                35.0013
              ],
              [
                128.8209,
                35.0012
              ],
              [
                128.8209,
                35.0012
              ],
              [
                128.8208,
                35.0012
              ],
              [
                128.8208,
                35.0012
              ],
              [
                128.8207,
                35.0012
              ],
              [
                128.8207,
                35.0012
              ],
              [
                128.8207,
                35.0012
              ],
              [
                128.8206,
                35.0012
              ],
              [
                128.8206,
                35.0012
              ],
              [
                128.8206,
                35.0013
              ],
              [
                128.8205,
                35.0013
              ],
              [
                128.8205,
                35.0013
              ],
              [
                128.8205,
                35.0013
              ],
              [
                128.8204,
                35.0013
              ],
              [
                128.8204,
                35.0013
              ],
              [
                128.8204,
                35.0013
              ],
              [
                128.8204,
                35.0013
              ],
              [
                128.8204,
                35.0013
              ],
              [
                128.8197,
                35.0019
              ],
              [
                128.8197,
                35.0019
              ],
              [
                128.8191,
                35.0024
              ],
              [
                128.8191,
                35.0025
              ],
              [
                128.8191,
                35.0025
              ],
              [
                128.8183,
                35.0034
              ],
              [
                128.8183,
                35.0034
              ],
              [
                128.8183,
                35.0034
              ],
              [
                128.8183,
                35.0034
              ],
              [
                128.8182,
                35.0043
              ],
              [
                128.8182,
                35.0044
              ],
              [
                128.8182,
                35.0044
              ],
              [
                128.8182,
                35.0044
              ],
              [
                128.8182,
                35.0044
              ],
              [
                128.8182,
                35.0044
              ],
              [
                128.8182,
                35.0044
              ],
              [
                128.8182,
                35.0044
              ],
              [
                128.8182,
                35.0044
              ],
              [
                128.8182,
                35.0044
              ],
              [
                128.8182,
                35.0044
              ],
              [
                128.8182,
                35.0044
              ],
              [
                128.8183,
                35.0044
              ],
              [
                128.8188,
                35.0046
              ],
              [
                128.8188,
                35.0046
              ],
              [
                128.8188,
                35.0046
              ],
              [
                128.8189,
                35.0047
              ],
              [
                128.8189,
                35.0047
              ],
              [
                128.8189,
                35.0047
              ],
              [
                128.819,
                35.0046
              ],
              [
                128.819,
                35.0046
              ],
              [
                128.819,
                35.0046
              ],
              [
                128.819,
                35.0046
              ],
              [
                128.819,
                35.0046
              ],
              [
                128.819,
                35.0046
              ],
              [
                128.819,
                35.0046
              ],
              [
                128.8191,
                35.0045
              ],
              [
                128.8191,
                35.0045
              ],
              [
                128.8191,
                35.0045
              ],
              [
                128.8191,
                35.0045
              ],
              [
                128.8191,
                35.0045
              ],
              [
                128.8191,
                35.0045
              ],
              [
                128.8191,
                35.0043
              ],
              [
                128.8191,
                35.0042
              ],
              [
                128.8191,
                35.0042
              ],
              [
                128.8194,
                35.0041
              ],
              [
                128.8194,
                35.0041
              ],
              [
                128.8195,
                35.0041
              ],
              [
                128.8196,
                35.0041
              ],
              [
                128.8196,
                35.0041
              ],
              [
                128.821,
                35.0043
              ],
              [
                128.8231,
                35.0046
              ],
              [
                128.8231,
                35.0046
              ],
              [
                128.8231,
                35.0046
              ],
              [
                128.8232,
                35.0046
              ],
              [
                128.8232,
                35.0046
              ],
              [
                128.8232,
                35.0046
              ],
              [
                128.8234,
                35.0049
              ],
              [
                128.8235,
                35.005
              ],
              [
                128.8235,
                35.005
              ],
              [
                128.8235,
                35.0051
              ],
              [
                128.8236,
                35.0051
              ],
              [
                128.8236,
                35.0052
              ],
              [
                128.8236,
                35.0052
              ],
              [
                128.8236,
                35.0052
              ],
              [
                128.8236,
                35.0053
              ],
              [
                128.8236,
                35.0053
              ],
              [
                128.8236,
                35.0053
              ],
              [
                128.8238,
                35.0059
              ],
              [
                128.8238,
                35.006
              ],
              [
                128.8238,
                35.006
              ],
              [
                128.8238,
                35.0063
              ],
              [
                128.8238,
                35.0063
              ],
              [
                128.8238,
                35.0064
              ],
              [
                128.8238,
                35.0065
              ],
              [
                128.8238,
                35.0066
              ],
              [
                128.8238,
                35.0066
              ],
              [
                128.8238,
                35.0067
              ],
              [
                128.8237,
                35.0068
              ],
              [
                128.8237,
                35.0069
              ],
              [
                128.8237,
                35.0069
              ],
              [
                128.8237,
                35.0069
              ],
              [
                128.8237,
                35.007
              ],
              [
                128.8237,
                35.007
              ],
              [
                128.8236,
                35.007
              ],
              [
                128.8236,
                35.0071
              ],
              [
                128.8236,
                35.0071
              ],
              [
                128.8236,
                35.0071
              ],
              [
                128.8235,
                35.0072
              ],
              [
                128.8235,
                35.0072
              ],
              [
                128.8235,
                35.0072
              ],
              [
                128.8234,
                35.0072
              ],
              [
                128.8232,
                35.0073
              ],
              [
                128.8229,
                35.0075
              ],
              [
                128.8227,
                35.0075
              ],
              [
                128.8224,
                35.0075
              ],
              [
                128.8224,
                35.0075
              ],
              [
                128.8201,
                35.009
              ],
              [
                128.8201,
                35.009
              ],
              [
                128.8201,
                35.009
              ],
              [
                128.8201,
                35.0091
              ],
              [
                128.8201,
                35.0091
              ],
              [
                128.8201,
                35.0091
              ],
              [
                128.8201,
                35.0092
              ],
              [
                128.8201,
                35.0092
              ],
              [
                128.8201,
                35.0093
              ],
              [
                128.8202,
                35.0093
              ],
              [
                128.8202,
                35.0093
              ],
              [
                128.8203,
                35.0094
              ],
              [
                128.8203,
                35.0094
              ],
              [
                128.8203,
                35.0094
              ],
              [
                128.8203,
                35.0094
              ],
              [
                128.8203,
                35.0094
              ],
              [
                128.8218,
                35.0098
              ],
              [
                128.8254,
                35.0105
              ],
              [
                128.8254,
                35.0103
              ],
              [
                128.8254,
                35.0103
              ],
              [
                128.8254,
                35.0103
              ],
              [
                128.8255,
                35.0102
              ],
              [
                128.8255,
                35.0102
              ],
              [
                128.8256,
                35.0102
              ],
              [
                128.8257,
                35.0102
              ],
              [
                128.8258,
                35.0102
              ],
              [
                128.8258,
                35.0102
              ],
              [
                128.8259,
                35.0102
              ],
              [
                128.8259,
                35.0102
              ],
              [
                128.826,
                35.0102
              ],
              [
                128.826,
                35.0102
              ],
              [
                128.8261,
                35.0103
              ],
              [
                128.8261,
                35.0103
              ],
              [
                128.8262,
                35.0104
              ],
              [
                128.8264,
                35.0105
              ],
              [
                128.8267,
                35.0107
              ],
              [
                128.8267,
                35.0107
              ],
              [
                128.8268,
                35.0108
              ],
              [
                128.8268,
                35.0108
              ],
              [
                128.8268,
                35.0109
              ],
              [
                128.8269,
                35.0109
              ],
              [
                128.8269,
                35.0109
              ],
              [
                128.8269,
                35.011
              ],
              [
                128.8269,
                35.011
              ],
              [
                128.8271,
                35.0113
              ],
              [
                128.8271,
                35.0113
              ],
              [
                128.8272,
                35.0119
              ],
              [
                128.8274,
                35.0126
              ],
              [
                128.8274,
                35.0126
              ],
              [
                128.8274,
                35.0126
              ],
              [
                128.8274,
                35.0129
              ],
              [
                128.8274,
                35.0129
              ],
              [
                128.8274,
                35.013
              ],
              [
                128.8274,
                35.0132
              ],
              [
                128.8273,
                35.0133
              ],
              [
                128.8273,
                35.0134
              ],
              [
                128.8273,
                35.0134
              ],
              [
                128.8272,
                35.0136
              ],
              [
                128.8272,
                35.0137
              ],
              [
                128.8271,
                35.0138
              ],
              [
                128.8267,
                35.0142
              ],
              [
                128.8238,
                35.0166
              ],
              [
                128.8237,
                35.0166
              ],
              [
                128.8237,
                35.0167
              ],
              [
                128.8236,
                35.0167
              ],
              [
                128.8235,
                35.0168
              ],
              [
                128.8235,
                35.0168
              ],
              [
                128.8234,
                35.0168
              ],
              [
                128.8234,
                35.0168
              ],
              [
                128.8234,
                35.0168
              ],
              [
                128.818,
                35.0184
              ],
              [
                128.8137,
                35.0195
              ],
              [
                128.811,
                35.0212
              ],
              [
                128.8062,
                35.0212
              ],
              [
                128.8048,
                35.0237
              ],
              [
                128.8047,
                35.0239
              ],
              [
                128.8047,
                35.0239
              ],
              [
                128.8047,
                35.0239
              ],
              [
                128.8047,
                35.0239
              ],
              [
                128.8048,
                35.0241
              ],
              [
                128.8048,
                35.0241
              ],
              [
                128.8048,
                35.0241
              ],
              [
                128.8048,
                35.0241
              ],
              [
                128.8048,
                35.0241
              ],
              [
                128.8067,
                35.0248
              ],
              [
                128.8071,
                35.0249
              ],
              [
                128.8072,
                35.0249
              ],
              [
                128.8072,
                35.0249
              ],
              [
                128.8072,
                35.0249
              ],
              [
                128.8073,
                35.0249
              ],
              [
                128.8074,
                35.0249
              ],
              [
                128.8074,
                35.0249
              ],
              [
                128.8081,
                35.0247
              ],
              [
                128.8081,
                35.0247
              ],
              [
                128.8082,
                35.0247
              ],
              [
                128.8082,
                35.0246
              ],
              [
                128.8082,
                35.0246
              ],
              [
                128.8094,
                35.0241
              ],
              [
                128.8105,
                35.0234
              ],
              [
                128.8105,
                35.0234
              ],
              [
                128.8105,
                35.0234
              ],
              [
                128.8106,
                35.0234
              ],
              [
                128.8106,
                35.0234
              ],
              [
                128.8108,
                35.0234
              ],
              [
                128.8109,
                35.0234
              ],
              [
                128.8123,
                35.0235
              ],
              [
                128.8131,
                35.0237
              ],
              [
                128.8132,
                35.0237
              ],
              [
                128.8132,
                35.0237
              ],
              [
                128.8132,
                35.0237
              ],
              [
                128.8133,
                35.0237
              ],
              [
                128.8133,
                35.0237
              ],
              [
                128.8133,
                35.0238
              ],
              [
                128.8146,
                35.0247
              ],
              [
                128.8148,
                35.0249
              ],
              [
                128.815,
                35.0252
              ],
              [
                128.8152,
                35.0257
              ],
              [
                128.8154,
                35.0265
              ],
              [
                128.8155,
                35.0269
              ],
              [
                128.8156,
                35.0274
              ],
              [
                128.8156,
                35.0277
              ],
              [
                128.8156,
                35.0278
              ],
              [
                128.8156,
                35.0279
              ],
              [
                128.8153,
                35.0287
              ],
              [
                128.8151,
                35.0292
              ],
              [
                128.8151,
                35.0294
              ],
              [
                128.8146,
                35.0298
              ],
              [
                128.8143,
                35.03
              ],
              [
                128.8141,
                35.0301
              ],
              [
                128.8138,
                35.0302
              ],
              [
                128.8136,
                35.0303
              ],
              [
                128.8133,
                35.0304
              ],
              [
                128.8133,
                35.0304
              ],
              [
                128.8133,
                35.0304
              ],
              [
                128.8132,
                35.0304
              ],
              [
                128.8131,
                35.0304
              ],
              [
                128.8131,
                35.0304
              ],
              [
                128.813,
                35.0304
              ],
              [
                128.813,
                35.0304
              ],
              [
                128.8122,
                35.0303
              ],
              [
                128.8115,
                35.0303
              ],
              [
                128.8098,
                35.0302
              ],
              [
                128.8097,
                35.0302
              ],
              [
                128.8097,
                35.0302
              ],
              [
                128.8097,
                35.0303
              ],
              [
                128.8096,
                35.0303
              ],
              [
                128.8093,
                35.0304
              ],
              [
                128.8085,
                35.0309
              ],
              [
                128.8078,
                35.0312
              ],
              [
                128.8075,
                35.0317
              ],
              [
                128.8073,
                35.0328
              ],
              [
                128.8076,
                35.0336
              ],
              [
                128.8077,
                35.0338
              ],
              [
                128.8077,
                35.0338
              ],
              [
                128.8077,
                35.0338
              ],
              [
                128.8077,
                35.0338
              ],
              [
                128.8077,
                35.0339
              ],
              [
                128.8077,
                35.0339
              ],
              [
                128.8077,
                35.0339
              ],
              [
                128.8077,
                35.0339
              ],
              [
                128.8077,
                35.0339
              ],
              [
                128.8078,
                35.0339
              ],
              [
                128.8078,
                35.0339
              ],
              [
                128.808,
                35.034
              ],
              [
                128.8081,
                35.034
              ],
              [
                128.8081,
                35.034
              ],
              [
                128.8081,
                35.034
              ],
              [
                128.8081,
                35.034
              ],
              [
                128.8081,
                35.034
              ],
              [
                128.8081,
                35.034
              ],
              [
                128.8081,
                35.034
              ],
              [
                128.8081,
                35.034
              ],
              [
                128.8081,
                35.0339
              ],
              [
                128.8081,
                35.0339
              ],
              [
                128.8081,
                35.0339
              ],
              [
                128.8084,
                35.0338
              ],
              [
                128.809,
                35.0336
              ],
              [
                128.8091,
                35.0336
              ],
              [
                128.8093,
                35.0336
              ],
              [
                128.8094,
                35.0335
              ],
              [
                128.8094,
                35.0335
              ],
              [
                128.8094,
                35.0335
              ],
              [
                128.8108,
                35.0334
              ],
              [
                128.8108,
                35.0334
              ],
              [
                128.8108,
                35.0334
              ],
              [
                128.8108,
                35.0334
              ],
              [
                128.8108,
                35.0334
              ],
              [
                128.8108,
                35.0335
              ],
              [
                128.8109,
                35.0335
              ],
              [
                128.811,
                35.0336
              ],
              [
                128.8111,
                35.0336
              ],
              [
                128.8111,
                35.0337
              ],
              [
                128.8112,
                35.0337
              ],
              [
                128.8112,
                35.0338
              ],
              [
                128.8113,
                35.0339
              ],
              [
                128.8115,
                35.0341
              ],
              [
                128.8115,
                35.0342
              ],
              [
                128.8116,
                35.0342
              ],
              [
                128.8117,
                35.0345
              ],
              [
                128.8118,
                35.0346
              ],
              [
                128.8118,
                35.0346
              ],
              [
                128.8119,
                35.0349
              ],
              [
                128.812,
                35.035
              ],
              [
                128.812,
                35.0352
              ],
              [
                128.8121,
                35.0353
              ],
              [
                128.8121,
                35.0353
              ],
              [
                128.8124,
                35.0363
              ],
              [
                128.8124,
                35.0363
              ],
              [
                128.8125,
                35.0366
              ],
              [
                128.8125,
                35.0366
              ],
              [
                128.8125,
                35.0367
              ],
              [
                128.8125,
                35.0368
              ],
              [
                128.8126,
                35.037
              ],
              [
                128.8126,
                35.0371
              ],
              [
                128.8126,
                35.0372
              ],
              [
                128.8126,
                35.0373
              ],
              [
                128.8126,
                35.0381
              ],
              [
                128.8126,
                35.0382
              ],
              [
                128.8126,
                35.0383
              ],
              [
                128.8126,
                35.0384
              ],
              [
                128.8127,
                35.0385
              ],
              [
                128.8127,
                35.0386
              ],
              [
                128.8126,
                35.0388
              ],
              [
                128.8126,
                35.039
              ],
              [
                128.8126,
                35.0391
              ],
              [
                128.8126,
                35.0391
              ],
              [
                128.8126,
                35.0392
              ],
              [
                128.8126,
                35.0392
              ],
              [
                128.8125,
                35.0395
              ],
              [
                128.8125,
                35.0396
              ],
              [
                128.8124,
                35.0397
              ],
              [
                128.8123,
                35.0399
              ],
              [
                128.8123,
                35.04
              ],
              [
                128.8123,
                35.04
              ],
              [
                128.8121,
                35.0402
              ],
              [
                128.8121,
                35.0404
              ],
              [
                128.8119,
                35.0405
              ],
              [
                128.8118,
                35.0407
              ],
              [
                128.8116,
                35.041
              ],
              [
                128.8116,
                35.0411
              ],
              [
                128.8115,
                35.0411
              ],
              [
                128.8108,
                35.0419
              ],
              [
                128.8108,
                35.0419
              ],
              [
                128.8106,
                35.0421
              ],
              [
                128.8105,
                35.0421
              ],
              [
                128.8095,
                35.0428
              ],
              [
                128.8095,
                35.0429
              ],
              [
                128.809,
                35.0432
              ],
              [
                128.8089,
                35.0432
              ],
              [
                128.8064,
                35.0466
              ],
              [
                128.806,
                35.0472
              ],
              [
                128.8059,
                35.0472
              ],
              [
                128.8059,
                35.0473
              ],
              [
                128.8058,
                35.0473
              ],
              [
                128.8057,
                35.0474
              ],
              [
                128.8057,
                35.0475
              ],
              [
                128.8056,
                35.0475
              ],
              [
                128.8054,
                35.0476
              ],
              [
                128.8053,
                35.0476
              ],
              [
                128.8052,
                35.0477
              ],
              [
                128.8048,
                35.0478
              ],
              [
                128.8047,
                35.0478
              ],
              [
                128.8047,
                35.0478
              ],
              [
                128.8042,
                35.0479
              ],
              [
                128.8042,
                35.0479
              ],
              [
                128.8036,
                35.048
              ],
              [
                128.8036,
                35.0481
              ],
              [
                128.8022,
                35.0482
              ],
              [
                128.8022,
                35.0482
              ],
              [
                128.8021,
                35.0482
              ],
              [
                128.8021,
                35.0481
              ],
              [
                128.8021,
                35.0481
              ],
              [
                128.8021,
                35.0481
              ],
              [
                128.8021,
                35.0481
              ],
              [
                128.8021,
                35.0481
              ],
              [
                128.8013,
                35.0476
              ],
              [
                128.8013,
                35.0476
              ],
              [
                128.8013,
                35.0476
              ],
              [
                128.8013,
                35.0476
              ],
              [
                128.8011,
                35.0476
              ],
              [
                128.8011,
                35.0476
              ],
              [
                128.801,
                35.0476
              ],
              [
                128.7995,
                35.0476
              ],
              [
                128.7995,
                35.0476
              ],
              [
                128.7995,
                35.0476
              ],
              [
                128.7995,
                35.0476
              ],
              [
                128.7995,
                35.0476
              ],
              [
                128.7995,
                35.0476
              ],
              [
                128.7995,
                35.0476
              ],
              [
                128.7994,
                35.0476
              ],
              [
                128.7978,
                35.0488
              ],
              [
                128.7978,
                35.0488
              ],
              [
                128.7978,
                35.0488
              ],
              [
                128.7976,
                35.0491
              ],
              [
                128.7975,
                35.0493
              ],
              [
                128.7972,
                35.0498
              ],
              [
                128.7972,
                35.0499
              ],
              [
                128.7972,
                35.0499
              ],
              [
                128.7972,
                35.0501
              ],
              [
                128.7972,
                35.0501
              ],
              [
                128.7972,
                35.0501
              ],
              [
                128.7972,
                35.0502
              ],
              [
                128.7972,
                35.0502
              ],
              [
                128.7972,
                35.0504
              ],
              [
                128.7972,
                35.0505
              ],
              [
                128.7972,
                35.0505
              ],
              [
                128.7972,
                35.0505
              ],
              [
                128.7972,
                35.0506
              ],
              [
                128.7972,
                35.0506
              ],
              [
                128.7972,
                35.0506
              ],
              [
                128.7973,
                35.0506
              ],
              [
                128.7973,
                35.0506
              ],
              [
                128.7973,
                35.0506
              ],
              [
                128.7973,
                35.0506
              ],
              [
                128.7973,
                35.0507
              ],
              [
                128.7973,
                35.0507
              ],
              [
                128.7975,
                35.0508
              ],
              [
                128.7975,
                35.0508
              ],
              [
                128.7975,
                35.0508
              ],
              [
                128.7975,
                35.0508
              ],
              [
                128.7975,
                35.0508
              ],
              [
                128.7975,
                35.0508
              ],
              [
                128.7975,
                35.0508
              ],
              [
                128.7975,
                35.0508
              ],
              [
                128.7976,
                35.0511
              ],
              [
                128.7976,
                35.0511
              ],
              [
                128.7976,
                35.0511
              ],
              [
                128.7977,
                35.0516
              ],
              [
                128.7977,
                35.0518
              ],
              [
                128.7977,
                35.0519
              ],
              [
                128.7977,
                35.0519
              ],
              [
                128.7977,
                35.052
              ],
              [
                128.7977,
                35.052
              ],
              [
                128.7976,
                35.052
              ],
              [
                128.7976,
                35.0521
              ],
              [
                128.7976,
                35.0521
              ],
              [
                128.7972,
                35.0529
              ],
              [
                128.7972,
                35.0529
              ],
              [
                128.7972,
                35.053
              ],
              [
                128.7972,
                35.053
              ],
              [
                128.7972,
                35.053
              ],
              [
                128.7972,
                35.053
              ],
              [
                128.7972,
                35.053
              ],
              [
                128.7972,
                35.053
              ],
              [
                128.7972,
                35.053
              ],
              [
                128.7972,
                35.053
              ],
              [
                128.7972,
                35.053
              ],
              [
                128.7972,
                35.053
              ],
              [
                128.7972,
                35.053
              ],
              [
                128.7972,
                35.053
              ],
              [
                128.7972,
                35.053
              ],
              [
                128.7971,
                35.053
              ],
              [
                128.7971,
                35.053
              ],
              [
                128.797,
                35.053
              ],
              [
                128.797,
                35.053
              ],
              [
                128.797,
                35.053
              ],
              [
                128.797,
                35.053
              ],
              [
                128.797,
                35.053
              ],
              [
                128.797,
                35.053
              ],
              [
                128.797,
                35.053
              ],
              [
                128.797,
                35.053
              ],
              [
                128.797,
                35.053
              ],
              [
                128.797,
                35.053
              ],
              [
                128.797,
                35.053
              ],
              [
                128.797,
                35.053
              ],
              [
                128.797,
                35.053
              ],
              [
                128.797,
                35.053
              ],
              [
                128.797,
                35.053
              ],
              [
                128.797,
                35.053
              ],
              [
                128.797,
                35.053
              ],
              [
                128.797,
                35.053
              ],
              [
                128.797,
                35.053
              ],
              [
                128.797,
                35.053
              ],
              [
                128.797,
                35.053
              ],
              [
                128.797,
                35.053
              ],
              [
                128.7969,
                35.0529
              ],
              [
                128.7969,
                35.0529
              ],
              [
                128.7969,
                35.0529
              ],
              [
                128.7968,
                35.0529
              ],
              [
                128.7968,
                35.0529
              ],
              [
                128.7967,
                35.0529
              ],
              [
                128.7967,
                35.0529
              ],
              [
                128.7967,
                35.0529
              ],
              [
                128.7967,
                35.0529
              ],
              [
                128.7967,
                35.0529
              ],
              [
                128.7967,
                35.0529
              ],
              [
                128.7967,
                35.0529
              ],
              [
                128.7967,
                35.0529
              ],
              [
                128.7967,
                35.053
              ],
              [
                128.7967,
                35.053
              ],
              [
                128.7967,
                35.053
              ],
              [
                128.7967,
                35.053
              ],
              [
                128.7967,
                35.053
              ],
              [
                128.7967,
                35.053
              ],
              [
                128.7966,
                35.053
              ],
              [
                128.7966,
                35.053
              ],
              [
                128.7966,
                35.053
              ],
              [
                128.7966,
                35.053
              ],
              [
                128.7966,
                35.053
              ],
              [
                128.7966,
                35.053
              ],
              [
                128.7966,
                35.053
              ],
              [
                128.7966,
                35.053
              ],
              [
                128.7966,
                35.053
              ],
              [
                128.7966,
                35.053
              ],
              [
                128.7967,
                35.0531
              ],
              [
                128.7967,
                35.0531
              ],
              [
                128.7967,
                35.0531
              ],
              [
                128.7967,
                35.0536
              ],
              [
                128.7967,
                35.0536
              ],
              [
                128.7967,
                35.0536
              ],
              [
                128.7967,
                35.0536
              ],
              [
                128.7967,
                35.0536
              ],
              [
                128.7968,
                35.0539
              ],
              [
                128.7968,
                35.0539
              ],
              [
                128.7968,
                35.0539
              ],
              [
                128.7969,
                35.0539
              ],
              [
                128.7969,
                35.0539
              ],
              [
                128.7969,
                35.0539
              ],
              [
                128.7969,
                35.0539
              ],
              [
                128.7969,
                35.0539
              ],
              [
                128.7969,
                35.0539
              ],
              [
                128.797,
                35.054
              ],
              [
                128.797,
                35.054
              ],
              [
                128.797,
                35.054
              ],
              [
                128.797,
                35.054
              ],
              [
                128.797,
                35.054
              ],
              [
                128.7971,
                35.054
              ],
              [
                128.7971,
                35.054
              ],
              [
                128.7971,
                35.054
              ],
              [
                128.7971,
                35.054
              ],
              [
                128.7971,
                35.054
              ],
              [
                128.7971,
                35.054
              ],
              [
                128.7971,
                35.054
              ],
              [
                128.7973,
                35.0541
              ],
              [
                128.7973,
                35.0541
              ],
              [
                128.7973,
                35.0541
              ],
              [
                128.7973,
                35.0541
              ],
              [
                128.7973,
                35.0541
              ],
              [
                128.7973,
                35.0541
              ],
              [
                128.7973,
                35.0541
              ],
              [
                128.7973,
                35.0542
              ],
              [
                128.7973,
                35.0542
              ],
              [
                128.7973,
                35.0542
              ],
              [
                128.7973,
                35.0542
              ],
              [
                128.7973,
                35.0542
              ],
              [
                128.7973,
                35.0542
              ],
              [
                128.7973,
                35.0542
              ],
              [
                128.7973,
                35.0542
              ],
              [
                128.7973,
                35.0542
              ],
              [
                128.7973,
                35.0542
              ],
              [
                128.7973,
                35.0542
              ],
              [
                128.7973,
                35.0542
              ],
              [
                128.7973,
                35.0542
              ],
              [
                128.7976,
                35.0543
              ],
              [
                128.7976,
                35.0543
              ],
              [
                128.7976,
                35.0543
              ],
              [
                128.7976,
                35.0543
              ],
              [
                128.7977,
                35.0543
              ],
              [
                128.7977,
                35.0543
              ],
              [
                128.7977,
                35.0543
              ],
              [
                128.798,
                35.0542
              ],
              [
                128.7985,
                35.0543
              ],
              [
                128.7986,
                35.0543
              ],
              [
                128.7986,
                35.0543
              ],
              [
                128.7986,
                35.0543
              ],
              [
                128.7986,
                35.0543
              ],
              [
                128.7986,
                35.0543
              ],
              [
                128.7987,
                35.0543
              ],
              [
                128.7987,
                35.0543
              ],
              [
                128.8003,
                35.0549
              ],
              [
                128.8032,
                35.0552
              ],
              [
                128.8032,
                35.0552
              ],
              [
                128.8032,
                35.0553
              ],
              [
                128.8033,
                35.0553
              ],
              [
                128.8033,
                35.0553
              ],
              [
                128.8033,
                35.0554
              ],
              [
                128.803,
                35.0554
              ],
              [
                128.8021,
                35.0554
              ],
              [
                128.8016,
                35.0554
              ],
              [
                128.8012,
                35.0553
              ],
              [
                128.8009,
                35.0553
              ],
              [
                128.8006,
                35.0552
              ],
              [
                128.7973,
                35.0546
              ],
              [
                128.7971,
                35.0545
              ],
              [
                128.7969,
                35.0545
              ],
              [
                128.7969,
                35.0545
              ],
              [
                128.7967,
                35.0543
              ],
              [
                128.7966,
                35.0542
              ],
              [
                128.7966,
                35.0542
              ],
              [
                128.7966,
                35.0542
              ],
              [
                128.7965,
                35.0541
              ],
              [
                128.7965,
                35.0541
              ],
              [
                128.7965,
                35.0539
              ],
              [
                128.7965,
                35.0536
              ],
              [
                128.7964,
                35.0535
              ],
              [
                128.7964,
                35.0535
              ],
              [
                128.7964,
                35.0535
              ],
              [
                128.7964,
                35.0535
              ],
              [
                128.7964,
                35.0534
              ],
              [
                128.7964,
                35.0534
              ],
              [
                128.7964,
                35.0534
              ],
              [
                128.7964,
                35.0534
              ],
              [
                128.7963,
                35.0534
              ],
              [
                128.7963,
                35.0534
              ],
              [
                128.7963,
                35.0534
              ],
              [
                128.7963,
                35.0534
              ],
              [
                128.7958,
                35.0534
              ],
              [
                128.7956,
                35.0534
              ],
              [
                128.7935,
                35.0534
              ],
              [
                128.7922,
                35.0534
              ],
              [
                128.791,
                35.0534
              ],
              [
                128.791,
                35.0534
              ],
              [
                128.791,
                35.0534
              ],
              [
                128.791,
                35.0534
              ],
              [
                128.7909,
                35.0534
              ],
              [
                128.7908,
                35.0542
              ],
              [
                128.7908,
                35.0543
              ],
              [
                128.7908,
                35.0543
              ],
              [
                128.7908,
                35.0544
              ],
              [
                128.7909,
                35.0614
              ],
              [
                128.7909,
                35.0616
              ],
              [
                128.7909,
                35.0616
              ],
              [
                128.7909,
                35.0616
              ],
              [
                128.7909,
                35.0617
              ],
              [
                128.791,
                35.0617
              ],
              [
                128.7921,
                35.062
              ],
              [
                128.7931,
                35.0623
              ],
              [
                128.7941,
                35.0625
              ],
              [
                128.7942,
                35.0625
              ],
              [
                128.7942,
                35.0625
              ],
              [
                128.7943,
                35.0625
              ],
              [
                128.7943,
                35.0625
              ],
              [
                128.7943,
                35.0625
              ],
              [
                128.7944,
                35.0625
              ],
              [
                128.7944,
                35.0625
              ],
              [
                128.7944,
                35.0625
              ],
              [
                128.7944,
                35.0625
              ],
              [
                128.7945,
                35.0623
              ],
              [
                128.7947,
                35.0618
              ],
              [
                128.7947,
                35.0618
              ],
              [
                128.7947,
                35.0617
              ],
              [
                128.7949,
                35.0608
              ],
              [
                128.7951,
                35.0598
              ],
              [
                128.7951,
                35.0598
              ],
              [
                128.7951,
                35.0597
              ],
              [
                128.7952,
                35.0597
              ],
              [
                128.7952,
                35.0597
              ],
              [
                128.7952,
                35.0597
              ],
              [
                128.7952,
                35.0597
              ],
              [
                128.7956,
                35.0598
              ],
              [
                128.8059,
                35.0615
              ],
              [
                128.8059,
                35.0617
              ],
              [
                128.806,
                35.0618
              ],
              [
                128.8059,
                35.0621
              ],
              [
                128.8057,
                35.0631
              ],
              [
                128.8056,
                35.0636
              ],
              [
                128.8055,
                35.064
              ],
              [
                128.8054,
                35.0645
              ],
              [
                128.8052,
                35.0654
              ],
              [
                128.8051,
                35.0656
              ],
              [
                128.805,
                35.0668
              ],
              [
                128.805,
                35.0668
              ],
              [
                128.805,
                35.0668
              ],
              [
                128.8072,
                35.0671
              ],
              [
                128.8097,
                35.0675
              ],
              [
                128.8115,
                35.0678
              ],
              [
                128.8124,
                35.068
              ],
              [
                128.8145,
                35.0683
              ],
              [
                128.8173,
                35.0688
              ],
              [
                128.8196,
                35.0692
              ],
              [
                128.8304,
                35.071
              ],
              [
                128.8322,
                35.0713
              ],
              [
                128.8324,
                35.0713
              ],
              [
                128.8324,
                35.0713
              ],
              [
                128.8324,
                35.0717
              ],
              [
                128.8324,
                35.0773
              ],
              [
                128.8324,
                35.0776
              ],
              [
                128.8322,
                35.0776
              ],
              [
                128.8202,
                35.0776
              ],
              [
                128.8143,
                35.0776
              ],
              [
                128.8115,
                35.0776
              ],
              [
                128.8115,
                35.0776
              ],
              [
                128.8115,
                35.08
              ],
              [
                128.8115,
                35.083
              ],
              [
                128.8181,
                35.083
              ],
              [
                128.8185,
                35.083
              ],
              [
                128.8215,
                35.0844
              ],
              [
                128.8215,
                35.0849
              ],
              [
                128.8215,
                35.0858
              ],
              [
                128.8215,
                35.0858
              ],
              [
                128.8231,
                35.0858
              ],
              [
                128.8246,
                35.0859
              ],
              [
                128.8264,
                35.0862
              ],
              [
                128.8264,
                35.0879
              ],
              [
                128.8265,
                35.0881
              ],
              [
                128.8275,
                35.0889
              ],
              [
                128.8287,
                35.09
              ],
              [
                128.832,
                35.0874
              ],
              [
                128.8321,
                35.0874
              ],
              [
                128.8321,
                35.0874
              ],
              [
                128.8344,
                35.0872
              ],
              [
                128.8344,
                35.0872
              ],
              [
                128.8348,
                35.087
              ],
              [
                128.8348,
                35.087
              ],
              [
                128.8351,
                35.0864
              ],
              [
                128.8352,
                35.0864
              ],
              [
                128.8355,
                35.0836
              ],
              [
                128.8354,
                35.0819
              ],
              [
                128.8353,
                35.0678
              ],
              [
                128.8353,
                35.0673
              ],
              [
                128.8346,
                35.0625
              ],
              [
                128.8346,
                35.0625
              ],
              [
                128.8346,
                35.0625
              ],
              [
                128.8346,
                35.0625
              ],
              [
                128.8339,
                35.0621
              ],
              [
                128.8337,
                35.062
              ],
              [
                128.8335,
                35.0619
              ],
              [
                128.8332,
                35.0615
              ],
              [
                128.8327,
                35.0603
              ],
              [
                128.8327,
                35.0603
              ],
              [
                128.8326,
                35.0582
              ],
              [
                128.8326,
                35.0581
              ],
              [
                128.8326,
                35.0581
              ],
              [
                128.8326,
                35.058
              ],
              [
                128.8326,
                35.0579
              ],
              [
                128.8326,
                35.0579
              ],
              [
                128.8327,
                35.0578
              ],
              [
                128.8337,
                35.0559
              ],
              [
                128.8338,
                35.0558
              ],
              [
                128.8339,
                35.0558
              ],
              [
                128.8342,
                35.0556
              ],
              [
                128.8345,
                35.0554
              ],
              [
                128.8348,
                35.0552
              ],
              [
                128.8372,
                35.0541
              ],
              [
                128.8384,
                35.0537
              ],
              [
                128.8419,
                35.0541
              ],
              [
                128.842,
                35.0541
              ],
              [
                128.842,
                35.0541
              ],
              [
                128.842,
                35.0541
              ],
              [
                128.842,
                35.0541
              ],
              [
                128.8451,
                35.0559
              ],
              [
                128.8451,
                35.0559
              ],
              [
                128.8458,
                35.0564
              ],
              [
                128.8459,
                35.0564
              ],
              [
                128.8459,
                35.0564
              ],
              [
                128.8459,
                35.0565
              ],
              [
                128.8459,
                35.0565
              ],
              [
                128.846,
                35.0573
              ],
              [
                128.846,
                35.0573
              ],
              [
                128.846,
                35.0576
              ],
              [
                128.8455,
                35.0591
              ],
              [
                128.8458,
                35.0595
              ]
            ]
          ],
          [
            [
              [
                128.8207,
                35.097
              ],
              [
                128.8208,
                35.0973
              ],
              [
                128.8233,
                35.1017
              ],
              [
                128.8235,
                35.1019
              ],
              [
                128.8236,
                35.1019
              ],
              [
                128.8236,
                35.102
              ],
              [
                128.8245,
                35.1023
              ],
              [
                128.8247,
                35.1023
              ],
              [
                128.8249,
                35.1023
              ],
              [
                128.8266,
                35.1025
              ],
              [
                128.8309,
                35.1026
              ],
              [
                128.8316,
                35.1026
              ],
              [
                128.8316,
                35.1026
              ],
              [
                128.8317,
                35.1026
              ],
              [
                128.8318,
                35.1026
              ],
              [
                128.8321,
                35.1025
              ],
              [
                128.8325,
                35.1024
              ],
              [
                128.8328,
                35.1023
              ],
              [
                128.8339,
                35.1018
              ],
              [
                128.8341,
                35.1018
              ],
              [
                128.8347,
                35.1018
              ],
              [
                128.8348,
                35.1018
              ],
              [
                128.8355,
                35.1021
              ],
              [
                128.8416,
                35.1059
              ],
              [
                128.8417,
                35.106
              ],
              [
                128.8432,
                35.1092
              ],
              [
                128.8433,
                35.1101
              ],
              [
                128.8433,
                35.1104
              ],
              [
                128.8433,
                35.1105
              ],
              [
                128.8433,
                35.1107
              ],
              [
                128.843,
                35.1132
              ],
              [
                128.8428,
                35.1135
              ],
              [
                128.8418,
                35.1145
              ],
              [
                128.8417,
                35.1146
              ],
              [
                128.8413,
                35.1148
              ],
              [
                128.8412,
                35.1148
              ],
              [
                128.8403,
                35.1152
              ],
              [
                128.8402,
                35.1152
              ],
              [
                128.8402,
                35.1152
              ],
              [
                128.8401,
                35.1152
              ],
              [
                128.8397,
                35.1152
              ],
              [
                128.8396,
                35.1151
              ],
              [
                128.8394,
                35.1151
              ],
              [
                128.8393,
                35.1151
              ],
              [
                128.839,
                35.1151
              ],
              [
                128.8388,
                35.1151
              ],
              [
                128.8387,
                35.1151
              ],
              [
                128.8386,
                35.1151
              ],
              [
                128.8385,
                35.1152
              ],
              [
                128.8375,
                35.1161
              ],
              [
                128.8375,
                35.1162
              ],
              [
                128.836,
                35.1189
              ],
              [
                128.836,
                35.1189
              ],
              [
                128.8359,
                35.119
              ],
              [
                128.8359,
                35.119
              ],
              [
                128.8359,
                35.1191
              ],
              [
                128.8364,
                35.12
              ],
              [
                128.8364,
                35.1201
              ],
              [
                128.8365,
                35.1202
              ],
              [
                128.837,
                35.1204
              ],
              [
                128.8374,
                35.1207
              ],
              [
                128.8375,
                35.1208
              ],
              [
                128.8376,
                35.1209
              ],
              [
                128.8381,
                35.1229
              ],
              [
                128.8381,
                35.1232
              ],
              [
                128.8378,
                35.124
              ],
              [
                128.8377,
                35.124
              ],
              [
                128.8368,
                35.1247
              ],
              [
                128.8363,
                35.1251
              ],
              [
                128.8357,
                35.1256
              ],
              [
                128.8351,
                35.1262
              ],
              [
                128.8346,
                35.1275
              ],
              [
                128.8345,
                35.128
              ],
              [
                128.8345,
                35.1288
              ],
              [
                128.8337,
                35.1294
              ],
              [
                128.833,
                35.1299
              ],
              [
                128.832,
                35.1296
              ],
              [
                128.8311,
                35.1291
              ],
              [
                128.8307,
                35.1288
              ],
              [
                128.8305,
                35.1285
              ],
              [
                128.8298,
                35.1282
              ],
              [
                128.8274,
                35.1282
              ],
              [
                128.8267,
                35.1286
              ],
              [
                128.8266,
                35.1295
              ],
              [
                128.8249,
                35.1306
              ],
              [
                128.8245,
                35.1309
              ],
              [
                128.8242,
                35.131
              ],
              [
                128.8236,
                35.1312
              ],
              [
                128.8188,
                35.1322
              ],
              [
                128.8161,
                35.1325
              ],
              [
                128.8158,
                35.1325
              ],
              [
                128.8154,
                35.1326
              ],
              [
                128.8134,
                35.1345
              ],
              [
                128.8099,
                35.1375
              ],
              [
                128.8086,
                35.1384
              ],
              [
                128.8076,
                35.1391
              ],
              [
                128.8073,
                35.1395
              ],
              [
                128.8077,
                35.1404
              ],
              [
                128.8076,
                35.1411
              ],
              [
                128.8072,
                35.1421
              ],
              [
                128.8067,
                35.1425
              ],
              [
                128.8052,
                35.1421
              ],
              [
                128.8046,
                35.1419
              ],
              [
                128.8036,
                35.1419
              ],
              [
                128.8036,
                35.1419
              ],
              [
                128.8032,
                35.1419
              ],
              [
                128.8032,
                35.1419
              ],
              [
                128.8021,
                35.1419
              ],
              [
                128.8022,
                35.1422
              ],
              [
                128.8022,
                35.1424
              ],
              [
                128.8023,
                35.1428
              ],
              [
                128.8025,
                35.1437
              ],
              [
                128.8023,
                35.1449
              ],
              [
                128.802,
                35.1461
              ],
              [
                128.8018,
                35.1466
              ],
              [
                128.7985,
                35.1505
              ],
              [
                128.796,
                35.1529
              ],
              [
                128.7946,
                35.1559
              ],
              [
                128.7942,
                35.1566
              ],
              [
                128.7937,
                35.1572
              ],
              [
                128.7945,
                35.1585
              ],
              [
                128.797,
                35.159
              ],
              [
                128.7971,
                35.159
              ],
              [
                128.7976,
                35.1585
              ],
              [
                128.7985,
                35.1581
              ],
              [
                128.8006,
                35.1581
              ],
              [
                128.8017,
                35.1586
              ],
              [
                128.8021,
                35.1592
              ],
              [
                128.8023,
                35.1595
              ],
              [
                128.804,
                35.1601
              ],
              [
                128.8059,
                35.1604
              ],
              [
                128.8071,
                35.1596
              ],
              [
                128.8079,
                35.1592
              ],
              [
                128.8087,
                35.1589
              ],
              [
                128.8125,
                35.1596
              ],
              [
                128.816,
                35.1602
              ],
              [
                128.8175,
                35.1595
              ],
              [
                128.8222,
                35.1574
              ],
              [
                128.8224,
                35.1569
              ],
              [
                128.823,
                35.1562
              ],
              [
                128.8259,
                35.1557
              ],
              [
                128.8263,
                35.1556
              ],
              [
                128.8271,
                35.1556
              ],
              [
                128.8275,
                35.1556
              ],
              [
                128.8275,
                35.1556
              ],
              [
                128.8284,
                35.1565
              ],
              [
                128.8285,
                35.1566
              ],
              [
                128.83,
                35.157
              ],
              [
                128.834,
                35.1576
              ],
              [
                128.836,
                35.1591
              ],
              [
                128.8372,
                35.1593
              ],
              [
                128.8383,
                35.1592
              ],
              [
                128.8406,
                35.1588
              ],
              [
                128.8415,
                35.1584
              ],
              [
                128.8429,
                35.158
              ],
              [
                128.8435,
                35.1585
              ],
              [
                128.8442,
                35.1599
              ],
              [
                128.8442,
                35.16
              ],
              [
                128.8441,
                35.1605
              ],
              [
                128.844,
                35.162
              ],
              [
                128.8445,
                35.1628
              ],
              [
                128.8455,
                35.164
              ],
              [
                128.8457,
                35.1642
              ],
              [
                128.8463,
                35.1647
              ],
              [
                128.8492,
                35.1655
              ],
              [
                128.8517,
                35.166
              ],
              [
                128.8541,
                35.1662
              ],
              [
                128.8564,
                35.1669
              ],
              [
                128.8589,
                35.168
              ],
              [
                128.8597,
                35.1682
              ],
              [
                128.8605,
                35.1678
              ],
              [
                128.8651,
                35.1674
              ],
              [
                128.8658,
                35.1674
              ],
              [
                128.8661,
                35.1675
              ],
              [
                128.8664,
                35.1676
              ],
              [
                128.8674,
                35.1677
              ],
              [
                128.8706,
                35.1658
              ],
              [
                128.8715,
                35.1651
              ],
              [
                128.8715,
                35.1651
              ],
              [
                128.8715,
                35.1651
              ],
              [
                128.8719,
                35.1643
              ],
              [
                128.8721,
                35.1626
              ],
              [
                128.8717,
                35.1616
              ],
              [
                128.8696,
                35.1591
              ],
              [
                128.8692,
                35.1586
              ],
              [
                128.8681,
                35.1586
              ],
              [
                128.868,
                35.1586
              ],
              [
                128.8676,
                35.159
              ],
              [
                128.8674,
                35.1592
              ],
              [
                128.8674,
                35.1593
              ],
              [
                128.8673,
                35.1593
              ],
              [
                128.8671,
                35.1595
              ],
              [
                128.8668,
                35.1597
              ],
              [
                128.8666,
                35.1598
              ],
              [
                128.8666,
                35.1597
              ],
              [
                128.8665,
                35.1597
              ],
              [
                128.8665,
                35.1597
              ],
              [
                128.8657,
                35.1594
              ],
              [
                128.8653,
                35.1588
              ],
              [
                128.8653,
                35.1587
              ],
              [
                128.8652,
                35.1582
              ],
              [
                128.8656,
                35.1577
              ],
              [
                128.8685,
                35.1542
              ],
              [
                128.8711,
                35.1512
              ],
              [
                128.8717,
                35.1505
              ],
              [
                128.873,
                35.1506
              ],
              [
                128.8742,
                35.1508
              ],
              [
                128.8753,
                35.1512
              ],
              [
                128.8763,
                35.1517
              ],
              [
                128.8757,
                35.1524
              ],
              [
                128.8747,
                35.1536
              ],
              [
                128.8747,
                35.1536
              ],
              [
                128.8747,
                35.1536
              ],
              [
                128.8744,
                35.1586
              ],
              [
                128.8749,
                35.1589
              ],
              [
                128.8756,
                35.1594
              ],
              [
                128.8774,
                35.1596
              ],
              [
                128.8787,
                35.1597
              ],
              [
                128.8792,
                35.1595
              ],
              [
                128.8808,
                35.1595
              ],
              [
                128.8814,
                35.1599
              ],
              [
                128.8814,
                35.1613
              ],
              [
                128.88,
                35.1619
              ],
              [
                128.8798,
                35.1618
              ],
              [
                128.8789,
                35.1624
              ],
              [
                128.877,
                35.165
              ],
              [
                128.8767,
                35.1677
              ],
              [
                128.8758,
                35.1705
              ],
              [
                128.8748,
                35.1708
              ],
              [
                128.8747,
                35.1708
              ],
              [
                128.8724,
                35.1723
              ],
              [
                128.8727,
                35.1729
              ],
              [
                128.8733,
                35.1738
              ],
              [
                128.8735,
                35.1741
              ],
              [
                128.8735,
                35.1741
              ],
              [
                128.8735,
                35.1741
              ],
              [
                128.8806,
                35.1715
              ],
              [
                128.8811,
                35.1718
              ],
              [
                128.8804,
                35.1731
              ],
              [
                128.8802,
                35.1739
              ],
              [
                128.8801,
                35.1747
              ],
              [
                128.88,
                35.1789
              ],
              [
                128.8801,
                35.1797
              ],
              [
                128.8802,
                35.18
              ],
              [
                128.8803,
                35.1803
              ],
              [
                128.8803,
                35.1803
              ],
              [
                128.8807,
                35.1809
              ],
              [
                128.8813,
                35.1814
              ],
              [
                128.8815,
                35.1816
              ],
              [
                128.8817,
                35.1817
              ],
              [
                128.8817,
                35.182
              ],
              [
                128.8817,
                35.1822
              ],
              [
                128.8816,
                35.1825
              ],
              [
                128.8815,
                35.1826
              ],
              [
                128.8814,
                35.1828
              ],
              [
                128.8814,
                35.1828
              ],
              [
                128.8812,
                35.183
              ],
              [
                128.8808,
                35.1836
              ],
              [
                128.8789,
                35.1855
              ],
              [
                128.8776,
                35.1867
              ],
              [
                128.877,
                35.1871
              ],
              [
                128.8765,
                35.1875
              ],
              [
                128.8764,
                35.1875
              ],
              [
                128.8762,
                35.1879
              ],
              [
                128.8761,
                35.1881
              ],
              [
                128.8759,
                35.1885
              ],
              [
                128.8758,
                35.1891
              ],
              [
                128.8757,
                35.1903
              ],
              [
                128.8758,
                35.1908
              ],
              [
                128.8761,
                35.1918
              ],
              [
                128.8762,
                35.1926
              ],
              [
                128.876,
                35.1932
              ],
              [
                128.8726,
                35.1988
              ],
              [
                128.8704,
                35.2016
              ],
              [
                128.8706,
                35.202
              ],
              [
                128.8708,
                35.2023
              ],
              [
                128.8711,
                35.2025
              ],
              [
                128.8725,
                35.2035
              ],
              [
                128.8749,
                35.2053
              ],
              [
                128.8767,
                35.2076
              ],
              [
                128.8773,
                35.2083
              ],
              [
                128.879,
                35.21
              ],
              [
                128.8791,
                35.21
              ],
              [
                128.8792,
                35.2101
              ],
              [
                128.8793,
                35.2101
              ],
              [
                128.8796,
                35.2101
              ],
              [
                128.8798,
                35.2101
              ],
              [
                128.88,
                35.21
              ],
              [
                128.8803,
                35.21
              ],
              [
                128.8804,
                35.2101
              ],
              [
                128.8815,
                35.2103
              ],
              [
                128.8816,
                35.2104
              ],
              [
                128.884,
                35.2121
              ],
              [
                128.8841,
                35.2122
              ],
              [
                128.8841,
                35.2123
              ],
              [
                128.8841,
                35.2125
              ],
              [
                128.884,
                35.2127
              ],
              [
                128.884,
                35.2129
              ],
              [
                128.884,
                35.213
              ],
              [
                128.884,
                35.2131
              ],
              [
                128.8841,
                35.2132
              ],
              [
                128.8841,
                35.2132
              ],
              [
                128.8841,
                35.2133
              ],
              [
                128.8842,
                35.2133
              ],
              [
                128.8844,
                35.2135
              ],
              [
                128.8846,
                35.2136
              ],
              [
                128.8853,
                35.214
              ],
              [
                128.8861,
                35.2144
              ],
              [
                128.8864,
                35.2145
              ],
              [
                128.8866,
                35.2145
              ],
              [
                128.8876,
                35.2143
              ],
              [
                128.8881,
                35.2145
              ],
              [
                128.8882,
                35.2146
              ],
              [
                128.8883,
                35.2146
              ],
              [
                128.8887,
                35.2147
              ],
              [
                128.8889,
                35.2148
              ],
              [
                128.8891,
                35.2148
              ],
              [
                128.8891,
                35.2148
              ],
              [
                128.8892,
                35.2148
              ],
              [
                128.892,
                35.2142
              ],
              [
                128.8937,
                35.2138
              ],
              [
                128.8968,
                35.2132
              ],
              [
                128.9047,
                35.2153
              ],
              [
                128.9084,
                35.2168
              ],
              [
                128.9078,
                35.2174
              ],
              [
                128.9075,
                35.2176
              ],
              [
                128.9066,
                35.2185
              ],
              [
                128.9058,
                35.2193
              ],
              [
                128.905,
                35.2201
              ],
              [
                128.9093,
                35.2229
              ],
              [
                128.9095,
                35.2222
              ],
              [
                128.9087,
                35.2217
              ],
              [
                128.9088,
                35.2212
              ],
              [
                128.9089,
                35.2207
              ],
              [
                128.9092,
                35.2206
              ],
              [
                128.9095,
                35.2206
              ],
              [
                128.9095,
                35.2208
              ],
              [
                128.9097,
                35.2215
              ],
              [
                128.9099,
                35.2223
              ],
              [
                128.91,
                35.2226
              ],
              [
                128.9103,
                35.2229
              ],
              [
                128.9125,
                35.2225
              ],
              [
                128.9129,
                35.2219
              ],
              [
                128.9129,
                35.2219
              ],
              [
                128.9133,
                35.2213
              ],
              [
                128.9138,
                35.2207
              ],
              [
                128.9167,
                35.217
              ],
              [
                128.9198,
                35.2164
              ],
              [
                128.9201,
                35.2164
              ],
              [
                128.9245,
                35.2181
              ],
              [
                128.9246,
                35.2181
              ],
              [
                128.9258,
                35.2185
              ],
              [
                128.9266,
                35.2188
              ],
              [
                128.9272,
                35.2191
              ],
              [
                128.928,
                35.2195
              ],
              [
                128.929,
                35.2199
              ],
              [
                128.9292,
                35.22
              ],
              [
                128.9316,
                35.2216
              ],
              [
                128.9321,
                35.222
              ],
              [
                128.9345,
                35.2234
              ],
              [
                128.9347,
                35.2235
              ],
              [
                128.9356,
                35.2244
              ],
              [
                128.9367,
                35.2255
              ],
              [
                128.9375,
                35.226
              ],
              [
                128.9398,
                35.2272
              ],
              [
                128.9398,
                35.2273
              ],
              [
                128.9402,
                35.2274
              ],
              [
                128.9407,
                35.2275
              ],
              [
                128.9412,
                35.2277
              ],
              [
                128.9433,
                35.2282
              ],
              [
                128.944,
                35.2283
              ],
              [
                128.944,
                35.2283
              ],
              [
                128.9453,
                35.2275
              ],
              [
                128.9457,
                35.2273
              ],
              [
                128.9459,
                35.2271
              ],
              [
                128.9466,
                35.2266
              ],
              [
                128.9472,
                35.2261
              ],
              [
                128.9481,
                35.2254
              ],
              [
                128.9483,
                35.2253
              ],
              [
                128.9485,
                35.2252
              ],
              [
                128.9499,
                35.2252
              ],
              [
                128.95,
                35.2252
              ],
              [
                128.9507,
                35.2252
              ],
              [
                128.9567,
                35.2253
              ],
              [
                128.9598,
                35.2257
              ],
              [
                128.9624,
                35.2261
              ],
              [
                128.9667,
                35.2268
              ],
              [
                128.9683,
                35.227
              ],
              [
                128.9707,
                35.2271
              ],
              [
                128.9727,
                35.2272
              ],
              [
                128.9736,
                35.2274
              ],
              [
                128.9757,
                35.2278
              ],
              [
                128.9842,
                35.2298
              ],
              [
                128.9897,
                35.2317
              ],
              [
                128.9898,
                35.2317
              ],
              [
                128.9943,
                35.234
              ],
              [
                128.9943,
                35.2341
              ],
              [
                128.996,
                35.2354
              ],
              [
                128.9968,
                35.2361
              ],
              [
                128.9976,
                35.2345
              ],
              [
                128.9982,
                35.2329
              ],
              [
                128.998,
                35.2309
              ],
              [
                128.9976,
                35.2283
              ],
              [
                128.9975,
                35.2264
              ],
              [
                128.9969,
                35.2226
              ],
              [
                128.9955,
                35.2133
              ],
              [
                128.9955,
                35.2133
              ],
              [
                128.9955,
                35.2131
              ],
              [
                128.9954,
                35.2129
              ],
              [
                128.9954,
                35.2127
              ],
              [
                128.9953,
                35.2124
              ],
              [
                128.9946,
                35.2102
              ],
              [
                128.9946,
                35.21
              ],
              [
                128.9939,
                35.2081
              ],
              [
                128.9932,
                35.2067
              ],
              [
                128.9922,
                35.2056
              ],
              [
                128.9912,
                35.2044
              ],
              [
                128.9877,
                35.2015
              ],
              [
                128.9861,
                35.2
              ],
              [
                128.984,
                35.1983
              ],
              [
                128.9819,
                35.1967
              ],
              [
                128.9801,
                35.1954
              ],
              [
                128.9771,
                35.1933
              ],
              [
                128.9755,
                35.1927
              ],
              [
                128.9747,
                35.1924
              ],
              [
                128.972,
                35.1913
              ],
              [
                128.9703,
                35.1905
              ],
              [
                128.9663,
                35.1879
              ],
              [
                128.9648,
                35.186
              ],
              [
                128.9636,
                35.1845
              ],
              [
                128.9634,
                35.184
              ],
              [
                128.9633,
                35.1836
              ],
              [
                128.9632,
                35.1804
              ],
              [
                128.9631,
                35.1768
              ],
              [
                128.963,
                35.1696
              ],
              [
                128.9629,
                35.1644
              ],
              [
                128.9622,
                35.1612
              ],
              [
                128.9608,
                35.1548
              ],
              [
                128.9606,
                35.1538
              ],
              [
                128.9606,
                35.153
              ],
              [
                128.9604,
                35.1508
              ],
              [
                128.9604,
                35.1506
              ],
              [
                128.9602,
                35.1493
              ],
              [
                128.9602,
                35.1491
              ],
              [
                128.9602,
                35.1479
              ],
              [
                128.96,
                35.1456
              ],
              [
                128.96,
                35.1435
              ],
              [
                128.96,
                35.1407
              ],
              [
                128.9601,
                35.1401
              ],
              [
                128.9596,
                35.1366
              ],
              [
                128.9594,
                35.1366
              ],
              [
                128.9567,
                35.1351
              ],
              [
                128.9565,
                35.1349
              ],
              [
                128.9563,
                35.1347
              ],
              [
                128.956,
                35.1344
              ],
              [
                128.9555,
                35.1339
              ],
              [
                128.9554,
                35.1337
              ],
              [
                128.9543,
                35.1325
              ],
              [
                128.9531,
                35.1313
              ],
              [
                128.9519,
                35.1299
              ],
              [
                128.9513,
                35.129
              ],
              [
                128.9496,
                35.1263
              ],
              [
                128.9484,
                35.1241
              ],
              [
                128.9478,
                35.1227
              ],
              [
                128.9458,
                35.1219
              ],
              [
                128.9456,
                35.1217
              ],
              [
                128.9447,
                35.1212
              ],
              [
                128.942,
                35.1191
              ],
              [
                128.9415,
                35.1186
              ],
              [
                128.9386,
                35.1155
              ],
              [
                128.9383,
                35.1148
              ],
              [
                128.9382,
                35.1141
              ],
              [
                128.9366,
                35.1131
              ],
              [
                128.9349,
                35.1119
              ],
              [
                128.9353,
                35.11
              ],
              [
                128.9331,
                35.1103
              ],
              [
                128.9331,
                35.1103
              ],
              [
                128.9331,
                35.1103
              ],
              [
                128.933,
                35.1103
              ],
              [
                128.9328,
                35.1102
              ],
              [
                128.9328,
                35.1102
              ],
              [
                128.9327,
                35.1101
              ],
              [
                128.9327,
                35.1101
              ],
              [
                128.9327,
                35.1101
              ],
              [
                128.9323,
                35.1086
              ],
              [
                128.9329,
                35.1085
              ],
              [
                128.933,
                35.1079
              ],
              [
                128.933,
                35.1078
              ],
              [
                128.9327,
                35.1067
              ],
              [
                128.9324,
                35.1063
              ],
              [
                128.9308,
                35.1049
              ],
              [
                128.9304,
                35.1021
              ],
              [
                128.9302,
                35.1005
              ],
              [
                128.9303,
                35.1004
              ],
              [
                128.9311,
                35.0977
              ],
              [
                128.9311,
                35.0976
              ],
              [
                128.931,
                35.0969
              ],
              [
                128.9302,
                35.0927
              ],
              [
                128.9299,
                35.0926
              ],
              [
                128.9296,
                35.0925
              ],
              [
                128.9292,
                35.0925
              ],
              [
                128.929,
                35.0924
              ],
              [
                128.9279,
                35.0925
              ],
              [
                128.9272,
                35.0925
              ],
              [
                128.9267,
                35.0925
              ],
              [
                128.9251,
                35.0924
              ],
              [
                128.9247,
                35.0924
              ],
              [
                128.9244,
                35.0921
              ],
              [
                128.9244,
                35.0921
              ],
              [
                128.9243,
                35.092
              ],
              [
                128.9216,
                35.0907
              ],
              [
                128.9215,
                35.0906
              ],
              [
                128.9207,
                35.0905
              ],
              [
                128.9207,
                35.0904
              ],
              [
                128.9206,
                35.0904
              ],
              [
                128.9206,
                35.0904
              ],
              [
                128.9205,
                35.0904
              ],
              [
                128.9205,
                35.0904
              ],
              [
                128.9204,
                35.0904
              ],
              [
                128.9203,
                35.0904
              ],
              [
                128.9202,
                35.0904
              ],
              [
                128.9201,
                35.0904
              ],
              [
                128.9201,
                35.0905
              ],
              [
                128.9201,
                35.0905
              ],
              [
                128.9201,
                35.0905
              ],
              [
                128.9201,
                35.0905
              ],
              [
                128.9201,
                35.0905
              ],
              [
                128.9201,
                35.0906
              ],
              [
                128.9201,
                35.0906
              ],
              [
                128.9201,
                35.0906
              ],
              [
                128.9201,
                35.0906
              ],
              [
                128.9208,
                35.0909
              ],
              [
                128.9205,
                35.0909
              ],
              [
                128.9169,
                35.0897
              ],
              [
                128.9167,
                35.0897
              ],
              [
                128.9161,
                35.0894
              ],
              [
                128.9159,
                35.0893
              ],
              [
                128.9157,
                35.0891
              ],
              [
                128.9132,
                35.0876
              ],
              [
                128.9131,
                35.0876
              ],
              [
                128.9123,
                35.0864
              ],
              [
                128.9123,
                35.0864
              ],
              [
                128.9123,
                35.0842
              ],
              [
                128.9123,
                35.0808
              ],
              [
                128.9123,
                35.0807
              ],
              [
                128.9123,
                35.0806
              ],
              [
                128.9124,
                35.0806
              ],
              [
                128.9124,
                35.0806
              ],
              [
                128.9124,
                35.0806
              ],
              [
                128.9124,
                35.0806
              ],
              [
                128.9124,
                35.0798
              ],
              [
                128.9124,
                35.0797
              ],
              [
                128.9124,
                35.0797
              ],
              [
                128.9118,
                35.0793
              ],
              [
                128.9112,
                35.0789
              ],
              [
                128.9112,
                35.0789
              ],
              [
                128.9111,
                35.0789
              ],
              [
                128.9099,
                35.0789
              ],
              [
                128.9031,
                35.0789
              ],
              [
                128.9002,
                35.0789
              ],
              [
                128.8962,
                35.0789
              ],
              [
                128.8953,
                35.0789
              ],
              [
                128.8952,
                35.0789
              ],
              [
                128.8952,
                35.0789
              ],
              [
                128.8952,
                35.0789
              ],
              [
                128.8952,
                35.0789
              ],
              [
                128.8952,
                35.0799
              ],
              [
                128.8953,
                35.0864
              ],
              [
                128.8963,
                35.0892
              ],
              [
                128.8963,
                35.0893
              ],
              [
                128.8965,
                35.0897
              ],
              [
                128.8968,
                35.0905
              ],
              [
                128.8974,
                35.0922
              ],
              [
                128.8978,
                35.0929
              ],
              [
                128.898,
                35.0928
              ],
              [
                128.8989,
                35.0925
              ],
              [
                128.899,
                35.0925
              ],
              [
                128.8991,
                35.0925
              ],
              [
                128.8993,
                35.0926
              ],
              [
                128.8994,
                35.0926
              ],
              [
                128.8994,
                35.0928
              ],
              [
                128.8992,
                35.0982
              ],
              [
                128.9,
                35.1019
              ],
              [
                128.9003,
                35.1033
              ],
              [
                128.9004,
                35.1034
              ],
              [
                128.9005,
                35.104
              ],
              [
                128.9006,
                35.1044
              ],
              [
                128.901,
                35.1077
              ],
              [
                128.901,
                35.1078
              ],
              [
                128.9009,
                35.1082
              ],
              [
                128.9008,
                35.1085
              ],
              [
                128.9007,
                35.1089
              ],
              [
                128.9006,
                35.1092
              ],
              [
                128.9005,
                35.1094
              ],
              [
                128.9005,
                35.1096
              ],
              [
                128.9005,
                35.11
              ],
              [
                128.9005,
                35.1102
              ],
              [
                128.9005,
                35.1105
              ],
              [
                128.9005,
                35.1108
              ],
              [
                128.9006,
                35.1111
              ],
              [
                128.9006,
                35.1114
              ],
              [
                128.9007,
                35.1115
              ],
              [
                128.9008,
                35.1118
              ],
              [
                128.9013,
                35.1125
              ],
              [
                128.9016,
                35.1131
              ],
              [
                128.9017,
                35.1132
              ],
              [
                128.9022,
                35.1137
              ],
              [
                128.9025,
                35.1139
              ],
              [
                128.9029,
                35.1141
              ],
              [
                128.9038,
                35.1147
              ],
              [
                128.904,
                35.115
              ],
              [
                128.9044,
                35.1154
              ],
              [
                128.9045,
                35.1155
              ],
              [
                128.9046,
                35.1156
              ],
              [
                128.9047,
                35.1157
              ],
              [
                128.9048,
                35.1159
              ],
              [
                128.9049,
                35.1163
              ],
              [
                128.9056,
                35.1181
              ],
              [
                128.9051,
                35.1182
              ],
              [
                128.9044,
                35.1184
              ],
              [
                128.9036,
                35.1186
              ],
              [
                128.903,
                35.1188
              ],
              [
                128.9006,
                35.1195
              ],
              [
                128.9001,
                35.1196
              ],
              [
                128.9,
                35.1196
              ],
              [
                128.8998,
                35.1197
              ],
              [
                128.8976,
                35.1203
              ],
              [
                128.8975,
                35.1202
              ],
              [
                128.8971,
                35.1199
              ],
              [
                128.8968,
                35.1195
              ],
              [
                128.8947,
                35.1159
              ],
              [
                128.894,
                35.1141
              ],
              [
                128.8937,
                35.1131
              ],
              [
                128.8934,
                35.1126
              ],
              [
                128.893,
                35.1118
              ],
              [
                128.8929,
                35.1116
              ],
              [
                128.8925,
                35.1112
              ],
              [
                128.8921,
                35.1107
              ],
              [
                128.8916,
                35.1103
              ],
              [
                128.8906,
                35.1095
              ],
              [
                128.8901,
                35.1091
              ],
              [
                128.8899,
                35.109
              ],
              [
                128.8895,
                35.1078
              ],
              [
                128.8893,
                35.1057
              ],
              [
                128.8892,
                35.1046
              ],
              [
                128.8888,
                35.101
              ],
              [
                128.8883,
                35.0954
              ],
              [
                128.8883,
                35.0952
              ],
              [
                128.8883,
                35.095
              ],
              [
                128.8882,
                35.0938
              ],
              [
                128.8878,
                35.0902
              ],
              [
                128.8877,
                35.0895
              ],
              [
                128.8877,
                35.0893
              ],
              [
                128.8877,
                35.0893
              ],
              [
                128.8876,
                35.089
              ],
              [
                128.8875,
                35.0888
              ],
              [
                128.8875,
                35.0888
              ],
              [
                128.8874,
                35.0887
              ],
              [
                128.886,
                35.087
              ],
              [
                128.8842,
                35.0843
              ],
              [
                128.8842,
                35.0842
              ],
              [
                128.8839,
                35.0837
              ],
              [
                128.8833,
                35.0824
              ],
              [
                128.8833,
                35.0823
              ],
              [
                128.8833,
                35.0823
              ],
              [
                128.8834,
                35.0807
              ],
              [
                128.8837,
                35.0804
              ],
              [
                128.8843,
                35.0798
              ],
              [
                128.8843,
                35.0797
              ],
              [
                128.8843,
                35.0797
              ],
              [
                128.8843,
                35.0797
              ],
              [
                128.8843,
                35.0797
              ],
              [
                128.8843,
                35.0795
              ],
              [
                128.8843,
                35.0794
              ],
              [
                128.8842,
                35.0794
              ],
              [
                128.8842,
                35.0793
              ],
              [
                128.8841,
                35.0793
              ],
              [
                128.884,
                35.0793
              ],
              [
                128.884,
                35.0793
              ],
              [
                128.884,
                35.0793
              ],
              [
                128.8802,
                35.0796
              ],
              [
                128.8799,
                35.0796
              ],
              [
                128.8797,
                35.0797
              ],
              [
                128.8744,
                35.0802
              ],
              [
                128.8742,
                35.0802
              ],
              [
                128.8704,
                35.0808
              ],
              [
                128.8703,
                35.0808
              ],
              [
                128.8703,
                35.0808
              ],
              [
                128.8703,
                35.0808
              ],
              [
                128.8702,
                35.0808
              ],
              [
                128.8694,
                35.0812
              ],
              [
                128.8692,
                35.0814
              ],
              [
                128.8691,
                35.0815
              ],
              [
                128.8689,
                35.0817
              ],
              [
                128.8689,
                35.0817
              ],
              [
                128.8689,
                35.0818
              ],
              [
                128.8689,
                35.0818
              ],
              [
                128.8691,
                35.0821
              ],
              [
                128.87,
                35.0836
              ],
              [
                128.8701,
                35.0837
              ],
              [
                128.8707,
                35.084
              ],
              [
                128.8707,
                35.084
              ],
              [
                128.8709,
                35.0841
              ],
              [
                128.871,
                35.0841
              ],
              [
                128.8713,
                35.0841
              ],
              [
                128.8714,
                35.0841
              ],
              [
                128.8715,
                35.0841
              ],
              [
                128.8715,
                35.0841
              ],
              [
                128.8715,
                35.0836
              ],
              [
                128.8715,
                35.0834
              ],
              [
                128.8715,
                35.0834
              ],
              [
                128.8721,
                35.0829
              ],
              [
                128.8724,
                35.0829
              ],
              [
                128.8724,
                35.0833
              ],
              [
                128.8724,
                35.0836
              ],
              [
                128.8724,
                35.0841
              ],
              [
                128.8724,
                35.0848
              ],
              [
                128.8718,
                35.0865
              ],
              [
                128.8714,
                35.0876
              ],
              [
                128.8713,
                35.0879
              ],
              [
                128.871,
                35.0884
              ],
              [
                128.8709,
                35.0886
              ],
              [
                128.8709,
                35.0886
              ],
              [
                128.8708,
                35.0886
              ],
              [
                128.8708,
                35.0887
              ],
              [
                128.8708,
                35.0886
              ],
              [
                128.8707,
                35.0886
              ],
              [
                128.8707,
                35.0886
              ],
              [
                128.8707,
                35.0886
              ],
              [
                128.8707,
                35.0886
              ],
              [
                128.8707,
                35.0886
              ],
              [
                128.8707,
                35.0886
              ],
              [
                128.8708,
                35.0881
              ],
              [
                128.8708,
                35.0851
              ],
              [
                128.8708,
                35.0851
              ],
              [
                128.8708,
                35.0851
              ],
              [
                128.8708,
                35.0851
              ],
              [
                128.8684,
                35.0833
              ],
              [
                128.8684,
                35.0833
              ],
              [
                128.8684,
                35.0833
              ],
              [
                128.8682,
                35.0832
              ],
              [
                128.8682,
                35.0832
              ],
              [
                128.8598,
                35.0832
              ],
              [
                128.8549,
                35.0831
              ],
              [
                128.8545,
                35.0831
              ],
              [
                128.8521,
                35.0832
              ],
              [
                128.8494,
                35.0832
              ],
              [
                128.8415,
                35.0832
              ],
              [
                128.8409,
                35.0832
              ],
              [
                128.8403,
                35.0832
              ],
              [
                128.8401,
                35.0832
              ],
              [
                128.8401,
                35.0832
              ],
              [
                128.8401,
                35.082
              ],
              [
                128.8401,
                35.082
              ],
              [
                128.8389,
                35.0821
              ],
              [
                128.8373,
                35.0835
              ],
              [
                128.8372,
                35.0837
              ],
              [
                128.8372,
                35.0838
              ],
              [
                128.8364,
                35.0856
              ],
              [
                128.8364,
                35.0856
              ],
              [
                128.8364,
                35.0862
              ],
              [
                128.8364,
                35.0869
              ],
              [
                128.8364,
                35.0869
              ],
              [
                128.8362,
                35.0872
              ],
              [
                128.8356,
                35.088
              ],
              [
                128.8354,
                35.0882
              ],
              [
                128.8352,
                35.0884
              ],
              [
                128.8343,
                35.0884
              ],
              [
                128.833,
                35.0883
              ],
              [
                128.8329,
                35.0883
              ],
              [
                128.8329,
                35.0883
              ],
              [
                128.8322,
                35.0884
              ],
              [
                128.8321,
                35.0884
              ],
              [
                128.8309,
                35.0893
              ],
              [
                128.8302,
                35.0899
              ],
              [
                128.8245,
                35.0945
              ],
              [
                128.8244,
                35.0945
              ],
              [
                128.8244,
                35.0948
              ],
              [
                128.8244,
                35.0952
              ],
              [
                128.8244,
                35.0956
              ],
              [
                128.8244,
                35.0956
              ],
              [
                128.8244,
                35.0956
              ],
              [
                128.822,
                35.0976
              ],
              [
                128.8218,
                35.0977
              ],
              [
                128.8218,
                35.0977
              ],
              [
                128.8218,
                35.0977
              ],
              [
                128.8209,
                35.0972
              ],
              [
                128.8208,
                35.0971
              ],
              [
                128.8207,
                35.097
              ],
              [
                128.8207,
                35.097
              ]
            ]
          ]
        ]
      },
      "properties": {
        "name": "강서구",
        "base_year": "2018",
        "name_eng": "Gangseo-gu",
        "code": "21120"
      }
    },
    {
      "type": "Feature",
      "geometry": {
        "type": "MultiPolygon",
        "coordinates": [
          [
            [
              [
                129.0906,
                35.1931
              ],
              [
                129.091,
                35.193
              ],
              [
                129.0941,
                35.193
              ],
              [
                129.0975,
                35.1918
              ],
              [
                129.0993,
                35.1913
              ],
              [
                129.0995,
                35.1914
              ],
              [
                129.1006,
                35.1913
              ],
              [
                129.1026,
                35.1908
              ],
              [
                129.104,
                35.1907
              ],
              [
                129.1082,
                35.1904
              ],
              [
                129.1084,
                35.1903
              ],
              [
                129.1085,
                35.1902
              ],
              [
                129.1087,
                35.1901
              ],
              [
                129.1102,
                35.1892
              ],
              [
                129.1118,
                35.1889
              ],
              [
                129.112,
                35.1887
              ],
              [
                129.1122,
                35.1886
              ],
              [
                129.1123,
                35.1884
              ],
              [
                129.1126,
                35.1881
              ],
              [
                129.1125,
                35.188
              ],
              [
                129.1124,
                35.1879
              ],
              [
                129.1123,
                35.1876
              ],
              [
                129.1123,
                35.1875
              ],
              [
                129.1123,
                35.1874
              ],
              [
                129.1132,
                35.1856
              ],
              [
                129.1138,
                35.1845
              ],
              [
                129.1138,
                35.1845
              ],
              [
                129.1139,
                35.1844
              ],
              [
                129.1151,
                35.1837
              ],
              [
                129.1152,
                35.1836
              ],
              [
                129.1145,
                35.1816
              ],
              [
                129.1144,
                35.1815
              ],
              [
                129.1144,
                35.1814
              ],
              [
                129.1135,
                35.1797
              ],
              [
                129.1123,
                35.1775
              ],
              [
                129.1123,
                35.1774
              ],
              [
                129.1114,
                35.1759
              ],
              [
                129.1096,
                35.1762
              ],
              [
                129.1081,
                35.1772
              ],
              [
                129.1073,
                35.1779
              ],
              [
                129.1073,
                35.1783
              ],
              [
                129.1073,
                35.1786
              ],
              [
                129.1073,
                35.1787
              ],
              [
                129.1073,
                35.1795
              ],
              [
                129.107,
                35.1797
              ],
              [
                129.1058,
                35.1803
              ],
              [
                129.1044,
                35.1806
              ],
              [
                129.1039,
                35.1806
              ],
              [
                129.1037,
                35.1808
              ],
              [
                129.1037,
                35.1808
              ],
              [
                129.1036,
                35.1809
              ],
              [
                129.1025,
                35.1803
              ],
              [
                129.1017,
                35.1798
              ],
              [
                129.1015,
                35.1798
              ],
              [
                129.1002,
                35.1801
              ],
              [
                129.1002,
                35.1802
              ],
              [
                129.0971,
                35.1786
              ],
              [
                129.0967,
                35.1734
              ],
              [
                129.0968,
                35.1732
              ],
              [
                129.0969,
                35.1732
              ],
              [
                129.097,
                35.1731
              ],
              [
                129.0971,
                35.1716
              ],
              [
                129.0963,
                35.1704
              ],
              [
                129.0953,
                35.1687
              ],
              [
                129.095,
                35.1683
              ],
              [
                129.0946,
                35.1677
              ],
              [
                129.0945,
                35.1676
              ],
              [
                129.0941,
                35.1673
              ],
              [
                129.094,
                35.1672
              ],
              [
                129.0939,
                35.1671
              ],
              [
                129.0935,
                35.1667
              ],
              [
                129.0931,
                35.1663
              ],
              [
                129.0921,
                35.1657
              ],
              [
                129.0916,
                35.1655
              ],
              [
                129.0916,
                35.1655
              ],
              [
                129.0919,
                35.1642
              ],
              [
                129.0937,
                35.162
              ],
              [
                129.0949,
                35.1622
              ],
              [
                129.0954,
                35.1613
              ],
              [
                129.0936,
                35.1603
              ],
              [
                129.0931,
                35.1601
              ],
              [
                129.0929,
                35.16
              ],
              [
                129.0913,
                35.16
              ],
              [
                129.0903,
                35.1603
              ],
              [
                129.0902,
                35.1603
              ],
              [
                129.0896,
                35.1605
              ],
              [
                129.0891,
                35.1607
              ],
              [
                129.0878,
                35.1602
              ],
              [
                129.0865,
                35.1594
              ],
              [
                129.086,
                35.159
              ],
              [
                129.0858,
                35.1588
              ],
              [
                129.0835,
                35.1585
              ],
              [
                129.0828,
                35.1582
              ],
              [
                129.0803,
                35.1605
              ],
              [
                129.0797,
                35.1613
              ],
              [
                129.0781,
                35.1644
              ],
              [
                129.0786,
                35.1653
              ],
              [
                129.0789,
                35.1661
              ],
              [
                129.079,
                35.1663
              ],
              [
                129.0793,
                35.1667
              ],
              [
                129.0805,
                35.1676
              ],
              [
                129.0807,
                35.1676
              ],
              [
                129.0809,
                35.1676
              ],
              [
                129.081,
                35.1676
              ],
              [
                129.0812,
                35.1676
              ],
              [
                129.0812,
                35.1677
              ],
              [
                129.0813,
                35.1678
              ],
              [
                129.0814,
                35.1681
              ],
              [
                129.0815,
                35.1685
              ],
              [
                129.0816,
                35.1687
              ],
              [
                129.0816,
                35.1688
              ],
              [
                129.0817,
                35.169
              ],
              [
                129.0819,
                35.171
              ],
              [
                129.082,
                35.1712
              ],
              [
                129.082,
                35.1714
              ],
              [
                129.082,
                35.1715
              ],
              [
                129.082,
                35.1715
              ],
              [
                129.0818,
                35.1718
              ],
              [
                129.0818,
                35.1719
              ],
              [
                129.0786,
                35.1754
              ],
              [
                129.0786,
                35.1754
              ],
              [
                129.0772,
                35.1754
              ],
              [
                129.0757,
                35.1765
              ],
              [
                129.0752,
                35.1776
              ],
              [
                129.0752,
                35.1776
              ],
              [
                129.0751,
                35.1781
              ],
              [
                129.0751,
                35.1782
              ],
              [
                129.0723,
                35.1794
              ],
              [
                129.072,
                35.1796
              ],
              [
                129.072,
                35.1779
              ],
              [
                129.0714,
                35.1771
              ],
              [
                129.0703,
                35.1758
              ],
              [
                129.0678,
                35.1765
              ],
              [
                129.0674,
                35.1765
              ],
              [
                129.0657,
                35.1769
              ],
              [
                129.0628,
                35.1773
              ],
              [
                129.0626,
                35.1774
              ],
              [
                129.0624,
                35.1783
              ],
              [
                129.0619,
                35.1795
              ],
              [
                129.0616,
                35.1798
              ],
              [
                129.0615,
                35.1835
              ],
              [
                129.0587,
                35.1841
              ],
              [
                129.058,
                35.1841
              ],
              [
                129.0552,
                35.184
              ],
              [
                129.0551,
                35.184
              ],
              [
                129.0551,
                35.184
              ],
              [
                129.0547,
                35.184
              ],
              [
                129.054,
                35.1842
              ],
              [
                129.0531,
                35.1844
              ],
              [
                129.0513,
                35.1849
              ],
              [
                129.0483,
                35.1894
              ],
              [
                129.0476,
                35.1905
              ],
              [
                129.0473,
                35.1922
              ],
              [
                129.0474,
                35.1923
              ],
              [
                129.0477,
                35.1932
              ],
              [
                129.0482,
                35.1945
              ],
              [
                129.0503,
                35.1934
              ],
              [
                129.0505,
                35.1933
              ],
              [
                129.0515,
                35.1928
              ],
              [
                129.0526,
                35.1923
              ],
              [
                129.0527,
                35.1923
              ],
              [
                129.0527,
                35.1923
              ],
              [
                129.0558,
                35.1924
              ],
              [
                129.0608,
                35.1916
              ],
              [
                129.0622,
                35.1917
              ],
              [
                129.0622,
                35.1917
              ],
              [
                129.0623,
                35.1917
              ],
              [
                129.0624,
                35.1917
              ],
              [
                129.0624,
                35.1917
              ],
              [
                129.0624,
                35.1917
              ],
              [
                129.0644,
                35.1937
              ],
              [
                129.0665,
                35.1942
              ],
              [
                129.0666,
                35.1942
              ],
              [
                129.0697,
                35.1948
              ],
              [
                129.0719,
                35.1952
              ],
              [
                129.0717,
                35.1958
              ],
              [
                129.0742,
                35.1981
              ],
              [
                129.0778,
                35.1994
              ],
              [
                129.0782,
                35.1995
              ],
              [
                129.0806,
                35.1994
              ],
              [
                129.0819,
                35.1982
              ],
              [
                129.082,
                35.1981
              ],
              [
                129.0821,
                35.198
              ],
              [
                129.0822,
                35.1978
              ],
              [
                129.0823,
                35.1978
              ],
              [
                129.0825,
                35.1974
              ],
              [
                129.0826,
                35.1971
              ],
              [
                129.0826,
                35.1969
              ],
              [
                129.0826,
                35.1968
              ],
              [
                129.0827,
                35.1965
              ],
              [
                129.0829,
                35.1962
              ],
              [
                129.0831,
                35.196
              ],
              [
                129.0831,
                35.1959
              ],
              [
                129.0832,
                35.1957
              ],
              [
                129.0832,
                35.1957
              ],
              [
                129.0833,
                35.1957
              ],
              [
                129.0874,
                35.1937
              ],
              [
                129.0874,
                35.1937
              ],
              [
                129.0881,
                35.1935
              ],
              [
                129.0884,
                35.1934
              ],
              [
                129.0884,
                35.1934
              ],
              [
                129.0884,
                35.1934
              ],
              [
                129.0906,
                35.1931
              ]
            ]
          ]
        ]
      },
      "properties": {
        "name": "연제구",
        "base_year": "2018",
        "name_eng": "Yeonje-gu",
        "code": "21130"
      }
    },
    {
      "type": "Feature",
      "geometry": {
        "type": "MultiPolygon",
        "coordinates": [
          [
            [
              [
                129.1151,
                35.1863
              ],
              [
                129.1155,
                35.186
              ],
              [
                129.1157,
                35.1861
              ],
              [
                129.1175,
                35.182
              ],
              [
                129.1178,
                35.1813
              ],
              [
                129.118,
                35.181
              ],
              [
                129.1179,
                35.1808
              ],
              [
                129.1178,
                35.1799
              ],
              [
                129.1186,
                35.1782
              ],
              [
                129.1191,
                35.177
              ],
              [
                129.1208,
                35.174
              ],
              [
                129.1212,
                35.1734
              ],
              [
                129.1222,
                35.1725
              ],
              [
                129.1229,
                35.1717
              ],
              [
                129.1238,
                35.1704
              ],
              [
                129.1242,
                35.1698
              ],
              [
                129.126,
                35.1664
              ],
              [
                129.126,
                35.1653
              ],
              [
                129.1273,
                35.1648
              ],
              [
                129.1281,
                35.1644
              ],
              [
                129.1286,
                35.164
              ],
              [
                129.13,
                35.1625
              ],
              [
                129.1309,
                35.1613
              ],
              [
                129.1311,
                35.1611
              ],
              [
                129.1312,
                35.161
              ],
              [
                129.1318,
                35.1603
              ],
              [
                129.1351,
                35.1567
              ],
              [
                129.1352,
                35.1566
              ],
              [
                129.1352,
                35.1566
              ],
              [
                129.1353,
                35.1563
              ],
              [
                129.1353,
                35.1562
              ],
              [
                129.1353,
                35.156
              ],
              [
                129.1353,
                35.1559
              ],
              [
                129.1353,
                35.1558
              ],
              [
                129.1353,
                35.1557
              ],
              [
                129.1353,
                35.1557
              ],
              [
                129.1353,
                35.1556
              ],
              [
                129.1353,
                35.1556
              ],
              [
                129.1353,
                35.1555
              ],
              [
                129.1352,
                35.1554
              ],
              [
                129.1351,
                35.1553
              ],
              [
                129.135,
                35.1552
              ],
              [
                129.135,
                35.1551
              ],
              [
                129.1348,
                35.155
              ],
              [
                129.1347,
                35.1549
              ],
              [
                129.1346,
                35.1548
              ],
              [
                129.1345,
                35.1548
              ],
              [
                129.1344,
                35.1547
              ],
              [
                129.1342,
                35.1546
              ],
              [
                129.134,
                35.1546
              ],
              [
                129.1313,
                35.154
              ],
              [
                129.1243,
                35.153
              ],
              [
                129.124,
                35.1539
              ],
              [
                129.124,
                35.1541
              ],
              [
                129.1238,
                35.1544
              ],
              [
                129.1238,
                35.1544
              ],
              [
                129.1237,
                35.1544
              ],
              [
                129.1234,
                35.1545
              ],
              [
                129.1229,
                35.1545
              ],
              [
                129.1224,
                35.1545
              ],
              [
                129.1219,
                35.1545
              ],
              [
                129.1215,
                35.1544
              ],
              [
                129.121,
                35.1543
              ],
              [
                129.1206,
                35.1541
              ],
              [
                129.1202,
                35.1539
              ],
              [
                129.1201,
                35.1538
              ],
              [
                129.1199,
                35.1537
              ],
              [
                129.1194,
                35.1533
              ],
              [
                129.1189,
                35.1529
              ],
              [
                129.1185,
                35.1526
              ],
              [
                129.1181,
                35.1523
              ],
              [
                129.1178,
                35.152
              ],
              [
                129.1174,
                35.1516
              ],
              [
                129.117,
                35.1511
              ],
              [
                129.1167,
                35.1507
              ],
              [
                129.1164,
                35.1504
              ],
              [
                129.1162,
                35.1501
              ],
              [
                129.1161,
                35.15
              ],
              [
                129.1161,
                35.15
              ],
              [
                129.1158,
                35.1496
              ],
              [
                129.1156,
                35.1493
              ],
              [
                129.1155,
                35.1491
              ],
              [
                129.1154,
                35.1489
              ],
              [
                129.1153,
                35.1485
              ],
              [
                129.1152,
                35.1483
              ],
              [
                129.1152,
                35.1483
              ],
              [
                129.1152,
                35.1482
              ],
              [
                129.1152,
                35.148
              ],
              [
                129.1151,
                35.1479
              ],
              [
                129.1151,
                35.1479
              ],
              [
                129.1151,
                35.1475
              ],
              [
                129.1151,
                35.1474
              ],
              [
                129.1151,
                35.1473
              ],
              [
                129.1151,
                35.1471
              ],
              [
                129.1151,
                35.147
              ],
              [
                129.1151,
                35.147
              ],
              [
                129.1151,
                35.1469
              ],
              [
                129.1151,
                35.1467
              ],
              [
                129.1152,
                35.1466
              ],
              [
                129.1153,
                35.1463
              ],
              [
                129.1153,
                35.1463
              ],
              [
                129.1153,
                35.1463
              ],
              [
                129.1153,
                35.1463
              ],
              [
                129.1156,
                35.1461
              ],
              [
                129.1166,
                35.1461
              ],
              [
                129.1174,
                35.1461
              ],
              [
                129.1179,
                35.1452
              ],
              [
                129.1178,
                35.1404
              ],
              [
                129.1172,
                35.1397
              ],
              [
                129.1156,
                35.1394
              ],
              [
                129.112,
                35.1363
              ],
              [
                129.1112,
                35.1358
              ],
              [
                129.1062,
                35.1391
              ],
              [
                129.1031,
                35.1417
              ],
              [
                129.1029,
                35.1418
              ],
              [
                129.1028,
                35.142
              ],
              [
                129.1027,
                35.1421
              ],
              [
                129.1022,
                35.1426
              ],
              [
                129.1022,
                35.1427
              ],
              [
                129.1022,
                35.1427
              ],
              [
                129.1029,
                35.1436
              ],
              [
                129.103,
                35.1436
              ],
              [
                129.1031,
                35.1437
              ],
              [
                129.1034,
                35.1439
              ],
              [
                129.1034,
                35.1441
              ],
              [
                129.1034,
                35.1448
              ],
              [
                129.1026,
                35.1475
              ],
              [
                129.1019,
                35.1496
              ],
              [
                129.1012,
                35.1518
              ],
              [
                129.1011,
                35.152
              ],
              [
                129.099,
                35.1546
              ],
              [
                129.0989,
                35.1548
              ],
              [
                129.098,
                35.1566
              ],
              [
                129.0954,
                35.1613
              ],
              [
                129.0949,
                35.1622
              ],
              [
                129.0937,
                35.162
              ],
              [
                129.0919,
                35.1642
              ],
              [
                129.0916,
                35.1655
              ],
              [
                129.0916,
                35.1655
              ],
              [
                129.0921,
                35.1657
              ],
              [
                129.0931,
                35.1663
              ],
              [
                129.0935,
                35.1667
              ],
              [
                129.0939,
                35.1671
              ],
              [
                129.094,
                35.1672
              ],
              [
                129.0941,
                35.1673
              ],
              [
                129.0945,
                35.1676
              ],
              [
                129.0946,
                35.1677
              ],
              [
                129.095,
                35.1683
              ],
              [
                129.0953,
                35.1687
              ],
              [
                129.0963,
                35.1704
              ],
              [
                129.0971,
                35.1716
              ],
              [
                129.097,
                35.1731
              ],
              [
                129.0969,
                35.1732
              ],
              [
                129.0968,
                35.1732
              ],
              [
                129.0967,
                35.1734
              ],
              [
                129.0971,
                35.1786
              ],
              [
                129.1002,
                35.1802
              ],
              [
                129.1002,
                35.1801
              ],
              [
                129.1015,
                35.1798
              ],
              [
                129.1017,
                35.1798
              ],
              [
                129.1025,
                35.1803
              ],
              [
                129.1036,
                35.1809
              ],
              [
                129.1037,
                35.1808
              ],
              [
                129.1037,
                35.1808
              ],
              [
                129.1039,
                35.1806
              ],
              [
                129.1044,
                35.1806
              ],
              [
                129.1058,
                35.1803
              ],
              [
                129.107,
                35.1797
              ],
              [
                129.1073,
                35.1795
              ],
              [
                129.1073,
                35.1787
              ],
              [
                129.1073,
                35.1786
              ],
              [
                129.1073,
                35.1783
              ],
              [
                129.1073,
                35.1779
              ],
              [
                129.1081,
                35.1772
              ],
              [
                129.1096,
                35.1762
              ],
              [
                129.1114,
                35.1759
              ],
              [
                129.1123,
                35.1774
              ],
              [
                129.1123,
                35.1775
              ],
              [
                129.1135,
                35.1797
              ],
              [
                129.1144,
                35.1814
              ],
              [
                129.1144,
                35.1815
              ],
              [
                129.1145,
                35.1816
              ],
              [
                129.1152,
                35.1836
              ],
              [
                129.1151,
                35.1837
              ],
              [
                129.1151,
                35.1863
              ]
            ]
          ]
        ]
      },
      "properties": {
        "name": "수영구",
        "base_year": "2018",
        "name_eng": "Suyeong-gu",
        "code": "21140"
      }
    },
    {
      "type": "Feature",
      "geometry": {
        "type": "MultiPolygon",
        "coordinates": [
          [
            [
              [
                128.9879,
                35.1959
              ],
              [
                128.9909,
                35.1939
              ],
              [
                128.9938,
                35.1953
              ],
              [
                128.9947,
                35.1949
              ],
              [
                128.9987,
                35.1927
              ],
              [
                129.0003,
                35.1919
              ],
              [
                129.0004,
                35.1902
              ],
              [
                129.001,
                35.19
              ],
              [
                129.0035,
                35.1901
              ],
              [
                129.0071,
                35.1886
              ],
              [
                129.0114,
                35.1889
              ],
              [
                129.0142,
                35.1889
              ],
              [
                129.0172,
                35.1888
              ],
              [
                129.0197,
                35.188
              ],
              [
                129.0209,
                35.1876
              ],
              [
                129.0211,
                35.1875
              ],
              [
                129.0208,
                35.1832
              ],
              [
                129.0193,
                35.1805
              ],
              [
                129.0193,
                35.1805
              ],
              [
                129.0188,
                35.1803
              ],
              [
                129.0169,
                35.1796
              ],
              [
                129.0167,
                35.1792
              ],
              [
                129.0164,
                35.1785
              ],
              [
                129.0145,
                35.1767
              ],
              [
                129.0106,
                35.1736
              ],
              [
                129.011,
                35.1708
              ],
              [
                129.0129,
                35.1665
              ],
              [
                129.0113,
                35.1628
              ],
              [
                129.0114,
                35.1624
              ],
              [
                129.0114,
                35.1613
              ],
              [
                129.0107,
                35.1604
              ],
              [
                129.0106,
                35.1587
              ],
              [
                129.0149,
                35.1561
              ],
              [
                129.0149,
                35.1561
              ],
              [
                129.0153,
                35.1563
              ],
              [
                129.0154,
                35.1563
              ],
              [
                129.0162,
                35.1548
              ],
              [
                129.0163,
                35.1546
              ],
              [
                129.0164,
                35.1542
              ],
              [
                129.0167,
                35.1528
              ],
              [
                129.0162,
                35.1482
              ],
              [
                129.0162,
                35.1481
              ],
              [
                129.0163,
                35.1476
              ],
              [
                129.0163,
                35.1475
              ],
              [
                129.0163,
                35.1473
              ],
              [
                129.0148,
                35.1463
              ],
              [
                129.0144,
                35.1461
              ],
              [
                129.0144,
                35.1461
              ],
              [
                129.0141,
                35.1459
              ],
              [
                129.0141,
                35.1458
              ],
              [
                129.0148,
                35.1447
              ],
              [
                129.0153,
                35.144
              ],
              [
                129.0154,
                35.144
              ],
              [
                129.0158,
                35.1438
              ],
              [
                129.0161,
                35.1438
              ],
              [
                129.0161,
                35.1438
              ],
              [
                129.0162,
                35.1434
              ],
              [
                129.0163,
                35.1434
              ],
              [
                129.0162,
                35.1433
              ],
              [
                129.0161,
                35.1432
              ],
              [
                129.0151,
                35.1417
              ],
              [
                129.0129,
                35.1386
              ],
              [
                129.0122,
                35.1375
              ],
              [
                129.0122,
                35.1375
              ],
              [
                129.0106,
                35.1388
              ],
              [
                129.0087,
                35.1394
              ],
              [
                129.0077,
                35.1395
              ],
              [
                129.006,
                35.1392
              ],
              [
                129.004,
                35.1396
              ],
              [
                129.0017,
                35.1407
              ],
              [
                128.9985,
                35.141
              ],
              [
                128.996,
                35.1404
              ],
              [
                128.9995,
                35.1389
              ],
              [
                129.0043,
                35.1364
              ],
              [
                129.0035,
                35.1346
              ],
              [
                129.0027,
                35.1337
              ],
              [
                129.0027,
                35.1329
              ],
              [
                129.0029,
                35.1319
              ],
              [
                129.003,
                35.1314
              ],
              [
                129.0032,
                35.1306
              ],
              [
                129.0032,
                35.1305
              ],
              [
                129.0031,
                35.1299
              ],
              [
                129.003,
                35.1293
              ],
              [
                129.0029,
                35.1278
              ],
              [
                129.0031,
                35.1278
              ],
              [
                129.0036,
                35.128
              ],
              [
                129.004,
                35.128
              ],
              [
                129.0039,
                35.1277
              ],
              [
                129.0039,
                35.1275
              ],
              [
                129.0037,
                35.1268
              ],
              [
                129.0036,
                35.1265
              ],
              [
                129.0036,
                35.1265
              ],
              [
                129.0033,
                35.126
              ],
              [
                129.003,
                35.1255
              ],
              [
                129.0029,
                35.1254
              ],
              [
                129.0013,
                35.1247
              ],
              [
                129,
                35.1237
              ],
              [
                128.9997,
                35.1233
              ],
              [
                128.9968,
                35.1236
              ],
              [
                128.9912,
                35.1244
              ],
              [
                128.9899,
                35.1246
              ],
              [
                128.9895,
                35.1246
              ],
              [
                128.9883,
                35.1245
              ],
              [
                128.9878,
                35.1243
              ],
              [
                128.987,
                35.1242
              ],
              [
                128.9822,
                35.1203
              ],
              [
                128.9816,
                35.1197
              ],
              [
                128.9815,
                35.1186
              ],
              [
                128.9805,
                35.1174
              ],
              [
                128.9801,
                35.1171
              ],
              [
                128.977,
                35.1169
              ],
              [
                128.9759,
                35.1171
              ],
              [
                128.9725,
                35.1187
              ],
              [
                128.9696,
                35.1199
              ],
              [
                128.9671,
                35.1208
              ],
              [
                128.9637,
                35.1219
              ],
              [
                128.9606,
                35.1201
              ],
              [
                128.9604,
                35.1198
              ],
              [
                128.96,
                35.1191
              ],
              [
                128.9594,
                35.1177
              ],
              [
                128.9584,
                35.1186
              ],
              [
                128.9583,
                35.1188
              ],
              [
                128.9582,
                35.1189
              ],
              [
                128.9578,
                35.1207
              ],
              [
                128.9576,
                35.1221
              ],
              [
                128.9575,
                35.1227
              ],
              [
                128.9574,
                35.1238
              ],
              [
                128.9575,
                35.1243
              ],
              [
                128.9578,
                35.1256
              ],
              [
                128.958,
                35.1263
              ],
              [
                128.9582,
                35.1268
              ],
              [
                128.9586,
                35.1278
              ],
              [
                128.9588,
                35.1282
              ],
              [
                128.9598,
                35.1299
              ],
              [
                128.9603,
                35.1307
              ],
              [
                128.9606,
                35.131
              ],
              [
                128.9608,
                35.1315
              ],
              [
                128.9609,
                35.1319
              ],
              [
                128.9613,
                35.1327
              ],
              [
                128.9616,
                35.1335
              ],
              [
                128.9622,
                35.1356
              ],
              [
                128.9622,
                35.1368
              ],
              [
                128.9596,
                35.1366
              ],
              [
                128.9601,
                35.1401
              ],
              [
                128.96,
                35.1407
              ],
              [
                128.96,
                35.1435
              ],
              [
                128.96,
                35.1456
              ],
              [
                128.9602,
                35.1479
              ],
              [
                128.9602,
                35.1491
              ],
              [
                128.9602,
                35.1493
              ],
              [
                128.9604,
                35.1506
              ],
              [
                128.9604,
                35.1508
              ],
              [
                128.9606,
                35.153
              ],
              [
                128.9606,
                35.1538
              ],
              [
                128.9608,
                35.1548
              ],
              [
                128.9622,
                35.1612
              ],
              [
                128.9629,
                35.1644
              ],
              [
                128.963,
                35.1696
              ],
              [
                128.9631,
                35.1768
              ],
              [
                128.9632,
                35.1804
              ],
              [
                128.9633,
                35.1836
              ],
              [
                128.9634,
                35.184
              ],
              [
                128.9636,
                35.1845
              ],
              [
                128.9648,
                35.186
              ],
              [
                128.9663,
                35.1879
              ],
              [
                128.9703,
                35.1905
              ],
              [
                128.972,
                35.1913
              ],
              [
                128.9747,
                35.1924
              ],
              [
                128.9755,
                35.1927
              ],
              [
                128.9771,
                35.1933
              ],
              [
                128.9801,
                35.1954
              ],
              [
                128.9819,
                35.1967
              ],
              [
                128.984,
                35.1983
              ],
              [
                128.9861,
                35.2
              ],
              [
                128.9877,
                35.2015
              ],
              [
                128.9889,
                35.2006
              ],
              [
                128.9891,
                35.2002
              ],
              [
                128.9891,
                35.2001
              ],
              [
                128.9886,
                35.198
              ],
              [
                128.9879,
                35.1959
              ]
            ]
          ]
        ]
      },
      "properties": {
        "name": "사상구",
        "base_year": "2018",
        "name_eng": "Sasang-gu",
        "code": "21150"
      }
    },
    {
      "type": "Feature",
      "geometry": {
        "type": "MultiPolygon",
        "coordinates": [
          [
            [
              [
                129.2165,
                35.3793
              ],
              [
                129.2185,
                35.379
              ],
              [
                129.2205,
                35.3793
              ],
              [
                129.2219,
                35.3798
              ],
              [
                129.2248,
                35.3804
              ],
              [
                129.2302,
                35.3811
              ],
              [
                129.2317,
                35.3811
              ],
              [
                129.2318,
                35.3811
              ],
              [
                129.2324,
                35.3807
              ],
              [
                129.2333,
                35.3805
              ],
              [
                129.2354,
                35.3803
              ],
              [
                129.2361,
                35.3817
              ],
              [
                129.2363,
                35.3824
              ],
              [
                129.2364,
                35.383
              ],
              [
                129.2368,
                35.3834
              ],
              [
                129.237,
                35.3836
              ],
              [
                129.2402,
                35.3843
              ],
              [
                129.242,
                35.3834
              ],
              [
                129.2468,
                35.3827
              ],
              [
                129.2468,
                35.3827
              ],
              [
                129.2469,
                35.3828
              ],
              [
                129.2472,
                35.3828
              ],
              [
                129.248,
                35.383
              ],
              [
                129.2485,
                35.3831
              ],
              [
                129.2488,
                35.3832
              ],
              [
                129.2498,
                35.3837
              ],
              [
                129.2507,
                35.3845
              ],
              [
                129.2509,
                35.3847
              ],
              [
                129.2508,
                35.3858
              ],
              [
                129.2503,
                35.3868
              ],
              [
                129.2506,
                35.3874
              ],
              [
                129.2529,
                35.3868
              ],
              [
                129.2538,
                35.3863
              ],
              [
                129.2547,
                35.3857
              ],
              [
                129.2547,
                35.3857
              ],
              [
                129.2548,
                35.3856
              ],
              [
                129.2549,
                35.3855
              ],
              [
                129.2554,
                35.3851
              ],
              [
                129.2558,
                35.3849
              ],
              [
                129.2575,
                35.3842
              ],
              [
                129.2578,
                35.3842
              ],
              [
                129.258,
                35.3841
              ],
              [
                129.2585,
                35.3842
              ],
              [
                129.2619,
                35.3851
              ],
              [
                129.2633,
                35.3856
              ],
              [
                129.2655,
                35.3871
              ],
              [
                129.2658,
                35.3853
              ],
              [
                129.2661,
                35.3842
              ],
              [
                129.2663,
                35.3837
              ],
              [
                129.2681,
                35.3806
              ],
              [
                129.2712,
                35.3779
              ],
              [
                129.2723,
                35.3772
              ],
              [
                129.2768,
                35.3721
              ],
              [
                129.2773,
                35.3714
              ],
              [
                129.2776,
                35.3699
              ],
              [
                129.2776,
                35.3699
              ],
              [
                129.2783,
                35.3679
              ],
              [
                129.2794,
                35.3661
              ],
              [
                129.2795,
                35.3661
              ],
              [
                129.2809,
                35.3656
              ],
              [
                129.2822,
                35.3653
              ],
              [
                129.2824,
                35.364
              ],
              [
                129.2819,
                35.3619
              ],
              [
                129.2817,
                35.3615
              ],
              [
                129.2815,
                35.3611
              ],
              [
                129.2813,
                35.3608
              ],
              [
                129.2809,
                35.3591
              ],
              [
                129.2805,
                35.3562
              ],
              [
                129.2811,
                35.3555
              ],
              [
                129.2821,
                35.3546
              ],
              [
                129.2826,
                35.3541
              ],
              [
                129.2828,
                35.354
              ],
              [
                129.2832,
                35.3537
              ],
              [
                129.2833,
                35.3537
              ],
              [
                129.284,
                35.3531
              ],
              [
                129.2842,
                35.3528
              ],
              [
                129.2843,
                35.3523
              ],
              [
                129.2849,
                35.3507
              ],
              [
                129.2839,
                35.3461
              ],
              [
                129.2834,
                35.3454
              ],
              [
                129.2821,
                35.3439
              ],
              [
                129.2808,
                35.3429
              ],
              [
                129.2797,
                35.3414
              ],
              [
                129.2811,
                35.3406
              ],
              [
                129.2817,
                35.3403
              ],
              [
                129.2855,
                35.3392
              ],
              [
                129.2856,
                35.3392
              ],
              [
                129.286,
                35.3393
              ],
              [
                129.2898,
                35.3393
              ],
              [
                129.2919,
                35.3368
              ],
              [
                129.2999,
                35.336
              ],
              [
                129.3023,
                35.334
              ],
              [
                129.3023,
                35.3339
              ],
              [
                129.3022,
                35.3336
              ],
              [
                129.3022,
                35.3335
              ],
              [
                129.3024,
                35.333
              ],
              [
                129.3027,
                35.3323
              ],
              [
                129.3041,
                35.3302
              ],
              [
                129.3042,
                35.3301
              ],
              [
                129.3045,
                35.33
              ],
              [
                129.3048,
                35.3299
              ],
              [
                129.3049,
                35.3298
              ],
              [
                129.3049,
                35.3297
              ],
              [
                129.3058,
                35.3247
              ],
              [
                129.3058,
                35.3246
              ],
              [
                129.3057,
                35.3246
              ],
              [
                129.3056,
                35.3242
              ],
              [
                129.3056,
                35.3241
              ],
              [
                129.3056,
                35.3239
              ],
              [
                129.3056,
                35.3239
              ],
              [
                129.3055,
                35.3238
              ],
              [
                129.3054,
                35.3236
              ],
              [
                129.3043,
                35.3221
              ],
              [
                129.3042,
                35.3221
              ],
              [
                129.3042,
                35.3221
              ],
              [
                129.3041,
                35.3221
              ],
              [
                129.3041,
                35.3221
              ],
              [
                129.304,
                35.3221
              ],
              [
                129.3038,
                35.3221
              ],
              [
                129.3037,
                35.3222
              ],
              [
                129.3036,
                35.3223
              ],
              [
                129.3036,
                35.3223
              ],
              [
                129.3036,
                35.3223
              ],
              [
                129.3036,
                35.3224
              ],
              [
                129.3038,
                35.3226
              ],
              [
                129.3039,
                35.3227
              ],
              [
                129.304,
                35.3228
              ],
              [
                129.3041,
                35.3229
              ],
              [
                129.3041,
                35.3229
              ],
              [
                129.3041,
                35.3229
              ],
              [
                129.3041,
                35.3229
              ],
              [
                129.3041,
                35.3229
              ],
              [
                129.3042,
                35.3229
              ],
              [
                129.3043,
                35.3229
              ],
              [
                129.3043,
                35.3229
              ],
              [
                129.3045,
                35.3231
              ],
              [
                129.305,
                35.3238
              ],
              [
                129.3051,
                35.3239
              ],
              [
                129.3051,
                35.324
              ],
              [
                129.3051,
                35.324
              ],
              [
                129.3052,
                35.3241
              ],
              [
                129.3052,
                35.3243
              ],
              [
                129.3052,
                35.3244
              ],
              [
                129.3052,
                35.3245
              ],
              [
                129.3052,
                35.3246
              ],
              [
                129.3052,
                35.3247
              ],
              [
                129.3052,
                35.3252
              ],
              [
                129.3047,
                35.3285
              ],
              [
                129.3045,
                35.3298
              ],
              [
                129.3042,
                35.3301
              ],
              [
                129.3035,
                35.3297
              ],
              [
                129.3035,
                35.3289
              ],
              [
                129.3036,
                35.3284
              ],
              [
                129.3036,
                35.3271
              ],
              [
                129.3037,
                35.3253
              ],
              [
                129.3037,
                35.3253
              ],
              [
                129.3037,
                35.3252
              ],
              [
                129.3037,
                35.325
              ],
              [
                129.3025,
                35.3212
              ],
              [
                129.3025,
                35.3211
              ],
              [
                129.3024,
                35.3211
              ],
              [
                129.302,
                35.3204
              ],
              [
                129.3019,
                35.3202
              ],
              [
                129.2993,
                35.3184
              ],
              [
                129.2992,
                35.3184
              ],
              [
                129.2992,
                35.3184
              ],
              [
                129.2992,
                35.3184
              ],
              [
                129.2939,
                35.318
              ],
              [
                129.2915,
                35.3181
              ],
              [
                129.2896,
                35.3185
              ],
              [
                129.2886,
                35.319
              ],
              [
                129.287,
                35.3199
              ],
              [
                129.2868,
                35.32
              ],
              [
                129.2867,
                35.3201
              ],
              [
                129.2866,
                35.3202
              ],
              [
                129.2865,
                35.3203
              ],
              [
                129.2865,
                35.3203
              ],
              [
                129.2865,
                35.3203
              ],
              [
                129.2865,
                35.3203
              ],
              [
                129.2865,
                35.3203
              ],
              [
                129.2865,
                35.3204
              ],
              [
                129.2865,
                35.3204
              ],
              [
                129.2865,
                35.3204
              ],
              [
                129.2865,
                35.3204
              ],
              [
                129.2865,
                35.3205
              ],
              [
                129.2865,
                35.3205
              ],
              [
                129.2865,
                35.3205
              ],
              [
                129.2865,
                35.3205
              ],
              [
                129.2865,
                35.3205
              ],
              [
                129.2866,
                35.3206
              ],
              [
                129.2866,
                35.3206
              ],
              [
                129.2866,
                35.3206
              ],
              [
                129.2866,
                35.3206
              ],
              [
                129.2866,
                35.3206
              ],
              [
                129.2867,
                35.3206
              ],
              [
                129.2867,
                35.3206
              ],
              [
                129.2867,
                35.3206
              ],
              [
                129.2867,
                35.3206
              ],
              [
                129.2868,
                35.3206
              ],
              [
                129.2868,
                35.3205
              ],
              [
                129.2868,
                35.3205
              ],
              [
                129.2874,
                35.3201
              ],
              [
                129.2874,
                35.3201
              ],
              [
                129.2878,
                35.3199
              ],
              [
                129.2879,
                35.3199
              ],
              [
                129.2879,
                35.3199
              ],
              [
                129.2882,
                35.32
              ],
              [
                129.2883,
                35.32
              ],
              [
                129.2883,
                35.32
              ],
              [
                129.2882,
                35.3234
              ],
              [
                129.2882,
                35.3234
              ],
              [
                129.2882,
                35.3234
              ],
              [
                129.2882,
                35.3234
              ],
              [
                129.2881,
                35.3234
              ],
              [
                129.2875,
                35.3237
              ],
              [
                129.2849,
                35.3247
              ],
              [
                129.285,
                35.3253
              ],
              [
                129.285,
                35.3262
              ],
              [
                129.285,
                35.3262
              ],
              [
                129.2843,
                35.3265
              ],
              [
                129.2839,
                35.3266
              ],
              [
                129.2839,
                35.3266
              ],
              [
                129.2837,
                35.3266
              ],
              [
                129.2834,
                35.3266
              ],
              [
                129.2831,
                35.3266
              ],
              [
                129.2826,
                35.3267
              ],
              [
                129.2819,
                35.3267
              ],
              [
                129.2818,
                35.3267
              ],
              [
                129.2817,
                35.3267
              ],
              [
                129.2816,
                35.3266
              ],
              [
                129.281,
                35.3266
              ],
              [
                129.2809,
                35.3266
              ],
              [
                129.2808,
                35.3266
              ],
              [
                129.2807,
                35.3265
              ],
              [
                129.2806,
                35.3265
              ],
              [
                129.2792,
                35.3262
              ],
              [
                129.2786,
                35.326
              ],
              [
                129.2772,
                35.3256
              ],
              [
                129.2769,
                35.3254
              ],
              [
                129.276,
                35.3248
              ],
              [
                129.2745,
                35.3238
              ],
              [
                129.2738,
                35.3234
              ],
              [
                129.2737,
                35.3234
              ],
              [
                129.2721,
                35.3232
              ],
              [
                129.2721,
                35.3232
              ],
              [
                129.2721,
                35.3232
              ],
              [
                129.272,
                35.3232
              ],
              [
                129.2716,
                35.3231
              ],
              [
                129.2711,
                35.323
              ],
              [
                129.271,
                35.3229
              ],
              [
                129.271,
                35.3229
              ],
              [
                129.2709,
                35.3229
              ],
              [
                129.2709,
                35.3228
              ],
              [
                129.2706,
                35.3224
              ],
              [
                129.2688,
                35.3218
              ],
              [
                129.2684,
                35.3217
              ],
              [
                129.2684,
                35.3217
              ],
              [
                129.2684,
                35.3217
              ],
              [
                129.2684,
                35.3217
              ],
              [
                129.2683,
                35.3217
              ],
              [
                129.2683,
                35.3217
              ],
              [
                129.2683,
                35.3217
              ],
              [
                129.2683,
                35.3217
              ],
              [
                129.2683,
                35.3217
              ],
              [
                129.2683,
                35.3217
              ],
              [
                129.2682,
                35.3217
              ],
              [
                129.2682,
                35.3217
              ],
              [
                129.2682,
                35.3216
              ],
              [
                129.2682,
                35.3216
              ],
              [
                129.267,
                35.3209
              ],
              [
                129.2662,
                35.3203
              ],
              [
                129.2661,
                35.3203
              ],
              [
                129.2661,
                35.3203
              ],
              [
                129.2661,
                35.3203
              ],
              [
                129.2661,
                35.3203
              ],
              [
                129.266,
                35.3203
              ],
              [
                129.266,
                35.3202
              ],
              [
                129.266,
                35.3202
              ],
              [
                129.266,
                35.3202
              ],
              [
                129.2659,
                35.3202
              ],
              [
                129.2659,
                35.3202
              ],
              [
                129.2659,
                35.3201
              ],
              [
                129.2659,
                35.3201
              ],
              [
                129.2658,
                35.3201
              ],
              [
                129.2648,
                35.3192
              ],
              [
                129.2647,
                35.3191
              ],
              [
                129.2647,
                35.3191
              ],
              [
                129.2641,
                35.3184
              ],
              [
                129.262,
                35.3154
              ],
              [
                129.262,
                35.3151
              ],
              [
                129.2617,
                35.313
              ],
              [
                129.2605,
                35.3089
              ],
              [
                129.2598,
                35.3078
              ],
              [
                129.2589,
                35.3067
              ],
              [
                129.2581,
                35.306
              ],
              [
                129.2579,
                35.3058
              ],
              [
                129.2579,
                35.3057
              ],
              [
                129.2579,
                35.3056
              ],
              [
                129.2579,
                35.3053
              ],
              [
                129.2586,
                35.3035
              ],
              [
                129.2596,
                35.3008
              ],
              [
                129.2597,
                35.3006
              ],
              [
                129.2597,
                35.3006
              ],
              [
                129.2597,
                35.3006
              ],
              [
                129.2597,
                35.3005
              ],
              [
                129.2597,
                35.3005
              ],
              [
                129.2597,
                35.3004
              ],
              [
                129.2597,
                35.3003
              ],
              [
                129.2597,
                35.3003
              ],
              [
                129.2597,
                35.3003
              ],
              [
                129.2597,
                35.3003
              ],
              [
                129.2597,
                35.3003
              ],
              [
                129.2606,
                35.298
              ],
              [
                129.2606,
                35.298
              ],
              [
                129.261,
                35.2978
              ],
              [
                129.261,
                35.2978
              ],
              [
                129.2608,
                35.2934
              ],
              [
                129.2607,
                35.2917
              ],
              [
                129.2604,
                35.2912
              ],
              [
                129.2597,
                35.2905
              ],
              [
                129.2589,
                35.2899
              ],
              [
                129.258,
                35.2896
              ],
              [
                129.258,
                35.2896
              ],
              [
                129.2579,
                35.2895
              ],
              [
                129.2578,
                35.2895
              ],
              [
                129.2578,
                35.2895
              ],
              [
                129.2578,
                35.2895
              ],
              [
                129.2577,
                35.2894
              ],
              [
                129.2577,
                35.2894
              ],
              [
                129.2577,
                35.2894
              ],
              [
                129.2576,
                35.2894
              ],
              [
                129.2576,
                35.2894
              ],
              [
                129.2576,
                35.2894
              ],
              [
                129.2576,
                35.2894
              ],
              [
                129.2576,
                35.2893
              ],
              [
                129.2576,
                35.2893
              ],
              [
                129.2575,
                35.2893
              ],
              [
                129.2575,
                35.2893
              ],
              [
                129.2575,
                35.2893
              ],
              [
                129.2575,
                35.2893
              ],
              [
                129.2575,
                35.2892
              ],
              [
                129.2575,
                35.2892
              ],
              [
                129.2574,
                35.2892
              ],
              [
                129.2574,
                35.2892
              ],
              [
                129.2574,
                35.2892
              ],
              [
                129.2574,
                35.2891
              ],
              [
                129.2574,
                35.2891
              ],
              [
                129.2573,
                35.289
              ],
              [
                129.2573,
                35.289
              ],
              [
                129.2573,
                35.289
              ],
              [
                129.2573,
                35.289
              ],
              [
                129.2573,
                35.2889
              ],
              [
                129.2573,
                35.2889
              ],
              [
                129.2573,
                35.2889
              ],
              [
                129.2573,
                35.2889
              ],
              [
                129.2573,
                35.2889
              ],
              [
                129.2572,
                35.2886
              ],
              [
                129.2572,
                35.2886
              ],
              [
                129.2572,
                35.2886
              ],
              [
                129.2572,
                35.2886
              ],
              [
                129.2572,
                35.2885
              ],
              [
                129.2572,
                35.2885
              ],
              [
                129.2572,
                35.2885
              ],
              [
                129.2572,
                35.2885
              ],
              [
                129.2572,
                35.2885
              ],
              [
                129.2572,
                35.2884
              ],
              [
                129.2572,
                35.2884
              ],
              [
                129.2572,
                35.2884
              ],
              [
                129.2572,
                35.2884
              ],
              [
                129.2589,
                35.2848
              ],
              [
                129.2589,
                35.2847
              ],
              [
                129.259,
                35.2846
              ],
              [
                129.259,
                35.2846
              ],
              [
                129.259,
                35.2845
              ],
              [
                129.259,
                35.2845
              ],
              [
                129.259,
                35.2845
              ],
              [
                129.259,
                35.2845
              ],
              [
                129.2591,
                35.2844
              ],
              [
                129.2591,
                35.2844
              ],
              [
                129.2591,
                35.2844
              ],
              [
                129.2591,
                35.2843
              ],
              [
                129.2592,
                35.2843
              ],
              [
                129.2592,
                35.2843
              ],
              [
                129.2579,
                35.2824
              ],
              [
                129.2573,
                35.2823
              ],
              [
                129.2572,
                35.2823
              ],
              [
                129.2572,
                35.2823
              ],
              [
                129.2572,
                35.2823
              ],
              [
                129.2572,
                35.2823
              ],
              [
                129.2572,
                35.2823
              ],
              [
                129.2572,
                35.2823
              ],
              [
                129.2566,
                35.282
              ],
              [
                129.2566,
                35.282
              ],
              [
                129.2565,
                35.2819
              ],
              [
                129.2565,
                35.2819
              ],
              [
                129.2564,
                35.2818
              ],
              [
                129.2564,
                35.2818
              ],
              [
                129.2564,
                35.2818
              ],
              [
                129.2564,
                35.2818
              ],
              [
                129.2563,
                35.2817
              ],
              [
                129.2563,
                35.2816
              ],
              [
                129.2556,
                35.2805
              ],
              [
                129.2556,
                35.2805
              ],
              [
                129.2556,
                35.2804
              ],
              [
                129.2556,
                35.2804
              ],
              [
                129.2556,
                35.2804
              ],
              [
                129.2556,
                35.2804
              ],
              [
                129.2555,
                35.2799
              ],
              [
                129.2555,
                35.2799
              ],
              [
                129.2555,
                35.2799
              ],
              [
                129.2555,
                35.2781
              ],
              [
                129.2555,
                35.2756
              ],
              [
                129.2556,
                35.2754
              ],
              [
                129.2556,
                35.2753
              ],
              [
                129.2556,
                35.2753
              ],
              [
                129.2556,
                35.2751
              ],
              [
                129.2557,
                35.2751
              ],
              [
                129.2557,
                35.2751
              ],
              [
                129.2557,
                35.2751
              ],
              [
                129.2557,
                35.2751
              ],
              [
                129.2557,
                35.2751
              ],
              [
                129.2557,
                35.2751
              ],
              [
                129.2557,
                35.2751
              ],
              [
                129.2557,
                35.2751
              ],
              [
                129.2556,
                35.2748
              ],
              [
                129.2542,
                35.2729
              ],
              [
                129.2531,
                35.2715
              ],
              [
                129.253,
                35.2714
              ],
              [
                129.2528,
                35.2714
              ],
              [
                129.2528,
                35.2714
              ],
              [
                129.2521,
                35.2711
              ],
              [
                129.2515,
                35.271
              ],
              [
                129.2514,
                35.2711
              ],
              [
                129.25,
                35.2719
              ],
              [
                129.2491,
                35.2718
              ],
              [
                129.2477,
                35.2718
              ],
              [
                129.2477,
                35.2718
              ],
              [
                129.2477,
                35.2718
              ],
              [
                129.2477,
                35.2718
              ],
              [
                129.2476,
                35.2718
              ],
              [
                129.2476,
                35.2718
              ],
              [
                129.2475,
                35.2718
              ],
              [
                129.2475,
                35.2718
              ],
              [
                129.2474,
                35.2718
              ],
              [
                129.2474,
                35.2718
              ],
              [
                129.2474,
                35.2718
              ],
              [
                129.2473,
                35.2718
              ],
              [
                129.2468,
                35.2699
              ],
              [
                129.2468,
                35.2699
              ],
              [
                129.2468,
                35.2699
              ],
              [
                129.2467,
                35.2698
              ],
              [
                129.2467,
                35.2698
              ],
              [
                129.2467,
                35.2698
              ],
              [
                129.2467,
                35.2698
              ],
              [
                129.2467,
                35.2698
              ],
              [
                129.2467,
                35.2698
              ],
              [
                129.2467,
                35.2698
              ],
              [
                129.2467,
                35.2698
              ],
              [
                129.2467,
                35.2698
              ],
              [
                129.2467,
                35.2698
              ],
              [
                129.2467,
                35.2698
              ],
              [
                129.2467,
                35.2698
              ],
              [
                129.2467,
                35.2698
              ],
              [
                129.2467,
                35.2698
              ],
              [
                129.2466,
                35.2698
              ],
              [
                129.2466,
                35.2698
              ],
              [
                129.2466,
                35.2698
              ],
              [
                129.2466,
                35.2698
              ],
              [
                129.2466,
                35.2698
              ],
              [
                129.2466,
                35.2698
              ],
              [
                129.2466,
                35.2698
              ],
              [
                129.2466,
                35.2698
              ],
              [
                129.2465,
                35.2698
              ],
              [
                129.2465,
                35.2698
              ],
              [
                129.2465,
                35.2698
              ],
              [
                129.2465,
                35.2698
              ],
              [
                129.2465,
                35.2698
              ],
              [
                129.2465,
                35.2698
              ],
              [
                129.2465,
                35.2698
              ],
              [
                129.2465,
                35.2698
              ],
              [
                129.2465,
                35.2698
              ],
              [
                129.2465,
                35.2698
              ],
              [
                129.2465,
                35.2698
              ],
              [
                129.2465,
                35.2698
              ],
              [
                129.2465,
                35.2698
              ],
              [
                129.2465,
                35.2698
              ],
              [
                129.2465,
                35.2699
              ],
              [
                129.2465,
                35.2699
              ],
              [
                129.2464,
                35.271
              ],
              [
                129.2467,
                35.2721
              ],
              [
                129.2468,
                35.2725
              ],
              [
                129.2468,
                35.2725
              ],
              [
                129.2468,
                35.2725
              ],
              [
                129.2467,
                35.2725
              ],
              [
                129.2463,
                35.2725
              ],
              [
                129.2459,
                35.2725
              ],
              [
                129.2458,
                35.2724
              ],
              [
                129.2456,
                35.2724
              ],
              [
                129.2456,
                35.2724
              ],
              [
                129.2454,
                35.2722
              ],
              [
                129.2449,
                35.2718
              ],
              [
                129.2447,
                35.2717
              ],
              [
                129.2438,
                35.2708
              ],
              [
                129.2438,
                35.2708
              ],
              [
                129.2438,
                35.2707
              ],
              [
                129.2438,
                35.2707
              ],
              [
                129.2438,
                35.2707
              ],
              [
                129.2438,
                35.2707
              ],
              [
                129.2437,
                35.2706
              ],
              [
                129.2437,
                35.2706
              ],
              [
                129.2437,
                35.2706
              ],
              [
                129.2437,
                35.2706
              ],
              [
                129.2437,
                35.2705
              ],
              [
                129.2437,
                35.2705
              ],
              [
                129.2437,
                35.2705
              ],
              [
                129.2437,
                35.2705
              ],
              [
                129.2436,
                35.2704
              ],
              [
                129.2436,
                35.2701
              ],
              [
                129.2435,
                35.27
              ],
              [
                129.2435,
                35.27
              ],
              [
                129.2435,
                35.27
              ],
              [
                129.2435,
                35.2696
              ],
              [
                129.2435,
                35.2696
              ],
              [
                129.2435,
                35.2696
              ],
              [
                129.2435,
                35.2696
              ],
              [
                129.2435,
                35.2695
              ],
              [
                129.2435,
                35.2695
              ],
              [
                129.2435,
                35.2695
              ],
              [
                129.2435,
                35.2695
              ],
              [
                129.2435,
                35.2694
              ],
              [
                129.2435,
                35.2694
              ],
              [
                129.2435,
                35.2694
              ],
              [
                129.2435,
                35.2694
              ],
              [
                129.2435,
                35.2694
              ],
              [
                129.2439,
                35.2688
              ],
              [
                129.2439,
                35.2688
              ],
              [
                129.2439,
                35.2688
              ],
              [
                129.2439,
                35.2688
              ],
              [
                129.2439,
                35.2687
              ],
              [
                129.2439,
                35.2687
              ],
              [
                129.2439,
                35.2687
              ],
              [
                129.244,
                35.2687
              ],
              [
                129.244,
                35.2687
              ],
              [
                129.244,
                35.2687
              ],
              [
                129.244,
                35.2687
              ],
              [
                129.2441,
                35.2687
              ],
              [
                129.2441,
                35.2686
              ],
              [
                129.2441,
                35.2686
              ],
              [
                129.2442,
                35.2686
              ],
              [
                129.2442,
                35.2686
              ],
              [
                129.2442,
                35.2686
              ],
              [
                129.2443,
                35.2686
              ],
              [
                129.2443,
                35.2685
              ],
              [
                129.2443,
                35.2685
              ],
              [
                129.2447,
                35.2681
              ],
              [
                129.2447,
                35.2681
              ],
              [
                129.2447,
                35.2681
              ],
              [
                129.2447,
                35.2681
              ],
              [
                129.2448,
                35.2681
              ],
              [
                129.2448,
                35.268
              ],
              [
                129.2448,
                35.268
              ],
              [
                129.2448,
                35.268
              ],
              [
                129.2448,
                35.2679
              ],
              [
                129.2448,
                35.2679
              ],
              [
                129.2448,
                35.2679
              ],
              [
                129.2448,
                35.2679
              ],
              [
                129.2448,
                35.2678
              ],
              [
                129.2448,
                35.2678
              ],
              [
                129.2448,
                35.2678
              ],
              [
                129.2448,
                35.2678
              ],
              [
                129.2444,
                35.2665
              ],
              [
                129.2444,
                35.2665
              ],
              [
                129.2444,
                35.2664
              ],
              [
                129.2444,
                35.2664
              ],
              [
                129.2444,
                35.2664
              ],
              [
                129.2443,
                35.2662
              ],
              [
                129.2443,
                35.2662
              ],
              [
                129.2439,
                35.2651
              ],
              [
                129.2431,
                35.2642
              ],
              [
                129.2428,
                35.2642
              ],
              [
                129.241,
                35.2651
              ],
              [
                129.2387,
                35.2648
              ],
              [
                129.2361,
                35.2649
              ],
              [
                129.2358,
                35.2648
              ],
              [
                129.2353,
                35.2646
              ],
              [
                129.2343,
                35.2631
              ],
              [
                129.2343,
                35.2631
              ],
              [
                129.2343,
                35.2631
              ],
              [
                129.2343,
                35.263
              ],
              [
                129.2342,
                35.263
              ],
              [
                129.2342,
                35.263
              ],
              [
                129.2342,
                35.2629
              ],
              [
                129.2342,
                35.2629
              ],
              [
                129.2342,
                35.2629
              ],
              [
                129.234,
                35.2624
              ],
              [
                129.234,
                35.2622
              ],
              [
                129.234,
                35.2622
              ],
              [
                129.234,
                35.2622
              ],
              [
                129.2339,
                35.2622
              ],
              [
                129.2339,
                35.2622
              ],
              [
                129.2337,
                35.2612
              ],
              [
                129.2341,
                35.26
              ],
              [
                129.2341,
                35.2599
              ],
              [
                129.2341,
                35.2599
              ],
              [
                129.2341,
                35.2599
              ],
              [
                129.2342,
                35.2597
              ],
              [
                129.2342,
                35.2597
              ],
              [
                129.2345,
                35.2591
              ],
              [
                129.2345,
                35.2591
              ],
              [
                129.2345,
                35.259
              ],
              [
                129.2345,
                35.259
              ],
              [
                129.2345,
                35.259
              ],
              [
                129.2346,
                35.259
              ],
              [
                129.2346,
                35.2589
              ],
              [
                129.2348,
                35.2587
              ],
              [
                129.2349,
                35.2586
              ],
              [
                129.2349,
                35.2586
              ],
              [
                129.2349,
                35.2585
              ],
              [
                129.2349,
                35.2585
              ],
              [
                129.235,
                35.2584
              ],
              [
                129.235,
                35.2584
              ],
              [
                129.235,
                35.2584
              ],
              [
                129.2351,
                35.2584
              ],
              [
                129.2351,
                35.2584
              ],
              [
                129.2351,
                35.2583
              ],
              [
                129.2352,
                35.2583
              ],
              [
                129.2353,
                35.2582
              ],
              [
                129.2354,
                35.2582
              ],
              [
                129.2354,
                35.2581
              ],
              [
                129.2354,
                35.2581
              ],
              [
                129.2354,
                35.2581
              ],
              [
                129.2355,
                35.2581
              ],
              [
                129.2355,
                35.2581
              ],
              [
                129.2355,
                35.258
              ],
              [
                129.2355,
                35.258
              ],
              [
                129.2355,
                35.258
              ],
              [
                129.2356,
                35.258
              ],
              [
                129.2358,
                35.2579
              ],
              [
                129.2358,
                35.2579
              ],
              [
                129.2359,
                35.2579
              ],
              [
                129.2359,
                35.2579
              ],
              [
                129.2362,
                35.2578
              ],
              [
                129.2362,
                35.2578
              ],
              [
                129.2362,
                35.2578
              ],
              [
                129.2363,
                35.2578
              ],
              [
                129.2363,
                35.2578
              ],
              [
                129.2363,
                35.2577
              ],
              [
                129.2389,
                35.2574
              ],
              [
                129.2389,
                35.2574
              ],
              [
                129.239,
                35.2574
              ],
              [
                129.239,
                35.2574
              ],
              [
                129.239,
                35.2574
              ],
              [
                129.239,
                35.2574
              ],
              [
                129.239,
                35.2574
              ],
              [
                129.2391,
                35.2574
              ],
              [
                129.2391,
                35.2574
              ],
              [
                129.2392,
                35.2574
              ],
              [
                129.2392,
                35.2574
              ],
              [
                129.2392,
                35.2574
              ],
              [
                129.2392,
                35.2574
              ],
              [
                129.2392,
                35.2574
              ],
              [
                129.2393,
                35.2574
              ],
              [
                129.2393,
                35.2574
              ],
              [
                129.2396,
                35.2574
              ],
              [
                129.2396,
                35.2574
              ],
              [
                129.2396,
                35.2574
              ],
              [
                129.2397,
                35.2574
              ],
              [
                129.2397,
                35.2575
              ],
              [
                129.2397,
                35.2575
              ],
              [
                129.2397,
                35.2575
              ],
              [
                129.2434,
                35.2597
              ],
              [
                129.2452,
                35.2581
              ],
              [
                129.2452,
                35.2581
              ],
              [
                129.2452,
                35.2581
              ],
              [
                129.2452,
                35.2581
              ],
              [
                129.2458,
                35.258
              ],
              [
                129.2459,
                35.258
              ],
              [
                129.2459,
                35.258
              ],
              [
                129.2459,
                35.258
              ],
              [
                129.246,
                35.258
              ],
              [
                129.246,
                35.258
              ],
              [
                129.2465,
                35.2582
              ],
              [
                129.2465,
                35.2582
              ],
              [
                129.2478,
                35.2596
              ],
              [
                129.2478,
                35.2596
              ],
              [
                129.2478,
                35.2596
              ],
              [
                129.2478,
                35.2596
              ],
              [
                129.2478,
                35.2597
              ],
              [
                129.248,
                35.2598
              ],
              [
                129.2509,
                35.2594
              ],
              [
                129.2509,
                35.2594
              ],
              [
                129.2509,
                35.2594
              ],
              [
                129.2509,
                35.2594
              ],
              [
                129.251,
                35.2598
              ],
              [
                129.2513,
                35.2601
              ],
              [
                129.2514,
                35.2602
              ],
              [
                129.252,
                35.2602
              ],
              [
                129.2521,
                35.2602
              ],
              [
                129.2521,
                35.2602
              ],
              [
                129.2521,
                35.2602
              ],
              [
                129.2521,
                35.2602
              ],
              [
                129.2521,
                35.2602
              ],
              [
                129.2521,
                35.2602
              ],
              [
                129.2521,
                35.2602
              ],
              [
                129.2525,
                35.2598
              ],
              [
                129.2526,
                35.2595
              ],
              [
                129.2526,
                35.2594
              ],
              [
                129.2526,
                35.2594
              ],
              [
                129.2526,
                35.2594
              ],
              [
                129.2526,
                35.2594
              ],
              [
                129.2526,
                35.2593
              ],
              [
                129.2526,
                35.2593
              ],
              [
                129.2526,
                35.2593
              ],
              [
                129.2526,
                35.2593
              ],
              [
                129.2523,
                35.2586
              ],
              [
                129.2522,
                35.2584
              ],
              [
                129.2521,
                35.2582
              ],
              [
                129.2519,
                35.2578
              ],
              [
                129.2519,
                35.2578
              ],
              [
                129.2519,
                35.2578
              ],
              [
                129.2519,
                35.2578
              ],
              [
                129.2519,
                35.2578
              ],
              [
                129.2519,
                35.2578
              ],
              [
                129.2519,
                35.2578
              ],
              [
                129.2519,
                35.2577
              ],
              [
                129.2519,
                35.2577
              ],
              [
                129.2519,
                35.2577
              ],
              [
                129.2519,
                35.2576
              ],
              [
                129.2519,
                35.2576
              ],
              [
                129.2519,
                35.2576
              ],
              [
                129.2519,
                35.2576
              ],
              [
                129.2519,
                35.2576
              ],
              [
                129.2519,
                35.2576
              ],
              [
                129.2519,
                35.2576
              ],
              [
                129.2521,
                35.2574
              ],
              [
                129.2521,
                35.2574
              ],
              [
                129.2521,
                35.2574
              ],
              [
                129.2521,
                35.2574
              ],
              [
                129.2521,
                35.2574
              ],
              [
                129.2521,
                35.2574
              ],
              [
                129.2521,
                35.2574
              ],
              [
                129.2521,
                35.2574
              ],
              [
                129.2521,
                35.2574
              ],
              [
                129.2521,
                35.2574
              ],
              [
                129.2521,
                35.2574
              ],
              [
                129.2522,
                35.2574
              ],
              [
                129.2522,
                35.2574
              ],
              [
                129.2522,
                35.2574
              ],
              [
                129.2522,
                35.2574
              ],
              [
                129.2522,
                35.2574
              ],
              [
                129.2528,
                35.2572
              ],
              [
                129.2533,
                35.257
              ],
              [
                129.2533,
                35.257
              ],
              [
                129.2533,
                35.257
              ],
              [
                129.2534,
                35.2569
              ],
              [
                129.2534,
                35.2569
              ],
              [
                129.2534,
                35.2569
              ],
              [
                129.2534,
                35.2569
              ],
              [
                129.2534,
                35.2569
              ],
              [
                129.2534,
                35.2569
              ],
              [
                129.2534,
                35.2569
              ],
              [
                129.2534,
                35.2569
              ],
              [
                129.2534,
                35.2567
              ],
              [
                129.2534,
                35.2567
              ],
              [
                129.2534,
                35.2567
              ],
              [
                129.2533,
                35.2566
              ],
              [
                129.2533,
                35.2566
              ],
              [
                129.2533,
                35.2566
              ],
              [
                129.253,
                35.2566
              ],
              [
                129.2522,
                35.2563
              ],
              [
                129.2522,
                35.2563
              ],
              [
                129.2522,
                35.2563
              ],
              [
                129.2522,
                35.2563
              ],
              [
                129.2521,
                35.2563
              ],
              [
                129.2521,
                35.2563
              ],
              [
                129.2521,
                35.2563
              ],
              [
                129.2521,
                35.2562
              ],
              [
                129.2521,
                35.2562
              ],
              [
                129.2521,
                35.2562
              ],
              [
                129.2521,
                35.2562
              ],
              [
                129.2521,
                35.2562
              ],
              [
                129.2521,
                35.2562
              ],
              [
                129.252,
                35.2562
              ],
              [
                129.252,
                35.2561
              ],
              [
                129.252,
                35.2561
              ],
              [
                129.252,
                35.2561
              ],
              [
                129.252,
                35.2561
              ],
              [
                129.252,
                35.2561
              ],
              [
                129.252,
                35.2561
              ],
              [
                129.252,
                35.256
              ],
              [
                129.252,
                35.256
              ],
              [
                129.2519,
                35.256
              ],
              [
                129.2519,
                35.2559
              ],
              [
                129.2519,
                35.2559
              ],
              [
                129.2519,
                35.2559
              ],
              [
                129.2519,
                35.2559
              ],
              [
                129.2519,
                35.2559
              ],
              [
                129.2519,
                35.2558
              ],
              [
                129.2519,
                35.2558
              ],
              [
                129.2519,
                35.2558
              ],
              [
                129.2519,
                35.2557
              ],
              [
                129.2519,
                35.2557
              ],
              [
                129.2519,
                35.2557
              ],
              [
                129.2519,
                35.2557
              ],
              [
                129.2519,
                35.2556
              ],
              [
                129.2519,
                35.2554
              ],
              [
                129.2519,
                35.2554
              ],
              [
                129.2519,
                35.2553
              ],
              [
                129.2519,
                35.2553
              ],
              [
                129.2519,
                35.2553
              ],
              [
                129.2519,
                35.2552
              ],
              [
                129.2519,
                35.2551
              ],
              [
                129.2519,
                35.2551
              ],
              [
                129.2519,
                35.2551
              ],
              [
                129.2519,
                35.2551
              ],
              [
                129.252,
                35.255
              ],
              [
                129.252,
                35.255
              ],
              [
                129.252,
                35.255
              ],
              [
                129.252,
                35.2549
              ],
              [
                129.252,
                35.2549
              ],
              [
                129.252,
                35.2549
              ],
              [
                129.252,
                35.2549
              ],
              [
                129.252,
                35.2549
              ],
              [
                129.252,
                35.2549
              ],
              [
                129.252,
                35.2549
              ],
              [
                129.2521,
                35.2547
              ],
              [
                129.2521,
                35.2547
              ],
              [
                129.2521,
                35.2547
              ],
              [
                129.2521,
                35.2547
              ],
              [
                129.2522,
                35.2547
              ],
              [
                129.2522,
                35.2547
              ],
              [
                129.2522,
                35.2546
              ],
              [
                129.2532,
                35.2501
              ],
              [
                129.2529,
                35.2485
              ],
              [
                129.2529,
                35.2474
              ],
              [
                129.2529,
                35.2473
              ],
              [
                129.2529,
                35.2473
              ],
              [
                129.2529,
                35.2469
              ],
              [
                129.2529,
                35.2469
              ],
              [
                129.253,
                35.2469
              ],
              [
                129.253,
                35.2469
              ],
              [
                129.253,
                35.2469
              ],
              [
                129.253,
                35.2469
              ],
              [
                129.253,
                35.2469
              ],
              [
                129.253,
                35.2469
              ],
              [
                129.253,
                35.2469
              ],
              [
                129.2531,
                35.2469
              ],
              [
                129.2531,
                35.2469
              ],
              [
                129.2531,
                35.2469
              ],
              [
                129.2534,
                35.2469
              ],
              [
                129.2534,
                35.2465
              ],
              [
                129.2527,
                35.2457
              ],
              [
                129.2527,
                35.2457
              ],
              [
                129.2527,
                35.2457
              ],
              [
                129.2527,
                35.2456
              ],
              [
                129.2524,
                35.2452
              ],
              [
                129.2524,
                35.2452
              ],
              [
                129.2524,
                35.2452
              ],
              [
                129.2524,
                35.2452
              ],
              [
                129.2524,
                35.2452
              ],
              [
                129.2521,
                35.245
              ],
              [
                129.2512,
                35.2443
              ],
              [
                129.2509,
                35.2441
              ],
              [
                129.2504,
                35.2439
              ],
              [
                129.25,
                35.2439
              ],
              [
                129.2495,
                35.244
              ],
              [
                129.2488,
                35.2444
              ],
              [
                129.2484,
                35.2447
              ],
              [
                129.2446,
                35.2443
              ],
              [
                129.2446,
                35.2443
              ],
              [
                129.2445,
                35.2443
              ],
              [
                129.2444,
                35.244
              ],
              [
                129.2449,
                35.2428
              ],
              [
                129.2449,
                35.2426
              ],
              [
                129.245,
                35.2425
              ],
              [
                129.2452,
                35.2424
              ],
              [
                129.2454,
                35.2422
              ],
              [
                129.2455,
                35.2421
              ],
              [
                129.2456,
                35.242
              ],
              [
                129.2457,
                35.242
              ],
              [
                129.2457,
                35.242
              ],
              [
                129.2458,
                35.242
              ],
              [
                129.2461,
                35.2419
              ],
              [
                129.2462,
                35.2419
              ],
              [
                129.2474,
                35.2419
              ],
              [
                129.2494,
                35.2411
              ],
              [
                129.2499,
                35.2409
              ],
              [
                129.2499,
                35.2409
              ],
              [
                129.2499,
                35.2409
              ],
              [
                129.2499,
                35.2408
              ],
              [
                129.2499,
                35.2408
              ],
              [
                129.2499,
                35.2408
              ],
              [
                129.2468,
                35.2383
              ],
              [
                129.2453,
                35.2376
              ],
              [
                129.2452,
                35.2378
              ],
              [
                129.2449,
                35.2381
              ],
              [
                129.2436,
                35.2384
              ],
              [
                129.2431,
                35.2383
              ],
              [
                129.2431,
                35.2382
              ],
              [
                129.2429,
                35.2371
              ],
              [
                129.2429,
                35.2371
              ],
              [
                129.243,
                35.2371
              ],
              [
                129.243,
                35.237
              ],
              [
                129.243,
                35.237
              ],
              [
                129.243,
                35.237
              ],
              [
                129.243,
                35.2369
              ],
              [
                129.243,
                35.2369
              ],
              [
                129.243,
                35.2368
              ],
              [
                129.2431,
                35.2367
              ],
              [
                129.244,
                35.2351
              ],
              [
                129.2449,
                35.2345
              ],
              [
                129.245,
                35.2346
              ],
              [
                129.2452,
                35.2335
              ],
              [
                129.245,
                35.2314
              ],
              [
                129.2443,
                35.2304
              ],
              [
                129.2429,
                35.2292
              ],
              [
                129.2422,
                35.2291
              ],
              [
                129.2416,
                35.2291
              ],
              [
                129.2402,
                35.2227
              ],
              [
                129.2395,
                35.2215
              ],
              [
                129.2393,
                35.2212
              ],
              [
                129.2393,
                35.2212
              ],
              [
                129.2355,
                35.2183
              ],
              [
                129.2353,
                35.2192
              ],
              [
                129.2308,
                35.2205
              ],
              [
                129.2294,
                35.2213
              ],
              [
                129.2293,
                35.2213
              ],
              [
                129.2293,
                35.2214
              ],
              [
                129.2293,
                35.2214
              ],
              [
                129.2293,
                35.2214
              ],
              [
                129.2293,
                35.2216
              ],
              [
                129.2306,
                35.2222
              ],
              [
                129.2304,
                35.2237
              ],
              [
                129.2304,
                35.224
              ],
              [
                129.2304,
                35.2241
              ],
              [
                129.2301,
                35.2241
              ],
              [
                129.2297,
                35.2243
              ],
              [
                129.2293,
                35.2244
              ],
              [
                129.2273,
                35.2243
              ],
              [
                129.2273,
                35.2243
              ],
              [
                129.227,
                35.2176
              ],
              [
                129.2268,
                35.2175
              ],
              [
                129.2257,
                35.2165
              ],
              [
                129.2256,
                35.2165
              ],
              [
                129.2234,
                35.2146
              ],
              [
                129.2225,
                35.2136
              ],
              [
                129.2221,
                35.2131
              ],
              [
                129.2221,
                35.213
              ],
              [
                129.222,
                35.2127
              ],
              [
                129.222,
                35.2127
              ],
              [
                129.222,
                35.2127
              ],
              [
                129.222,
                35.2126
              ],
              [
                129.222,
                35.2126
              ],
              [
                129.222,
                35.2126
              ],
              [
                129.222,
                35.2125
              ],
              [
                129.222,
                35.2125
              ],
              [
                129.222,
                35.2124
              ],
              [
                129.2237,
                35.209
              ],
              [
                129.2237,
                35.209
              ],
              [
                129.2237,
                35.2089
              ],
              [
                129.225,
                35.2076
              ],
              [
                129.2251,
                35.2076
              ],
              [
                129.2251,
                35.2075
              ],
              [
                129.2252,
                35.2075
              ],
              [
                129.2252,
                35.2075
              ],
              [
                129.2253,
                35.2074
              ],
              [
                129.2253,
                35.2074
              ],
              [
                129.2254,
                35.2074
              ],
              [
                129.2254,
                35.2074
              ],
              [
                129.2266,
                35.2069
              ],
              [
                129.2272,
                35.2068
              ],
              [
                129.2301,
                35.2041
              ],
              [
                129.2302,
                35.1982
              ],
              [
                129.2296,
                35.1969
              ],
              [
                129.2293,
                35.1965
              ],
              [
                129.2274,
                35.1957
              ],
              [
                129.2272,
                35.1958
              ],
              [
                129.2274,
                35.1961
              ],
              [
                129.2272,
                35.1963
              ],
              [
                129.227,
                35.1963
              ],
              [
                129.226,
                35.1968
              ],
              [
                129.2258,
                35.1969
              ],
              [
                129.2255,
                35.1967
              ],
              [
                129.2251,
                35.196
              ],
              [
                129.2232,
                35.1897
              ],
              [
                129.2236,
                35.1891
              ],
              [
                129.2241,
                35.1885
              ],
              [
                129.2243,
                35.1865
              ],
              [
                129.2243,
                35.1865
              ],
              [
                129.2241,
                35.1859
              ],
              [
                129.2241,
                35.1859
              ],
              [
                129.2241,
                35.1858
              ],
              [
                129.224,
                35.1857
              ],
              [
                129.2234,
                35.1851
              ],
              [
                129.2234,
                35.185
              ],
              [
                129.2203,
                35.1838
              ],
              [
                129.2203,
                35.1838
              ],
              [
                129.2203,
                35.1838
              ],
              [
                129.2193,
                35.1838
              ],
              [
                129.2193,
                35.1838
              ],
              [
                129.2192,
                35.1838
              ],
              [
                129.2191,
                35.1839
              ],
              [
                129.2191,
                35.1839
              ],
              [
                129.2182,
                35.185
              ],
              [
                129.2181,
                35.1853
              ],
              [
                129.2181,
                35.1853
              ],
              [
                129.2181,
                35.1854
              ],
              [
                129.2181,
                35.1855
              ],
              [
                129.2181,
                35.1855
              ],
              [
                129.2181,
                35.1857
              ],
              [
                129.2181,
                35.1858
              ],
              [
                129.2181,
                35.1859
              ],
              [
                129.218,
                35.186
              ],
              [
                129.218,
                35.186
              ],
              [
                129.218,
                35.1861
              ],
              [
                129.217,
                35.1873
              ],
              [
                129.2169,
                35.1873
              ],
              [
                129.2167,
                35.1874
              ],
              [
                129.2167,
                35.1874
              ],
              [
                129.2167,
                35.1874
              ],
              [
                129.2166,
                35.1874
              ],
              [
                129.2164,
                35.1874
              ],
              [
                129.2163,
                35.1874
              ],
              [
                129.2158,
                35.1873
              ],
              [
                129.2146,
                35.1866
              ],
              [
                129.2145,
                35.1866
              ],
              [
                129.2102,
                35.1826
              ],
              [
                129.2084,
                35.182
              ],
              [
                129.2076,
                35.1829
              ],
              [
                129.2069,
                35.1851
              ],
              [
                129.2068,
                35.1883
              ],
              [
                129.2068,
                35.1903
              ],
              [
                129.2071,
                35.1929
              ],
              [
                129.2071,
                35.1931
              ],
              [
                129.2072,
                35.1934
              ],
              [
                129.2073,
                35.1937
              ],
              [
                129.2074,
                35.1946
              ],
              [
                129.2069,
                35.1968
              ],
              [
                129.2069,
                35.1969
              ],
              [
                129.2068,
                35.197
              ],
              [
                129.2066,
                35.1971
              ],
              [
                129.2065,
                35.1971
              ],
              [
                129.2041,
                35.1981
              ],
              [
                129.2041,
                35.1981
              ],
              [
                129.2038,
                35.1981
              ],
              [
                129.2037,
                35.1981
              ],
              [
                129.2035,
                35.1981
              ],
              [
                129.2032,
                35.1981
              ],
              [
                129.203,
                35.1982
              ],
              [
                129.2029,
                35.1982
              ],
              [
                129.2025,
                35.1982
              ],
              [
                129.2025,
                35.1983
              ],
              [
                129.2023,
                35.1983
              ],
              [
                129.2023,
                35.1983
              ],
              [
                129.2014,
                35.1988
              ],
              [
                129.2012,
                35.1989
              ],
              [
                129.2004,
                35.1994
              ],
              [
                129.199,
                35.1996
              ],
              [
                129.1958,
                35.1989
              ],
              [
                129.1949,
                35.1985
              ],
              [
                129.1943,
                35.1979
              ],
              [
                129.1941,
                35.1963
              ],
              [
                129.1942,
                35.1957
              ],
              [
                129.1939,
                35.1949
              ],
              [
                129.1932,
                35.194
              ],
              [
                129.1898,
                35.1904
              ],
              [
                129.1882,
                35.1894
              ],
              [
                129.1882,
                35.1893
              ],
              [
                129.1881,
                35.1893
              ],
              [
                129.1866,
                35.1893
              ],
              [
                129.1866,
                35.1893
              ],
              [
                129.1848,
                35.1895
              ],
              [
                129.1832,
                35.19
              ],
              [
                129.1833,
                35.191
              ],
              [
                129.184,
                35.1926
              ],
              [
                129.1842,
                35.1929
              ],
              [
                129.1847,
                35.1937
              ],
              [
                129.1855,
                35.1955
              ],
              [
                129.1843,
                35.1972
              ],
              [
                129.1834,
                35.1977
              ],
              [
                129.1833,
                35.1977
              ],
              [
                129.1827,
                35.1977
              ],
              [
                129.1799,
                35.1979
              ],
              [
                129.1792,
                35.198
              ],
              [
                129.1771,
                35.1996
              ],
              [
                129.176,
                35.2006
              ],
              [
                129.1721,
                35.2022
              ],
              [
                129.171,
                35.2018
              ],
              [
                129.1697,
                35.201
              ],
              [
                129.1667,
                35.2024
              ],
              [
                129.1653,
                35.203
              ],
              [
                129.1649,
                35.2032
              ],
              [
                129.1645,
                35.2043
              ],
              [
                129.1643,
                35.205
              ],
              [
                129.1601,
                35.2064
              ],
              [
                129.1597,
                35.21
              ],
              [
                129.1604,
                35.2119
              ],
              [
                129.161,
                35.2122
              ],
              [
                129.162,
                35.2127
              ],
              [
                129.1635,
                35.214
              ],
              [
                129.1649,
                35.2152
              ],
              [
                129.1654,
                35.2178
              ],
              [
                129.1655,
                35.2189
              ],
              [
                129.1662,
                35.221
              ],
              [
                129.1665,
                35.2214
              ],
              [
                129.1686,
                35.2246
              ],
              [
                129.1689,
                35.2255
              ],
              [
                129.169,
                35.2278
              ],
              [
                129.1688,
                35.2282
              ],
              [
                129.1668,
                35.2298
              ],
              [
                129.1641,
                35.2315
              ],
              [
                129.1625,
                35.233
              ],
              [
                129.1613,
                35.2341
              ],
              [
                129.1612,
                35.2342
              ],
              [
                129.161,
                35.2345
              ],
              [
                129.1609,
                35.2355
              ],
              [
                129.158,
                35.2354
              ],
              [
                129.1554,
                35.2359
              ],
              [
                129.1551,
                35.2369
              ],
              [
                129.1552,
                35.2385
              ],
              [
                129.1552,
                35.239
              ],
              [
                129.1554,
                35.2391
              ],
              [
                129.1565,
                35.2402
              ],
              [
                129.1569,
                35.2426
              ],
              [
                129.1564,
                35.2443
              ],
              [
                129.156,
                35.2445
              ],
              [
                129.1547,
                35.2448
              ],
              [
                129.1533,
                35.245
              ],
              [
                129.1503,
                35.2455
              ],
              [
                129.1486,
                35.2461
              ],
              [
                129.1488,
                35.2474
              ],
              [
                129.147,
                35.2494
              ],
              [
                129.1455,
                35.2504
              ],
              [
                129.1446,
                35.2509
              ],
              [
                129.1446,
                35.2509
              ],
              [
                129.1423,
                35.2515
              ],
              [
                129.1401,
                35.2529
              ],
              [
                129.1383,
                35.2543
              ],
              [
                129.1386,
                35.256
              ],
              [
                129.1389,
                35.2576
              ],
              [
                129.1396,
                35.2596
              ],
              [
                129.1396,
                35.2601
              ],
              [
                129.1393,
                35.2605
              ],
              [
                129.1378,
                35.2606
              ],
              [
                129.1345,
                35.2593
              ],
              [
                129.1338,
                35.2601
              ],
              [
                129.1333,
                35.2606
              ],
              [
                129.133,
                35.2607
              ],
              [
                129.1324,
                35.2607
              ],
              [
                129.132,
                35.2607
              ],
              [
                129.1313,
                35.2606
              ],
              [
                129.1307,
                35.2605
              ],
              [
                129.13,
                35.2604
              ],
              [
                129.1295,
                35.2604
              ],
              [
                129.1257,
                35.2619
              ],
              [
                129.1226,
                35.2617
              ],
              [
                129.122,
                35.2619
              ],
              [
                129.1213,
                35.2636
              ],
              [
                129.1207,
                35.2673
              ],
              [
                129.1213,
                35.2696
              ],
              [
                129.122,
                35.2707
              ],
              [
                129.1224,
                35.2712
              ],
              [
                129.1231,
                35.272
              ],
              [
                129.1247,
                35.2737
              ],
              [
                129.1251,
                35.2745
              ],
              [
                129.126,
                35.2785
              ],
              [
                129.1248,
                35.2799
              ],
              [
                129.1248,
                35.28
              ],
              [
                129.1242,
                35.2813
              ],
              [
                129.1258,
                35.2833
              ],
              [
                129.1272,
                35.2864
              ],
              [
                129.1279,
                35.2879
              ],
              [
                129.1282,
                35.2893
              ],
              [
                129.1306,
                35.2913
              ],
              [
                129.131,
                35.2935
              ],
              [
                129.1299,
                35.2974
              ],
              [
                129.1297,
                35.2978
              ],
              [
                129.1295,
                35.2983
              ],
              [
                129.1227,
                35.3015
              ],
              [
                129.1191,
                35.3019
              ],
              [
                129.1169,
                35.3018
              ],
              [
                129.1166,
                35.3018
              ],
              [
                129.1165,
                35.3018
              ],
              [
                129.115,
                35.3027
              ],
              [
                129.1145,
                35.3031
              ],
              [
                129.1145,
                35.3032
              ],
              [
                129.1143,
                35.3034
              ],
              [
                129.1111,
                35.3041
              ],
              [
                129.1086,
                35.3046
              ],
              [
                129.109,
                35.3055
              ],
              [
                129.1094,
                35.3059
              ],
              [
                129.1095,
                35.306
              ],
              [
                129.1098,
                35.3062
              ],
              [
                129.1099,
                35.3063
              ],
              [
                129.11,
                35.3063
              ],
              [
                129.11,
                35.3064
              ],
              [
                129.1101,
                35.3064
              ],
              [
                129.1103,
                35.3065
              ],
              [
                129.1104,
                35.3066
              ],
              [
                129.1106,
                35.3067
              ],
              [
                129.111,
                35.3072
              ],
              [
                129.111,
                35.3072
              ],
              [
                129.1112,
                35.3074
              ],
              [
                129.1115,
                35.3079
              ],
              [
                129.1115,
                35.3079
              ],
              [
                129.1124,
                35.3101
              ],
              [
                129.1124,
                35.3109
              ],
              [
                129.1124,
                35.3109
              ],
              [
                129.1124,
                35.3112
              ],
              [
                129.1123,
                35.3125
              ],
              [
                129.1122,
                35.3128
              ],
              [
                129.1121,
                35.3131
              ],
              [
                129.112,
                35.3133
              ],
              [
                129.1119,
                35.3141
              ],
              [
                129.1119,
                35.3146
              ],
              [
                129.1119,
                35.3149
              ],
              [
                129.112,
                35.3167
              ],
              [
                129.112,
                35.3167
              ],
              [
                129.1121,
                35.317
              ],
              [
                129.1122,
                35.3174
              ],
              [
                129.1137,
                35.3202
              ],
              [
                129.1138,
                35.3203
              ],
              [
                129.1139,
                35.3204
              ],
              [
                129.1148,
                35.3208
              ],
              [
                129.1156,
                35.321
              ],
              [
                129.1161,
                35.3211
              ],
              [
                129.1179,
                35.3223
              ],
              [
                129.1181,
                35.3225
              ],
              [
                129.1184,
                35.3227
              ],
              [
                129.1185,
                35.3229
              ],
              [
                129.1186,
                35.3231
              ],
              [
                129.1192,
                35.3243
              ],
              [
                129.1195,
                35.3249
              ],
              [
                129.1196,
                35.3252
              ],
              [
                129.1196,
                35.3255
              ],
              [
                129.1197,
                35.3259
              ],
              [
                129.1198,
                35.3265
              ],
              [
                129.1203,
                35.3275
              ],
              [
                129.1211,
                35.3287
              ],
              [
                129.1211,
                35.3287
              ],
              [
                129.1213,
                35.329
              ],
              [
                129.1221,
                35.3296
              ],
              [
                129.1223,
                35.3297
              ],
              [
                129.123,
                35.33
              ],
              [
                129.1233,
                35.3302
              ],
              [
                129.1241,
                35.3305
              ],
              [
                129.1244,
                35.3307
              ],
              [
                129.1249,
                35.331
              ],
              [
                129.1253,
                35.3314
              ],
              [
                129.1256,
                35.3319
              ],
              [
                129.1258,
                35.3321
              ],
              [
                129.1258,
                35.3323
              ],
              [
                129.1259,
                35.3327
              ],
              [
                129.1259,
                35.3334
              ],
              [
                129.1257,
                35.3344
              ],
              [
                129.1255,
                35.3354
              ],
              [
                129.1255,
                35.3354
              ],
              [
                129.1254,
                35.3356
              ],
              [
                129.1253,
                35.3358
              ],
              [
                129.125,
                35.3361
              ],
              [
                129.1248,
                35.3362
              ],
              [
                129.1247,
                35.3363
              ],
              [
                129.1247,
                35.3364
              ],
              [
                129.1246,
                35.3364
              ],
              [
                129.1242,
                35.3367
              ],
              [
                129.124,
                35.3371
              ],
              [
                129.124,
                35.3373
              ],
              [
                129.124,
                35.3375
              ],
              [
                129.124,
                35.3379
              ],
              [
                129.124,
                35.338
              ],
              [
                129.124,
                35.3381
              ],
              [
                129.1242,
                35.3383
              ],
              [
                129.1262,
                35.3415
              ],
              [
                129.128,
                35.3433
              ],
              [
                129.1272,
                35.3451
              ],
              [
                129.1272,
                35.3451
              ],
              [
                129.1271,
                35.3454
              ],
              [
                129.1274,
                35.3458
              ],
              [
                129.1293,
                35.3481
              ],
              [
                129.1295,
                35.3484
              ],
              [
                129.1299,
                35.3487
              ],
              [
                129.1299,
                35.3488
              ],
              [
                129.13,
                35.3489
              ],
              [
                129.1301,
                35.349
              ],
              [
                129.1308,
                35.3494
              ],
              [
                129.1312,
                35.3495
              ],
              [
                129.1333,
                35.35
              ],
              [
                129.1336,
                35.3501
              ],
              [
                129.1336,
                35.3501
              ],
              [
                129.1337,
                35.3501
              ],
              [
                129.1345,
                35.3514
              ],
              [
                129.1346,
                35.3514
              ],
              [
                129.1346,
                35.3515
              ],
              [
                129.1347,
                35.3529
              ],
              [
                129.1347,
                35.3529
              ],
              [
                129.1347,
                35.353
              ],
              [
                129.1333,
                35.3563
              ],
              [
                129.1332,
                35.3564
              ],
              [
                129.1307,
                35.359
              ],
              [
                129.1266,
                35.3627
              ],
              [
                129.1261,
                35.363
              ],
              [
                129.1258,
                35.3632
              ],
              [
                129.1254,
                35.3633
              ],
              [
                129.1251,
                35.3633
              ],
              [
                129.1245,
                35.3632
              ],
              [
                129.1233,
                35.3632
              ],
              [
                129.1226,
                35.3636
              ],
              [
                129.1223,
                35.3638
              ],
              [
                129.1222,
                35.3638
              ],
              [
                129.1222,
                35.3638
              ],
              [
                129.1181,
                35.3676
              ],
              [
                129.1182,
                35.369
              ],
              [
                129.1182,
                35.369
              ],
              [
                129.1182,
                35.369
              ],
              [
                129.1197,
                35.3681
              ],
              [
                129.1212,
                35.3674
              ],
              [
                129.1229,
                35.3675
              ],
              [
                129.1236,
                35.3678
              ],
              [
                129.1276,
                35.3677
              ],
              [
                129.1299,
                35.3667
              ],
              [
                129.1305,
                35.3664
              ],
              [
                129.131,
                35.366
              ],
              [
                129.1322,
                35.3657
              ],
              [
                129.1335,
                35.3656
              ],
              [
                129.1351,
                35.3657
              ],
              [
                129.1376,
                35.3659
              ],
              [
                129.1385,
                35.3661
              ],
              [
                129.1387,
                35.3657
              ],
              [
                129.1466,
                35.3638
              ],
              [
                129.1479,
                35.3642
              ],
              [
                129.1488,
                35.3643
              ],
              [
                129.1491,
                35.3642
              ],
              [
                129.1501,
                35.3639
              ],
              [
                129.1516,
                35.3634
              ],
              [
                129.1532,
                35.3626
              ],
              [
                129.1611,
                35.3594
              ],
              [
                129.1611,
                35.3591
              ],
              [
                129.1611,
                35.359
              ],
              [
                129.161,
                35.3588
              ],
              [
                129.1614,
                35.3583
              ],
              [
                129.1628,
                35.3568
              ],
              [
                129.1645,
                35.3559
              ],
              [
                129.1686,
                35.3538
              ],
              [
                129.1698,
                35.3538
              ],
              [
                129.1703,
                35.3538
              ],
              [
                129.1713,
                35.3533
              ],
              [
                129.172,
                35.3527
              ],
              [
                129.1743,
                35.3517
              ],
              [
                129.1761,
                35.3514
              ],
              [
                129.1782,
                35.3518
              ],
              [
                129.1782,
                35.3518
              ],
              [
                129.1797,
                35.3528
              ],
              [
                129.1824,
                35.3552
              ],
              [
                129.1845,
                35.3575
              ],
              [
                129.1856,
                35.3585
              ],
              [
                129.1857,
                35.3586
              ],
              [
                129.188,
                35.3597
              ],
              [
                129.189,
                35.3599
              ],
              [
                129.1902,
                35.3598
              ],
              [
                129.1934,
                35.3612
              ],
              [
                129.1937,
                35.362
              ],
              [
                129.1938,
                35.3633
              ],
              [
                129.1969,
                35.3656
              ],
              [
                129.1979,
                35.3661
              ],
              [
                129.1988,
                35.3665
              ],
              [
                129.1987,
                35.3673
              ],
              [
                129.1985,
                35.3698
              ],
              [
                129.1978,
                35.3714
              ],
              [
                129.1985,
                35.3731
              ],
              [
                129.199,
                35.375
              ],
              [
                129.1992,
                35.376
              ],
              [
                129.1984,
                35.3771
              ],
              [
                129.1956,
                35.38
              ],
              [
                129.1946,
                35.3803
              ],
              [
                129.1936,
                35.3821
              ],
              [
                129.1943,
                35.3834
              ],
              [
                129.1949,
                35.3838
              ],
              [
                129.1949,
                35.3839
              ],
              [
                129.1957,
                35.3846
              ],
              [
                129.196,
                35.3849
              ],
              [
                129.1963,
                35.3851
              ],
              [
                129.1964,
                35.3853
              ],
              [
                129.1979,
                35.3872
              ],
              [
                129.199,
                35.3886
              ],
              [
                129.1992,
                35.3888
              ],
              [
                129.1993,
                35.389
              ],
              [
                129.1994,
                35.389
              ],
              [
                129.2012,
                35.3878
              ],
              [
                129.2012,
                35.3878
              ],
              [
                129.2026,
                35.3872
              ],
              [
                129.2034,
                35.3866
              ],
              [
                129.2037,
                35.3863
              ],
              [
                129.2044,
                35.3852
              ],
              [
                129.2051,
                35.3843
              ],
              [
                129.2079,
                35.3825
              ],
              [
                129.2084,
                35.3823
              ],
              [
                129.211,
                35.3811
              ],
              [
                129.2116,
                35.3808
              ],
              [
                129.2165,
                35.3793
              ]
            ]
          ]
        ]
      },
      "properties": {
        "name": "기장군",
        "base_year": "2018",
        "name_eng": "Gijang-gun",
        "code": "21310"
      }
    }
  ]
}
