{
  "type": "FeatureCollection",
  "features": [
    {
      "type": "Feature",
      "geometry": {
        "type": "MultiPolygon",
        "coordinates": [
          [
            [
              [
                128.5951,
                35.8758
              ],
              [
                128.5951,
                35.8753
              ],
              [
                128.595,
                35.8753
              ],
              [
                128.5975,
                35.8754
              ],
              [
                128.6014,
                35.8746
              ],
              [
                128.6034,
                35.874
              ],
              [
                128.6039,
                35.8739
              ],
              [
                128.6044,
                35.8738
              ],
              [
                128.6048,
                35.8738
              ],
              [
                128.6048,
                35.8738
              ],
              [
                128.606,
                35.8738
              ],
              [
                128.6064,
                35.8739
              ],
              [
                128.6066,
                35.8739
              ],
              [
                128.6073,
                35.874
              ],
              [
                128.6073,
                35.874
              ],
              [
                128.6085,
                35.8743
              ],
              [
                128.6088,
                35.8744
              ],
              [
                128.6106,
                35.875
              ],
              [
                128.6108,
                35.8749
              ],
              [
                128.6126,
                35.8739
              ],
              [
                128.6132,
                35.8724
              ],
              [
                128.6135,
                35.8717
              ],
              [
                128.6143,
                35.869
              ],
              [
                128.6147,
                35.8681
              ],
              [
                128.6137,
                35.8654
              ],
              [
                128.6136,
                35.8652
              ],
              [
                128.6135,
                35.8651
              ],
              [
                128.6133,
                35.8647
              ],
              [
                128.6129,
                35.8641
              ],
              [
                128.6127,
                35.8639
              ],
              [
                128.6124,
                35.8637
              ],
              [
                128.6114,
                35.8632
              ],
              [
                128.6106,
                35.8629
              ],
              [
                128.6103,
                35.8627
              ],
              [
                128.61,
                35.8625
              ],
              [
                128.6097,
                35.8621
              ],
              [
                128.6095,
                35.8618
              ],
              [
                128.6094,
                35.8612
              ],
              [
                128.6087,
                35.8608
              ],
              [
                128.6082,
                35.8598
              ],
              [
                128.6081,
                35.8594
              ],
              [
                128.608,
                35.8586
              ],
              [
                128.608,
                35.8583
              ],
              [
                128.608,
                35.8574
              ],
              [
                128.608,
                35.857
              ],
              [
                128.6081,
                35.8561
              ],
              [
                128.6081,
                35.8558
              ],
              [
                128.6081,
                35.8556
              ],
              [
                128.6082,
                35.855
              ],
              [
                128.6083,
                35.8549
              ],
              [
                128.6028,
                35.8552
              ],
              [
                128.6021,
                35.8553
              ],
              [
                128.6005,
                35.8554
              ],
              [
                128.5981,
                35.8555
              ],
              [
                128.596,
                35.8564
              ],
              [
                128.5948,
                35.8566
              ],
              [
                128.5947,
                35.8566
              ],
              [
                128.5878,
                35.8568
              ],
              [
                128.5842,
                35.8565
              ],
              [
                128.5829,
                35.8563
              ],
              [
                128.5745,
                35.8601
              ],
              [
                128.5744,
                35.8612
              ],
              [
                128.5742,
                35.8626
              ],
              [
                128.5742,
                35.8626
              ],
              [
                128.5739,
                35.8644
              ],
              [
                128.5738,
                35.8647
              ],
              [
                128.5738,
                35.8649
              ],
              [
                128.5738,
                35.8654
              ],
              [
                128.5747,
                35.8661
              ],
              [
                128.575,
                35.8663
              ],
              [
                128.5757,
                35.8668
              ],
              [
                128.5766,
                35.8674
              ],
              [
                128.5767,
                35.8675
              ],
              [
                128.5773,
                35.8679
              ],
              [
                128.5776,
                35.8681
              ],
              [
                128.5784,
                35.8688
              ],
              [
                128.5788,
                35.8692
              ],
              [
                128.5791,
                35.8695
              ],
              [
                128.5791,
                35.8695
              ],
              [
                128.5792,
                35.8697
              ],
              [
                128.5796,
                35.8703
              ],
              [
                128.5794,
                35.8728
              ],
              [
                128.5792,
                35.8726
              ],
              [
                128.5791,
                35.8725
              ],
              [
                128.579,
                35.8724
              ],
              [
                128.5789,
                35.8723
              ],
              [
                128.5788,
                35.8723
              ],
              [
                128.5773,
                35.8719
              ],
              [
                128.5768,
                35.8719
              ],
              [
                128.5756,
                35.8731
              ],
              [
                128.5755,
                35.8734
              ],
              [
                128.5755,
                35.8738
              ],
              [
                128.5755,
                35.8739
              ],
              [
                128.5755,
                35.8739
              ],
              [
                128.5756,
                35.8741
              ],
              [
                128.5765,
                35.876
              ],
              [
                128.5765,
                35.876
              ],
              [
                128.5765,
                35.876
              ],
              [
                128.5766,
                35.8761
              ],
              [
                128.5767,
                35.8762
              ],
              [
                128.5767,
                35.8762
              ],
              [
                128.5767,
                35.8762
              ],
              [
                128.5768,
                35.8762
              ],
              [
                128.5769,
                35.8762
              ],
              [
                128.5784,
                35.8759
              ],
              [
                128.5777,
                35.8796
              ],
              [
                128.58,
                35.8791
              ],
              [
                128.5841,
                35.8783
              ],
              [
                128.5883,
                35.8775
              ],
              [
                128.5883,
                35.8773
              ],
              [
                128.5891,
                35.8771
              ],
              [
                128.5898,
                35.877
              ],
              [
                128.5934,
                35.8763
              ],
              [
                128.5946,
                35.876
              ],
              [
                128.5951,
                35.8758
              ]
            ]
          ]
        ]
      },
      "properties": {
        "name": "중구",
        "base_year": "2018",
        "name_eng": "Jung-gu",
        "code": "22010"
      }
    },
    {
      "type": "Feature",
      "geometry": {
        "type": "MultiPolygon",
        "coordinates": [
          [
            [
              [
                128.696,
                36.0156
              ],
              [
                128.6968,
                36.0132
              ],
              [
                128.7014,
                36.0109
              ],
              [
                128.7044,
                36.0101
              ],
              [
                128.7064,
                36.0098
              ],
              [
                128.7073,
                36.0097
              ],
              [
                128.708,
                36.0097
              ],
              [
                128.7119,
                36.0092
              ],
              [
                128.7159,
                36.0085
              ],
              [
                128.7179,
                36.0081
              ],
              [
                128.7209,
                36.007
              ],
              [
                128.7213,
                36.0067
              ],
              [
                128.7216,
                36.0063
              ],
              [
                128.7227,
                36.0061
              ],
              [
                128.7264,
                36.0037
              ],
              [
                128.7269,
                36.0032
              ],
              [
                128.7269,
                36.0032
              ],
              [
                128.7278,
                36.0022
              ],
              [
                128.7286,
                36.0007
              ],
              [
                128.7304,
                35.998
              ],
              [
                128.7319,
                35.9975
              ],
              [
                128.732,
                35.9974
              ],
              [
                128.7326,
                35.9969
              ],
              [
                128.7338,
                35.9954
              ],
              [
                128.734,
                35.9951
              ],
              [
                128.7342,
                35.9946
              ],
              [
                128.7347,
                35.9931
              ],
              [
                128.7349,
                35.993
              ],
              [
                128.7342,
                35.9918
              ],
              [
                128.7332,
                35.9907
              ],
              [
                128.7331,
                35.9907
              ],
              [
                128.7331,
                35.9906
              ],
              [
                128.7321,
                35.9901
              ],
              [
                128.7319,
                35.9898
              ],
              [
                128.7316,
                35.9894
              ],
              [
                128.7312,
                35.9875
              ],
              [
                128.731,
                35.9854
              ],
              [
                128.7322,
                35.9838
              ],
              [
                128.7329,
                35.9833
              ],
              [
                128.7332,
                35.9831
              ],
              [
                128.7332,
                35.9831
              ],
              [
                128.7354,
                35.9822
              ],
              [
                128.7367,
                35.9811
              ],
              [
                128.737,
                35.9803
              ],
              [
                128.7373,
                35.9792
              ],
              [
                128.738,
                35.9775
              ],
              [
                128.7388,
                35.9768
              ],
              [
                128.7403,
                35.9758
              ],
              [
                128.7415,
                35.9753
              ],
              [
                128.7431,
                35.9749
              ],
              [
                128.7438,
                35.9747
              ],
              [
                128.7453,
                35.974
              ],
              [
                128.7458,
                35.9735
              ],
              [
                128.7461,
                35.9731
              ],
              [
                128.7462,
                35.9729
              ],
              [
                128.7454,
                35.9692
              ],
              [
                128.7443,
                35.9665
              ],
              [
                128.7433,
                35.9626
              ],
              [
                128.743,
                35.9599
              ],
              [
                128.7429,
                35.9598
              ],
              [
                128.7428,
                35.9596
              ],
              [
                128.7425,
                35.9593
              ],
              [
                128.7419,
                35.9588
              ],
              [
                128.7411,
                35.9586
              ],
              [
                128.7403,
                35.9581
              ],
              [
                128.7389,
                35.9572
              ],
              [
                128.7386,
                35.9568
              ],
              [
                128.7384,
                35.9565
              ],
              [
                128.7383,
                35.9564
              ],
              [
                128.738,
                35.9561
              ],
              [
                128.738,
                35.9559
              ],
              [
                128.7398,
                35.9548
              ],
              [
                128.7407,
                35.9533
              ],
              [
                128.7424,
                35.9496
              ],
              [
                128.7423,
                35.9491
              ],
              [
                128.7422,
                35.9478
              ],
              [
                128.7437,
                35.9449
              ],
              [
                128.7438,
                35.9447
              ],
              [
                128.7441,
                35.944
              ],
              [
                128.744,
                35.9438
              ],
              [
                128.7438,
                35.943
              ],
              [
                128.7409,
                35.9392
              ],
              [
                128.7397,
                35.9375
              ],
              [
                128.7408,
                35.9369
              ],
              [
                128.7395,
                35.9351
              ],
              [
                128.7382,
                35.9331
              ],
              [
                128.7384,
                35.9311
              ],
              [
                128.7383,
                35.9305
              ],
              [
                128.7377,
                35.9296
              ],
              [
                128.7367,
                35.9296
              ],
              [
                128.7376,
                35.9281
              ],
              [
                128.7387,
                35.927
              ],
              [
                128.7389,
                35.9268
              ],
              [
                128.7394,
                35.9264
              ],
              [
                128.7401,
                35.9257
              ],
              [
                128.7411,
                35.9239
              ],
              [
                128.7425,
                35.9214
              ],
              [
                128.7426,
                35.9214
              ],
              [
                128.7426,
                35.9211
              ],
              [
                128.7428,
                35.9203
              ],
              [
                128.744,
                35.9194
              ],
              [
                128.7456,
                35.9186
              ],
              [
                128.7485,
                35.9179
              ],
              [
                128.7489,
                35.9175
              ],
              [
                128.7509,
                35.9168
              ],
              [
                128.7513,
                35.9168
              ],
              [
                128.7522,
                35.9167
              ],
              [
                128.7548,
                35.9153
              ],
              [
                128.7549,
                35.9153
              ],
              [
                128.7551,
                35.9151
              ],
              [
                128.7552,
                35.915
              ],
              [
                128.7553,
                35.915
              ],
              [
                128.7564,
                35.9136
              ],
              [
                128.7569,
                35.9127
              ],
              [
                128.7574,
                35.9118
              ],
              [
                128.7592,
                35.9083
              ],
              [
                128.7598,
                35.9068
              ],
              [
                128.7593,
                35.9066
              ],
              [
                128.7579,
                35.906
              ],
              [
                128.757,
                35.9051
              ],
              [
                128.7567,
                35.9047
              ],
              [
                128.7566,
                35.9039
              ],
              [
                128.7566,
                35.9036
              ],
              [
                128.757,
                35.8998
              ],
              [
                128.7573,
                35.8978
              ],
              [
                128.7574,
                35.8972
              ],
              [
                128.7575,
                35.8963
              ],
              [
                128.7576,
                35.8959
              ],
              [
                128.7578,
                35.8953
              ],
              [
                128.7602,
                35.8909
              ],
              [
                128.7613,
                35.8875
              ],
              [
                128.761,
                35.8835
              ],
              [
                128.7607,
                35.8825
              ],
              [
                128.7601,
                35.8815
              ],
              [
                128.7588,
                35.8794
              ],
              [
                128.7577,
                35.8781
              ],
              [
                128.7584,
                35.8762
              ],
              [
                128.7607,
                35.8739
              ],
              [
                128.7596,
                35.8724
              ],
              [
                128.7588,
                35.8706
              ],
              [
                128.7599,
                35.8685
              ],
              [
                128.7598,
                35.8668
              ],
              [
                128.7598,
                35.8667
              ],
              [
                128.7598,
                35.8663
              ],
              [
                128.7598,
                35.8661
              ],
              [
                128.7593,
                35.8657
              ],
              [
                128.7593,
                35.8657
              ],
              [
                128.7583,
                35.8653
              ],
              [
                128.758,
                35.8651
              ],
              [
                128.7577,
                35.865
              ],
              [
                128.7576,
                35.865
              ],
              [
                128.7574,
                35.8649
              ],
              [
                128.7568,
                35.8646
              ],
              [
                128.7565,
                35.8644
              ],
              [
                128.7564,
                35.8644
              ],
              [
                128.7563,
                35.8644
              ],
              [
                128.7559,
                35.8642
              ],
              [
                128.7559,
                35.8642
              ],
              [
                128.7553,
                35.8638
              ],
              [
                128.7551,
                35.8636
              ],
              [
                128.7551,
                35.8635
              ],
              [
                128.755,
                35.8635
              ],
              [
                128.7548,
                35.8633
              ],
              [
                128.7531,
                35.861
              ],
              [
                128.7526,
                35.8602
              ],
              [
                128.7522,
                35.8596
              ],
              [
                128.7509,
                35.8576
              ],
              [
                128.7508,
                35.8575
              ],
              [
                128.7506,
                35.8574
              ],
              [
                128.7479,
                35.8566
              ],
              [
                128.747,
                35.8563
              ],
              [
                128.7461,
                35.856
              ],
              [
                128.7458,
                35.856
              ],
              [
                128.7455,
                35.8559
              ],
              [
                128.7453,
                35.8557
              ],
              [
                128.7452,
                35.8557
              ],
              [
                128.7412,
                35.8529
              ],
              [
                128.7402,
                35.8521
              ],
              [
                128.7392,
                35.8516
              ],
              [
                128.739,
                35.8515
              ],
              [
                128.7386,
                35.8513
              ],
              [
                128.7378,
                35.8512
              ],
              [
                128.7376,
                35.8512
              ],
              [
                128.7375,
                35.8512
              ],
              [
                128.737,
                35.8512
              ],
              [
                128.7363,
                35.8513
              ],
              [
                128.735,
                35.8514
              ],
              [
                128.7344,
                35.8518
              ],
              [
                128.7338,
                35.8522
              ],
              [
                128.7337,
                35.8522
              ],
              [
                128.7335,
                35.8523
              ],
              [
                128.7266,
                35.8569
              ],
              [
                128.7256,
                35.8577
              ],
              [
                128.7259,
                35.8579
              ],
              [
                128.7241,
                35.8599
              ],
              [
                128.7174,
                35.8607
              ],
              [
                128.7151,
                35.8609
              ],
              [
                128.7114,
                35.8608
              ],
              [
                128.7111,
                35.8607
              ],
              [
                128.7103,
                35.8603
              ],
              [
                128.7059,
                35.8581
              ],
              [
                128.7037,
                35.8576
              ],
              [
                128.6996,
                35.8578
              ],
              [
                128.6979,
                35.8586
              ],
              [
                128.6945,
                35.8588
              ],
              [
                128.6909,
                35.8589
              ],
              [
                128.687,
                35.8591
              ],
              [
                128.6868,
                35.859
              ],
              [
                128.6867,
                35.859
              ],
              [
                128.6862,
                35.859
              ],
              [
                128.686,
                35.859
              ],
              [
                128.6855,
                35.8591
              ],
              [
                128.6854,
                35.8592
              ],
              [
                128.682,
                35.8604
              ],
              [
                128.6815,
                35.8607
              ],
              [
                128.6808,
                35.8612
              ],
              [
                128.6804,
                35.8616
              ],
              [
                128.68,
                35.8621
              ],
              [
                128.68,
                35.8627
              ],
              [
                128.6802,
                35.8634
              ],
              [
                128.6799,
                35.8667
              ],
              [
                128.6791,
                35.868
              ],
              [
                128.6783,
                35.8697
              ],
              [
                128.6782,
                35.8701
              ],
              [
                128.6777,
                35.8709
              ],
              [
                128.6775,
                35.8711
              ],
              [
                128.6758,
                35.8733
              ],
              [
                128.6731,
                35.8738
              ],
              [
                128.6729,
                35.8732
              ],
              [
                128.6723,
                35.873
              ],
              [
                128.672,
                35.8729
              ],
              [
                128.6674,
                35.8724
              ],
              [
                128.6673,
                35.8724
              ],
              [
                128.6661,
                35.8727
              ],
              [
                128.6649,
                35.8728
              ],
              [
                128.6639,
                35.8731
              ],
              [
                128.6623,
                35.8738
              ],
              [
                128.6608,
                35.8747
              ],
              [
                128.6594,
                35.8768
              ],
              [
                128.659,
                35.8766
              ],
              [
                128.6564,
                35.876
              ],
              [
                128.6558,
                35.8761
              ],
              [
                128.6557,
                35.8761
              ],
              [
                128.6552,
                35.8762
              ],
              [
                128.655,
                35.8762
              ],
              [
                128.6548,
                35.8763
              ],
              [
                128.6547,
                35.8763
              ],
              [
                128.6544,
                35.8765
              ],
              [
                128.6542,
                35.8766
              ],
              [
                128.6536,
                35.8771
              ],
              [
                128.6529,
                35.8776
              ],
              [
                128.6524,
                35.8779
              ],
              [
                128.652,
                35.8781
              ],
              [
                128.652,
                35.8781
              ],
              [
                128.6515,
                35.8783
              ],
              [
                128.6513,
                35.8783
              ],
              [
                128.6511,
                35.8783
              ],
              [
                128.6488,
                35.8778
              ],
              [
                128.6451,
                35.8764
              ],
              [
                128.645,
                35.8766
              ],
              [
                128.6396,
                35.8735
              ],
              [
                128.6388,
                35.873
              ],
              [
                128.6371,
                35.8726
              ],
              [
                128.6351,
                35.872
              ],
              [
                128.6337,
                35.871
              ],
              [
                128.6307,
                35.8677
              ],
              [
                128.6302,
                35.8672
              ],
              [
                128.63,
                35.8669
              ],
              [
                128.6298,
                35.8667
              ],
              [
                128.6271,
                35.8669
              ],
              [
                128.6271,
                35.8669
              ],
              [
                128.6184,
                35.8678
              ],
              [
                128.618,
                35.8678
              ],
              [
                128.6148,
                35.8681
              ],
              [
                128.6147,
                35.8681
              ],
              [
                128.6143,
                35.869
              ],
              [
                128.6135,
                35.8717
              ],
              [
                128.6132,
                35.8724
              ],
              [
                128.6126,
                35.8739
              ],
              [
                128.6108,
                35.8749
              ],
              [
                128.6106,
                35.875
              ],
              [
                128.6081,
                35.8762
              ],
              [
                128.6068,
                35.8769
              ],
              [
                128.607,
                35.8776
              ],
              [
                128.6072,
                35.8777
              ],
              [
                128.6074,
                35.8778
              ],
              [
                128.6082,
                35.8781
              ],
              [
                128.6088,
                35.8784
              ],
              [
                128.6093,
                35.8786
              ],
              [
                128.6103,
                35.8795
              ],
              [
                128.6118,
                35.8811
              ],
              [
                128.612,
                35.8818
              ],
              [
                128.6144,
                35.8851
              ],
              [
                128.6146,
                35.8851
              ],
              [
                128.6146,
                35.8851
              ],
              [
                128.6151,
                35.8853
              ],
              [
                128.6153,
                35.8854
              ],
              [
                128.6154,
                35.8857
              ],
              [
                128.6155,
                35.8862
              ],
              [
                128.6157,
                35.8867
              ],
              [
                128.6159,
                35.8872
              ],
              [
                128.616,
                35.8874
              ],
              [
                128.6163,
                35.8879
              ],
              [
                128.6165,
                35.8882
              ],
              [
                128.6169,
                35.8887
              ],
              [
                128.617,
                35.8888
              ],
              [
                128.6199,
                35.8909
              ],
              [
                128.6222,
                35.8924
              ],
              [
                128.625,
                35.8911
              ],
              [
                128.628,
                35.8895
              ],
              [
                128.6316,
                35.8931
              ],
              [
                128.6317,
                35.894
              ],
              [
                128.6306,
                35.8954
              ],
              [
                128.6288,
                35.8977
              ],
              [
                128.6269,
                35.9042
              ],
              [
                128.627,
                35.9045
              ],
              [
                128.627,
                35.905
              ],
              [
                128.6274,
                35.9059
              ],
              [
                128.6283,
                35.9074
              ],
              [
                128.6291,
                35.9074
              ],
              [
                128.6307,
                35.9075
              ],
              [
                128.6316,
                35.9075
              ],
              [
                128.6321,
                35.9079
              ],
              [
                128.6325,
                35.914
              ],
              [
                128.6326,
                35.9159
              ],
              [
                128.6326,
                35.9167
              ],
              [
                128.6323,
                35.9207
              ],
              [
                128.6322,
                35.9212
              ],
              [
                128.6321,
                35.9215
              ],
              [
                128.632,
                35.9223
              ],
              [
                128.6319,
                35.9234
              ],
              [
                128.6319,
                35.9243
              ],
              [
                128.6319,
                35.9247
              ],
              [
                128.6319,
                35.926
              ],
              [
                128.6318,
                35.9264
              ],
              [
                128.6315,
                35.9271
              ],
              [
                128.6313,
                35.9275
              ],
              [
                128.6292,
                35.9296
              ],
              [
                128.6287,
                35.9297
              ],
              [
                128.6281,
                35.9297
              ],
              [
                128.6281,
                35.9297
              ],
              [
                128.6275,
                35.9296
              ],
              [
                128.6279,
                35.9298
              ],
              [
                128.6282,
                35.9299
              ],
              [
                128.6285,
                35.9303
              ],
              [
                128.6286,
                35.9303
              ],
              [
                128.6285,
                35.9311
              ],
              [
                128.6282,
                35.9319
              ],
              [
                128.6278,
                35.9322
              ],
              [
                128.6266,
                35.9339
              ],
              [
                128.6253,
                35.9357
              ],
              [
                128.625,
                35.9383
              ],
              [
                128.626,
                35.939
              ],
              [
                128.6266,
                35.9395
              ],
              [
                128.6268,
                35.941
              ],
              [
                128.6266,
                35.9454
              ],
              [
                128.6261,
                35.9457
              ],
              [
                128.6258,
                35.9459
              ],
              [
                128.6251,
                35.9462
              ],
              [
                128.6245,
                35.9463
              ],
              [
                128.6242,
                35.9462
              ],
              [
                128.6235,
                35.9461
              ],
              [
                128.6233,
                35.9462
              ],
              [
                128.6232,
                35.9484
              ],
              [
                128.6234,
                35.9523
              ],
              [
                128.6243,
                35.9546
              ],
              [
                128.6253,
                35.9557
              ],
              [
                128.6263,
                35.9564
              ],
              [
                128.6265,
                35.9565
              ],
              [
                128.6266,
                35.9566
              ],
              [
                128.6267,
                35.958
              ],
              [
                128.6267,
                35.9581
              ],
              [
                128.6252,
                35.9607
              ],
              [
                128.6252,
                35.9607
              ],
              [
                128.6243,
                35.9612
              ],
              [
                128.6239,
                35.9614
              ],
              [
                128.6225,
                35.9622
              ],
              [
                128.6221,
                35.9634
              ],
              [
                128.6228,
                35.9643
              ],
              [
                128.6233,
                35.9655
              ],
              [
                128.623,
                35.9659
              ],
              [
                128.623,
                35.966
              ],
              [
                128.6204,
                35.9691
              ],
              [
                128.6189,
                35.97
              ],
              [
                128.6186,
                35.9703
              ],
              [
                128.6183,
                35.9706
              ],
              [
                128.6184,
                35.972
              ],
              [
                128.6186,
                35.9722
              ],
              [
                128.619,
                35.9729
              ],
              [
                128.6198,
                35.9739
              ],
              [
                128.6199,
                35.974
              ],
              [
                128.6199,
                35.974
              ],
              [
                128.6198,
                35.9747
              ],
              [
                128.6192,
                35.976
              ],
              [
                128.6189,
                35.9765
              ],
              [
                128.6187,
                35.9766
              ],
              [
                128.6175,
                35.9773
              ],
              [
                128.6138,
                35.9808
              ],
              [
                128.6135,
                35.9817
              ],
              [
                128.6129,
                35.9825
              ],
              [
                128.6126,
                35.9828
              ],
              [
                128.6124,
                35.983
              ],
              [
                128.612,
                35.9833
              ],
              [
                128.6099,
                35.985
              ],
              [
                128.6094,
                35.9853
              ],
              [
                128.6063,
                35.9871
              ],
              [
                128.605,
                35.9876
              ],
              [
                128.6035,
                35.9878
              ],
              [
                128.6034,
                35.9878
              ],
              [
                128.6061,
                35.9912
              ],
              [
                128.6077,
                35.9931
              ],
              [
                128.6116,
                35.9977
              ],
              [
                128.6118,
                35.998
              ],
              [
                128.6136,
                35.9995
              ],
              [
                128.6145,
                36
              ],
              [
                128.6157,
                36.001
              ],
              [
                128.6162,
                36.0021
              ],
              [
                128.6167,
                36.0036
              ],
              [
                128.617,
                36.0051
              ],
              [
                128.6187,
                36.0064
              ],
              [
                128.6205,
                36.006
              ],
              [
                128.6219,
                36.006
              ],
              [
                128.6236,
                36.0064
              ],
              [
                128.6238,
                36.0067
              ],
              [
                128.624,
                36.0075
              ],
              [
                128.6245,
                36.0077
              ],
              [
                128.6251,
                36.0078
              ],
              [
                128.6261,
                36.0079
              ],
              [
                128.6306,
                36.0071
              ],
              [
                128.6327,
                36.0082
              ],
              [
                128.6348,
                36.009
              ],
              [
                128.6354,
                36.0091
              ],
              [
                128.6372,
                36.0092
              ],
              [
                128.6378,
                36.0091
              ],
              [
                128.6388,
                36.0092
              ],
              [
                128.64,
                36.0096
              ],
              [
                128.6407,
                36.0105
              ],
              [
                128.6407,
                36.0105
              ],
              [
                128.6413,
                36.0104
              ],
              [
                128.6429,
                36.0103
              ],
              [
                128.6444,
                36.0105
              ],
              [
                128.6447,
                36.0105
              ],
              [
                128.647,
                36.0095
              ],
              [
                128.6485,
                36.0088
              ],
              [
                128.649,
                36.0084
              ],
              [
                128.6503,
                36.0076
              ],
              [
                128.651,
                36.0073
              ],
              [
                128.6531,
                36.0081
              ],
              [
                128.6538,
                36.009
              ],
              [
                128.6549,
                36.0094
              ],
              [
                128.6566,
                36.0099
              ],
              [
                128.6582,
                36.0099
              ],
              [
                128.6606,
                36.0099
              ],
              [
                128.6606,
                36.0099
              ],
              [
                128.6642,
                36.0101
              ],
              [
                128.6654,
                36.0105
              ],
              [
                128.6655,
                36.0106
              ],
              [
                128.6667,
                36.0121
              ],
              [
                128.6676,
                36.0127
              ],
              [
                128.6695,
                36.0133
              ],
              [
                128.6742,
                36.0134
              ],
              [
                128.6775,
                36.0132
              ],
              [
                128.6796,
                36.0144
              ],
              [
                128.6801,
                36.0148
              ],
              [
                128.6865,
                36.0145
              ],
              [
                128.6943,
                36.0159
              ],
              [
                128.6956,
                36.0162
              ],
              [
                128.696,
                36.0156
              ]
            ]
          ]
        ]
      },
      "properties": {
        "name": "동구",
        "base_year": "2018",
        "name_eng": "Dong-gu",
        "code": "22020"
      }
    },
    {
      "type": "Feature",
      "geometry": {
        "type": "MultiPolygon",
        "coordinates": [
          [
            [
              [
                128.563,
                35.8896
              ],
              [
                128.5681,
                35.8887
              ],
              [
                128.5685,
                35.8888
              ],
              [
                128.5739,
                35.8879
              ],
              [
                128.5741,
                35.8879
              ],
              [
                128.5747,
                35.8878
              ],
              [
                128.5759,
                35.8876
              ],
              [
                128.5762,
                35.8875
              ],
              [
                128.5794,
                35.8862
              ],
              [
                128.5798,
                35.886
              ],
              [
                128.5818,
                35.8851
              ],
              [
                128.58,
                35.8791
              ],
              [
                128.5777,
                35.8796
              ],
              [
                128.5784,
                35.8759
              ],
              [
                128.5769,
                35.8762
              ],
              [
                128.5768,
                35.8762
              ],
              [
                128.5767,
                35.8762
              ],
              [
                128.5767,
                35.8762
              ],
              [
                128.5767,
                35.8762
              ],
              [
                128.5766,
                35.8761
              ],
              [
                128.5765,
                35.876
              ],
              [
                128.5765,
                35.876
              ],
              [
                128.5765,
                35.876
              ],
              [
                128.5756,
                35.8741
              ],
              [
                128.5755,
                35.8739
              ],
              [
                128.5755,
                35.8739
              ],
              [
                128.5755,
                35.8738
              ],
              [
                128.5755,
                35.8734
              ],
              [
                128.5756,
                35.8731
              ],
              [
                128.5768,
                35.8719
              ],
              [
                128.5773,
                35.8719
              ],
              [
                128.5788,
                35.8723
              ],
              [
                128.5789,
                35.8723
              ],
              [
                128.579,
                35.8724
              ],
              [
                128.5791,
                35.8725
              ],
              [
                128.5792,
                35.8726
              ],
              [
                128.5794,
                35.8728
              ],
              [
                128.5796,
                35.8703
              ],
              [
                128.5792,
                35.8697
              ],
              [
                128.5791,
                35.8695
              ],
              [
                128.5791,
                35.8695
              ],
              [
                128.5788,
                35.8692
              ],
              [
                128.5784,
                35.8688
              ],
              [
                128.5776,
                35.8681
              ],
              [
                128.5773,
                35.8679
              ],
              [
                128.5767,
                35.8675
              ],
              [
                128.5766,
                35.8674
              ],
              [
                128.5757,
                35.8668
              ],
              [
                128.575,
                35.8663
              ],
              [
                128.5747,
                35.8661
              ],
              [
                128.5738,
                35.8654
              ],
              [
                128.5738,
                35.8649
              ],
              [
                128.5738,
                35.8647
              ],
              [
                128.5739,
                35.8644
              ],
              [
                128.5742,
                35.8626
              ],
              [
                128.5742,
                35.8626
              ],
              [
                128.5678,
                35.8609
              ],
              [
                128.5668,
                35.8607
              ],
              [
                128.5585,
                35.8582
              ],
              [
                128.5574,
                35.8578
              ],
              [
                128.5565,
                35.8575
              ],
              [
                128.5481,
                35.8543
              ],
              [
                128.5481,
                35.8544
              ],
              [
                128.5451,
                35.8561
              ],
              [
                128.5436,
                35.8558
              ],
              [
                128.5417,
                35.8564
              ],
              [
                128.5405,
                35.8574
              ],
              [
                128.54,
                35.8587
              ],
              [
                128.5333,
                35.8588
              ],
              [
                128.5338,
                35.8614
              ],
              [
                128.5329,
                35.8616
              ],
              [
                128.5313,
                35.8616
              ],
              [
                128.5312,
                35.8616
              ],
              [
                128.5307,
                35.8616
              ],
              [
                128.5303,
                35.8616
              ],
              [
                128.5292,
                35.8616
              ],
              [
                128.5287,
                35.8616
              ],
              [
                128.5276,
                35.8616
              ],
              [
                128.5274,
                35.8618
              ],
              [
                128.5274,
                35.8618
              ],
              [
                128.5265,
                35.8631
              ],
              [
                128.5265,
                35.8632
              ],
              [
                128.5277,
                35.8646
              ],
              [
                128.5274,
                35.8649
              ],
              [
                128.5248,
                35.8671
              ],
              [
                128.5234,
                35.8674
              ],
              [
                128.5231,
                35.8674
              ],
              [
                128.5219,
                35.8673
              ],
              [
                128.5191,
                35.8694
              ],
              [
                128.5202,
                35.871
              ],
              [
                128.521,
                35.8723
              ],
              [
                128.5212,
                35.8727
              ],
              [
                128.5204,
                35.8764
              ],
              [
                128.5202,
                35.8769
              ],
              [
                128.52,
                35.8773
              ],
              [
                128.5197,
                35.878
              ],
              [
                128.5196,
                35.8782
              ],
              [
                128.5188,
                35.8798
              ],
              [
                128.5182,
                35.8803
              ],
              [
                128.518,
                35.8804
              ],
              [
                128.5164,
                35.883
              ],
              [
                128.5163,
                35.8831
              ],
              [
                128.5166,
                35.8838
              ],
              [
                128.5168,
                35.884
              ],
              [
                128.5177,
                35.8847
              ],
              [
                128.5216,
                35.8858
              ],
              [
                128.5248,
                35.8864
              ],
              [
                128.5251,
                35.8866
              ],
              [
                128.5258,
                35.8871
              ],
              [
                128.5264,
                35.8883
              ],
              [
                128.5284,
                35.8863
              ],
              [
                128.5339,
                35.8857
              ],
              [
                128.5342,
                35.8857
              ],
              [
                128.5345,
                35.8858
              ],
              [
                128.5347,
                35.8858
              ],
              [
                128.5362,
                35.8865
              ],
              [
                128.5364,
                35.8868
              ],
              [
                128.5367,
                35.8872
              ],
              [
                128.5372,
                35.888
              ],
              [
                128.5373,
                35.8882
              ],
              [
                128.5383,
                35.8898
              ],
              [
                128.5385,
                35.8903
              ],
              [
                128.5386,
                35.8907
              ],
              [
                128.5386,
                35.8909
              ],
              [
                128.5386,
                35.891
              ],
              [
                128.5386,
                35.8912
              ],
              [
                128.5388,
                35.8915
              ],
              [
                128.54,
                35.8927
              ],
              [
                128.5407,
                35.8934
              ],
              [
                128.5409,
                35.8935
              ],
              [
                128.5426,
                35.8941
              ],
              [
                128.5437,
                35.8945
              ],
              [
                128.5438,
                35.8945
              ],
              [
                128.5452,
                35.8948
              ],
              [
                128.5464,
                35.895
              ],
              [
                128.5519,
                35.8972
              ],
              [
                128.5532,
                35.8954
              ],
              [
                128.5531,
                35.8953
              ],
              [
                128.5523,
                35.8946
              ],
              [
                128.5518,
                35.894
              ],
              [
                128.5518,
                35.894
              ],
              [
                128.5539,
                35.8917
              ],
              [
                128.5541,
                35.8914
              ],
              [
                128.5542,
                35.8913
              ],
              [
                128.5544,
                35.8912
              ],
              [
                128.5546,
                35.891
              ],
              [
                128.5546,
                35.891
              ],
              [
                128.5547,
                35.891
              ],
              [
                128.5547,
                35.891
              ],
              [
                128.5548,
                35.8909
              ],
              [
                128.5548,
                35.8909
              ],
              [
                128.5549,
                35.8909
              ],
              [
                128.5549,
                35.8908
              ],
              [
                128.5551,
                35.8908
              ],
              [
                128.5552,
                35.8907
              ],
              [
                128.5553,
                35.8907
              ],
              [
                128.5555,
                35.8907
              ],
              [
                128.5568,
                35.8905
              ],
              [
                128.5617,
                35.8897
              ],
              [
                128.563,
                35.8896
              ]
            ]
          ]
        ]
      },
      "properties": {
        "name": "서구",
        "base_year": "2018",
        "name_eng": "Seo-gu",
        "code": "22030"
      }
    },
    {
      "type": "Feature",
      "geometry": {
        "type": "MultiPolygon",
        "coordinates": [
          [
            [
              [
                128.5745,
                35.8601
              ],
              [
                128.5829,
                35.8563
              ],
              [
                128.5842,
                35.8565
              ],
              [
                128.5878,
                35.8568
              ],
              [
                128.5947,
                35.8566
              ],
              [
                128.5948,
                35.8566
              ],
              [
                128.596,
                35.8564
              ],
              [
                128.5981,
                35.8555
              ],
              [
                128.6005,
                35.8554
              ],
              [
                128.6021,
                35.8553
              ],
              [
                128.6028,
                35.8552
              ],
              [
                128.6083,
                35.8549
              ],
              [
                128.6087,
                35.8543
              ],
              [
                128.6087,
                35.854
              ],
              [
                128.6088,
                35.8536
              ],
              [
                128.6088,
                35.8533
              ],
              [
                128.6088,
                35.8524
              ],
              [
                128.6083,
                35.8492
              ],
              [
                128.6081,
                35.8447
              ],
              [
                128.6076,
                35.843
              ],
              [
                128.6075,
                35.8425
              ],
              [
                128.6075,
                35.8419
              ],
              [
                128.6076,
                35.8415
              ],
              [
                128.6075,
                35.841
              ],
              [
                128.6074,
                35.84
              ],
              [
                128.6073,
                35.8395
              ],
              [
                128.6071,
                35.8393
              ],
              [
                128.607,
                35.8391
              ],
              [
                128.6069,
                35.8391
              ],
              [
                128.6064,
                35.8391
              ],
              [
                128.6059,
                35.8362
              ],
              [
                128.6058,
                35.8349
              ],
              [
                128.6061,
                35.8325
              ],
              [
                128.6062,
                35.8321
              ],
              [
                128.6069,
                35.8303
              ],
              [
                128.6076,
                35.828
              ],
              [
                128.6077,
                35.8271
              ],
              [
                128.6068,
                35.8271
              ],
              [
                128.6061,
                35.8272
              ],
              [
                128.6055,
                35.8272
              ],
              [
                128.605,
                35.8268
              ],
              [
                128.6046,
                35.8252
              ],
              [
                128.6042,
                35.8236
              ],
              [
                128.6041,
                35.8226
              ],
              [
                128.6007,
                35.8157
              ],
              [
                128.5998,
                35.8148
              ],
              [
                128.5982,
                35.8143
              ],
              [
                128.5971,
                35.814
              ],
              [
                128.5965,
                35.8139
              ],
              [
                128.5943,
                35.8131
              ],
              [
                128.5923,
                35.8113
              ],
              [
                128.5915,
                35.8093
              ],
              [
                128.5878,
                35.8077
              ],
              [
                128.5842,
                35.8072
              ],
              [
                128.5838,
                35.8074
              ],
              [
                128.5834,
                35.8092
              ],
              [
                128.5822,
                35.8113
              ],
              [
                128.5816,
                35.812
              ],
              [
                128.5799,
                35.8117
              ],
              [
                128.5793,
                35.812
              ],
              [
                128.5774,
                35.8141
              ],
              [
                128.5757,
                35.8163
              ],
              [
                128.5708,
                35.8194
              ],
              [
                128.5711,
                35.8207
              ],
              [
                128.571,
                35.822
              ],
              [
                128.5705,
                35.8228
              ],
              [
                128.5694,
                35.8243
              ],
              [
                128.5686,
                35.8249
              ],
              [
                128.5673,
                35.8235
              ],
              [
                128.5634,
                35.8242
              ],
              [
                128.5631,
                35.8243
              ],
              [
                128.5623,
                35.8255
              ],
              [
                128.5613,
                35.8274
              ],
              [
                128.5612,
                35.8276
              ],
              [
                128.5609,
                35.8282
              ],
              [
                128.5609,
                35.8283
              ],
              [
                128.561,
                35.8283
              ],
              [
                128.5609,
                35.8288
              ],
              [
                128.5602,
                35.83
              ],
              [
                128.5581,
                35.8329
              ],
              [
                128.5576,
                35.8334
              ],
              [
                128.5574,
                35.8335
              ],
              [
                128.5555,
                35.8344
              ],
              [
                128.5577,
                35.8376
              ],
              [
                128.5575,
                35.8376
              ],
              [
                128.5609,
                35.8421
              ],
              [
                128.5616,
                35.8429
              ],
              [
                128.562,
                35.8434
              ],
              [
                128.5621,
                35.8435
              ],
              [
                128.5621,
                35.8436
              ],
              [
                128.5636,
                35.8448
              ],
              [
                128.5638,
                35.8449
              ],
              [
                128.5641,
                35.8452
              ],
              [
                128.5642,
                35.8452
              ],
              [
                128.5651,
                35.8459
              ],
              [
                128.571,
                35.8496
              ],
              [
                128.5719,
                35.8501
              ],
              [
                128.5734,
                35.851
              ],
              [
                128.5736,
                35.8512
              ],
              [
                128.5745,
                35.8601
              ]
            ]
          ]
        ]
      },
      "properties": {
        "name": "남구",
        "base_year": "2018",
        "name_eng": "Nam-gu",
        "code": "22040"
      }
    },
    {
      "type": "Feature",
      "geometry": {
        "type": "MultiPolygon",
        "coordinates": [
          [
            [
              [
                128.6175,
                35.9773
              ],
              [
                128.6187,
                35.9766
              ],
              [
                128.6189,
                35.9765
              ],
              [
                128.6192,
                35.976
              ],
              [
                128.6198,
                35.9747
              ],
              [
                128.6199,
                35.974
              ],
              [
                128.6199,
                35.974
              ],
              [
                128.6198,
                35.9739
              ],
              [
                128.619,
                35.9729
              ],
              [
                128.6186,
                35.9722
              ],
              [
                128.6184,
                35.972
              ],
              [
                128.6183,
                35.9706
              ],
              [
                128.6186,
                35.9703
              ],
              [
                128.6189,
                35.97
              ],
              [
                128.6204,
                35.9691
              ],
              [
                128.623,
                35.966
              ],
              [
                128.623,
                35.9659
              ],
              [
                128.6233,
                35.9655
              ],
              [
                128.6228,
                35.9643
              ],
              [
                128.6221,
                35.9634
              ],
              [
                128.6225,
                35.9622
              ],
              [
                128.6239,
                35.9614
              ],
              [
                128.6243,
                35.9612
              ],
              [
                128.6252,
                35.9607
              ],
              [
                128.6252,
                35.9607
              ],
              [
                128.6267,
                35.9581
              ],
              [
                128.6267,
                35.958
              ],
              [
                128.6266,
                35.9566
              ],
              [
                128.6265,
                35.9565
              ],
              [
                128.6263,
                35.9564
              ],
              [
                128.6253,
                35.9557
              ],
              [
                128.6243,
                35.9546
              ],
              [
                128.6234,
                35.9523
              ],
              [
                128.6232,
                35.9484
              ],
              [
                128.6233,
                35.9462
              ],
              [
                128.6235,
                35.9461
              ],
              [
                128.6242,
                35.9462
              ],
              [
                128.6245,
                35.9463
              ],
              [
                128.6251,
                35.9462
              ],
              [
                128.6258,
                35.9459
              ],
              [
                128.6261,
                35.9457
              ],
              [
                128.6266,
                35.9454
              ],
              [
                128.6268,
                35.941
              ],
              [
                128.6266,
                35.9395
              ],
              [
                128.626,
                35.939
              ],
              [
                128.625,
                35.9383
              ],
              [
                128.6253,
                35.9357
              ],
              [
                128.6266,
                35.9339
              ],
              [
                128.6278,
                35.9322
              ],
              [
                128.6282,
                35.9319
              ],
              [
                128.6285,
                35.9311
              ],
              [
                128.6286,
                35.9303
              ],
              [
                128.6285,
                35.9303
              ],
              [
                128.6282,
                35.9299
              ],
              [
                128.6279,
                35.9298
              ],
              [
                128.6275,
                35.9296
              ],
              [
                128.6281,
                35.9297
              ],
              [
                128.6281,
                35.9297
              ],
              [
                128.6287,
                35.9297
              ],
              [
                128.6292,
                35.9296
              ],
              [
                128.6313,
                35.9275
              ],
              [
                128.6315,
                35.9271
              ],
              [
                128.6318,
                35.9264
              ],
              [
                128.6319,
                35.926
              ],
              [
                128.6319,
                35.9247
              ],
              [
                128.6319,
                35.9243
              ],
              [
                128.6319,
                35.9234
              ],
              [
                128.632,
                35.9223
              ],
              [
                128.6321,
                35.9215
              ],
              [
                128.6322,
                35.9212
              ],
              [
                128.6323,
                35.9207
              ],
              [
                128.6326,
                35.9167
              ],
              [
                128.6326,
                35.9159
              ],
              [
                128.6325,
                35.914
              ],
              [
                128.6321,
                35.9079
              ],
              [
                128.6316,
                35.9075
              ],
              [
                128.6307,
                35.9075
              ],
              [
                128.6291,
                35.9074
              ],
              [
                128.6283,
                35.9074
              ],
              [
                128.6274,
                35.9059
              ],
              [
                128.627,
                35.905
              ],
              [
                128.627,
                35.9045
              ],
              [
                128.6269,
                35.9042
              ],
              [
                128.6288,
                35.8977
              ],
              [
                128.6306,
                35.8954
              ],
              [
                128.6317,
                35.894
              ],
              [
                128.6316,
                35.8931
              ],
              [
                128.628,
                35.8895
              ],
              [
                128.625,
                35.8911
              ],
              [
                128.6222,
                35.8924
              ],
              [
                128.6199,
                35.8909
              ],
              [
                128.617,
                35.8888
              ],
              [
                128.6169,
                35.8887
              ],
              [
                128.6165,
                35.8882
              ],
              [
                128.6163,
                35.8879
              ],
              [
                128.616,
                35.8874
              ],
              [
                128.6159,
                35.8872
              ],
              [
                128.6157,
                35.8867
              ],
              [
                128.6155,
                35.8862
              ],
              [
                128.6154,
                35.8857
              ],
              [
                128.6153,
                35.8854
              ],
              [
                128.6151,
                35.8853
              ],
              [
                128.6146,
                35.8851
              ],
              [
                128.6146,
                35.8851
              ],
              [
                128.6144,
                35.8851
              ],
              [
                128.612,
                35.8818
              ],
              [
                128.6118,
                35.8811
              ],
              [
                128.6103,
                35.8795
              ],
              [
                128.6093,
                35.8786
              ],
              [
                128.6088,
                35.8784
              ],
              [
                128.6082,
                35.8781
              ],
              [
                128.6074,
                35.8778
              ],
              [
                128.6072,
                35.8777
              ],
              [
                128.607,
                35.8776
              ],
              [
                128.6068,
                35.8769
              ],
              [
                128.6081,
                35.8762
              ],
              [
                128.6106,
                35.875
              ],
              [
                128.6088,
                35.8744
              ],
              [
                128.6085,
                35.8743
              ],
              [
                128.6073,
                35.874
              ],
              [
                128.6073,
                35.874
              ],
              [
                128.6066,
                35.8739
              ],
              [
                128.6064,
                35.8739
              ],
              [
                128.606,
                35.8738
              ],
              [
                128.6048,
                35.8738
              ],
              [
                128.6048,
                35.8738
              ],
              [
                128.6044,
                35.8738
              ],
              [
                128.6039,
                35.8739
              ],
              [
                128.6034,
                35.874
              ],
              [
                128.6014,
                35.8746
              ],
              [
                128.5975,
                35.8754
              ],
              [
                128.595,
                35.8753
              ],
              [
                128.5951,
                35.8753
              ],
              [
                128.5951,
                35.8758
              ],
              [
                128.5946,
                35.876
              ],
              [
                128.5934,
                35.8763
              ],
              [
                128.5898,
                35.877
              ],
              [
                128.5891,
                35.8771
              ],
              [
                128.5883,
                35.8773
              ],
              [
                128.5883,
                35.8775
              ],
              [
                128.5841,
                35.8783
              ],
              [
                128.58,
                35.8791
              ],
              [
                128.5818,
                35.8851
              ],
              [
                128.5798,
                35.886
              ],
              [
                128.5794,
                35.8862
              ],
              [
                128.5762,
                35.8875
              ],
              [
                128.5759,
                35.8876
              ],
              [
                128.5747,
                35.8878
              ],
              [
                128.5741,
                35.8879
              ],
              [
                128.5739,
                35.8879
              ],
              [
                128.5685,
                35.8888
              ],
              [
                128.5681,
                35.8887
              ],
              [
                128.563,
                35.8896
              ],
              [
                128.5617,
                35.8897
              ],
              [
                128.5568,
                35.8905
              ],
              [
                128.5555,
                35.8907
              ],
              [
                128.5553,
                35.8907
              ],
              [
                128.5552,
                35.8907
              ],
              [
                128.5551,
                35.8908
              ],
              [
                128.5549,
                35.8908
              ],
              [
                128.5549,
                35.8909
              ],
              [
                128.5548,
                35.8909
              ],
              [
                128.5548,
                35.8909
              ],
              [
                128.5547,
                35.891
              ],
              [
                128.5547,
                35.891
              ],
              [
                128.5546,
                35.891
              ],
              [
                128.5546,
                35.891
              ],
              [
                128.5544,
                35.8912
              ],
              [
                128.5542,
                35.8913
              ],
              [
                128.5541,
                35.8914
              ],
              [
                128.5539,
                35.8917
              ],
              [
                128.5518,
                35.894
              ],
              [
                128.5518,
                35.894
              ],
              [
                128.5523,
                35.8946
              ],
              [
                128.5531,
                35.8953
              ],
              [
                128.5532,
                35.8954
              ],
              [
                128.5519,
                35.8972
              ],
              [
                128.5464,
                35.895
              ],
              [
                128.5452,
                35.8948
              ],
              [
                128.5438,
                35.8945
              ],
              [
                128.5437,
                35.8945
              ],
              [
                128.5426,
                35.8941
              ],
              [
                128.5409,
                35.8935
              ],
              [
                128.5407,
                35.8934
              ],
              [
                128.54,
                35.8927
              ],
              [
                128.5388,
                35.8915
              ],
              [
                128.5386,
                35.8912
              ],
              [
                128.5386,
                35.891
              ],
              [
                128.5386,
                35.8909
              ],
              [
                128.5386,
                35.8907
              ],
              [
                128.5385,
                35.8903
              ],
              [
                128.5383,
                35.8898
              ],
              [
                128.5373,
                35.8882
              ],
              [
                128.5372,
                35.888
              ],
              [
                128.5367,
                35.8872
              ],
              [
                128.5364,
                35.8868
              ],
              [
                128.5362,
                35.8865
              ],
              [
                128.5347,
                35.8858
              ],
              [
                128.5345,
                35.8858
              ],
              [
                128.5342,
                35.8857
              ],
              [
                128.5339,
                35.8857
              ],
              [
                128.5284,
                35.8863
              ],
              [
                128.5264,
                35.8883
              ],
              [
                128.526,
                35.8884
              ],
              [
                128.5249,
                35.8889
              ],
              [
                128.5244,
                35.8892
              ],
              [
                128.5233,
                35.8897
              ],
              [
                128.523,
                35.8899
              ],
              [
                128.5211,
                35.8908
              ],
              [
                128.5191,
                35.8916
              ],
              [
                128.5133,
                35.8932
              ],
              [
                128.513,
                35.8933
              ],
              [
                128.5126,
                35.8933
              ],
              [
                128.512,
                35.8934
              ],
              [
                128.5088,
                35.8933
              ],
              [
                128.5082,
                35.8933
              ],
              [
                128.5077,
                35.8932
              ],
              [
                128.507,
                35.8929
              ],
              [
                128.5048,
                35.8914
              ],
              [
                128.5049,
                35.8917
              ],
              [
                128.5058,
                35.8967
              ],
              [
                128.506,
                35.9004
              ],
              [
                128.5059,
                35.9012
              ],
              [
                128.5058,
                35.9017
              ],
              [
                128.5056,
                35.9021
              ],
              [
                128.5069,
                35.9058
              ],
              [
                128.5077,
                35.907
              ],
              [
                128.5101,
                35.9099
              ],
              [
                128.5107,
                35.91
              ],
              [
                128.5112,
                35.9103
              ],
              [
                128.5135,
                35.9115
              ],
              [
                128.5141,
                35.9115
              ],
              [
                128.5147,
                35.9111
              ],
              [
                128.5149,
                35.911
              ],
              [
                128.515,
                35.911
              ],
              [
                128.5169,
                35.9118
              ],
              [
                128.5176,
                35.913
              ],
              [
                128.5193,
                35.9146
              ],
              [
                128.5212,
                35.916
              ],
              [
                128.5223,
                35.9166
              ],
              [
                128.5232,
                35.9176
              ],
              [
                128.5232,
                35.9188
              ],
              [
                128.5231,
                35.9193
              ],
              [
                128.5233,
                35.9196
              ],
              [
                128.5256,
                35.922
              ],
              [
                128.5267,
                35.9227
              ],
              [
                128.5277,
                35.9232
              ],
              [
                128.5286,
                35.9237
              ],
              [
                128.5295,
                35.9236
              ],
              [
                128.53,
                35.9263
              ],
              [
                128.5301,
                35.9273
              ],
              [
                128.5302,
                35.9279
              ],
              [
                128.5303,
                35.9282
              ],
              [
                128.5306,
                35.9289
              ],
              [
                128.5307,
                35.929
              ],
              [
                128.531,
                35.9296
              ],
              [
                128.5313,
                35.9301
              ],
              [
                128.5335,
                35.9328
              ],
              [
                128.5344,
                35.9353
              ],
              [
                128.5343,
                35.936
              ],
              [
                128.5343,
                35.9367
              ],
              [
                128.5344,
                35.937
              ],
              [
                128.5351,
                35.9385
              ],
              [
                128.5348,
                35.9418
              ],
              [
                128.5343,
                35.9423
              ],
              [
                128.5334,
                35.9455
              ],
              [
                128.534,
                35.9461
              ],
              [
                128.5338,
                35.9483
              ],
              [
                128.5336,
                35.9492
              ],
              [
                128.533,
                35.9495
              ],
              [
                128.5326,
                35.9504
              ],
              [
                128.5325,
                35.9505
              ],
              [
                128.533,
                35.9528
              ],
              [
                128.5332,
                35.9537
              ],
              [
                128.5334,
                35.9541
              ],
              [
                128.5338,
                35.955
              ],
              [
                128.5341,
                35.9556
              ],
              [
                128.5345,
                35.9569
              ],
              [
                128.5348,
                35.9582
              ],
              [
                128.5348,
                35.9584
              ],
              [
                128.5335,
                35.9609
              ],
              [
                128.5328,
                35.9613
              ],
              [
                128.5325,
                35.9613
              ],
              [
                128.5319,
                35.9613
              ],
              [
                128.5309,
                35.9616
              ],
              [
                128.5306,
                35.9619
              ],
              [
                128.5305,
                35.962
              ],
              [
                128.5295,
                35.9656
              ],
              [
                128.5293,
                35.9675
              ],
              [
                128.5283,
                35.9704
              ],
              [
                128.5277,
                35.9715
              ],
              [
                128.5267,
                35.9754
              ],
              [
                128.5283,
                35.979
              ],
              [
                128.5288,
                35.9804
              ],
              [
                128.5312,
                35.9806
              ],
              [
                128.5336,
                35.9796
              ],
              [
                128.5373,
                35.9775
              ],
              [
                128.541,
                35.976
              ],
              [
                128.5428,
                35.9752
              ],
              [
                128.5435,
                35.9748
              ],
              [
                128.5437,
                35.9744
              ],
              [
                128.5436,
                35.9734
              ],
              [
                128.5437,
                35.9732
              ],
              [
                128.5457,
                35.9702
              ],
              [
                128.5462,
                35.969
              ],
              [
                128.5464,
                35.9675
              ],
              [
                128.5463,
                35.9663
              ],
              [
                128.5467,
                35.9657
              ],
              [
                128.5486,
                35.9639
              ],
              [
                128.5506,
                35.9625
              ],
              [
                128.5533,
                35.9608
              ],
              [
                128.554,
                35.9631
              ],
              [
                128.556,
                35.9688
              ],
              [
                128.5563,
                35.9715
              ],
              [
                128.5564,
                35.9717
              ],
              [
                128.5571,
                35.9722
              ],
              [
                128.5585,
                35.9727
              ],
              [
                128.5603,
                35.9729
              ],
              [
                128.5617,
                35.9725
              ],
              [
                128.5647,
                35.9729
              ],
              [
                128.5647,
                35.9729
              ],
              [
                128.5657,
                35.9737
              ],
              [
                128.5657,
                35.9738
              ],
              [
                128.5657,
                35.9749
              ],
              [
                128.5728,
                35.9783
              ],
              [
                128.5786,
                35.9784
              ],
              [
                128.5812,
                35.978
              ],
              [
                128.5832,
                35.9773
              ],
              [
                128.5835,
                35.9774
              ],
              [
                128.588,
                35.979
              ],
              [
                128.5902,
                35.9792
              ],
              [
                128.593,
                35.9808
              ],
              [
                128.5929,
                35.9834
              ],
              [
                128.5961,
                35.9845
              ],
              [
                128.5984,
                35.9851
              ],
              [
                128.6006,
                35.9855
              ],
              [
                128.6029,
                35.9859
              ],
              [
                128.6034,
                35.9878
              ],
              [
                128.6035,
                35.9878
              ],
              [
                128.605,
                35.9876
              ],
              [
                128.6063,
                35.9871
              ],
              [
                128.6094,
                35.9853
              ],
              [
                128.6099,
                35.985
              ],
              [
                128.612,
                35.9833
              ],
              [
                128.6124,
                35.983
              ],
              [
                128.6126,
                35.9828
              ],
              [
                128.6129,
                35.9825
              ],
              [
                128.6135,
                35.9817
              ],
              [
                128.6138,
                35.9808
              ],
              [
                128.6175,
                35.9773
              ]
            ]
          ]
        ]
      },
      "properties": {
        "name": "북구",
        "base_year": "2018",
        "name_eng": "Buk-gu",
        "code": "22050"
      }
    },
    {
      "type": "Feature",
      "geometry": {
        "type": "MultiPolygon",
        "coordinates": [
          [
            [
              [
                128.6547,
                35.8763
              ],
              [
                128.6548,
                35.8763
              ],
              [
                128.655,
                35.8762
              ],
              [
                128.6552,
                35.8762
              ],
              [
                128.6557,
                35.8761
              ],
              [
                128.6558,
                35.8761
              ],
              [
                128.6564,
                35.876
              ],
              [
                128.659,
                35.8766
              ],
              [
                128.6594,
                35.8768
              ],
              [
                128.6608,
                35.8747
              ],
              [
                128.6623,
                35.8738
              ],
              [
                128.6639,
                35.8731
              ],
              [
                128.6649,
                35.8728
              ],
              [
                128.6661,
                35.8727
              ],
              [
                128.6673,
                35.8724
              ],
              [
                128.6674,
                35.8724
              ],
              [
                128.672,
                35.8729
              ],
              [
                128.6723,
                35.873
              ],
              [
                128.6729,
                35.8732
              ],
              [
                128.6731,
                35.8738
              ],
              [
                128.6758,
                35.8733
              ],
              [
                128.6775,
                35.8711
              ],
              [
                128.6777,
                35.8709
              ],
              [
                128.6782,
                35.8701
              ],
              [
                128.6783,
                35.8697
              ],
              [
                128.6791,
                35.868
              ],
              [
                128.6799,
                35.8667
              ],
              [
                128.6802,
                35.8634
              ],
              [
                128.68,
                35.8627
              ],
              [
                128.68,
                35.8621
              ],
              [
                128.6804,
                35.8616
              ],
              [
                128.6808,
                35.8612
              ],
              [
                128.6815,
                35.8607
              ],
              [
                128.682,
                35.8604
              ],
              [
                128.6854,
                35.8592
              ],
              [
                128.6855,
                35.8591
              ],
              [
                128.686,
                35.859
              ],
              [
                128.6862,
                35.859
              ],
              [
                128.6867,
                35.859
              ],
              [
                128.6868,
                35.859
              ],
              [
                128.687,
                35.8591
              ],
              [
                128.6909,
                35.8589
              ],
              [
                128.6945,
                35.8588
              ],
              [
                128.6979,
                35.8586
              ],
              [
                128.6996,
                35.8578
              ],
              [
                128.7037,
                35.8576
              ],
              [
                128.7059,
                35.8581
              ],
              [
                128.7103,
                35.8603
              ],
              [
                128.7111,
                35.8607
              ],
              [
                128.7114,
                35.8608
              ],
              [
                128.7151,
                35.8609
              ],
              [
                128.7174,
                35.8607
              ],
              [
                128.7241,
                35.8599
              ],
              [
                128.7259,
                35.8579
              ],
              [
                128.7256,
                35.8577
              ],
              [
                128.725,
                35.8578
              ],
              [
                128.7248,
                35.8579
              ],
              [
                128.7244,
                35.858
              ],
              [
                128.7244,
                35.858
              ],
              [
                128.7241,
                35.858
              ],
              [
                128.7231,
                35.8579
              ],
              [
                128.723,
                35.8578
              ],
              [
                128.7219,
                35.8569
              ],
              [
                128.7227,
                35.8554
              ],
              [
                128.7237,
                35.855
              ],
              [
                128.7242,
                35.8548
              ],
              [
                128.7244,
                35.8546
              ],
              [
                128.7254,
                35.8538
              ],
              [
                128.7254,
                35.8538
              ],
              [
                128.7254,
                35.8538
              ],
              [
                128.7257,
                35.8513
              ],
              [
                128.7265,
                35.848
              ],
              [
                128.7269,
                35.8472
              ],
              [
                128.727,
                35.8465
              ],
              [
                128.7268,
                35.8446
              ],
              [
                128.7267,
                35.8444
              ],
              [
                128.7263,
                35.8425
              ],
              [
                128.7258,
                35.8419
              ],
              [
                128.7244,
                35.8402
              ],
              [
                128.7241,
                35.8394
              ],
              [
                128.7241,
                35.8385
              ],
              [
                128.7241,
                35.8384
              ],
              [
                128.7241,
                35.8383
              ],
              [
                128.7242,
                35.8381
              ],
              [
                128.7247,
                35.8374
              ],
              [
                128.7252,
                35.8365
              ],
              [
                128.7252,
                35.8364
              ],
              [
                128.7251,
                35.8362
              ],
              [
                128.725,
                35.836
              ],
              [
                128.7242,
                35.8356
              ],
              [
                128.722,
                35.8347
              ],
              [
                128.7218,
                35.8347
              ],
              [
                128.7217,
                35.8347
              ],
              [
                128.7217,
                35.8347
              ],
              [
                128.7216,
                35.8349
              ],
              [
                128.7215,
                35.8351
              ],
              [
                128.7211,
                35.8356
              ],
              [
                128.721,
                35.8357
              ],
              [
                128.721,
                35.8357
              ],
              [
                128.7204,
                35.836
              ],
              [
                128.7202,
                35.836
              ],
              [
                128.7198,
                35.8361
              ],
              [
                128.7192,
                35.8359
              ],
              [
                128.718,
                35.8349
              ],
              [
                128.7141,
                35.8318
              ],
              [
                128.7116,
                35.8299
              ],
              [
                128.7113,
                35.8295
              ],
              [
                128.7109,
                35.8291
              ],
              [
                128.7107,
                35.8289
              ],
              [
                128.7104,
                35.8284
              ],
              [
                128.7104,
                35.8284
              ],
              [
                128.7104,
                35.8283
              ],
              [
                128.7103,
                35.8282
              ],
              [
                128.7103,
                35.8281
              ],
              [
                128.7098,
                35.8278
              ],
              [
                128.7089,
                35.8269
              ],
              [
                128.7089,
                35.8269
              ],
              [
                128.7086,
                35.8266
              ],
              [
                128.7086,
                35.8264
              ],
              [
                128.7086,
                35.8234
              ],
              [
                128.7086,
                35.8231
              ],
              [
                128.7087,
                35.8229
              ],
              [
                128.7091,
                35.8216
              ],
              [
                128.7096,
                35.8211
              ],
              [
                128.7107,
                35.8204
              ],
              [
                128.7121,
                35.8194
              ],
              [
                128.7132,
                35.8182
              ],
              [
                128.7136,
                35.8178
              ],
              [
                128.7139,
                35.8175
              ],
              [
                128.7141,
                35.8169
              ],
              [
                128.7141,
                35.8162
              ],
              [
                128.7141,
                35.8154
              ],
              [
                128.7141,
                35.8153
              ],
              [
                128.7149,
                35.8127
              ],
              [
                128.7158,
                35.8093
              ],
              [
                128.7166,
                35.8087
              ],
              [
                128.7175,
                35.8068
              ],
              [
                128.7168,
                35.8066
              ],
              [
                128.7102,
                35.8043
              ],
              [
                128.7102,
                35.8042
              ],
              [
                128.7078,
                35.8025
              ],
              [
                128.7078,
                35.8025
              ],
              [
                128.7077,
                35.8024
              ],
              [
                128.706,
                35.7999
              ],
              [
                128.7054,
                35.7998
              ],
              [
                128.7039,
                35.7993
              ],
              [
                128.7026,
                35.7986
              ],
              [
                128.7026,
                35.7986
              ],
              [
                128.7006,
                35.7969
              ],
              [
                128.7005,
                35.7968
              ],
              [
                128.7004,
                35.7966
              ],
              [
                128.7003,
                35.7962
              ],
              [
                128.7003,
                35.7957
              ],
              [
                128.7003,
                35.7954
              ],
              [
                128.7002,
                35.7954
              ],
              [
                128.6998,
                35.795
              ],
              [
                128.6975,
                35.7944
              ],
              [
                128.6965,
                35.7946
              ],
              [
                128.6955,
                35.7953
              ],
              [
                128.695,
                35.796
              ],
              [
                128.6946,
                35.7968
              ],
              [
                128.6933,
                35.7968
              ],
              [
                128.6927,
                35.7966
              ],
              [
                128.6913,
                35.7957
              ],
              [
                128.6911,
                35.7954
              ],
              [
                128.691,
                35.7951
              ],
              [
                128.691,
                35.7944
              ],
              [
                128.6909,
                35.7942
              ],
              [
                128.6904,
                35.7934
              ],
              [
                128.6902,
                35.7931
              ],
              [
                128.6898,
                35.7928
              ],
              [
                128.6883,
                35.7924
              ],
              [
                128.688,
                35.7923
              ],
              [
                128.6873,
                35.7923
              ],
              [
                128.6825,
                35.7901
              ],
              [
                128.6825,
                35.7901
              ],
              [
                128.6813,
                35.7908
              ],
              [
                128.6787,
                35.793
              ],
              [
                128.6766,
                35.7938
              ],
              [
                128.6749,
                35.7952
              ],
              [
                128.6727,
                35.7953
              ],
              [
                128.6691,
                35.7961
              ],
              [
                128.6689,
                35.7963
              ],
              [
                128.6685,
                35.7969
              ],
              [
                128.6645,
                35.7979
              ],
              [
                128.6625,
                35.7984
              ],
              [
                128.6612,
                35.7985
              ],
              [
                128.6606,
                35.7985
              ],
              [
                128.6567,
                35.7986
              ],
              [
                128.6535,
                35.7993
              ],
              [
                128.6525,
                35.7998
              ],
              [
                128.6519,
                35.8006
              ],
              [
                128.6513,
                35.8028
              ],
              [
                128.6495,
                35.8029
              ],
              [
                128.6466,
                35.8025
              ],
              [
                128.6447,
                35.8022
              ],
              [
                128.6427,
                35.8021
              ],
              [
                128.6409,
                35.8023
              ],
              [
                128.6403,
                35.8028
              ],
              [
                128.6377,
                35.8035
              ],
              [
                128.6345,
                35.8037
              ],
              [
                128.6333,
                35.8036
              ],
              [
                128.6316,
                35.8034
              ],
              [
                128.631,
                35.8032
              ],
              [
                128.631,
                35.8032
              ],
              [
                128.6291,
                35.8025
              ],
              [
                128.6288,
                35.8028
              ],
              [
                128.6278,
                35.8038
              ],
              [
                128.6267,
                35.8048
              ],
              [
                128.6265,
                35.8049
              ],
              [
                128.6263,
                35.805
              ],
              [
                128.6258,
                35.8052
              ],
              [
                128.6253,
                35.8053
              ],
              [
                128.6231,
                35.8059
              ],
              [
                128.6197,
                35.8052
              ],
              [
                128.6164,
                35.8036
              ],
              [
                128.6088,
                35.8047
              ],
              [
                128.6047,
                35.8057
              ],
              [
                128.6035,
                35.806
              ],
              [
                128.6024,
                35.8063
              ],
              [
                128.6015,
                35.8062
              ],
              [
                128.6006,
                35.8061
              ],
              [
                128.5976,
                35.806
              ],
              [
                128.5971,
                35.8067
              ],
              [
                128.5924,
                35.809
              ],
              [
                128.5915,
                35.8093
              ],
              [
                128.5923,
                35.8113
              ],
              [
                128.5943,
                35.8131
              ],
              [
                128.5965,
                35.8139
              ],
              [
                128.5971,
                35.814
              ],
              [
                128.5982,
                35.8143
              ],
              [
                128.5998,
                35.8148
              ],
              [
                128.6007,
                35.8157
              ],
              [
                128.6041,
                35.8226
              ],
              [
                128.6042,
                35.8236
              ],
              [
                128.6046,
                35.8252
              ],
              [
                128.605,
                35.8268
              ],
              [
                128.6055,
                35.8272
              ],
              [
                128.6061,
                35.8272
              ],
              [
                128.6068,
                35.8271
              ],
              [
                128.6077,
                35.8271
              ],
              [
                128.6076,
                35.828
              ],
              [
                128.6069,
                35.8303
              ],
              [
                128.6062,
                35.8321
              ],
              [
                128.6061,
                35.8325
              ],
              [
                128.6058,
                35.8349
              ],
              [
                128.6059,
                35.8362
              ],
              [
                128.6064,
                35.8391
              ],
              [
                128.6069,
                35.8391
              ],
              [
                128.607,
                35.8391
              ],
              [
                128.6071,
                35.8393
              ],
              [
                128.6073,
                35.8395
              ],
              [
                128.6074,
                35.84
              ],
              [
                128.6075,
                35.841
              ],
              [
                128.6076,
                35.8415
              ],
              [
                128.6075,
                35.8419
              ],
              [
                128.6075,
                35.8425
              ],
              [
                128.6076,
                35.843
              ],
              [
                128.6081,
                35.8447
              ],
              [
                128.6083,
                35.8492
              ],
              [
                128.6088,
                35.8524
              ],
              [
                128.6088,
                35.8533
              ],
              [
                128.6088,
                35.8536
              ],
              [
                128.6087,
                35.854
              ],
              [
                128.6087,
                35.8543
              ],
              [
                128.6083,
                35.8549
              ],
              [
                128.6082,
                35.855
              ],
              [
                128.6081,
                35.8556
              ],
              [
                128.6081,
                35.8558
              ],
              [
                128.6081,
                35.8561
              ],
              [
                128.608,
                35.857
              ],
              [
                128.608,
                35.8574
              ],
              [
                128.608,
                35.8583
              ],
              [
                128.608,
                35.8586
              ],
              [
                128.6081,
                35.8594
              ],
              [
                128.6082,
                35.8598
              ],
              [
                128.6087,
                35.8608
              ],
              [
                128.6094,
                35.8612
              ],
              [
                128.6095,
                35.8618
              ],
              [
                128.6097,
                35.8621
              ],
              [
                128.61,
                35.8625
              ],
              [
                128.6103,
                35.8627
              ],
              [
                128.6106,
                35.8629
              ],
              [
                128.6114,
                35.8632
              ],
              [
                128.6124,
                35.8637
              ],
              [
                128.6127,
                35.8639
              ],
              [
                128.6129,
                35.8641
              ],
              [
                128.6133,
                35.8647
              ],
              [
                128.6135,
                35.8651
              ],
              [
                128.6136,
                35.8652
              ],
              [
                128.6137,
                35.8654
              ],
              [
                128.6147,
                35.8681
              ],
              [
                128.6148,
                35.8681
              ],
              [
                128.618,
                35.8678
              ],
              [
                128.6184,
                35.8678
              ],
              [
                128.6271,
                35.8669
              ],
              [
                128.6271,
                35.8669
              ],
              [
                128.6298,
                35.8667
              ],
              [
                128.63,
                35.8669
              ],
              [
                128.6302,
                35.8672
              ],
              [
                128.6307,
                35.8677
              ],
              [
                128.6337,
                35.871
              ],
              [
                128.6351,
                35.872
              ],
              [
                128.6371,
                35.8726
              ],
              [
                128.6388,
                35.873
              ],
              [
                128.6396,
                35.8735
              ],
              [
                128.645,
                35.8766
              ],
              [
                128.6451,
                35.8764
              ],
              [
                128.6488,
                35.8778
              ],
              [
                128.6511,
                35.8783
              ],
              [
                128.6513,
                35.8783
              ],
              [
                128.6515,
                35.8783
              ],
              [
                128.652,
                35.8781
              ],
              [
                128.652,
                35.8781
              ],
              [
                128.6524,
                35.8779
              ],
              [
                128.6529,
                35.8776
              ],
              [
                128.6536,
                35.8771
              ],
              [
                128.6542,
                35.8766
              ],
              [
                128.6544,
                35.8765
              ],
              [
                128.6547,
                35.8763
              ]
            ]
          ]
        ]
      },
      "properties": {
        "name": "수성구",
        "base_year": "2018",
        "name_eng": "Suseong-gu",
        "code": "22060"
      }
    },
    {
      "type": "Feature",
      "geometry": {
        "type": "MultiPolygon",
        "coordinates": [
          [
            [
              [
                128.4827,
                35.8155
              ],
              [
                128.4828,
                35.8159
              ],
              [
                128.4829,
                35.8178
              ],
              [
                128.483,
                35.818
              ],
              [
                128.483,
                35.8189
              ],
              [
                128.4831,
                35.8205
              ],
              [
                128.4831,
                35.8211
              ],
              [
                128.483,
                35.8215
              ],
              [
                128.483,
                35.823
              ],
              [
                128.4829,
                35.8237
              ],
              [
                128.4828,
                35.8243
              ],
              [
                128.4825,
                35.826
              ],
              [
                128.482,
                35.8271
              ],
              [
                128.482,
                35.8272
              ],
              [
                128.4815,
                35.8288
              ],
              [
                128.4811,
                35.8301
              ],
              [
                128.4767,
                35.8316
              ],
              [
                128.4753,
                35.8322
              ],
              [
                128.4744,
                35.8325
              ],
              [
                128.4742,
                35.8325
              ],
              [
                128.4732,
                35.8332
              ],
              [
                128.4731,
                35.8333
              ],
              [
                128.4728,
                35.8334
              ],
              [
                128.4725,
                35.8336
              ],
              [
                128.4687,
                35.8385
              ],
              [
                128.4689,
                35.8396
              ],
              [
                128.4694,
                35.8418
              ],
              [
                128.4696,
                35.8427
              ],
              [
                128.4702,
                35.8444
              ],
              [
                128.4708,
                35.8459
              ],
              [
                128.471,
                35.8469
              ],
              [
                128.4712,
                35.8479
              ],
              [
                128.4718,
                35.8521
              ],
              [
                128.4721,
                35.8544
              ],
              [
                128.4724,
                35.8556
              ],
              [
                128.4731,
                35.8582
              ],
              [
                128.4738,
                35.8582
              ],
              [
                128.4766,
                35.8616
              ],
              [
                128.4768,
                35.862
              ],
              [
                128.4795,
                35.8662
              ],
              [
                128.4798,
                35.8664
              ],
              [
                128.4817,
                35.8683
              ],
              [
                128.483,
                35.8677
              ],
              [
                128.4838,
                35.8678
              ],
              [
                128.4844,
                35.8679
              ],
              [
                128.485,
                35.868
              ],
              [
                128.486,
                35.8681
              ],
              [
                128.4862,
                35.8681
              ],
              [
                128.4867,
                35.8681
              ],
              [
                128.4872,
                35.8679
              ],
              [
                128.4873,
                35.8679
              ],
              [
                128.4877,
                35.8677
              ],
              [
                128.4878,
                35.8676
              ],
              [
                128.4904,
                35.8662
              ],
              [
                128.4934,
                35.8646
              ],
              [
                128.4949,
                35.8646
              ],
              [
                128.4983,
                35.8641
              ],
              [
                128.4984,
                35.8641
              ],
              [
                128.4999,
                35.8637
              ],
              [
                128.5006,
                35.8634
              ],
              [
                128.5021,
                35.8644
              ],
              [
                128.5047,
                35.8657
              ],
              [
                128.5066,
                35.866
              ],
              [
                128.5078,
                35.866
              ],
              [
                128.5082,
                35.8663
              ],
              [
                128.5083,
                35.8665
              ],
              [
                128.5084,
                35.8667
              ],
              [
                128.5091,
                35.8678
              ],
              [
                128.5092,
                35.8687
              ],
              [
                128.5094,
                35.8693
              ],
              [
                128.5094,
                35.8696
              ],
              [
                128.5123,
                35.8681
              ],
              [
                128.5158,
                35.8677
              ],
              [
                128.5191,
                35.8694
              ],
              [
                128.5219,
                35.8673
              ],
              [
                128.5231,
                35.8674
              ],
              [
                128.5234,
                35.8674
              ],
              [
                128.5248,
                35.8671
              ],
              [
                128.5274,
                35.8649
              ],
              [
                128.5277,
                35.8646
              ],
              [
                128.5265,
                35.8632
              ],
              [
                128.5265,
                35.8631
              ],
              [
                128.5274,
                35.8618
              ],
              [
                128.5274,
                35.8618
              ],
              [
                128.5276,
                35.8616
              ],
              [
                128.5287,
                35.8616
              ],
              [
                128.5292,
                35.8616
              ],
              [
                128.5303,
                35.8616
              ],
              [
                128.5307,
                35.8616
              ],
              [
                128.5312,
                35.8616
              ],
              [
                128.5313,
                35.8616
              ],
              [
                128.5329,
                35.8616
              ],
              [
                128.5338,
                35.8614
              ],
              [
                128.5333,
                35.8588
              ],
              [
                128.54,
                35.8587
              ],
              [
                128.5405,
                35.8574
              ],
              [
                128.5417,
                35.8564
              ],
              [
                128.5436,
                35.8558
              ],
              [
                128.5451,
                35.8561
              ],
              [
                128.5481,
                35.8544
              ],
              [
                128.5481,
                35.8543
              ],
              [
                128.5565,
                35.8575
              ],
              [
                128.5574,
                35.8578
              ],
              [
                128.5585,
                35.8582
              ],
              [
                128.5668,
                35.8607
              ],
              [
                128.5678,
                35.8609
              ],
              [
                128.5742,
                35.8626
              ],
              [
                128.5744,
                35.8612
              ],
              [
                128.5745,
                35.8601
              ],
              [
                128.5736,
                35.8512
              ],
              [
                128.5734,
                35.851
              ],
              [
                128.5719,
                35.8501
              ],
              [
                128.571,
                35.8496
              ],
              [
                128.5651,
                35.8459
              ],
              [
                128.5642,
                35.8452
              ],
              [
                128.5641,
                35.8452
              ],
              [
                128.5638,
                35.8449
              ],
              [
                128.5636,
                35.8448
              ],
              [
                128.5621,
                35.8436
              ],
              [
                128.5621,
                35.8435
              ],
              [
                128.562,
                35.8434
              ],
              [
                128.5616,
                35.8429
              ],
              [
                128.5609,
                35.8421
              ],
              [
                128.5575,
                35.8376
              ],
              [
                128.5577,
                35.8376
              ],
              [
                128.5555,
                35.8344
              ],
              [
                128.5574,
                35.8335
              ],
              [
                128.5576,
                35.8334
              ],
              [
                128.5581,
                35.8329
              ],
              [
                128.5602,
                35.83
              ],
              [
                128.5609,
                35.8288
              ],
              [
                128.561,
                35.8283
              ],
              [
                128.5609,
                35.8283
              ],
              [
                128.5609,
                35.8282
              ],
              [
                128.5612,
                35.8276
              ],
              [
                128.5613,
                35.8274
              ],
              [
                128.5623,
                35.8255
              ],
              [
                128.5631,
                35.8243
              ],
              [
                128.5634,
                35.8242
              ],
              [
                128.5673,
                35.8235
              ],
              [
                128.5686,
                35.8249
              ],
              [
                128.5694,
                35.8243
              ],
              [
                128.5705,
                35.8228
              ],
              [
                128.571,
                35.822
              ],
              [
                128.5711,
                35.8207
              ],
              [
                128.5708,
                35.8194
              ],
              [
                128.5757,
                35.8163
              ],
              [
                128.5774,
                35.8141
              ],
              [
                128.5793,
                35.812
              ],
              [
                128.5799,
                35.8117
              ],
              [
                128.5816,
                35.812
              ],
              [
                128.5822,
                35.8113
              ],
              [
                128.5834,
                35.8092
              ],
              [
                128.5838,
                35.8074
              ],
              [
                128.5842,
                35.8072
              ],
              [
                128.5878,
                35.8077
              ],
              [
                128.5866,
                35.805
              ],
              [
                128.5863,
                35.8045
              ],
              [
                128.5855,
                35.8029
              ],
              [
                128.5858,
                35.8019
              ],
              [
                128.5864,
                35.8009
              ],
              [
                128.5864,
                35.8007
              ],
              [
                128.5863,
                35.7999
              ],
              [
                128.5852,
                35.7989
              ],
              [
                128.5809,
                35.798
              ],
              [
                128.5803,
                35.7973
              ],
              [
                128.5792,
                35.7966
              ],
              [
                128.5785,
                35.7962
              ],
              [
                128.5764,
                35.7959
              ],
              [
                128.5749,
                35.796
              ],
              [
                128.5732,
                35.7965
              ],
              [
                128.5712,
                35.797
              ],
              [
                128.5694,
                35.7974
              ],
              [
                128.5672,
                35.7953
              ],
              [
                128.567,
                35.795
              ],
              [
                128.567,
                35.795
              ],
              [
                128.5682,
                35.7921
              ],
              [
                128.5687,
                35.7901
              ],
              [
                128.5693,
                35.7863
              ],
              [
                128.5692,
                35.7833
              ],
              [
                128.5692,
                35.7829
              ],
              [
                128.5698,
                35.782
              ],
              [
                128.5702,
                35.7813
              ],
              [
                128.5703,
                35.7799
              ],
              [
                128.5652,
                35.7746
              ],
              [
                128.565,
                35.7744
              ],
              [
                128.5637,
                35.7739
              ],
              [
                128.563,
                35.7741
              ],
              [
                128.5626,
                35.7743
              ],
              [
                128.5619,
                35.7743
              ],
              [
                128.5596,
                35.774
              ],
              [
                128.5585,
                35.7737
              ],
              [
                128.5573,
                35.773
              ],
              [
                128.5562,
                35.773
              ],
              [
                128.5545,
                35.7729
              ],
              [
                128.5543,
                35.7732
              ],
              [
                128.554,
                35.7743
              ],
              [
                128.5534,
                35.7775
              ],
              [
                128.5521,
                35.7793
              ],
              [
                128.5501,
                35.7797
              ],
              [
                128.5489,
                35.7803
              ],
              [
                128.5485,
                35.7808
              ],
              [
                128.5468,
                35.7832
              ],
              [
                128.5467,
                35.7834
              ],
              [
                128.5465,
                35.7837
              ],
              [
                128.5464,
                35.784
              ],
              [
                128.546,
                35.7852
              ],
              [
                128.5445,
                35.7864
              ],
              [
                128.5434,
                35.7868
              ],
              [
                128.542,
                35.7876
              ],
              [
                128.5415,
                35.7882
              ],
              [
                128.5414,
                35.7889
              ],
              [
                128.5414,
                35.7898
              ],
              [
                128.5402,
                35.7883
              ],
              [
                128.538,
                35.7869
              ],
              [
                128.5371,
                35.7868
              ],
              [
                128.5361,
                35.7867
              ],
              [
                128.5332,
                35.7866
              ],
              [
                128.5307,
                35.7874
              ],
              [
                128.5288,
                35.7881
              ],
              [
                128.5281,
                35.7905
              ],
              [
                128.5276,
                35.7926
              ],
              [
                128.5273,
                35.7929
              ],
              [
                128.526,
                35.7929
              ],
              [
                128.5228,
                35.7939
              ],
              [
                128.5186,
                35.7973
              ],
              [
                128.5182,
                35.7977
              ],
              [
                128.5179,
                35.798
              ],
              [
                128.5174,
                35.7984
              ],
              [
                128.5166,
                35.7994
              ],
              [
                128.5154,
                35.8018
              ],
              [
                128.5147,
                35.8036
              ],
              [
                128.5145,
                35.8058
              ],
              [
                128.5136,
                35.8058
              ],
              [
                128.5127,
                35.8056
              ],
              [
                128.5123,
                35.8055
              ],
              [
                128.5122,
                35.8054
              ],
              [
                128.5119,
                35.8053
              ],
              [
                128.5114,
                35.8053
              ],
              [
                128.5105,
                35.8058
              ],
              [
                128.5105,
                35.8058
              ],
              [
                128.5105,
                35.8058
              ],
              [
                128.5105,
                35.8058
              ],
              [
                128.5104,
                35.8059
              ],
              [
                128.5105,
                35.806
              ],
              [
                128.5095,
                35.8059
              ],
              [
                128.5089,
                35.8058
              ],
              [
                128.5084,
                35.8057
              ],
              [
                128.5079,
                35.8062
              ],
              [
                128.5085,
                35.8077
              ],
              [
                128.5093,
                35.8082
              ],
              [
                128.5103,
                35.8085
              ],
              [
                128.5111,
                35.8088
              ],
              [
                128.5113,
                35.8088
              ],
              [
                128.5134,
                35.8099
              ],
              [
                128.5126,
                35.8111
              ],
              [
                128.5113,
                35.8118
              ],
              [
                128.5111,
                35.8119
              ],
              [
                128.5102,
                35.8122
              ],
              [
                128.5095,
                35.8125
              ],
              [
                128.5092,
                35.8125
              ],
              [
                128.5067,
                35.8143
              ],
              [
                128.5061,
                35.8149
              ],
              [
                128.5027,
                35.8168
              ],
              [
                128.5024,
                35.817
              ],
              [
                128.5017,
                35.8173
              ],
              [
                128.5016,
                35.8174
              ],
              [
                128.5016,
                35.8174
              ],
              [
                128.5012,
                35.8175
              ],
              [
                128.5007,
                35.8178
              ],
              [
                128.5,
                35.818
              ],
              [
                128.4984,
                35.8184
              ],
              [
                128.49,
                35.82
              ],
              [
                128.4866,
                35.818
              ],
              [
                128.4839,
                35.8163
              ],
              [
                128.4827,
                35.8155
              ]
            ]
          ]
        ]
      },
      "properties": {
        "name": "달서구",
        "base_year": "2018",
        "name_eng": "Dalseo-gu",
        "code": "22070"
      }
    },
    {
      "type": "Feature",
      "geometry": {
        "type": "MultiPolygon",
        "coordinates": [
          [
            [
              [
                128.5027,
                35.8168
              ],
              [
                128.5061,
                35.8149
              ],
              [
                128.5067,
                35.8143
              ],
              [
                128.5092,
                35.8125
              ],
              [
                128.5095,
                35.8125
              ],
              [
                128.5102,
                35.8122
              ],
              [
                128.5111,
                35.8119
              ],
              [
                128.5113,
                35.8118
              ],
              [
                128.5126,
                35.8111
              ],
              [
                128.5134,
                35.8099
              ],
              [
                128.5113,
                35.8088
              ],
              [
                128.5111,
                35.8088
              ],
              [
                128.5103,
                35.8085
              ],
              [
                128.5093,
                35.8082
              ],
              [
                128.5085,
                35.8077
              ],
              [
                128.5079,
                35.8062
              ],
              [
                128.5084,
                35.8057
              ],
              [
                128.5089,
                35.8058
              ],
              [
                128.5095,
                35.8059
              ],
              [
                128.5105,
                35.806
              ],
              [
                128.5104,
                35.8059
              ],
              [
                128.5105,
                35.8058
              ],
              [
                128.5105,
                35.8058
              ],
              [
                128.5105,
                35.8058
              ],
              [
                128.5105,
                35.8058
              ],
              [
                128.5114,
                35.8053
              ],
              [
                128.5119,
                35.8053
              ],
              [
                128.5122,
                35.8054
              ],
              [
                128.5123,
                35.8055
              ],
              [
                128.5127,
                35.8056
              ],
              [
                128.5136,
                35.8058
              ],
              [
                128.5145,
                35.8058
              ],
              [
                128.5147,
                35.8036
              ],
              [
                128.5154,
                35.8018
              ],
              [
                128.5166,
                35.7994
              ],
              [
                128.5174,
                35.7984
              ],
              [
                128.5179,
                35.798
              ],
              [
                128.5182,
                35.7977
              ],
              [
                128.5186,
                35.7973
              ],
              [
                128.5228,
                35.7939
              ],
              [
                128.526,
                35.7929
              ],
              [
                128.5273,
                35.7929
              ],
              [
                128.5276,
                35.7926
              ],
              [
                128.5281,
                35.7905
              ],
              [
                128.5288,
                35.7881
              ],
              [
                128.5307,
                35.7874
              ],
              [
                128.5332,
                35.7866
              ],
              [
                128.5361,
                35.7867
              ],
              [
                128.5371,
                35.7868
              ],
              [
                128.538,
                35.7869
              ],
              [
                128.5402,
                35.7883
              ],
              [
                128.5414,
                35.7898
              ],
              [
                128.5414,
                35.7889
              ],
              [
                128.5415,
                35.7882
              ],
              [
                128.542,
                35.7876
              ],
              [
                128.5434,
                35.7868
              ],
              [
                128.5445,
                35.7864
              ],
              [
                128.546,
                35.7852
              ],
              [
                128.5464,
                35.784
              ],
              [
                128.5465,
                35.7837
              ],
              [
                128.5467,
                35.7834
              ],
              [
                128.5468,
                35.7832
              ],
              [
                128.5485,
                35.7808
              ],
              [
                128.5489,
                35.7803
              ],
              [
                128.5501,
                35.7797
              ],
              [
                128.5521,
                35.7793
              ],
              [
                128.5534,
                35.7775
              ],
              [
                128.554,
                35.7743
              ],
              [
                128.5543,
                35.7732
              ],
              [
                128.5545,
                35.7729
              ],
              [
                128.5562,
                35.773
              ],
              [
                128.5573,
                35.773
              ],
              [
                128.5585,
                35.7737
              ],
              [
                128.5596,
                35.774
              ],
              [
                128.5619,
                35.7743
              ],
              [
                128.5626,
                35.7743
              ],
              [
                128.563,
                35.7741
              ],
              [
                128.5637,
                35.7739
              ],
              [
                128.565,
                35.7744
              ],
              [
                128.5652,
                35.7746
              ],
              [
                128.5703,
                35.7799
              ],
              [
                128.5702,
                35.7813
              ],
              [
                128.5698,
                35.782
              ],
              [
                128.5692,
                35.7829
              ],
              [
                128.5692,
                35.7833
              ],
              [
                128.5693,
                35.7863
              ],
              [
                128.5687,
                35.7901
              ],
              [
                128.5682,
                35.7921
              ],
              [
                128.567,
                35.795
              ],
              [
                128.567,
                35.795
              ],
              [
                128.5672,
                35.7953
              ],
              [
                128.5694,
                35.7974
              ],
              [
                128.5712,
                35.797
              ],
              [
                128.5732,
                35.7965
              ],
              [
                128.5749,
                35.796
              ],
              [
                128.5764,
                35.7959
              ],
              [
                128.5785,
                35.7962
              ],
              [
                128.5792,
                35.7966
              ],
              [
                128.5803,
                35.7973
              ],
              [
                128.5809,
                35.798
              ],
              [
                128.5852,
                35.7989
              ],
              [
                128.5863,
                35.7999
              ],
              [
                128.5864,
                35.8007
              ],
              [
                128.5864,
                35.8009
              ],
              [
                128.5858,
                35.8019
              ],
              [
                128.5855,
                35.8029
              ],
              [
                128.5863,
                35.8045
              ],
              [
                128.5866,
                35.805
              ],
              [
                128.5878,
                35.8077
              ],
              [
                128.5915,
                35.8093
              ],
              [
                128.5924,
                35.809
              ],
              [
                128.5971,
                35.8067
              ],
              [
                128.5976,
                35.806
              ],
              [
                128.6006,
                35.8061
              ],
              [
                128.6015,
                35.8062
              ],
              [
                128.6024,
                35.8063
              ],
              [
                128.6035,
                35.806
              ],
              [
                128.6047,
                35.8057
              ],
              [
                128.6088,
                35.8047
              ],
              [
                128.6164,
                35.8036
              ],
              [
                128.6197,
                35.8052
              ],
              [
                128.6231,
                35.8059
              ],
              [
                128.6253,
                35.8053
              ],
              [
                128.6258,
                35.8052
              ],
              [
                128.6263,
                35.805
              ],
              [
                128.6265,
                35.8049
              ],
              [
                128.6267,
                35.8048
              ],
              [
                128.6278,
                35.8038
              ],
              [
                128.6288,
                35.8028
              ],
              [
                128.6291,
                35.8025
              ],
              [
                128.631,
                35.8032
              ],
              [
                128.631,
                35.8032
              ],
              [
                128.6316,
                35.8034
              ],
              [
                128.6333,
                35.8036
              ],
              [
                128.6345,
                35.8037
              ],
              [
                128.6377,
                35.8035
              ],
              [
                128.6403,
                35.8028
              ],
              [
                128.6409,
                35.8023
              ],
              [
                128.6427,
                35.8021
              ],
              [
                128.6447,
                35.8022
              ],
              [
                128.6466,
                35.8025
              ],
              [
                128.6495,
                35.8029
              ],
              [
                128.6513,
                35.8028
              ],
              [
                128.6519,
                35.8006
              ],
              [
                128.6525,
                35.7998
              ],
              [
                128.6535,
                35.7993
              ],
              [
                128.6567,
                35.7986
              ],
              [
                128.6606,
                35.7985
              ],
              [
                128.6612,
                35.7985
              ],
              [
                128.6625,
                35.7984
              ],
              [
                128.6645,
                35.7979
              ],
              [
                128.6685,
                35.7969
              ],
              [
                128.6689,
                35.7963
              ],
              [
                128.6691,
                35.7961
              ],
              [
                128.6727,
                35.7953
              ],
              [
                128.6749,
                35.7952
              ],
              [
                128.6766,
                35.7938
              ],
              [
                128.6787,
                35.793
              ],
              [
                128.6813,
                35.7908
              ],
              [
                128.6825,
                35.7901
              ],
              [
                128.6814,
                35.7859
              ],
              [
                128.6814,
                35.785
              ],
              [
                128.6815,
                35.7846
              ],
              [
                128.6816,
                35.784
              ],
              [
                128.6818,
                35.7831
              ],
              [
                128.6819,
                35.7831
              ],
              [
                128.683,
                35.781
              ],
              [
                128.6839,
                35.7796
              ],
              [
                128.6849,
                35.7782
              ],
              [
                128.6855,
                35.778
              ],
              [
                128.6857,
                35.778
              ],
              [
                128.686,
                35.778
              ],
              [
                128.6865,
                35.7774
              ],
              [
                128.6871,
                35.7755
              ],
              [
                128.6872,
                35.7738
              ],
              [
                128.6871,
                35.7732
              ],
              [
                128.687,
                35.7731
              ],
              [
                128.687,
                35.7729
              ],
              [
                128.6864,
                35.7719
              ],
              [
                128.6861,
                35.7712
              ],
              [
                128.6861,
                35.77
              ],
              [
                128.6864,
                35.7687
              ],
              [
                128.6865,
                35.7685
              ],
              [
                128.6868,
                35.7683
              ],
              [
                128.6871,
                35.7681
              ],
              [
                128.6871,
                35.7681
              ],
              [
                128.6871,
                35.7682
              ],
              [
                128.6886,
                35.768
              ],
              [
                128.689,
                35.7676
              ],
              [
                128.6894,
                35.7671
              ],
              [
                128.6913,
                35.7643
              ],
              [
                128.6914,
                35.7639
              ],
              [
                128.6915,
                35.763
              ],
              [
                128.6915,
                35.7627
              ],
              [
                128.6926,
                35.7593
              ],
              [
                128.6932,
                35.7589
              ],
              [
                128.6942,
                35.7581
              ],
              [
                128.6948,
                35.7575
              ],
              [
                128.695,
                35.7573
              ],
              [
                128.6952,
                35.7569
              ],
              [
                128.6955,
                35.7557
              ],
              [
                128.6938,
                35.7492
              ],
              [
                128.6936,
                35.749
              ],
              [
                128.6933,
                35.7488
              ],
              [
                128.6928,
                35.7485
              ],
              [
                128.6924,
                35.7467
              ],
              [
                128.6927,
                35.7455
              ],
              [
                128.6937,
                35.7437
              ],
              [
                128.6921,
                35.7423
              ],
              [
                128.6901,
                35.7407
              ],
              [
                128.6893,
                35.7402
              ],
              [
                128.6891,
                35.7398
              ],
              [
                128.6891,
                35.7381
              ],
              [
                128.6903,
                35.737
              ],
              [
                128.6914,
                35.7362
              ],
              [
                128.6919,
                35.7353
              ],
              [
                128.692,
                35.7333
              ],
              [
                128.6912,
                35.7313
              ],
              [
                128.691,
                35.7309
              ],
              [
                128.6906,
                35.7305
              ],
              [
                128.6902,
                35.7302
              ],
              [
                128.6878,
                35.7285
              ],
              [
                128.6868,
                35.728
              ],
              [
                128.6859,
                35.7277
              ],
              [
                128.685,
                35.7271
              ],
              [
                128.6831,
                35.7256
              ],
              [
                128.6831,
                35.7253
              ],
              [
                128.6831,
                35.7247
              ],
              [
                128.6833,
                35.7232
              ],
              [
                128.6834,
                35.7227
              ],
              [
                128.6835,
                35.7224
              ],
              [
                128.6835,
                35.7223
              ],
              [
                128.6835,
                35.7218
              ],
              [
                128.6832,
                35.7215
              ],
              [
                128.6796,
                35.7209
              ],
              [
                128.6783,
                35.721
              ],
              [
                128.6768,
                35.7211
              ],
              [
                128.6751,
                35.7212
              ],
              [
                128.6734,
                35.721
              ],
              [
                128.6718,
                35.7205
              ],
              [
                128.6717,
                35.7204
              ],
              [
                128.6709,
                35.7189
              ],
              [
                128.6707,
                35.7189
              ],
              [
                128.6663,
                35.7193
              ],
              [
                128.6635,
                35.7205
              ],
              [
                128.6602,
                35.7194
              ],
              [
                128.6566,
                35.7179
              ],
              [
                128.6556,
                35.7164
              ],
              [
                128.6554,
                35.716
              ],
              [
                128.6551,
                35.7153
              ],
              [
                128.6535,
                35.7139
              ],
              [
                128.6473,
                35.7115
              ],
              [
                128.6467,
                35.7094
              ],
              [
                128.6462,
                35.7082
              ],
              [
                128.6435,
                35.707
              ],
              [
                128.6403,
                35.7062
              ],
              [
                128.6382,
                35.7058
              ],
              [
                128.6371,
                35.7058
              ],
              [
                128.6367,
                35.7061
              ],
              [
                128.635,
                35.7063
              ],
              [
                128.6309,
                35.7068
              ],
              [
                128.6305,
                35.7067
              ],
              [
                128.6267,
                35.7047
              ],
              [
                128.6245,
                35.7034
              ],
              [
                128.624,
                35.7023
              ],
              [
                128.6198,
                35.7029
              ],
              [
                128.6198,
                35.7045
              ],
              [
                128.6187,
                35.7052
              ],
              [
                128.6182,
                35.7055
              ],
              [
                128.6175,
                35.706
              ],
              [
                128.6139,
                35.7098
              ],
              [
                128.6138,
                35.7102
              ],
              [
                128.6139,
                35.7133
              ],
              [
                128.614,
                35.7142
              ],
              [
                128.6143,
                35.7146
              ],
              [
                128.6156,
                35.7156
              ],
              [
                128.6167,
                35.7164
              ],
              [
                128.6169,
                35.7168
              ],
              [
                128.6169,
                35.7176
              ],
              [
                128.6162,
                35.7196
              ],
              [
                128.6158,
                35.7202
              ],
              [
                128.6152,
                35.7209
              ],
              [
                128.6141,
                35.7221
              ],
              [
                128.6127,
                35.7225
              ],
              [
                128.6127,
                35.7225
              ],
              [
                128.6099,
                35.7249
              ],
              [
                128.6099,
                35.7253
              ],
              [
                128.6101,
                35.7262
              ],
              [
                128.6113,
                35.7273
              ],
              [
                128.6121,
                35.7281
              ],
              [
                128.613,
                35.7289
              ],
              [
                128.6138,
                35.7292
              ],
              [
                128.6145,
                35.7296
              ],
              [
                128.6149,
                35.7303
              ],
              [
                128.6148,
                35.7309
              ],
              [
                128.6146,
                35.7313
              ],
              [
                128.6142,
                35.7317
              ],
              [
                128.6137,
                35.7324
              ],
              [
                128.6141,
                35.7339
              ],
              [
                128.6139,
                35.7369
              ],
              [
                128.6124,
                35.7385
              ],
              [
                128.6092,
                35.7389
              ],
              [
                128.6091,
                35.7389
              ],
              [
                128.6075,
                35.739
              ],
              [
                128.6061,
                35.7381
              ],
              [
                128.6051,
                35.7376
              ],
              [
                128.6027,
                35.7367
              ],
              [
                128.601,
                35.7366
              ],
              [
                128.5994,
                35.7366
              ],
              [
                128.5978,
                35.7368
              ],
              [
                128.5956,
                35.7372
              ],
              [
                128.5952,
                35.7372
              ],
              [
                128.5942,
                35.7371
              ],
              [
                128.5938,
                35.7364
              ],
              [
                128.5941,
                35.7355
              ],
              [
                128.5922,
                35.7327
              ],
              [
                128.5913,
                35.7323
              ],
              [
                128.5896,
                35.7315
              ],
              [
                128.5891,
                35.7318
              ],
              [
                128.5851,
                35.7345
              ],
              [
                128.5847,
                35.7353
              ],
              [
                128.5846,
                35.7354
              ],
              [
                128.584,
                35.7364
              ],
              [
                128.5832,
                35.7374
              ],
              [
                128.5824,
                35.7383
              ],
              [
                128.5805,
                35.7387
              ],
              [
                128.5765,
                35.7368
              ],
              [
                128.5738,
                35.7356
              ],
              [
                128.5717,
                35.7346
              ],
              [
                128.5708,
                35.7345
              ],
              [
                128.568,
                35.7356
              ],
              [
                128.5677,
                35.7362
              ],
              [
                128.5666,
                35.7369
              ],
              [
                128.5648,
                35.7368
              ],
              [
                128.5638,
                35.7361
              ],
              [
                128.5635,
                35.7359
              ],
              [
                128.5633,
                35.7351
              ],
              [
                128.563,
                35.7339
              ],
              [
                128.5615,
                35.7306
              ],
              [
                128.561,
                35.7297
              ],
              [
                128.5597,
                35.7289
              ],
              [
                128.5587,
                35.7288
              ],
              [
                128.5581,
                35.7287
              ],
              [
                128.5555,
                35.7278
              ],
              [
                128.5529,
                35.7267
              ],
              [
                128.5523,
                35.7264
              ],
              [
                128.5476,
                35.7235
              ],
              [
                128.5466,
                35.7227
              ],
              [
                128.5455,
                35.7211
              ],
              [
                128.5441,
                35.7194
              ],
              [
                128.5435,
                35.7193
              ],
              [
                128.5427,
                35.7191
              ],
              [
                128.5419,
                35.719
              ],
              [
                128.5383,
                35.718
              ],
              [
                128.5333,
                35.7165
              ],
              [
                128.5315,
                35.7148
              ],
              [
                128.5307,
                35.7138
              ],
              [
                128.5303,
                35.7135
              ],
              [
                128.529,
                35.7132
              ],
              [
                128.5279,
                35.7127
              ],
              [
                128.5285,
                35.7118
              ],
              [
                128.5287,
                35.7115
              ],
              [
                128.529,
                35.7113
              ],
              [
                128.5293,
                35.711
              ],
              [
                128.53,
                35.7102
              ],
              [
                128.5306,
                35.7094
              ],
              [
                128.5313,
                35.707
              ],
              [
                128.5325,
                35.7051
              ],
              [
                128.5339,
                35.7033
              ],
              [
                128.5326,
                35.7007
              ],
              [
                128.5319,
                35.6966
              ],
              [
                128.5342,
                35.6948
              ],
              [
                128.5347,
                35.6937
              ],
              [
                128.5341,
                35.6923
              ],
              [
                128.5338,
                35.6915
              ],
              [
                128.5328,
                35.6901
              ],
              [
                128.5313,
                35.6879
              ],
              [
                128.5314,
                35.6855
              ],
              [
                128.5318,
                35.6833
              ],
              [
                128.5299,
                35.683
              ],
              [
                128.5279,
                35.6832
              ],
              [
                128.5247,
                35.682
              ],
              [
                128.5218,
                35.6809
              ],
              [
                128.5182,
                35.6794
              ],
              [
                128.5162,
                35.6772
              ],
              [
                128.5161,
                35.6769
              ],
              [
                128.5148,
                35.6754
              ],
              [
                128.5134,
                35.6751
              ],
              [
                128.511,
                35.6746
              ],
              [
                128.5095,
                35.6747
              ],
              [
                128.5088,
                35.6743
              ],
              [
                128.5083,
                35.6738
              ],
              [
                128.5078,
                35.6733
              ],
              [
                128.5076,
                35.6729
              ],
              [
                128.5075,
                35.6727
              ],
              [
                128.5074,
                35.6723
              ],
              [
                128.5078,
                35.6715
              ],
              [
                128.5084,
                35.6707
              ],
              [
                128.509,
                35.67
              ],
              [
                128.509,
                35.6698
              ],
              [
                128.5092,
                35.669
              ],
              [
                128.5091,
                35.6655
              ],
              [
                128.508,
                35.6637
              ],
              [
                128.5081,
                35.662
              ],
              [
                128.5079,
                35.6585
              ],
              [
                128.5078,
                35.6577
              ],
              [
                128.5072,
                35.6554
              ],
              [
                128.5068,
                35.6522
              ],
              [
                128.5068,
                35.6503
              ],
              [
                128.5068,
                35.6501
              ],
              [
                128.5083,
                35.6493
              ],
              [
                128.5091,
                35.6483
              ],
              [
                128.5106,
                35.6466
              ],
              [
                128.5107,
                35.6463
              ],
              [
                128.5107,
                35.6457
              ],
              [
                128.5107,
                35.6453
              ],
              [
                128.5099,
                35.643
              ],
              [
                128.5098,
                35.6429
              ],
              [
                128.5093,
                35.6423
              ],
              [
                128.5089,
                35.6419
              ],
              [
                128.5073,
                35.6404
              ],
              [
                128.5062,
                35.6396
              ],
              [
                128.5057,
                35.6393
              ],
              [
                128.5052,
                35.6391
              ],
              [
                128.5048,
                35.639
              ],
              [
                128.5038,
                35.6388
              ],
              [
                128.5027,
                35.6387
              ],
              [
                128.5022,
                35.6388
              ],
              [
                128.5012,
                35.6389
              ],
              [
                128.4996,
                35.639
              ],
              [
                128.4957,
                35.639
              ],
              [
                128.4956,
                35.639
              ],
              [
                128.4955,
                35.6388
              ],
              [
                128.4897,
                35.6363
              ],
              [
                128.4884,
                35.6359
              ],
              [
                128.483,
                35.635
              ],
              [
                128.4827,
                35.635
              ],
              [
                128.4823,
                35.635
              ],
              [
                128.4822,
                35.635
              ],
              [
                128.4819,
                35.6351
              ],
              [
                128.4813,
                35.6353
              ],
              [
                128.481,
                35.6362
              ],
              [
                128.4807,
                35.6371
              ],
              [
                128.4807,
                35.6374
              ],
              [
                128.4807,
                35.6375
              ],
              [
                128.4807,
                35.638
              ],
              [
                128.4806,
                35.6387
              ],
              [
                128.4805,
                35.639
              ],
              [
                128.4801,
                35.6397
              ],
              [
                128.4795,
                35.6402
              ],
              [
                128.4785,
                35.6405
              ],
              [
                128.4773,
                35.6405
              ],
              [
                128.477,
                35.6405
              ],
              [
                128.4765,
                35.6403
              ],
              [
                128.4762,
                35.6402
              ],
              [
                128.4756,
                35.6397
              ],
              [
                128.4744,
                35.6386
              ],
              [
                128.4711,
                35.6368
              ],
              [
                128.4707,
                35.6366
              ],
              [
                128.4695,
                35.6366
              ],
              [
                128.4663,
                35.6367
              ],
              [
                128.4657,
                35.637
              ],
              [
                128.4654,
                35.6372
              ],
              [
                128.4633,
                35.6384
              ],
              [
                128.4628,
                35.6387
              ],
              [
                128.4603,
                35.6406
              ],
              [
                128.4598,
                35.6405
              ],
              [
                128.4596,
                35.6404
              ],
              [
                128.4588,
                35.6402
              ],
              [
                128.4584,
                35.6401
              ],
              [
                128.4575,
                35.6396
              ],
              [
                128.4575,
                35.6396
              ],
              [
                128.4574,
                35.6396
              ],
              [
                128.4574,
                35.6395
              ],
              [
                128.4574,
                35.6394
              ],
              [
                128.4575,
                35.6391
              ],
              [
                128.4575,
                35.639
              ],
              [
                128.4574,
                35.6386
              ],
              [
                128.4573,
                35.6385
              ],
              [
                128.4565,
                35.6374
              ],
              [
                128.4532,
                35.6369
              ],
              [
                128.4525,
                35.637
              ],
              [
                128.4504,
                35.6377
              ],
              [
                128.4484,
                35.6377
              ],
              [
                128.4474,
                35.6383
              ],
              [
                128.4472,
                35.6384
              ],
              [
                128.447,
                35.6384
              ],
              [
                128.4468,
                35.6384
              ],
              [
                128.4467,
                35.6384
              ],
              [
                128.4465,
                35.6384
              ],
              [
                128.4464,
                35.6383
              ],
              [
                128.4458,
                35.6367
              ],
              [
                128.4431,
                35.6354
              ],
              [
                128.4419,
                35.6346
              ],
              [
                128.4411,
                35.634
              ],
              [
                128.4413,
                35.6331
              ],
              [
                128.4413,
                35.6328
              ],
              [
                128.4413,
                35.6326
              ],
              [
                128.4405,
                35.6306
              ],
              [
                128.4399,
                35.6304
              ],
              [
                128.4396,
                35.6304
              ],
              [
                128.4388,
                35.6303
              ],
              [
                128.4386,
                35.6304
              ],
              [
                128.4379,
                35.6308
              ],
              [
                128.4377,
                35.6307
              ],
              [
                128.4376,
                35.6307
              ],
              [
                128.4371,
                35.6301
              ],
              [
                128.4366,
                35.6293
              ],
              [
                128.4322,
                35.624
              ],
              [
                128.4285,
                35.6231
              ],
              [
                128.4258,
                35.6249
              ],
              [
                128.4254,
                35.6252
              ],
              [
                128.4252,
                35.6252
              ],
              [
                128.4247,
                35.6254
              ],
              [
                128.4231,
                35.6252
              ],
              [
                128.4229,
                35.6252
              ],
              [
                128.4228,
                35.6251
              ],
              [
                128.4227,
                35.6251
              ],
              [
                128.4225,
                35.6249
              ],
              [
                128.4223,
                35.6246
              ],
              [
                128.4219,
                35.6242
              ],
              [
                128.4217,
                35.624
              ],
              [
                128.4215,
                35.6236
              ],
              [
                128.4207,
                35.6224
              ],
              [
                128.4187,
                35.6211
              ],
              [
                128.4158,
                35.62
              ],
              [
                128.4153,
                35.6189
              ],
              [
                128.4139,
                35.6172
              ],
              [
                128.413,
                35.6166
              ],
              [
                128.4069,
                35.6145
              ],
              [
                128.4049,
                35.6163
              ],
              [
                128.4042,
                35.617
              ],
              [
                128.4041,
                35.6171
              ],
              [
                128.4035,
                35.6174
              ],
              [
                128.4035,
                35.6174
              ],
              [
                128.4029,
                35.6173
              ],
              [
                128.3993,
                35.6159
              ],
              [
                128.3964,
                35.6148
              ],
              [
                128.3958,
                35.6141
              ],
              [
                128.3952,
                35.6145
              ],
              [
                128.3901,
                35.6124
              ],
              [
                128.389,
                35.6114
              ],
              [
                128.3884,
                35.6108
              ],
              [
                128.3878,
                35.6102
              ],
              [
                128.3862,
                35.6101
              ],
              [
                128.3849,
                35.6101
              ],
              [
                128.3844,
                35.6099
              ],
              [
                128.3844,
                35.6099
              ],
              [
                128.3839,
                35.6096
              ],
              [
                128.3824,
                35.6066
              ],
              [
                128.3824,
                35.6065
              ],
              [
                128.3778,
                35.6068
              ],
              [
                128.3771,
                35.607
              ],
              [
                128.3727,
                35.6084
              ],
              [
                128.3715,
                35.6093
              ],
              [
                128.3714,
                35.6094
              ],
              [
                128.3712,
                35.6096
              ],
              [
                128.3711,
                35.6102
              ],
              [
                128.3717,
                35.6109
              ],
              [
                128.3723,
                35.6115
              ],
              [
                128.3734,
                35.6125
              ],
              [
                128.3753,
                35.6129
              ],
              [
                128.3761,
                35.6131
              ],
              [
                128.3784,
                35.6136
              ],
              [
                128.3884,
                35.6179
              ],
              [
                128.3889,
                35.6184
              ],
              [
                128.3893,
                35.6189
              ],
              [
                128.3896,
                35.6192
              ],
              [
                128.3933,
                35.6232
              ],
              [
                128.3939,
                35.624
              ],
              [
                128.3944,
                35.6246
              ],
              [
                128.3953,
                35.6258
              ],
              [
                128.3958,
                35.6267
              ],
              [
                128.3964,
                35.6278
              ],
              [
                128.4013,
                35.6327
              ],
              [
                128.4013,
                35.633
              ],
              [
                128.4014,
                35.6334
              ],
              [
                128.4019,
                35.6353
              ],
              [
                128.402,
                35.6357
              ],
              [
                128.4019,
                35.6363
              ],
              [
                128.4017,
                35.6374
              ],
              [
                128.4016,
                35.638
              ],
              [
                128.4015,
                35.639
              ],
              [
                128.4,
                35.6456
              ],
              [
                128.3994,
                35.6466
              ],
              [
                128.3979,
                35.6488
              ],
              [
                128.3928,
                35.653
              ],
              [
                128.3918,
                35.6537
              ],
              [
                128.3881,
                35.6559
              ],
              [
                128.3835,
                35.6587
              ],
              [
                128.3747,
                35.6649
              ],
              [
                128.374,
                35.6655
              ],
              [
                128.3733,
                35.666
              ],
              [
                128.3725,
                35.6666
              ],
              [
                128.3623,
                35.6756
              ],
              [
                128.3611,
                35.6771
              ],
              [
                128.3605,
                35.6779
              ],
              [
                128.3599,
                35.6786
              ],
              [
                128.3584,
                35.6805
              ],
              [
                128.3582,
                35.6808
              ],
              [
                128.358,
                35.6811
              ],
              [
                128.3572,
                35.6822
              ],
              [
                128.3571,
                35.6824
              ],
              [
                128.3569,
                35.6826
              ],
              [
                128.3567,
                35.683
              ],
              [
                128.356,
                35.6844
              ],
              [
                128.3553,
                35.686
              ],
              [
                128.355,
                35.6866
              ],
              [
                128.3546,
                35.6877
              ],
              [
                128.3537,
                35.69
              ],
              [
                128.3534,
                35.6906
              ],
              [
                128.3533,
                35.6909
              ],
              [
                128.3525,
                35.6937
              ],
              [
                128.3523,
                35.6942
              ],
              [
                128.3522,
                35.6945
              ],
              [
                128.3521,
                35.6952
              ],
              [
                128.3515,
                35.6975
              ],
              [
                128.3515,
                35.6994
              ],
              [
                128.3517,
                35.7031
              ],
              [
                128.3518,
                35.704
              ],
              [
                128.3523,
                35.7045
              ],
              [
                128.3553,
                35.7073
              ],
              [
                128.3568,
                35.7081
              ],
              [
                128.3579,
                35.7085
              ],
              [
                128.3589,
                35.7087
              ],
              [
                128.3618,
                35.7082
              ],
              [
                128.365,
                35.7074
              ],
              [
                128.3721,
                35.7051
              ],
              [
                128.3748,
                35.704
              ],
              [
                128.3769,
                35.7031
              ],
              [
                128.3782,
                35.7027
              ],
              [
                128.3806,
                35.702
              ],
              [
                128.3827,
                35.7015
              ],
              [
                128.3853,
                35.7014
              ],
              [
                128.3868,
                35.7013
              ],
              [
                128.3872,
                35.7013
              ],
              [
                128.392,
                35.7009
              ],
              [
                128.3971,
                35.7002
              ],
              [
                128.4061,
                35.6977
              ],
              [
                128.4122,
                35.6958
              ],
              [
                128.4145,
                35.696
              ],
              [
                128.4154,
                35.696
              ],
              [
                128.4191,
                35.6964
              ],
              [
                128.4205,
                35.6968
              ],
              [
                128.4222,
                35.6973
              ],
              [
                128.4227,
                35.6975
              ],
              [
                128.423,
                35.6976
              ],
              [
                128.4231,
                35.6977
              ],
              [
                128.4232,
                35.6977
              ],
              [
                128.4255,
                35.6992
              ],
              [
                128.4321,
                35.7049
              ],
              [
                128.4328,
                35.7055
              ],
              [
                128.4331,
                35.7058
              ],
              [
                128.4331,
                35.7059
              ],
              [
                128.4332,
                35.7059
              ],
              [
                128.4334,
                35.7062
              ],
              [
                128.434,
                35.7071
              ],
              [
                128.4346,
                35.7093
              ],
              [
                128.4348,
                35.7105
              ],
              [
                128.4348,
                35.7115
              ],
              [
                128.4349,
                35.7124
              ],
              [
                128.4349,
                35.7148
              ],
              [
                128.4346,
                35.7163
              ],
              [
                128.4339,
                35.7213
              ],
              [
                128.4337,
                35.7219
              ],
              [
                128.4336,
                35.7223
              ],
              [
                128.4334,
                35.7229
              ],
              [
                128.4332,
                35.7233
              ],
              [
                128.4325,
                35.7246
              ],
              [
                128.4318,
                35.7256
              ],
              [
                128.4305,
                35.7264
              ],
              [
                128.4295,
                35.7271
              ],
              [
                128.4284,
                35.7278
              ],
              [
                128.4239,
                35.731
              ],
              [
                128.4235,
                35.7314
              ],
              [
                128.4227,
                35.7321
              ],
              [
                128.4223,
                35.7325
              ],
              [
                128.4216,
                35.7331
              ],
              [
                128.4188,
                35.7346
              ],
              [
                128.4161,
                35.7361
              ],
              [
                128.4126,
                35.738
              ],
              [
                128.3992,
                35.7442
              ],
              [
                128.397,
                35.745
              ],
              [
                128.3963,
                35.7453
              ],
              [
                128.396,
                35.7455
              ],
              [
                128.3932,
                35.7471
              ],
              [
                128.3922,
                35.7477
              ],
              [
                128.3912,
                35.7484
              ],
              [
                128.3904,
                35.7494
              ],
              [
                128.3899,
                35.7503
              ],
              [
                128.3877,
                35.7536
              ],
              [
                128.3861,
                35.7553
              ],
              [
                128.3842,
                35.7574
              ],
              [
                128.3841,
                35.7575
              ],
              [
                128.3837,
                35.7579
              ],
              [
                128.3834,
                35.7583
              ],
              [
                128.3833,
                35.7586
              ],
              [
                128.3833,
                35.759
              ],
              [
                128.3834,
                35.7596
              ],
              [
                128.3835,
                35.7601
              ],
              [
                128.3844,
                35.7616
              ],
              [
                128.3877,
                35.7667
              ],
              [
                128.3896,
                35.77
              ],
              [
                128.39,
                35.7704
              ],
              [
                128.3904,
                35.771
              ],
              [
                128.3909,
                35.7717
              ],
              [
                128.3916,
                35.7726
              ],
              [
                128.3921,
                35.7733
              ],
              [
                128.3926,
                35.7737
              ],
              [
                128.3931,
                35.7742
              ],
              [
                128.3941,
                35.7751
              ],
              [
                128.3947,
                35.7756
              ],
              [
                128.395,
                35.7759
              ],
              [
                128.3956,
                35.7764
              ],
              [
                128.3958,
                35.7766
              ],
              [
                128.3963,
                35.7771
              ],
              [
                128.3969,
                35.7777
              ],
              [
                128.3976,
                35.7786
              ],
              [
                128.3981,
                35.7795
              ],
              [
                128.3983,
                35.7799
              ],
              [
                128.3986,
                35.7807
              ],
              [
                128.3988,
                35.781
              ],
              [
                128.3991,
                35.7819
              ],
              [
                128.3992,
                35.7821
              ],
              [
                128.3993,
                35.7826
              ],
              [
                128.3994,
                35.7832
              ],
              [
                128.4007,
                35.7865
              ],
              [
                128.4015,
                35.788
              ],
              [
                128.4026,
                35.79
              ],
              [
                128.4063,
                35.7964
              ],
              [
                128.4081,
                35.7992
              ],
              [
                128.4105,
                35.7994
              ],
              [
                128.4107,
                35.8011
              ],
              [
                128.4111,
                35.8015
              ],
              [
                128.4119,
                35.8022
              ],
              [
                128.4122,
                35.8026
              ],
              [
                128.4124,
                35.8028
              ],
              [
                128.413,
                35.8028
              ],
              [
                128.4136,
                35.8028
              ],
              [
                128.4158,
                35.8028
              ],
              [
                128.4158,
                35.8058
              ],
              [
                128.4158,
                35.8061
              ],
              [
                128.4161,
                35.8061
              ],
              [
                128.4188,
                35.8061
              ],
              [
                128.4203,
                35.8061
              ],
              [
                128.4206,
                35.8062
              ],
              [
                128.4208,
                35.8063
              ],
              [
                128.4208,
                35.8071
              ],
              [
                128.4208,
                35.8091
              ],
              [
                128.4208,
                35.8094
              ],
              [
                128.4211,
                35.8094
              ],
              [
                128.4409,
                35.8093
              ],
              [
                128.4409,
                35.8078
              ],
              [
                128.4409,
                35.806
              ],
              [
                128.441,
                35.806
              ],
              [
                128.4497,
                35.806
              ],
              [
                128.4619,
                35.8059
              ],
              [
                128.4704,
                35.8059
              ],
              [
                128.471,
                35.8061
              ],
              [
                128.472,
                35.8064
              ],
              [
                128.4723,
                35.8065
              ],
              [
                128.4737,
                35.8071
              ],
              [
                128.4728,
                35.809
              ],
              [
                128.4731,
                35.8091
              ],
              [
                128.4733,
                35.8092
              ],
              [
                128.4743,
                35.8099
              ],
              [
                128.4777,
                35.8122
              ],
              [
                128.4779,
                35.8123
              ],
              [
                128.4798,
                35.8143
              ],
              [
                128.4807,
                35.8152
              ],
              [
                128.481,
                35.8154
              ],
              [
                128.481,
                35.8154
              ],
              [
                128.481,
                35.8155
              ],
              [
                128.4815,
                35.816
              ],
              [
                128.4827,
                35.8155
              ],
              [
                128.4827,
                35.8155
              ],
              [
                128.4839,
                35.8163
              ],
              [
                128.4866,
                35.818
              ],
              [
                128.49,
                35.82
              ],
              [
                128.4984,
                35.8184
              ],
              [
                128.5,
                35.818
              ],
              [
                128.5007,
                35.8178
              ],
              [
                128.5012,
                35.8175
              ],
              [
                128.5016,
                35.8174
              ],
              [
                128.5016,
                35.8174
              ],
              [
                128.5017,
                35.8173
              ],
              [
                128.5024,
                35.817
              ],
              [
                128.5027,
                35.8168
              ]
            ]
          ],
          [
            [
              [
                128.4758,
                35.9355
              ],
              [
                128.4764,
                35.9344
              ],
              [
                128.4765,
                35.9341
              ],
              [
                128.4766,
                35.933
              ],
              [
                128.4766,
                35.9321
              ],
              [
                128.4762,
                35.9282
              ],
              [
                128.4754,
                35.9264
              ],
              [
                128.4744,
                35.9251
              ],
              [
                128.4736,
                35.9239
              ],
              [
                128.4733,
                35.9232
              ],
              [
                128.4733,
                35.9218
              ],
              [
                128.4734,
                35.9212
              ],
              [
                128.4738,
                35.9199
              ],
              [
                128.474,
                35.9174
              ],
              [
                128.4736,
                35.9165
              ],
              [
                128.4728,
                35.9144
              ],
              [
                128.4726,
                35.9143
              ],
              [
                128.4721,
                35.9138
              ],
              [
                128.4709,
                35.9127
              ],
              [
                128.4687,
                35.9108
              ],
              [
                128.4679,
                35.9107
              ],
              [
                128.4666,
                35.9102
              ],
              [
                128.466,
                35.9095
              ],
              [
                128.4654,
                35.9086
              ],
              [
                128.4659,
                35.9079
              ],
              [
                128.4667,
                35.9071
              ],
              [
                128.4673,
                35.9064
              ],
              [
                128.4673,
                35.9064
              ],
              [
                128.4676,
                35.9053
              ],
              [
                128.4676,
                35.903
              ],
              [
                128.4678,
                35.9002
              ],
              [
                128.4684,
                35.8995
              ],
              [
                128.4689,
                35.8991
              ],
              [
                128.4691,
                35.899
              ],
              [
                128.4708,
                35.8979
              ],
              [
                128.472,
                35.8965
              ],
              [
                128.4733,
                35.8955
              ],
              [
                128.4746,
                35.8948
              ],
              [
                128.4753,
                35.8945
              ],
              [
                128.4757,
                35.8947
              ],
              [
                128.4768,
                35.8954
              ],
              [
                128.4774,
                35.8961
              ],
              [
                128.4785,
                35.8968
              ],
              [
                128.4792,
                35.8966
              ],
              [
                128.4826,
                35.8952
              ],
              [
                128.4839,
                35.8945
              ],
              [
                128.4845,
                35.8943
              ],
              [
                128.4849,
                35.8955
              ],
              [
                128.4851,
                35.8959
              ],
              [
                128.4859,
                35.8965
              ],
              [
                128.4879,
                35.8976
              ],
              [
                128.488,
                35.8976
              ],
              [
                128.4885,
                35.8978
              ],
              [
                128.4889,
                35.8979
              ],
              [
                128.4899,
                35.8977
              ],
              [
                128.4906,
                35.8976
              ],
              [
                128.492,
                35.8963
              ],
              [
                128.4935,
                35.8933
              ],
              [
                128.4947,
                35.8908
              ],
              [
                128.4964,
                35.8892
              ],
              [
                128.499,
                35.8899
              ],
              [
                128.4991,
                35.8899
              ],
              [
                128.4994,
                35.8899
              ],
              [
                128.4996,
                35.8896
              ],
              [
                128.5001,
                35.8884
              ],
              [
                128.5003,
                35.8878
              ],
              [
                128.5003,
                35.8875
              ],
              [
                128.5003,
                35.8871
              ],
              [
                128.5003,
                35.8864
              ],
              [
                128.5004,
                35.8865
              ],
              [
                128.5011,
                35.8866
              ],
              [
                128.5014,
                35.8867
              ],
              [
                128.5015,
                35.8868
              ],
              [
                128.5019,
                35.8869
              ],
              [
                128.5022,
                35.8871
              ],
              [
                128.503,
                35.8877
              ],
              [
                128.5039,
                35.8884
              ],
              [
                128.5041,
                35.8886
              ],
              [
                128.5046,
                35.8892
              ],
              [
                128.5042,
                35.8896
              ],
              [
                128.5048,
                35.8914
              ],
              [
                128.507,
                35.8929
              ],
              [
                128.5077,
                35.8932
              ],
              [
                128.5082,
                35.8933
              ],
              [
                128.5088,
                35.8933
              ],
              [
                128.512,
                35.8934
              ],
              [
                128.5126,
                35.8933
              ],
              [
                128.513,
                35.8933
              ],
              [
                128.5133,
                35.8932
              ],
              [
                128.5191,
                35.8916
              ],
              [
                128.5211,
                35.8908
              ],
              [
                128.523,
                35.8899
              ],
              [
                128.5233,
                35.8897
              ],
              [
                128.5244,
                35.8892
              ],
              [
                128.5249,
                35.8889
              ],
              [
                128.526,
                35.8884
              ],
              [
                128.5264,
                35.8883
              ],
              [
                128.5258,
                35.8871
              ],
              [
                128.5251,
                35.8866
              ],
              [
                128.5248,
                35.8864
              ],
              [
                128.5216,
                35.8858
              ],
              [
                128.5177,
                35.8847
              ],
              [
                128.5168,
                35.884
              ],
              [
                128.5166,
                35.8838
              ],
              [
                128.5163,
                35.8831
              ],
              [
                128.5164,
                35.883
              ],
              [
                128.518,
                35.8804
              ],
              [
                128.5182,
                35.8803
              ],
              [
                128.5188,
                35.8798
              ],
              [
                128.5196,
                35.8782
              ],
              [
                128.5197,
                35.878
              ],
              [
                128.52,
                35.8773
              ],
              [
                128.5202,
                35.8769
              ],
              [
                128.5204,
                35.8764
              ],
              [
                128.5212,
                35.8727
              ],
              [
                128.521,
                35.8723
              ],
              [
                128.5202,
                35.871
              ],
              [
                128.5191,
                35.8694
              ],
              [
                128.5158,
                35.8677
              ],
              [
                128.5123,
                35.8681
              ],
              [
                128.5094,
                35.8696
              ],
              [
                128.5094,
                35.8693
              ],
              [
                128.5092,
                35.8687
              ],
              [
                128.5091,
                35.8678
              ],
              [
                128.5084,
                35.8667
              ],
              [
                128.5083,
                35.8665
              ],
              [
                128.5082,
                35.8663
              ],
              [
                128.5078,
                35.866
              ],
              [
                128.5066,
                35.866
              ],
              [
                128.5047,
                35.8657
              ],
              [
                128.5021,
                35.8644
              ],
              [
                128.5006,
                35.8634
              ],
              [
                128.4999,
                35.8637
              ],
              [
                128.4984,
                35.8641
              ],
              [
                128.4983,
                35.8641
              ],
              [
                128.4949,
                35.8646
              ],
              [
                128.4934,
                35.8646
              ],
              [
                128.4904,
                35.8662
              ],
              [
                128.4878,
                35.8676
              ],
              [
                128.4877,
                35.8677
              ],
              [
                128.4873,
                35.8679
              ],
              [
                128.4872,
                35.8679
              ],
              [
                128.4867,
                35.8681
              ],
              [
                128.4862,
                35.8681
              ],
              [
                128.486,
                35.8681
              ],
              [
                128.485,
                35.868
              ],
              [
                128.4844,
                35.8679
              ],
              [
                128.4838,
                35.8678
              ],
              [
                128.483,
                35.8677
              ],
              [
                128.4817,
                35.8683
              ],
              [
                128.4798,
                35.8664
              ],
              [
                128.4795,
                35.8662
              ],
              [
                128.4768,
                35.862
              ],
              [
                128.4766,
                35.8616
              ],
              [
                128.4738,
                35.8582
              ],
              [
                128.4731,
                35.8582
              ],
              [
                128.4724,
                35.8556
              ],
              [
                128.4721,
                35.8544
              ],
              [
                128.4718,
                35.8521
              ],
              [
                128.4712,
                35.8479
              ],
              [
                128.471,
                35.8469
              ],
              [
                128.4708,
                35.8459
              ],
              [
                128.4702,
                35.8444
              ],
              [
                128.4696,
                35.8427
              ],
              [
                128.4694,
                35.8418
              ],
              [
                128.4689,
                35.8396
              ],
              [
                128.4687,
                35.8396
              ],
              [
                128.4666,
                35.8397
              ],
              [
                128.4657,
                35.84
              ],
              [
                128.4604,
                35.8416
              ],
              [
                128.4589,
                35.8424
              ],
              [
                128.458,
                35.8428
              ],
              [
                128.4554,
                35.8442
              ],
              [
                128.4548,
                35.8445
              ],
              [
                128.45,
                35.8467
              ],
              [
                128.4447,
                35.8479
              ],
              [
                128.4427,
                35.848
              ],
              [
                128.4408,
                35.8481
              ],
              [
                128.4386,
                35.8482
              ],
              [
                128.4362,
                35.8483
              ],
              [
                128.4347,
                35.8487
              ],
              [
                128.4334,
                35.849
              ],
              [
                128.4314,
                35.8496
              ],
              [
                128.4226,
                35.8503
              ],
              [
                128.4192,
                35.8506
              ],
              [
                128.4168,
                35.8515
              ],
              [
                128.416,
                35.8518
              ],
              [
                128.411,
                35.8519
              ],
              [
                128.3967,
                35.852
              ],
              [
                128.3895,
                35.852
              ],
              [
                128.3876,
                35.8524
              ],
              [
                128.3865,
                35.8513
              ],
              [
                128.3835,
                35.8528
              ],
              [
                128.3835,
                35.8535
              ],
              [
                128.3834,
                35.8541
              ],
              [
                128.3835,
                35.8584
              ],
              [
                128.3835,
                35.8609
              ],
              [
                128.3836,
                35.8626
              ],
              [
                128.3842,
                35.8657
              ],
              [
                128.3849,
                35.8672
              ],
              [
                128.3853,
                35.868
              ],
              [
                128.3857,
                35.8686
              ],
              [
                128.3861,
                35.8689
              ],
              [
                128.3865,
                35.8693
              ],
              [
                128.3866,
                35.8694
              ],
              [
                128.387,
                35.8698
              ],
              [
                128.3872,
                35.87
              ],
              [
                128.3883,
                35.8715
              ],
              [
                128.3884,
                35.8718
              ],
              [
                128.3889,
                35.8727
              ],
              [
                128.3894,
                35.8742
              ],
              [
                128.3896,
                35.8746
              ],
              [
                128.3907,
                35.8789
              ],
              [
                128.3948,
                35.8874
              ],
              [
                128.396,
                35.8899
              ],
              [
                128.3964,
                35.8905
              ],
              [
                128.3968,
                35.891
              ],
              [
                128.397,
                35.8912
              ],
              [
                128.3972,
                35.8914
              ],
              [
                128.3976,
                35.8918
              ],
              [
                128.3977,
                35.8921
              ],
              [
                128.3981,
                35.8927
              ],
              [
                128.3989,
                35.8954
              ],
              [
                128.399,
                35.8956
              ],
              [
                128.3991,
                35.8963
              ],
              [
                128.399,
                35.8989
              ],
              [
                128.399,
                35.8999
              ],
              [
                128.4018,
                35.9004
              ],
              [
                128.4025,
                35.9005
              ],
              [
                128.4041,
                35.9005
              ],
              [
                128.4071,
                35.9007
              ],
              [
                128.4089,
                35.9032
              ],
              [
                128.4093,
                35.9044
              ],
              [
                128.4096,
                35.9054
              ],
              [
                128.4097,
                35.9057
              ],
              [
                128.4097,
                35.9057
              ],
              [
                128.4102,
                35.9065
              ],
              [
                128.4138,
                35.9112
              ],
              [
                128.4148,
                35.9124
              ],
              [
                128.4165,
                35.9137
              ],
              [
                128.4175,
                35.9161
              ],
              [
                128.418,
                35.9178
              ],
              [
                128.418,
                35.9182
              ],
              [
                128.4179,
                35.9192
              ],
              [
                128.4185,
                35.9213
              ],
              [
                128.4203,
                35.9221
              ],
              [
                128.4206,
                35.9221
              ],
              [
                128.4214,
                35.9219
              ],
              [
                128.4235,
                35.9228
              ],
              [
                128.4238,
                35.9231
              ],
              [
                128.4246,
                35.9247
              ],
              [
                128.4247,
                35.9251
              ],
              [
                128.4247,
                35.9269
              ],
              [
                128.4249,
                35.928
              ],
              [
                128.4263,
                35.9273
              ],
              [
                128.4265,
                35.9272
              ],
              [
                128.4266,
                35.9272
              ],
              [
                128.4275,
                35.9273
              ],
              [
                128.4276,
                35.9274
              ],
              [
                128.4277,
                35.9276
              ],
              [
                128.4277,
                35.9276
              ],
              [
                128.4277,
                35.9277
              ],
              [
                128.4276,
                35.9278
              ],
              [
                128.4276,
                35.9279
              ],
              [
                128.4275,
                35.928
              ],
              [
                128.4275,
                35.928
              ],
              [
                128.4275,
                35.9282
              ],
              [
                128.4276,
                35.9282
              ],
              [
                128.4276,
                35.9283
              ],
              [
                128.428,
                35.9289
              ],
              [
                128.4286,
                35.9294
              ],
              [
                128.431,
                35.9307
              ],
              [
                128.4328,
                35.9311
              ],
              [
                128.4329,
                35.931
              ],
              [
                128.433,
                35.931
              ],
              [
                128.4387,
                35.9315
              ],
              [
                128.4398,
                35.9323
              ],
              [
                128.4401,
                35.9325
              ],
              [
                128.4404,
                35.9332
              ],
              [
                128.4404,
                35.9333
              ],
              [
                128.4405,
                35.9335
              ],
              [
                128.4407,
                35.934
              ],
              [
                128.4411,
                35.9349
              ],
              [
                128.4416,
                35.9352
              ],
              [
                128.4424,
                35.9353
              ],
              [
                128.4451,
                35.9352
              ],
              [
                128.4484,
                35.9348
              ],
              [
                128.4492,
                35.9349
              ],
              [
                128.4503,
                35.935
              ],
              [
                128.4507,
                35.9353
              ],
              [
                128.4521,
                35.9362
              ],
              [
                128.4528,
                35.9366
              ],
              [
                128.4538,
                35.9389
              ],
              [
                128.4536,
                35.9396
              ],
              [
                128.4535,
                35.9401
              ],
              [
                128.4535,
                35.9401
              ],
              [
                128.4538,
                35.9423
              ],
              [
                128.4542,
                35.9431
              ],
              [
                128.4554,
                35.9428
              ],
              [
                128.4561,
                35.9422
              ],
              [
                128.4571,
                35.9418
              ],
              [
                128.4578,
                35.9416
              ],
              [
                128.4599,
                35.9414
              ],
              [
                128.4608,
                35.941
              ],
              [
                128.4622,
                35.94
              ],
              [
                128.4634,
                35.9387
              ],
              [
                128.4679,
                35.9385
              ],
              [
                128.4699,
                35.9383
              ],
              [
                128.4724,
                35.9374
              ],
              [
                128.4743,
                35.9365
              ],
              [
                128.4753,
                35.9359
              ],
              [
                128.4758,
                35.9355
              ]
            ]
          ]
        ]
      },
      "properties": {
        "name": "달성군",
        "base_year": "2018",
        "name_eng": "Dalseong-gun",
        "code": "22310"
      }
    }
  ]
}
