{
  "type": "FeatureCollection",
  "features": [
    {
      "type": "Feature",
      "geometry": {
        "type": "MultiPolygon",
        "coordinates": [
          [
            [
              [
                127.5023,
                36.4085
              ],
              [
                127.5045,
                36.4082
              ],
              [
                127.5081,
                36.4083
              ],
              [
                127.5095,
                36.4086
              ],
              [
                127.5101,
                36.4092
              ],
              [
                127.5105,
                36.4096
              ],
              [
                127.5107,
                36.4099
              ],
              [
                127.5109,
                36.4101
              ],
              [
                127.5109,
                36.4102
              ],
              [
                127.511,
                36.4103
              ],
              [
                127.5111,
                36.4104
              ],
              [
                127.5112,
                36.4108
              ],
              [
                127.5114,
                36.4111
              ],
              [
                127.5116,
                36.4122
              ],
              [
                127.5119,
                36.4131
              ],
              [
                127.5125,
                36.4152
              ],
              [
                127.5136,
                36.4193
              ],
              [
                127.5136,
                36.4194
              ],
              [
                127.5145,
                36.4225
              ],
              [
                127.5145,
                36.4225
              ],
              [
                127.5145,
                36.4225
              ],
              [
                127.5145,
                36.4225
              ],
              [
                127.5145,
                36.4225
              ],
              [
                127.5161,
                36.4225
              ],
              [
                127.5165,
                36.4223
              ],
              [
                127.5173,
                36.4217
              ],
              [
                127.5209,
                36.4216
              ],
              [
                127.5232,
                36.4231
              ],
              [
                127.5239,
                36.4234
              ],
              [
                127.5239,
                36.4234
              ],
              [
                127.5243,
                36.4234
              ],
              [
                127.527,
                36.4212
              ],
              [
                127.5294,
                36.4192
              ],
              [
                127.5301,
                36.4191
              ],
              [
                127.5348,
                36.4193
              ],
              [
                127.5396,
                36.4206
              ],
              [
                127.5415,
                36.4197
              ],
              [
                127.5423,
                36.4193
              ],
              [
                127.5419,
                36.4159
              ],
              [
                127.5418,
                36.4157
              ],
              [
                127.5429,
                36.4121
              ],
              [
                127.5441,
                36.4106
              ],
              [
                127.5456,
                36.4088
              ],
              [
                127.5461,
                36.4086
              ],
              [
                127.5461,
                36.4086
              ],
              [
                127.5466,
                36.4088
              ],
              [
                127.5486,
                36.4079
              ],
              [
                127.5501,
                36.4071
              ],
              [
                127.5517,
                36.4055
              ],
              [
                127.5517,
                36.4055
              ],
              [
                127.5519,
                36.405
              ],
              [
                127.5519,
                36.4048
              ],
              [
                127.5526,
                36.4028
              ],
              [
                127.5532,
                36.4012
              ],
              [
                127.5545,
                36.4004
              ],
              [
                127.555,
                36.4001
              ],
              [
                127.5555,
                36.3999
              ],
              [
                127.5563,
                36.3997
              ],
              [
                127.5571,
                36.3995
              ],
              [
                127.5571,
                36.3995
              ],
              [
                127.5579,
                36.3996
              ],
              [
                127.5582,
                36.3997
              ],
              [
                127.5585,
                36.3998
              ],
              [
                127.5588,
                36.3999
              ],
              [
                127.5588,
                36.3999
              ],
              [
                127.5592,
                36.3991
              ],
              [
                127.5597,
                36.3982
              ],
              [
                127.5592,
                36.3978
              ],
              [
                127.5551,
                36.3952
              ],
              [
                127.554,
                36.3949
              ],
              [
                127.554,
                36.3949
              ],
              [
                127.5537,
                36.395
              ],
              [
                127.5526,
                36.3952
              ],
              [
                127.5481,
                36.3968
              ],
              [
                127.5469,
                36.3964
              ],
              [
                127.5447,
                36.3962
              ],
              [
                127.5436,
                36.3961
              ],
              [
                127.5431,
                36.397
              ],
              [
                127.5392,
                36.3979
              ],
              [
                127.5367,
                36.3947
              ],
              [
                127.5334,
                36.3917
              ],
              [
                127.5328,
                36.3914
              ],
              [
                127.5318,
                36.3909
              ],
              [
                127.5315,
                36.3909
              ],
              [
                127.5315,
                36.3909
              ],
              [
                127.5308,
                36.3913
              ],
              [
                127.5301,
                36.3912
              ],
              [
                127.5291,
                36.3901
              ],
              [
                127.5285,
                36.389
              ],
              [
                127.5268,
                36.3877
              ],
              [
                127.5263,
                36.3875
              ],
              [
                127.5257,
                36.3873
              ],
              [
                127.5251,
                36.3876
              ],
              [
                127.5249,
                36.3875
              ],
              [
                127.5249,
                36.3873
              ],
              [
                127.5246,
                36.3865
              ],
              [
                127.5248,
                36.3838
              ],
              [
                127.5251,
                36.3821
              ],
              [
                127.5254,
                36.3805
              ],
              [
                127.5258,
                36.3775
              ],
              [
                127.5259,
                36.3738
              ],
              [
                127.5266,
                36.3701
              ],
              [
                127.5265,
                36.3695
              ],
              [
                127.526,
                36.368
              ],
              [
                127.5258,
                36.3679
              ],
              [
                127.5255,
                36.3677
              ],
              [
                127.525,
                36.3674
              ],
              [
                127.5243,
                36.3663
              ],
              [
                127.5241,
                36.3659
              ],
              [
                127.5245,
                36.3634
              ],
              [
                127.5236,
                36.3604
              ],
              [
                127.5221,
                36.3581
              ],
              [
                127.522,
                36.358
              ],
              [
                127.522,
                36.3579
              ],
              [
                127.5225,
                36.3571
              ],
              [
                127.5226,
                36.357
              ],
              [
                127.5228,
                36.3569
              ],
              [
                127.5229,
                36.3568
              ],
              [
                127.523,
                36.3566
              ],
              [
                127.5231,
                36.3563
              ],
              [
                127.5231,
                36.356
              ],
              [
                127.5229,
                36.3555
              ],
              [
                127.5224,
                36.3543
              ],
              [
                127.5204,
                36.3514
              ],
              [
                127.5194,
                36.3504
              ],
              [
                127.5158,
                36.3487
              ],
              [
                127.5122,
                36.3463
              ],
              [
                127.5121,
                36.3462
              ],
              [
                127.512,
                36.3461
              ],
              [
                127.5106,
                36.3463
              ],
              [
                127.5104,
                36.3465
              ],
              [
                127.5103,
                36.3466
              ],
              [
                127.5098,
                36.3467
              ],
              [
                127.5092,
                36.3468
              ],
              [
                127.5083,
                36.3466
              ],
              [
                127.5074,
                36.3463
              ],
              [
                127.5074,
                36.346
              ],
              [
                127.5074,
                36.3454
              ],
              [
                127.5079,
                36.3448
              ],
              [
                127.508,
                36.3445
              ],
              [
                127.5081,
                36.3441
              ],
              [
                127.5081,
                36.3432
              ],
              [
                127.5038,
                36.3409
              ],
              [
                127.5022,
                36.3404
              ],
              [
                127.5013,
                36.3401
              ],
              [
                127.501,
                36.3398
              ],
              [
                127.5008,
                36.3397
              ],
              [
                127.5006,
                36.3393
              ],
              [
                127.5006,
                36.339
              ],
              [
                127.5005,
                36.3378
              ],
              [
                127.5007,
                36.3375
              ],
              [
                127.5011,
                36.337
              ],
              [
                127.5016,
                36.3362
              ],
              [
                127.5012,
                36.3339
              ],
              [
                127.5009,
                36.3329
              ],
              [
                127.5016,
                36.3292
              ],
              [
                127.502,
                36.3275
              ],
              [
                127.5027,
                36.3265
              ],
              [
                127.5029,
                36.3264
              ],
              [
                127.503,
                36.3256
              ],
              [
                127.5028,
                36.3252
              ],
              [
                127.5027,
                36.3251
              ],
              [
                127.5,
                36.3208
              ],
              [
                127.4988,
                36.3205
              ],
              [
                127.498,
                36.3203
              ],
              [
                127.4969,
                36.3201
              ],
              [
                127.496,
                36.3199
              ],
              [
                127.4968,
                36.3186
              ],
              [
                127.4978,
                36.3164
              ],
              [
                127.4977,
                36.3157
              ],
              [
                127.4969,
                36.3144
              ],
              [
                127.4958,
                36.313
              ],
              [
                127.4946,
                36.312
              ],
              [
                127.4971,
                36.3085
              ],
              [
                127.4982,
                36.3079
              ],
              [
                127.4988,
                36.3068
              ],
              [
                127.4988,
                36.3065
              ],
              [
                127.4989,
                36.3063
              ],
              [
                127.499,
                36.3058
              ],
              [
                127.499,
                36.3057
              ],
              [
                127.4974,
                36.3016
              ],
              [
                127.4974,
                36.3016
              ],
              [
                127.4943,
                36.3009
              ],
              [
                127.4943,
                36.3009
              ],
              [
                127.4924,
                36.2999
              ],
              [
                127.4916,
                36.2993
              ],
              [
                127.4912,
                36.297
              ],
              [
                127.4912,
                36.2966
              ],
              [
                127.4914,
                36.2964
              ],
              [
                127.4917,
                36.2962
              ],
              [
                127.4918,
                36.2962
              ],
              [
                127.4923,
                36.2956
              ],
              [
                127.4927,
                36.295
              ],
              [
                127.4946,
                36.2913
              ],
              [
                127.4976,
                36.2857
              ],
              [
                127.4984,
                36.2839
              ],
              [
                127.4988,
                36.2828
              ],
              [
                127.4985,
                36.2813
              ],
              [
                127.4968,
                36.2792
              ],
              [
                127.4926,
                36.2755
              ],
              [
                127.4907,
                36.2739
              ],
              [
                127.4906,
                36.2739
              ],
              [
                127.49,
                36.2736
              ],
              [
                127.4899,
                36.2735
              ],
              [
                127.4898,
                36.2735
              ],
              [
                127.4897,
                36.2734
              ],
              [
                127.4896,
                36.2734
              ],
              [
                127.4894,
                36.2733
              ],
              [
                127.4893,
                36.2732
              ],
              [
                127.4891,
                36.273
              ],
              [
                127.4888,
                36.2727
              ],
              [
                127.4888,
                36.2723
              ],
              [
                127.4892,
                36.2711
              ],
              [
                127.4898,
                36.2695
              ],
              [
                127.4903,
                36.2684
              ],
              [
                127.4899,
                36.2678
              ],
              [
                127.4891,
                36.2675
              ],
              [
                127.4887,
                36.2673
              ],
              [
                127.4883,
                36.2672
              ],
              [
                127.4883,
                36.2672
              ],
              [
                127.486,
                36.2612
              ],
              [
                127.4861,
                36.2597
              ],
              [
                127.4862,
                36.2596
              ],
              [
                127.4863,
                36.2592
              ],
              [
                127.4875,
                36.2582
              ],
              [
                127.4877,
                36.2582
              ],
              [
                127.4889,
                36.2584
              ],
              [
                127.4897,
                36.258
              ],
              [
                127.4898,
                36.2579
              ],
              [
                127.4898,
                36.2578
              ],
              [
                127.49,
                36.2573
              ],
              [
                127.4901,
                36.2546
              ],
              [
                127.4885,
                36.2526
              ],
              [
                127.488,
                36.2519
              ],
              [
                127.4879,
                36.2519
              ],
              [
                127.4876,
                36.2514
              ],
              [
                127.4894,
                36.246
              ],
              [
                127.4903,
                36.245
              ],
              [
                127.4911,
                36.245
              ],
              [
                127.4911,
                36.245
              ],
              [
                127.4918,
                36.2452
              ],
              [
                127.4918,
                36.2452
              ],
              [
                127.4923,
                36.2444
              ],
              [
                127.4925,
                36.2438
              ],
              [
                127.4927,
                36.2431
              ],
              [
                127.4932,
                36.2411
              ],
              [
                127.4933,
                36.2405
              ],
              [
                127.4931,
                36.24
              ],
              [
                127.4929,
                36.2398
              ],
              [
                127.4926,
                36.2395
              ],
              [
                127.4926,
                36.238
              ],
              [
                127.4906,
                36.2374
              ],
              [
                127.49,
                36.2371
              ],
              [
                127.4894,
                36.2357
              ],
              [
                127.49,
                36.2346
              ],
              [
                127.49,
                36.2335
              ],
              [
                127.4885,
                36.2325
              ],
              [
                127.4878,
                36.2327
              ],
              [
                127.4873,
                36.2329
              ],
              [
                127.4873,
                36.2329
              ],
              [
                127.4865,
                36.2325
              ],
              [
                127.4853,
                36.2319
              ],
              [
                127.4844,
                36.231
              ],
              [
                127.4835,
                36.2304
              ],
              [
                127.4827,
                36.2304
              ],
              [
                127.4817,
                36.2304
              ],
              [
                127.4795,
                36.2301
              ],
              [
                127.4779,
                36.2297
              ],
              [
                127.478,
                36.2288
              ],
              [
                127.4782,
                36.2283
              ],
              [
                127.478,
                36.2269
              ],
              [
                127.4778,
                36.2267
              ],
              [
                127.4768,
                36.226
              ],
              [
                127.4744,
                36.2249
              ],
              [
                127.4704,
                36.2235
              ],
              [
                127.4693,
                36.2234
              ],
              [
                127.4684,
                36.2232
              ],
              [
                127.4679,
                36.223
              ],
              [
                127.4677,
                36.2228
              ],
              [
                127.4675,
                36.2227
              ],
              [
                127.4673,
                36.2223
              ],
              [
                127.4673,
                36.2216
              ],
              [
                127.4675,
                36.2186
              ],
              [
                127.4678,
                36.2171
              ],
              [
                127.4682,
                36.2167
              ],
              [
                127.4688,
                36.2163
              ],
              [
                127.4694,
                36.216
              ],
              [
                127.4696,
                36.2152
              ],
              [
                127.4691,
                36.2148
              ],
              [
                127.4689,
                36.2146
              ],
              [
                127.4681,
                36.2144
              ],
              [
                127.4662,
                36.2141
              ],
              [
                127.4653,
                36.2143
              ],
              [
                127.4653,
                36.2143
              ],
              [
                127.4637,
                36.214
              ],
              [
                127.4625,
                36.2137
              ],
              [
                127.4603,
                36.2129
              ],
              [
                127.4601,
                36.2126
              ],
              [
                127.46,
                36.212
              ],
              [
                127.46,
                36.2116
              ],
              [
                127.46,
                36.2115
              ],
              [
                127.4599,
                36.2113
              ],
              [
                127.4592,
                36.2097
              ],
              [
                127.4591,
                36.2096
              ],
              [
                127.4576,
                36.2089
              ],
              [
                127.4571,
                36.2088
              ],
              [
                127.4552,
                36.208
              ],
              [
                127.4542,
                36.207
              ],
              [
                127.4541,
                36.2066
              ],
              [
                127.4546,
                36.2059
              ],
              [
                127.4555,
                36.2046
              ],
              [
                127.4561,
                36.204
              ],
              [
                127.4564,
                36.2036
              ],
              [
                127.4563,
                36.2028
              ],
              [
                127.4559,
                36.2011
              ],
              [
                127.4556,
                36.2008
              ],
              [
                127.4548,
                36.2008
              ],
              [
                127.4527,
                36.1998
              ],
              [
                127.4507,
                36.1988
              ],
              [
                127.4507,
                36.1988
              ],
              [
                127.4503,
                36.1985
              ],
              [
                127.449,
                36.1973
              ],
              [
                127.448,
                36.1967
              ],
              [
                127.4437,
                36.1948
              ],
              [
                127.4429,
                36.1948
              ],
              [
                127.4428,
                36.1947
              ],
              [
                127.4428,
                36.1947
              ],
              [
                127.4411,
                36.1948
              ],
              [
                127.4409,
                36.1949
              ],
              [
                127.4408,
                36.1956
              ],
              [
                127.4408,
                36.1966
              ],
              [
                127.4394,
                36.1973
              ],
              [
                127.4394,
                36.1973
              ],
              [
                127.4367,
                36.1985
              ],
              [
                127.4353,
                36.1986
              ],
              [
                127.4353,
                36.1986
              ],
              [
                127.4346,
                36.1984
              ],
              [
                127.4346,
                36.1984
              ],
              [
                127.4339,
                36.1984
              ],
              [
                127.4337,
                36.1985
              ],
              [
                127.4335,
                36.1986
              ],
              [
                127.4323,
                36.2012
              ],
              [
                127.4309,
                36.2041
              ],
              [
                127.4294,
                36.2052
              ],
              [
                127.4265,
                36.2059
              ],
              [
                127.425,
                36.206
              ],
              [
                127.4239,
                36.206
              ],
              [
                127.4237,
                36.2062
              ],
              [
                127.4227,
                36.2073
              ],
              [
                127.4223,
                36.2081
              ],
              [
                127.4223,
                36.2081
              ],
              [
                127.4224,
                36.2081
              ],
              [
                127.4229,
                36.2089
              ],
              [
                127.4235,
                36.2098
              ],
              [
                127.4243,
                36.2101
              ],
              [
                127.4261,
                36.2116
              ],
              [
                127.4254,
                36.213
              ],
              [
                127.4238,
                36.2139
              ],
              [
                127.424,
                36.2143
              ],
              [
                127.4252,
                36.2161
              ],
              [
                127.4266,
                36.2185
              ],
              [
                127.4261,
                36.2223
              ],
              [
                127.4256,
                36.2253
              ],
              [
                127.4241,
                36.2261
              ],
              [
                127.4239,
                36.2265
              ],
              [
                127.4241,
                36.2278
              ],
              [
                127.4248,
                36.2283
              ],
              [
                127.426,
                36.229
              ],
              [
                127.426,
                36.229
              ],
              [
                127.4268,
                36.2292
              ],
              [
                127.4284,
                36.2288
              ],
              [
                127.429,
                36.2286
              ],
              [
                127.4296,
                36.228
              ],
              [
                127.431,
                36.2272
              ],
              [
                127.4311,
                36.2272
              ],
              [
                127.4326,
                36.2274
              ],
              [
                127.4338,
                36.2278
              ],
              [
                127.4342,
                36.2293
              ],
              [
                127.4344,
                36.2295
              ],
              [
                127.4354,
                36.2301
              ],
              [
                127.4376,
                36.2324
              ],
              [
                127.4378,
                36.2328
              ],
              [
                127.4377,
                36.2341
              ],
              [
                127.4374,
                36.2351
              ],
              [
                127.4377,
                36.2366
              ],
              [
                127.4387,
                36.2371
              ],
              [
                127.4393,
                36.2373
              ],
              [
                127.44,
                36.2376
              ],
              [
                127.4401,
                36.2376
              ],
              [
                127.4412,
                36.2378
              ],
              [
                127.4419,
                36.2376
              ],
              [
                127.4431,
                36.2385
              ],
              [
                127.4432,
                36.2386
              ],
              [
                127.4422,
                36.2444
              ],
              [
                127.4421,
                36.2445
              ],
              [
                127.4404,
                36.2447
              ],
              [
                127.44,
                36.245
              ],
              [
                127.4398,
                36.2452
              ],
              [
                127.4391,
                36.2457
              ],
              [
                127.4358,
                36.2499
              ],
              [
                127.4354,
                36.2522
              ],
              [
                127.4357,
                36.2527
              ],
              [
                127.4357,
                36.2528
              ],
              [
                127.4335,
                36.254
              ],
              [
                127.4326,
                36.2541
              ],
              [
                127.4321,
                36.254
              ],
              [
                127.4312,
                36.2539
              ],
              [
                127.4299,
                36.2539
              ],
              [
                127.427,
                36.2545
              ],
              [
                127.427,
                36.2545
              ],
              [
                127.4277,
                36.2557
              ],
              [
                127.4284,
                36.2565
              ],
              [
                127.4296,
                36.2594
              ],
              [
                127.4305,
                36.2617
              ],
              [
                127.4321,
                36.2636
              ],
              [
                127.4362,
                36.2666
              ],
              [
                127.4373,
                36.2675
              ],
              [
                127.4381,
                36.2683
              ],
              [
                127.4395,
                36.2703
              ],
              [
                127.4393,
                36.2709
              ],
              [
                127.437,
                36.2737
              ],
              [
                127.4354,
                36.2752
              ],
              [
                127.4336,
                36.2757
              ],
              [
                127.4322,
                36.279
              ],
              [
                127.4323,
                36.2793
              ],
              [
                127.4323,
                36.2793
              ],
              [
                127.4332,
                36.2799
              ],
              [
                127.4339,
                36.2803
              ],
              [
                127.4346,
                36.2808
              ],
              [
                127.4354,
                36.2817
              ],
              [
                127.4352,
                36.2818
              ],
              [
                127.4348,
                36.2824
              ],
              [
                127.4339,
                36.2828
              ],
              [
                127.4333,
                36.2828
              ],
              [
                127.4325,
                36.2834
              ],
              [
                127.4273,
                36.2887
              ],
              [
                127.4271,
                36.2894
              ],
              [
                127.4271,
                36.2894
              ],
              [
                127.4274,
                36.291
              ],
              [
                127.4278,
                36.292
              ],
              [
                127.4301,
                36.2914
              ],
              [
                127.4327,
                36.2908
              ],
              [
                127.433,
                36.2909
              ],
              [
                127.4338,
                36.2911
              ],
              [
                127.4378,
                36.2927
              ],
              [
                127.4378,
                36.2927
              ],
              [
                127.4389,
                36.2939
              ],
              [
                127.4397,
                36.2945
              ],
              [
                127.4408,
                36.2952
              ],
              [
                127.4423,
                36.2959
              ],
              [
                127.4457,
                36.2962
              ],
              [
                127.4471,
                36.2941
              ],
              [
                127.4482,
                36.2921
              ],
              [
                127.4486,
                36.292
              ],
              [
                127.4489,
                36.292
              ],
              [
                127.4495,
                36.2926
              ],
              [
                127.4495,
                36.2927
              ],
              [
                127.4498,
                36.2932
              ],
              [
                127.4499,
                36.2935
              ],
              [
                127.4509,
                36.2938
              ],
              [
                127.451,
                36.2938
              ],
              [
                127.4534,
                36.2934
              ],
              [
                127.455,
                36.2934
              ],
              [
                127.4579,
                36.2935
              ],
              [
                127.4582,
                36.2937
              ],
              [
                127.4559,
                36.3007
              ],
              [
                127.4555,
                36.3013
              ],
              [
                127.4554,
                36.3014
              ],
              [
                127.455,
                36.3015
              ],
              [
                127.4544,
                36.3018
              ],
              [
                127.4535,
                36.3022
              ],
              [
                127.4518,
                36.3036
              ],
              [
                127.4488,
                36.3073
              ],
              [
                127.4488,
                36.3074
              ],
              [
                127.4486,
                36.3076
              ],
              [
                127.4485,
                36.3079
              ],
              [
                127.4485,
                36.309
              ],
              [
                127.4486,
                36.309
              ],
              [
                127.4487,
                36.309
              ],
              [
                127.4487,
                36.3091
              ],
              [
                127.4486,
                36.3092
              ],
              [
                127.4484,
                36.3094
              ],
              [
                127.4484,
                36.3095
              ],
              [
                127.4483,
                36.3096
              ],
              [
                127.448,
                36.3099
              ],
              [
                127.448,
                36.3099
              ],
              [
                127.4479,
                36.3099
              ],
              [
                127.4476,
                36.3102
              ],
              [
                127.4473,
                36.3104
              ],
              [
                127.4471,
                36.3104
              ],
              [
                127.447,
                36.3105
              ],
              [
                127.4467,
                36.3106
              ],
              [
                127.4466,
                36.3107
              ],
              [
                127.4466,
                36.3107
              ],
              [
                127.4462,
                36.3108
              ],
              [
                127.4447,
                36.311
              ],
              [
                127.4433,
                36.3112
              ],
              [
                127.4402,
                36.3127
              ],
              [
                127.4401,
                36.3129
              ],
              [
                127.4399,
                36.3133
              ],
              [
                127.439,
                36.3152
              ],
              [
                127.4386,
                36.3165
              ],
              [
                127.4377,
                36.3184
              ],
              [
                127.4376,
                36.3187
              ],
              [
                127.4376,
                36.3188
              ],
              [
                127.437,
                36.3199
              ],
              [
                127.4364,
                36.3207
              ],
              [
                127.4363,
                36.3209
              ],
              [
                127.4338,
                36.3241
              ],
              [
                127.4334,
                36.3246
              ],
              [
                127.4326,
                36.3258
              ],
              [
                127.4309,
                36.3278
              ],
              [
                127.4302,
                36.3287
              ],
              [
                127.4301,
                36.3288
              ],
              [
                127.4296,
                36.3295
              ],
              [
                127.4294,
                36.3296
              ],
              [
                127.4293,
                36.3298
              ],
              [
                127.4291,
                36.3301
              ],
              [
                127.4255,
                36.3329
              ],
              [
                127.4239,
                36.3353
              ],
              [
                127.4235,
                36.3356
              ],
              [
                127.4231,
                36.336
              ],
              [
                127.4192,
                36.339
              ],
              [
                127.4185,
                36.3392
              ],
              [
                127.4174,
                36.3394
              ],
              [
                127.4168,
                36.3396
              ],
              [
                127.4164,
                36.3398
              ],
              [
                127.416,
                36.34
              ],
              [
                127.4159,
                36.3401
              ],
              [
                127.415,
                36.3409
              ],
              [
                127.4149,
                36.341
              ],
              [
                127.4147,
                36.3413
              ],
              [
                127.4147,
                36.3413
              ],
              [
                127.4146,
                36.3417
              ],
              [
                127.4137,
                36.3439
              ],
              [
                127.4167,
                36.3446
              ],
              [
                127.4167,
                36.3446
              ],
              [
                127.4167,
                36.3446
              ],
              [
                127.4169,
                36.3446
              ],
              [
                127.417,
                36.3447
              ],
              [
                127.4178,
                36.3447
              ],
              [
                127.4185,
                36.3447
              ],
              [
                127.4186,
                36.3447
              ],
              [
                127.4194,
                36.3447
              ],
              [
                127.4198,
                36.3446
              ],
              [
                127.42,
                36.3446
              ],
              [
                127.4202,
                36.3445
              ],
              [
                127.4207,
                36.3445
              ],
              [
                127.421,
                36.3444
              ],
              [
                127.4211,
                36.3444
              ],
              [
                127.4187,
                36.3461
              ],
              [
                127.4187,
                36.3462
              ],
              [
                127.4185,
                36.3463
              ],
              [
                127.4184,
                36.3464
              ],
              [
                127.4196,
                36.3483
              ],
              [
                127.4228,
                36.3485
              ],
              [
                127.4247,
                36.3487
              ],
              [
                127.4279,
                36.3526
              ],
              [
                127.4275,
                36.355
              ],
              [
                127.4276,
                36.3555
              ],
              [
                127.4307,
                36.3591
              ],
              [
                127.435,
                36.3607
              ],
              [
                127.4354,
                36.3608
              ],
              [
                127.4372,
                36.3602
              ],
              [
                127.4374,
                36.3602
              ],
              [
                127.4383,
                36.36
              ],
              [
                127.4384,
                36.3598
              ],
              [
                127.4386,
                36.3596
              ],
              [
                127.4392,
                36.3583
              ],
              [
                127.4391,
                36.3581
              ],
              [
                127.4391,
                36.358
              ],
              [
                127.439,
                36.3576
              ],
              [
                127.439,
                36.3576
              ],
              [
                127.439,
                36.3575
              ],
              [
                127.4389,
                36.357
              ],
              [
                127.4397,
                36.3551
              ],
              [
                127.4397,
                36.3551
              ],
              [
                127.4403,
                36.3545
              ],
              [
                127.4414,
                36.3536
              ],
              [
                127.4415,
                36.3536
              ],
              [
                127.4414,
                36.3523
              ],
              [
                127.4428,
                36.3517
              ],
              [
                127.4452,
                36.3508
              ],
              [
                127.4452,
                36.3508
              ],
              [
                127.4461,
                36.3524
              ],
              [
                127.446,
                36.3524
              ],
              [
                127.4456,
                36.3524
              ],
              [
                127.4457,
                36.3532
              ],
              [
                127.4457,
                36.3532
              ],
              [
                127.4459,
                36.3536
              ],
              [
                127.447,
                36.354
              ],
              [
                127.4543,
                36.3544
              ],
              [
                127.4546,
                36.3544
              ],
              [
                127.4545,
                36.3542
              ],
              [
                127.454,
                36.3534
              ],
              [
                127.4551,
                36.353
              ],
              [
                127.4588,
                36.3525
              ],
              [
                127.4628,
                36.3512
              ],
              [
                127.4641,
                36.3508
              ],
              [
                127.4644,
                36.3509
              ],
              [
                127.4646,
                36.351
              ],
              [
                127.4647,
                36.3511
              ],
              [
                127.4649,
                36.3513
              ],
              [
                127.465,
                36.3515
              ],
              [
                127.465,
                36.3524
              ],
              [
                127.4648,
                36.3525
              ],
              [
                127.4647,
                36.353
              ],
              [
                127.4646,
                36.3535
              ],
              [
                127.4646,
                36.3535
              ],
              [
                127.4646,
                36.3537
              ],
              [
                127.4646,
                36.3538
              ],
              [
                127.4647,
                36.355
              ],
              [
                127.4647,
                36.355
              ],
              [
                127.4647,
                36.3551
              ],
              [
                127.4655,
                36.3569
              ],
              [
                127.4661,
                36.3581
              ],
              [
                127.466,
                36.3603
              ],
              [
                127.4639,
                36.3615
              ],
              [
                127.4633,
                36.362
              ],
              [
                127.4618,
                36.3649
              ],
              [
                127.4608,
                36.3668
              ],
              [
                127.4607,
                36.3674
              ],
              [
                127.4607,
                36.3675
              ],
              [
                127.4599,
                36.3686
              ],
              [
                127.4596,
                36.3688
              ],
              [
                127.4595,
                36.3689
              ],
              [
                127.4594,
                36.369
              ],
              [
                127.4592,
                36.369
              ],
              [
                127.4583,
                36.369
              ],
              [
                127.4582,
                36.3692
              ],
              [
                127.4578,
                36.3699
              ],
              [
                127.4576,
                36.3705
              ],
              [
                127.4573,
                36.3717
              ],
              [
                127.4572,
                36.3725
              ],
              [
                127.4558,
                36.3748
              ],
              [
                127.454,
                36.3771
              ],
              [
                127.4521,
                36.3786
              ],
              [
                127.4512,
                36.381
              ],
              [
                127.4521,
                36.3818
              ],
              [
                127.4526,
                36.3823
              ],
              [
                127.453,
                36.383
              ],
              [
                127.4533,
                36.3835
              ],
              [
                127.4553,
                36.3888
              ],
              [
                127.4553,
                36.3889
              ],
              [
                127.4542,
                36.3901
              ],
              [
                127.4541,
                36.3912
              ],
              [
                127.4542,
                36.3943
              ],
              [
                127.4553,
                36.4
              ],
              [
                127.4563,
                36.4011
              ],
              [
                127.4569,
                36.4015
              ],
              [
                127.4576,
                36.4025
              ],
              [
                127.4576,
                36.4031
              ],
              [
                127.4582,
                36.4036
              ],
              [
                127.4595,
                36.4042
              ],
              [
                127.4602,
                36.4045
              ],
              [
                127.4666,
                36.4086
              ],
              [
                127.4705,
                36.4127
              ],
              [
                127.4713,
                36.4136
              ],
              [
                127.4724,
                36.4149
              ],
              [
                127.4761,
                36.4193
              ],
              [
                127.479,
                36.4245
              ],
              [
                127.4812,
                36.4279
              ],
              [
                127.4812,
                36.428
              ],
              [
                127.4809,
                36.4284
              ],
              [
                127.4809,
                36.4291
              ],
              [
                127.481,
                36.4296
              ],
              [
                127.4823,
                36.4315
              ],
              [
                127.4865,
                36.437
              ],
              [
                127.4877,
                36.4385
              ],
              [
                127.4878,
                36.4387
              ],
              [
                127.4883,
                36.439
              ],
              [
                127.4907,
                36.4398
              ],
              [
                127.4911,
                36.4398
              ],
              [
                127.4924,
                36.4394
              ],
              [
                127.4906,
                36.4359
              ],
              [
                127.4903,
                36.4353
              ],
              [
                127.4897,
                36.4341
              ],
              [
                127.4898,
                36.4334
              ],
              [
                127.4898,
                36.4331
              ],
              [
                127.4899,
                36.4324
              ],
              [
                127.49,
                36.4321
              ],
              [
                127.4911,
                36.43
              ],
              [
                127.4913,
                36.4295
              ],
              [
                127.4933,
                36.4258
              ],
              [
                127.4936,
                36.4254
              ],
              [
                127.494,
                36.425
              ],
              [
                127.4957,
                36.4227
              ],
              [
                127.4969,
                36.4195
              ],
              [
                127.497,
                36.4191
              ],
              [
                127.497,
                36.4182
              ],
              [
                127.4971,
                36.4175
              ],
              [
                127.4971,
                36.4172
              ],
              [
                127.4971,
                36.417
              ],
              [
                127.4971,
                36.4166
              ],
              [
                127.4971,
                36.4165
              ],
              [
                127.4971,
                36.4164
              ],
              [
                127.4971,
                36.4162
              ],
              [
                127.4972,
                36.4161
              ],
              [
                127.4972,
                36.416
              ],
              [
                127.4972,
                36.4159
              ],
              [
                127.4974,
                36.4154
              ],
              [
                127.4978,
                36.4149
              ],
              [
                127.5006,
                36.4106
              ],
              [
                127.5016,
                36.4087
              ],
              [
                127.5023,
                36.4085
              ]
            ]
          ]
        ]
      },
      "properties": {
        "name": "동구",
        "base_year": "2018",
        "name_eng": "Dong-gu",
        "code": "25010"
      }
    },
    {
      "type": "Feature",
      "geometry": {
        "type": "MultiPolygon",
        "coordinates": [
          [
            [
              [
                127.4192,
                36.339
              ],
              [
                127.4231,
                36.336
              ],
              [
                127.4235,
                36.3356
              ],
              [
                127.4239,
                36.3353
              ],
              [
                127.4255,
                36.3329
              ],
              [
                127.4291,
                36.3301
              ],
              [
                127.4293,
                36.3298
              ],
              [
                127.4294,
                36.3296
              ],
              [
                127.4296,
                36.3295
              ],
              [
                127.4301,
                36.3288
              ],
              [
                127.4302,
                36.3287
              ],
              [
                127.4309,
                36.3278
              ],
              [
                127.4326,
                36.3258
              ],
              [
                127.4334,
                36.3246
              ],
              [
                127.4338,
                36.3241
              ],
              [
                127.4363,
                36.3209
              ],
              [
                127.4364,
                36.3207
              ],
              [
                127.437,
                36.3199
              ],
              [
                127.4376,
                36.3188
              ],
              [
                127.4376,
                36.3187
              ],
              [
                127.4377,
                36.3184
              ],
              [
                127.4386,
                36.3165
              ],
              [
                127.439,
                36.3152
              ],
              [
                127.4399,
                36.3133
              ],
              [
                127.4401,
                36.3129
              ],
              [
                127.4402,
                36.3127
              ],
              [
                127.4433,
                36.3112
              ],
              [
                127.4447,
                36.311
              ],
              [
                127.4462,
                36.3108
              ],
              [
                127.4466,
                36.3107
              ],
              [
                127.4466,
                36.3107
              ],
              [
                127.4467,
                36.3106
              ],
              [
                127.447,
                36.3105
              ],
              [
                127.4471,
                36.3104
              ],
              [
                127.4473,
                36.3104
              ],
              [
                127.4476,
                36.3102
              ],
              [
                127.4479,
                36.3099
              ],
              [
                127.448,
                36.3099
              ],
              [
                127.448,
                36.3099
              ],
              [
                127.4483,
                36.3096
              ],
              [
                127.4484,
                36.3095
              ],
              [
                127.4484,
                36.3094
              ],
              [
                127.4486,
                36.3092
              ],
              [
                127.4487,
                36.3091
              ],
              [
                127.4487,
                36.309
              ],
              [
                127.4486,
                36.309
              ],
              [
                127.4485,
                36.309
              ],
              [
                127.4485,
                36.3079
              ],
              [
                127.4486,
                36.3076
              ],
              [
                127.4488,
                36.3074
              ],
              [
                127.4488,
                36.3073
              ],
              [
                127.4518,
                36.3036
              ],
              [
                127.4535,
                36.3022
              ],
              [
                127.4544,
                36.3018
              ],
              [
                127.455,
                36.3015
              ],
              [
                127.4554,
                36.3014
              ],
              [
                127.4555,
                36.3013
              ],
              [
                127.4559,
                36.3007
              ],
              [
                127.4582,
                36.2937
              ],
              [
                127.4579,
                36.2935
              ],
              [
                127.455,
                36.2934
              ],
              [
                127.4534,
                36.2934
              ],
              [
                127.451,
                36.2938
              ],
              [
                127.4509,
                36.2938
              ],
              [
                127.4499,
                36.2935
              ],
              [
                127.4498,
                36.2932
              ],
              [
                127.4495,
                36.2927
              ],
              [
                127.4495,
                36.2926
              ],
              [
                127.4489,
                36.292
              ],
              [
                127.4486,
                36.292
              ],
              [
                127.4482,
                36.2921
              ],
              [
                127.4471,
                36.2941
              ],
              [
                127.4457,
                36.2962
              ],
              [
                127.4423,
                36.2959
              ],
              [
                127.4408,
                36.2952
              ],
              [
                127.4397,
                36.2945
              ],
              [
                127.4389,
                36.2939
              ],
              [
                127.4378,
                36.2927
              ],
              [
                127.4378,
                36.2927
              ],
              [
                127.4338,
                36.2911
              ],
              [
                127.433,
                36.2909
              ],
              [
                127.4327,
                36.2908
              ],
              [
                127.4301,
                36.2914
              ],
              [
                127.4278,
                36.292
              ],
              [
                127.4274,
                36.291
              ],
              [
                127.4271,
                36.2894
              ],
              [
                127.4271,
                36.2894
              ],
              [
                127.4273,
                36.2887
              ],
              [
                127.4325,
                36.2834
              ],
              [
                127.4333,
                36.2828
              ],
              [
                127.4339,
                36.2828
              ],
              [
                127.4348,
                36.2824
              ],
              [
                127.4352,
                36.2818
              ],
              [
                127.4354,
                36.2817
              ],
              [
                127.4346,
                36.2808
              ],
              [
                127.4339,
                36.2803
              ],
              [
                127.4332,
                36.2799
              ],
              [
                127.4323,
                36.2793
              ],
              [
                127.4323,
                36.2793
              ],
              [
                127.4322,
                36.279
              ],
              [
                127.4336,
                36.2757
              ],
              [
                127.4354,
                36.2752
              ],
              [
                127.437,
                36.2737
              ],
              [
                127.4393,
                36.2709
              ],
              [
                127.4395,
                36.2703
              ],
              [
                127.4381,
                36.2683
              ],
              [
                127.4373,
                36.2675
              ],
              [
                127.4362,
                36.2666
              ],
              [
                127.4321,
                36.2636
              ],
              [
                127.4305,
                36.2617
              ],
              [
                127.4296,
                36.2594
              ],
              [
                127.4284,
                36.2565
              ],
              [
                127.4277,
                36.2557
              ],
              [
                127.427,
                36.2545
              ],
              [
                127.427,
                36.2545
              ],
              [
                127.4299,
                36.2539
              ],
              [
                127.4312,
                36.2539
              ],
              [
                127.4321,
                36.254
              ],
              [
                127.4326,
                36.2541
              ],
              [
                127.4335,
                36.254
              ],
              [
                127.4357,
                36.2528
              ],
              [
                127.4357,
                36.2527
              ],
              [
                127.4354,
                36.2522
              ],
              [
                127.4358,
                36.2499
              ],
              [
                127.4391,
                36.2457
              ],
              [
                127.4398,
                36.2452
              ],
              [
                127.44,
                36.245
              ],
              [
                127.4404,
                36.2447
              ],
              [
                127.4421,
                36.2445
              ],
              [
                127.4422,
                36.2444
              ],
              [
                127.4432,
                36.2386
              ],
              [
                127.4431,
                36.2385
              ],
              [
                127.4419,
                36.2376
              ],
              [
                127.4412,
                36.2378
              ],
              [
                127.4401,
                36.2376
              ],
              [
                127.44,
                36.2376
              ],
              [
                127.4393,
                36.2373
              ],
              [
                127.4387,
                36.2371
              ],
              [
                127.4377,
                36.2366
              ],
              [
                127.4374,
                36.2351
              ],
              [
                127.4377,
                36.2341
              ],
              [
                127.4378,
                36.2328
              ],
              [
                127.4376,
                36.2324
              ],
              [
                127.4354,
                36.2301
              ],
              [
                127.4344,
                36.2295
              ],
              [
                127.4342,
                36.2293
              ],
              [
                127.4338,
                36.2278
              ],
              [
                127.4326,
                36.2274
              ],
              [
                127.4311,
                36.2272
              ],
              [
                127.431,
                36.2272
              ],
              [
                127.4296,
                36.228
              ],
              [
                127.429,
                36.2286
              ],
              [
                127.4284,
                36.2288
              ],
              [
                127.4268,
                36.2292
              ],
              [
                127.426,
                36.229
              ],
              [
                127.426,
                36.229
              ],
              [
                127.4248,
                36.2283
              ],
              [
                127.4241,
                36.2278
              ],
              [
                127.4239,
                36.2265
              ],
              [
                127.4241,
                36.2261
              ],
              [
                127.4256,
                36.2253
              ],
              [
                127.4261,
                36.2223
              ],
              [
                127.4266,
                36.2185
              ],
              [
                127.4252,
                36.2161
              ],
              [
                127.424,
                36.2143
              ],
              [
                127.4238,
                36.2139
              ],
              [
                127.4254,
                36.213
              ],
              [
                127.4261,
                36.2116
              ],
              [
                127.4243,
                36.2101
              ],
              [
                127.4235,
                36.2098
              ],
              [
                127.4229,
                36.2089
              ],
              [
                127.4224,
                36.2081
              ],
              [
                127.4223,
                36.2081
              ],
              [
                127.4223,
                36.2081
              ],
              [
                127.4212,
                36.2081
              ],
              [
                127.4212,
                36.2081
              ],
              [
                127.4203,
                36.2079
              ],
              [
                127.4198,
                36.2074
              ],
              [
                127.4156,
                36.2089
              ],
              [
                127.4153,
                36.209
              ],
              [
                127.4149,
                36.2094
              ],
              [
                127.4139,
                36.2101
              ],
              [
                127.4121,
                36.2114
              ],
              [
                127.4112,
                36.2116
              ],
              [
                127.4098,
                36.212
              ],
              [
                127.408,
                36.2129
              ],
              [
                127.4089,
                36.2146
              ],
              [
                127.41,
                36.2159
              ],
              [
                127.4106,
                36.2168
              ],
              [
                127.4106,
                36.2176
              ],
              [
                127.4084,
                36.2206
              ],
              [
                127.4075,
                36.2214
              ],
              [
                127.407,
                36.2215
              ],
              [
                127.4045,
                36.2229
              ],
              [
                127.4031,
                36.2251
              ],
              [
                127.4022,
                36.227
              ],
              [
                127.4009,
                36.2301
              ],
              [
                127.3993,
                36.2325
              ],
              [
                127.3966,
                36.2321
              ],
              [
                127.3941,
                36.2325
              ],
              [
                127.3898,
                36.2334
              ],
              [
                127.3873,
                36.2342
              ],
              [
                127.3871,
                36.2352
              ],
              [
                127.3873,
                36.2373
              ],
              [
                127.389,
                36.2381
              ],
              [
                127.3904,
                36.2395
              ],
              [
                127.3906,
                36.2406
              ],
              [
                127.3909,
                36.2429
              ],
              [
                127.3904,
                36.2434
              ],
              [
                127.3896,
                36.244
              ],
              [
                127.3885,
                36.2449
              ],
              [
                127.3879,
                36.2459
              ],
              [
                127.3864,
                36.2507
              ],
              [
                127.3866,
                36.2525
              ],
              [
                127.3869,
                36.2532
              ],
              [
                127.3876,
                36.254
              ],
              [
                127.3879,
                36.2542
              ],
              [
                127.3882,
                36.2545
              ],
              [
                127.3886,
                36.255
              ],
              [
                127.3888,
                36.2554
              ],
              [
                127.3901,
                36.2597
              ],
              [
                127.3904,
                36.261
              ],
              [
                127.3903,
                36.2619
              ],
              [
                127.3903,
                36.2623
              ],
              [
                127.3898,
                36.2628
              ],
              [
                127.3884,
                36.2635
              ],
              [
                127.3853,
                36.2659
              ],
              [
                127.3844,
                36.2667
              ],
              [
                127.3837,
                36.2674
              ],
              [
                127.3835,
                36.2677
              ],
              [
                127.3776,
                36.2715
              ],
              [
                127.3751,
                36.272
              ],
              [
                127.3733,
                36.2722
              ],
              [
                127.3725,
                36.2722
              ],
              [
                127.373,
                36.2746
              ],
              [
                127.372,
                36.2756
              ],
              [
                127.3713,
                36.2763
              ],
              [
                127.3714,
                36.2766
              ],
              [
                127.3715,
                36.2769
              ],
              [
                127.3716,
                36.2787
              ],
              [
                127.3715,
                36.2795
              ],
              [
                127.3707,
                36.2802
              ],
              [
                127.3695,
                36.2817
              ],
              [
                127.3693,
                36.2819
              ],
              [
                127.3676,
                36.2847
              ],
              [
                127.3675,
                36.2849
              ],
              [
                127.368,
                36.2859
              ],
              [
                127.3681,
                36.2859
              ],
              [
                127.369,
                36.2859
              ],
              [
                127.3697,
                36.2863
              ],
              [
                127.37,
                36.2866
              ],
              [
                127.3702,
                36.2872
              ],
              [
                127.3706,
                36.2885
              ],
              [
                127.3705,
                36.289
              ],
              [
                127.3733,
                36.2933
              ],
              [
                127.3747,
                36.2931
              ],
              [
                127.3759,
                36.293
              ],
              [
                127.3783,
                36.293
              ],
              [
                127.3801,
                36.2947
              ],
              [
                127.3805,
                36.2952
              ],
              [
                127.3805,
                36.2952
              ],
              [
                127.3807,
                36.2954
              ],
              [
                127.3819,
                36.2974
              ],
              [
                127.3819,
                36.2975
              ],
              [
                127.382,
                36.2977
              ],
              [
                127.382,
                36.2978
              ],
              [
                127.3821,
                36.2983
              ],
              [
                127.3822,
                36.2994
              ],
              [
                127.3822,
                36.2999
              ],
              [
                127.3821,
                36.3008
              ],
              [
                127.3818,
                36.3015
              ],
              [
                127.3814,
                36.3023
              ],
              [
                127.381,
                36.303
              ],
              [
                127.3803,
                36.3046
              ],
              [
                127.3802,
                36.305
              ],
              [
                127.3809,
                36.3055
              ],
              [
                127.3827,
                36.3069
              ],
              [
                127.3846,
                36.3088
              ],
              [
                127.3871,
                36.3127
              ],
              [
                127.3864,
                36.3156
              ],
              [
                127.3859,
                36.3172
              ],
              [
                127.3856,
                36.3181
              ],
              [
                127.3856,
                36.3184
              ],
              [
                127.3855,
                36.3191
              ],
              [
                127.3856,
                36.3194
              ],
              [
                127.3857,
                36.3199
              ],
              [
                127.3857,
                36.3199
              ],
              [
                127.3858,
                36.3203
              ],
              [
                127.3859,
                36.3206
              ],
              [
                127.3861,
                36.321
              ],
              [
                127.3873,
                36.3227
              ],
              [
                127.3882,
                36.3257
              ],
              [
                127.3886,
                36.3269
              ],
              [
                127.389,
                36.3278
              ],
              [
                127.3891,
                36.328
              ],
              [
                127.3891,
                36.328
              ],
              [
                127.3893,
                36.3282
              ],
              [
                127.3895,
                36.3285
              ],
              [
                127.3897,
                36.3287
              ],
              [
                127.39,
                36.329
              ],
              [
                127.3901,
                36.329
              ],
              [
                127.3906,
                36.3294
              ],
              [
                127.391,
                36.3295
              ],
              [
                127.3916,
                36.3297
              ],
              [
                127.3918,
                36.3298
              ],
              [
                127.392,
                36.3301
              ],
              [
                127.3924,
                36.3305
              ],
              [
                127.3926,
                36.3308
              ],
              [
                127.3928,
                36.3314
              ],
              [
                127.3975,
                36.3347
              ],
              [
                127.3981,
                36.3343
              ],
              [
                127.3984,
                36.3347
              ],
              [
                127.3986,
                36.3348
              ],
              [
                127.3991,
                36.3354
              ],
              [
                127.3995,
                36.3359
              ],
              [
                127.3998,
                36.3364
              ],
              [
                127.4,
                36.3369
              ],
              [
                127.4,
                36.3369
              ],
              [
                127.4004,
                36.3373
              ],
              [
                127.4009,
                36.3377
              ],
              [
                127.4018,
                36.3384
              ],
              [
                127.4025,
                36.3384
              ],
              [
                127.4029,
                36.3386
              ],
              [
                127.4032,
                36.3392
              ],
              [
                127.4033,
                36.3396
              ],
              [
                127.4034,
                36.3399
              ],
              [
                127.4035,
                36.3405
              ],
              [
                127.4036,
                36.341
              ],
              [
                127.4037,
                36.3411
              ],
              [
                127.4037,
                36.3413
              ],
              [
                127.4038,
                36.3422
              ],
              [
                127.4038,
                36.3423
              ],
              [
                127.4035,
                36.3431
              ],
              [
                127.4034,
                36.3434
              ],
              [
                127.4033,
                36.3437
              ],
              [
                127.4032,
                36.3438
              ],
              [
                127.4031,
                36.3441
              ],
              [
                127.403,
                36.3447
              ],
              [
                127.4026,
                36.3462
              ],
              [
                127.4038,
                36.3489
              ],
              [
                127.4039,
                36.3496
              ],
              [
                127.4091,
                36.348
              ],
              [
                127.4099,
                36.3478
              ],
              [
                127.41,
                36.3477
              ],
              [
                127.4101,
                36.3476
              ],
              [
                127.4109,
                36.347
              ],
              [
                127.4112,
                36.3467
              ],
              [
                127.4114,
                36.3465
              ],
              [
                127.4117,
                36.3461
              ],
              [
                127.4123,
                36.3446
              ],
              [
                127.4128,
                36.3435
              ],
              [
                127.4132,
                36.3428
              ],
              [
                127.4138,
                36.342
              ],
              [
                127.4142,
                36.3415
              ],
              [
                127.4145,
                36.3412
              ],
              [
                127.4149,
                36.341
              ],
              [
                127.415,
                36.3409
              ],
              [
                127.4159,
                36.3401
              ],
              [
                127.416,
                36.34
              ],
              [
                127.4164,
                36.3398
              ],
              [
                127.4168,
                36.3396
              ],
              [
                127.4174,
                36.3394
              ],
              [
                127.4185,
                36.3392
              ],
              [
                127.4192,
                36.339
              ]
            ]
          ]
        ]
      },
      "properties": {
        "name": "중구",
        "base_year": "2018",
        "name_eng": "Jung-gu",
        "code": "25020"
      }
    },
    {
      "type": "Feature",
      "geometry": {
        "type": "MultiPolygon",
        "coordinates": [
          [
            [
              [
                127.3889,
                36.3712
              ],
              [
                127.3899,
                36.3711
              ],
              [
                127.3931,
                36.3713
              ],
              [
                127.3931,
                36.3712
              ],
              [
                127.3933,
                36.3708
              ],
              [
                127.3935,
                36.3706
              ],
              [
                127.3937,
                36.3703
              ],
              [
                127.3942,
                36.37
              ],
              [
                127.3946,
                36.3697
              ],
              [
                127.3951,
                36.3694
              ],
              [
                127.3954,
                36.3692
              ],
              [
                127.3956,
                36.369
              ],
              [
                127.3957,
                36.3689
              ],
              [
                127.3966,
                36.3676
              ],
              [
                127.3972,
                36.3666
              ],
              [
                127.3973,
                36.3661
              ],
              [
                127.3974,
                36.3658
              ],
              [
                127.3976,
                36.3648
              ],
              [
                127.4011,
                36.3614
              ],
              [
                127.4029,
                36.3573
              ],
              [
                127.403,
                36.357
              ],
              [
                127.4032,
                36.3565
              ],
              [
                127.4046,
                36.3533
              ],
              [
                127.4039,
                36.3496
              ],
              [
                127.4038,
                36.3489
              ],
              [
                127.4026,
                36.3462
              ],
              [
                127.403,
                36.3447
              ],
              [
                127.4031,
                36.3441
              ],
              [
                127.4032,
                36.3438
              ],
              [
                127.4033,
                36.3437
              ],
              [
                127.4034,
                36.3434
              ],
              [
                127.4035,
                36.3431
              ],
              [
                127.4038,
                36.3423
              ],
              [
                127.4038,
                36.3422
              ],
              [
                127.4037,
                36.3413
              ],
              [
                127.4037,
                36.3411
              ],
              [
                127.4036,
                36.341
              ],
              [
                127.4035,
                36.3405
              ],
              [
                127.4034,
                36.3399
              ],
              [
                127.4033,
                36.3396
              ],
              [
                127.4032,
                36.3392
              ],
              [
                127.4029,
                36.3386
              ],
              [
                127.4025,
                36.3384
              ],
              [
                127.4018,
                36.3384
              ],
              [
                127.4009,
                36.3377
              ],
              [
                127.4004,
                36.3373
              ],
              [
                127.4,
                36.3369
              ],
              [
                127.4,
                36.3369
              ],
              [
                127.3998,
                36.3364
              ],
              [
                127.3995,
                36.3359
              ],
              [
                127.3991,
                36.3354
              ],
              [
                127.3986,
                36.3348
              ],
              [
                127.3984,
                36.3347
              ],
              [
                127.3981,
                36.3343
              ],
              [
                127.3975,
                36.3347
              ],
              [
                127.3928,
                36.3314
              ],
              [
                127.3926,
                36.3308
              ],
              [
                127.3924,
                36.3305
              ],
              [
                127.392,
                36.3301
              ],
              [
                127.3918,
                36.3298
              ],
              [
                127.3916,
                36.3297
              ],
              [
                127.391,
                36.3295
              ],
              [
                127.3906,
                36.3294
              ],
              [
                127.3901,
                36.329
              ],
              [
                127.39,
                36.329
              ],
              [
                127.3897,
                36.3287
              ],
              [
                127.3895,
                36.3285
              ],
              [
                127.3893,
                36.3282
              ],
              [
                127.3891,
                36.328
              ],
              [
                127.3891,
                36.328
              ],
              [
                127.389,
                36.3278
              ],
              [
                127.3886,
                36.3269
              ],
              [
                127.3882,
                36.3257
              ],
              [
                127.3873,
                36.3227
              ],
              [
                127.3861,
                36.321
              ],
              [
                127.3859,
                36.3206
              ],
              [
                127.3858,
                36.3203
              ],
              [
                127.3857,
                36.3199
              ],
              [
                127.3857,
                36.3199
              ],
              [
                127.3856,
                36.3194
              ],
              [
                127.3855,
                36.3191
              ],
              [
                127.3856,
                36.3184
              ],
              [
                127.3856,
                36.3181
              ],
              [
                127.3859,
                36.3172
              ],
              [
                127.3864,
                36.3156
              ],
              [
                127.3871,
                36.3127
              ],
              [
                127.3846,
                36.3088
              ],
              [
                127.3827,
                36.3069
              ],
              [
                127.3809,
                36.3055
              ],
              [
                127.3802,
                36.305
              ],
              [
                127.3803,
                36.3046
              ],
              [
                127.381,
                36.303
              ],
              [
                127.3814,
                36.3023
              ],
              [
                127.3818,
                36.3015
              ],
              [
                127.3821,
                36.3008
              ],
              [
                127.3822,
                36.2999
              ],
              [
                127.3822,
                36.2994
              ],
              [
                127.3821,
                36.2983
              ],
              [
                127.382,
                36.2978
              ],
              [
                127.382,
                36.2977
              ],
              [
                127.3819,
                36.2975
              ],
              [
                127.3819,
                36.2974
              ],
              [
                127.3807,
                36.2954
              ],
              [
                127.3805,
                36.2952
              ],
              [
                127.3805,
                36.2952
              ],
              [
                127.3801,
                36.2947
              ],
              [
                127.3783,
                36.293
              ],
              [
                127.3759,
                36.293
              ],
              [
                127.3747,
                36.2931
              ],
              [
                127.3733,
                36.2933
              ],
              [
                127.3705,
                36.289
              ],
              [
                127.3706,
                36.2885
              ],
              [
                127.3702,
                36.2872
              ],
              [
                127.37,
                36.2866
              ],
              [
                127.3697,
                36.2863
              ],
              [
                127.369,
                36.2859
              ],
              [
                127.3681,
                36.2859
              ],
              [
                127.368,
                36.2859
              ],
              [
                127.3675,
                36.2849
              ],
              [
                127.3676,
                36.2847
              ],
              [
                127.3693,
                36.2819
              ],
              [
                127.3695,
                36.2817
              ],
              [
                127.3707,
                36.2802
              ],
              [
                127.3715,
                36.2795
              ],
              [
                127.3716,
                36.2787
              ],
              [
                127.3715,
                36.2769
              ],
              [
                127.3714,
                36.2766
              ],
              [
                127.3713,
                36.2763
              ],
              [
                127.372,
                36.2756
              ],
              [
                127.373,
                36.2746
              ],
              [
                127.3725,
                36.2722
              ],
              [
                127.3718,
                36.2702
              ],
              [
                127.3712,
                36.2699
              ],
              [
                127.3699,
                36.2695
              ],
              [
                127.3687,
                36.2692
              ],
              [
                127.3667,
                36.2687
              ],
              [
                127.3647,
                36.2692
              ],
              [
                127.3629,
                36.2691
              ],
              [
                127.3632,
                36.2687
              ],
              [
                127.363,
                36.2679
              ],
              [
                127.3618,
                36.2655
              ],
              [
                127.361,
                36.2645
              ],
              [
                127.3607,
                36.2641
              ],
              [
                127.3602,
                36.2622
              ],
              [
                127.3605,
                36.2609
              ],
              [
                127.3609,
                36.258
              ],
              [
                127.3609,
                36.2579
              ],
              [
                127.3608,
                36.2565
              ],
              [
                127.3608,
                36.2563
              ],
              [
                127.3604,
                36.2552
              ],
              [
                127.3597,
                36.2549
              ],
              [
                127.3596,
                36.2547
              ],
              [
                127.3598,
                36.254
              ],
              [
                127.36,
                36.2538
              ],
              [
                127.3615,
                36.2531
              ],
              [
                127.3642,
                36.2516
              ],
              [
                127.3642,
                36.2499
              ],
              [
                127.3644,
                36.2483
              ],
              [
                127.3651,
                36.2436
              ],
              [
                127.3632,
                36.2386
              ],
              [
                127.3619,
                36.2342
              ],
              [
                127.3623,
                36.2339
              ],
              [
                127.3634,
                36.2323
              ],
              [
                127.362,
                36.2291
              ],
              [
                127.3611,
                36.2276
              ],
              [
                127.3601,
                36.2267
              ],
              [
                127.3602,
                36.2263
              ],
              [
                127.3604,
                36.2255
              ],
              [
                127.3614,
                36.2247
              ],
              [
                127.3618,
                36.2245
              ],
              [
                127.3621,
                36.2243
              ],
              [
                127.363,
                36.2236
              ],
              [
                127.3633,
                36.2234
              ],
              [
                127.3635,
                36.2229
              ],
              [
                127.364,
                36.2217
              ],
              [
                127.3646,
                36.22
              ],
              [
                127.3645,
                36.2198
              ],
              [
                127.3642,
                36.2189
              ],
              [
                127.3635,
                36.2187
              ],
              [
                127.3617,
                36.2184
              ],
              [
                127.3614,
                36.2184
              ],
              [
                127.361,
                36.2185
              ],
              [
                127.3606,
                36.2185
              ],
              [
                127.3604,
                36.2182
              ],
              [
                127.3598,
                36.2167
              ],
              [
                127.3597,
                36.2158
              ],
              [
                127.3594,
                36.2139
              ],
              [
                127.3587,
                36.2138
              ],
              [
                127.3552,
                36.2128
              ],
              [
                127.3548,
                36.2127
              ],
              [
                127.353,
                36.2118
              ],
              [
                127.3495,
                36.208
              ],
              [
                127.3469,
                36.2041
              ],
              [
                127.3467,
                36.2033
              ],
              [
                127.3469,
                36.2022
              ],
              [
                127.3474,
                36.2021
              ],
              [
                127.3475,
                36.2019
              ],
              [
                127.3477,
                36.201
              ],
              [
                127.3479,
                36.1983
              ],
              [
                127.3476,
                36.1976
              ],
              [
                127.3471,
                36.1974
              ],
              [
                127.3457,
                36.1969
              ],
              [
                127.3454,
                36.1968
              ],
              [
                127.3451,
                36.1968
              ],
              [
                127.344,
                36.1967
              ],
              [
                127.3421,
                36.1934
              ],
              [
                127.3417,
                36.1925
              ],
              [
                127.3404,
                36.1889
              ],
              [
                127.3355,
                36.1834
              ],
              [
                127.3343,
                36.1831
              ],
              [
                127.334,
                36.1831
              ],
              [
                127.334,
                36.1831
              ],
              [
                127.3327,
                36.1835
              ],
              [
                127.3321,
                36.1838
              ],
              [
                127.3317,
                36.1841
              ],
              [
                127.3319,
                36.1846
              ],
              [
                127.3319,
                36.1847
              ],
              [
                127.332,
                36.1864
              ],
              [
                127.332,
                36.188
              ],
              [
                127.3317,
                36.1927
              ],
              [
                127.3316,
                36.193
              ],
              [
                127.3309,
                36.1935
              ],
              [
                127.3302,
                36.1937
              ],
              [
                127.33,
                36.1939
              ],
              [
                127.3298,
                36.1942
              ],
              [
                127.3309,
                36.1957
              ],
              [
                127.3321,
                36.1974
              ],
              [
                127.3336,
                36.1998
              ],
              [
                127.3336,
                36.2007
              ],
              [
                127.3281,
                36.2041
              ],
              [
                127.3281,
                36.2041
              ],
              [
                127.3246,
                36.2034
              ],
              [
                127.3239,
                36.2032
              ],
              [
                127.323,
                36.2037
              ],
              [
                127.3228,
                36.2042
              ],
              [
                127.323,
                36.2048
              ],
              [
                127.3231,
                36.205
              ],
              [
                127.3232,
                36.2053
              ],
              [
                127.3231,
                36.2058
              ],
              [
                127.3228,
                36.2064
              ],
              [
                127.3219,
                36.208
              ],
              [
                127.3214,
                36.2085
              ],
              [
                127.3209,
                36.2089
              ],
              [
                127.3211,
                36.2111
              ],
              [
                127.3216,
                36.2129
              ],
              [
                127.3215,
                36.2134
              ],
              [
                127.321,
                36.2142
              ],
              [
                127.3196,
                36.2154
              ],
              [
                127.3188,
                36.2156
              ],
              [
                127.3188,
                36.2156
              ],
              [
                127.3186,
                36.2156
              ],
              [
                127.3181,
                36.2159
              ],
              [
                127.3168,
                36.2183
              ],
              [
                127.3164,
                36.2195
              ],
              [
                127.3156,
                36.2208
              ],
              [
                127.3153,
                36.2213
              ],
              [
                127.3152,
                36.2214
              ],
              [
                127.3143,
                36.2221
              ],
              [
                127.3124,
                36.2229
              ],
              [
                127.3113,
                36.2233
              ],
              [
                127.3082,
                36.225
              ],
              [
                127.3075,
                36.2255
              ],
              [
                127.3064,
                36.2262
              ],
              [
                127.3057,
                36.2273
              ],
              [
                127.3043,
                36.2296
              ],
              [
                127.3036,
                36.2297
              ],
              [
                127.3036,
                36.2297
              ],
              [
                127.3033,
                36.2291
              ],
              [
                127.3028,
                36.2272
              ],
              [
                127.3029,
                36.2265
              ],
              [
                127.3033,
                36.225
              ],
              [
                127.3036,
                36.2244
              ],
              [
                127.3037,
                36.2238
              ],
              [
                127.3037,
                36.2232
              ],
              [
                127.3032,
                36.2226
              ],
              [
                127.303,
                36.2224
              ],
              [
                127.3028,
                36.2222
              ],
              [
                127.3026,
                36.2219
              ],
              [
                127.3019,
                36.2216
              ],
              [
                127.3016,
                36.2215
              ],
              [
                127.3011,
                36.2214
              ],
              [
                127.2989,
                36.2213
              ],
              [
                127.2983,
                36.2213
              ],
              [
                127.2973,
                36.2215
              ],
              [
                127.2938,
                36.2231
              ],
              [
                127.2926,
                36.226
              ],
              [
                127.2931,
                36.2282
              ],
              [
                127.2931,
                36.2284
              ],
              [
                127.2931,
                36.2284
              ],
              [
                127.293,
                36.2289
              ],
              [
                127.293,
                36.229
              ],
              [
                127.2923,
                36.2298
              ],
              [
                127.2863,
                36.2346
              ],
              [
                127.2842,
                36.235
              ],
              [
                127.284,
                36.235
              ],
              [
                127.2832,
                36.2353
              ],
              [
                127.2819,
                36.2357
              ],
              [
                127.2818,
                36.2358
              ],
              [
                127.2818,
                36.2359
              ],
              [
                127.2818,
                36.2359
              ],
              [
                127.2827,
                36.2365
              ],
              [
                127.2831,
                36.237
              ],
              [
                127.2828,
                36.2389
              ],
              [
                127.2818,
                36.2414
              ],
              [
                127.2807,
                36.2431
              ],
              [
                127.2803,
                36.2443
              ],
              [
                127.2814,
                36.2456
              ],
              [
                127.2809,
                36.2467
              ],
              [
                127.281,
                36.2485
              ],
              [
                127.2794,
                36.2524
              ],
              [
                127.2812,
                36.2543
              ],
              [
                127.2816,
                36.2547
              ],
              [
                127.2819,
                36.255
              ],
              [
                127.2824,
                36.2558
              ],
              [
                127.2825,
                36.2565
              ],
              [
                127.2825,
                36.2567
              ],
              [
                127.2823,
                36.257
              ],
              [
                127.2822,
                36.2573
              ],
              [
                127.2822,
                36.2577
              ],
              [
                127.2823,
                36.258
              ],
              [
                127.2824,
                36.2582
              ],
              [
                127.2824,
                36.2583
              ],
              [
                127.2825,
                36.2583
              ],
              [
                127.2826,
                36.2585
              ],
              [
                127.283,
                36.2588
              ],
              [
                127.2832,
                36.259
              ],
              [
                127.2833,
                36.2591
              ],
              [
                127.2845,
                36.2598
              ],
              [
                127.2848,
                36.26
              ],
              [
                127.2866,
                36.2608
              ],
              [
                127.2892,
                36.262
              ],
              [
                127.2898,
                36.2622
              ],
              [
                127.2901,
                36.2624
              ],
              [
                127.2913,
                36.2632
              ],
              [
                127.2919,
                36.2636
              ],
              [
                127.2919,
                36.2642
              ],
              [
                127.294,
                36.2657
              ],
              [
                127.2957,
                36.2674
              ],
              [
                127.2957,
                36.2675
              ],
              [
                127.2989,
                36.2694
              ],
              [
                127.3008,
                36.2703
              ],
              [
                127.3015,
                36.2705
              ],
              [
                127.302,
                36.2705
              ],
              [
                127.3025,
                36.2706
              ],
              [
                127.3029,
                36.2707
              ],
              [
                127.3082,
                36.2722
              ],
              [
                127.31,
                36.273
              ],
              [
                127.3103,
                36.2778
              ],
              [
                127.311,
                36.282
              ],
              [
                127.3113,
                36.2825
              ],
              [
                127.3122,
                36.2825
              ],
              [
                127.3124,
                36.2825
              ],
              [
                127.3136,
                36.2825
              ],
              [
                127.3141,
                36.2843
              ],
              [
                127.3144,
                36.2853
              ],
              [
                127.3162,
                36.2857
              ],
              [
                127.3165,
                36.2857
              ],
              [
                127.3167,
                36.2857
              ],
              [
                127.3173,
                36.2858
              ],
              [
                127.3177,
                36.286
              ],
              [
                127.3178,
                36.286
              ],
              [
                127.3182,
                36.2863
              ],
              [
                127.319,
                36.2868
              ],
              [
                127.3192,
                36.287
              ],
              [
                127.3199,
                36.288
              ],
              [
                127.3199,
                36.2883
              ],
              [
                127.32,
                36.2884
              ],
              [
                127.32,
                36.2886
              ],
              [
                127.32,
                36.2888
              ],
              [
                127.32,
                36.289
              ],
              [
                127.3201,
                36.2892
              ],
              [
                127.3201,
                36.2894
              ],
              [
                127.3201,
                36.2897
              ],
              [
                127.3201,
                36.2899
              ],
              [
                127.32,
                36.2901
              ],
              [
                127.32,
                36.2905
              ],
              [
                127.32,
                36.2908
              ],
              [
                127.32,
                36.2909
              ],
              [
                127.32,
                36.2911
              ],
              [
                127.32,
                36.2913
              ],
              [
                127.32,
                36.2915
              ],
              [
                127.32,
                36.2918
              ],
              [
                127.3201,
                36.2919
              ],
              [
                127.3204,
                36.293
              ],
              [
                127.3207,
                36.2939
              ],
              [
                127.3209,
                36.2944
              ],
              [
                127.322,
                36.2968
              ],
              [
                127.3221,
                36.2971
              ],
              [
                127.3222,
                36.2972
              ],
              [
                127.3223,
                36.2973
              ],
              [
                127.3225,
                36.2975
              ],
              [
                127.3238,
                36.2989
              ],
              [
                127.3239,
                36.299
              ],
              [
                127.324,
                36.2991
              ],
              [
                127.324,
                36.2991
              ],
              [
                127.3242,
                36.2993
              ],
              [
                127.3245,
                36.2994
              ],
              [
                127.3247,
                36.2996
              ],
              [
                127.3251,
                36.2997
              ],
              [
                127.3263,
                36.3002
              ],
              [
                127.3277,
                36.3007
              ],
              [
                127.3293,
                36.3012
              ],
              [
                127.3294,
                36.3012
              ],
              [
                127.3303,
                36.3015
              ],
              [
                127.3306,
                36.3016
              ],
              [
                127.3325,
                36.3018
              ],
              [
                127.3325,
                36.3046
              ],
              [
                127.3325,
                36.3049
              ],
              [
                127.3326,
                36.3079
              ],
              [
                127.3334,
                36.309
              ],
              [
                127.3339,
                36.3094
              ],
              [
                127.3353,
                36.3108
              ],
              [
                127.3362,
                36.312
              ],
              [
                127.3375,
                36.3135
              ],
              [
                127.3377,
                36.3135
              ],
              [
                127.339,
                36.3132
              ],
              [
                127.3392,
                36.3141
              ],
              [
                127.3397,
                36.3177
              ],
              [
                127.3385,
                36.3178
              ],
              [
                127.3377,
                36.3192
              ],
              [
                127.3368,
                36.322
              ],
              [
                127.3368,
                36.3221
              ],
              [
                127.3366,
                36.3227
              ],
              [
                127.3359,
                36.3274
              ],
              [
                127.3359,
                36.3274
              ],
              [
                127.3359,
                36.3301
              ],
              [
                127.337,
                36.3301
              ],
              [
                127.3381,
                36.3301
              ],
              [
                127.3381,
                36.3311
              ],
              [
                127.3381,
                36.332
              ],
              [
                127.3381,
                36.3322
              ],
              [
                127.3485,
                36.3322
              ],
              [
                127.3527,
                36.3322
              ],
              [
                127.3538,
                36.3323
              ],
              [
                127.3541,
                36.3331
              ],
              [
                127.3541,
                36.3331
              ],
              [
                127.3541,
                36.3331
              ],
              [
                127.3544,
                36.3339
              ],
              [
                127.3544,
                36.3342
              ],
              [
                127.3544,
                36.3342
              ],
              [
                127.3545,
                36.3345
              ],
              [
                127.3546,
                36.335
              ],
              [
                127.3544,
                36.3354
              ],
              [
                127.3523,
                36.3412
              ],
              [
                127.3497,
                36.3477
              ],
              [
                127.3491,
                36.3497
              ],
              [
                127.3492,
                36.3502
              ],
              [
                127.3493,
                36.3508
              ],
              [
                127.3494,
                36.3512
              ],
              [
                127.3498,
                36.3521
              ],
              [
                127.35,
                36.3526
              ],
              [
                127.3503,
                36.353
              ],
              [
                127.3507,
                36.3534
              ],
              [
                127.351,
                36.3536
              ],
              [
                127.3527,
                36.3543
              ],
              [
                127.3531,
                36.3543
              ],
              [
                127.3537,
                36.3543
              ],
              [
                127.3537,
                36.3543
              ],
              [
                127.3538,
                36.3543
              ],
              [
                127.3538,
                36.3543
              ],
              [
                127.3538,
                36.3543
              ],
              [
                127.3539,
                36.3543
              ],
              [
                127.3539,
                36.3543
              ],
              [
                127.3558,
                36.3556
              ],
              [
                127.3581,
                36.3571
              ],
              [
                127.3588,
                36.3592
              ],
              [
                127.3628,
                36.3634
              ],
              [
                127.366,
                36.3643
              ],
              [
                127.367,
                36.3649
              ],
              [
                127.3673,
                36.3651
              ],
              [
                127.3676,
                36.3654
              ],
              [
                127.3679,
                36.3658
              ],
              [
                127.368,
                36.3659
              ],
              [
                127.3685,
                36.3667
              ],
              [
                127.3686,
                36.3668
              ],
              [
                127.3687,
                36.3671
              ],
              [
                127.369,
                36.3677
              ],
              [
                127.3693,
                36.3682
              ],
              [
                127.3697,
                36.3686
              ],
              [
                127.37,
                36.3688
              ],
              [
                127.3702,
                36.369
              ],
              [
                127.3747,
                36.3715
              ],
              [
                127.3754,
                36.3717
              ],
              [
                127.3754,
                36.3717
              ],
              [
                127.3759,
                36.3718
              ],
              [
                127.3764,
                36.3719
              ],
              [
                127.3771,
                36.372
              ],
              [
                127.3778,
                36.372
              ],
              [
                127.3778,
                36.372
              ],
              [
                127.3781,
                36.372
              ],
              [
                127.3785,
                36.372
              ],
              [
                127.379,
                36.372
              ],
              [
                127.3801,
                36.3715
              ],
              [
                127.3889,
                36.3712
              ]
            ]
          ]
        ]
      },
      "properties": {
        "name": "서구",
        "base_year": "2018",
        "name_eng": "Seo-gu",
        "code": "25030"
      }
    },
    {
      "type": "Feature",
      "geometry": {
        "type": "MultiPolygon",
        "coordinates": [
          [
            [
              [
                127.3989,
                36.4891
              ],
              [
                127.403,
                36.4855
              ],
              [
                127.4038,
                36.4826
              ],
              [
                127.404,
                36.4818
              ],
              [
                127.4041,
                36.4811
              ],
              [
                127.4042,
                36.481
              ],
              [
                127.4042,
                36.4798
              ],
              [
                127.4042,
                36.4775
              ],
              [
                127.4042,
                36.4772
              ],
              [
                127.4042,
                36.4766
              ],
              [
                127.4042,
                36.4766
              ],
              [
                127.4034,
                36.4751
              ],
              [
                127.4033,
                36.4749
              ],
              [
                127.4033,
                36.4748
              ],
              [
                127.4028,
                36.4739
              ],
              [
                127.4027,
                36.4737
              ],
              [
                127.4026,
                36.4735
              ],
              [
                127.4023,
                36.4728
              ],
              [
                127.402,
                36.4723
              ],
              [
                127.4016,
                36.4703
              ],
              [
                127.4015,
                36.4695
              ],
              [
                127.401,
                36.4673
              ],
              [
                127.4012,
                36.4667
              ],
              [
                127.4013,
                36.4663
              ],
              [
                127.4014,
                36.4659
              ],
              [
                127.4014,
                36.4655
              ],
              [
                127.4014,
                36.4627
              ],
              [
                127.3997,
                36.4618
              ],
              [
                127.3999,
                36.4589
              ],
              [
                127.4014,
                36.4567
              ],
              [
                127.4019,
                36.4562
              ],
              [
                127.4021,
                36.456
              ],
              [
                127.4005,
                36.4546
              ],
              [
                127.3986,
                36.4528
              ],
              [
                127.3984,
                36.4526
              ],
              [
                127.3982,
                36.4524
              ],
              [
                127.3981,
                36.4523
              ],
              [
                127.3969,
                36.4511
              ],
              [
                127.3968,
                36.4511
              ],
              [
                127.3962,
                36.4511
              ],
              [
                127.396,
                36.4511
              ],
              [
                127.3958,
                36.451
              ],
              [
                127.3957,
                36.451
              ],
              [
                127.3952,
                36.4509
              ],
              [
                127.3946,
                36.4508
              ],
              [
                127.394,
                36.4506
              ],
              [
                127.3935,
                36.4504
              ],
              [
                127.3933,
                36.4502
              ],
              [
                127.3928,
                36.4498
              ],
              [
                127.3927,
                36.4497
              ],
              [
                127.3922,
                36.4493
              ],
              [
                127.392,
                36.4491
              ],
              [
                127.392,
                36.449
              ],
              [
                127.3918,
                36.4487
              ],
              [
                127.3896,
                36.4454
              ],
              [
                127.3895,
                36.4452
              ],
              [
                127.3895,
                36.4451
              ],
              [
                127.3894,
                36.4449
              ],
              [
                127.3894,
                36.4444
              ],
              [
                127.3893,
                36.4441
              ],
              [
                127.3893,
                36.4428
              ],
              [
                127.3894,
                36.4426
              ],
              [
                127.3894,
                36.442
              ],
              [
                127.3895,
                36.4419
              ],
              [
                127.3905,
                36.4398
              ],
              [
                127.3906,
                36.4397
              ],
              [
                127.3912,
                36.4388
              ],
              [
                127.3912,
                36.4388
              ],
              [
                127.3914,
                36.4387
              ],
              [
                127.3939,
                36.4374
              ],
              [
                127.3944,
                36.4375
              ],
              [
                127.3944,
                36.437
              ],
              [
                127.3946,
                36.4366
              ],
              [
                127.3948,
                36.4362
              ],
              [
                127.3951,
                36.4359
              ],
              [
                127.3957,
                36.4352
              ],
              [
                127.3961,
                36.4348
              ],
              [
                127.4027,
                36.4292
              ],
              [
                127.4075,
                36.4265
              ],
              [
                127.4115,
                36.4246
              ],
              [
                127.4133,
                36.4238
              ],
              [
                127.4147,
                36.4223
              ],
              [
                127.4148,
                36.4222
              ],
              [
                127.4149,
                36.422
              ],
              [
                127.4152,
                36.4217
              ],
              [
                127.417,
                36.4195
              ],
              [
                127.4172,
                36.4192
              ],
              [
                127.4175,
                36.4188
              ],
              [
                127.4183,
                36.4175
              ],
              [
                127.419,
                36.4162
              ],
              [
                127.4193,
                36.4159
              ],
              [
                127.4196,
                36.4155
              ],
              [
                127.4197,
                36.4153
              ],
              [
                127.4201,
                36.4142
              ],
              [
                127.4203,
                36.4137
              ],
              [
                127.4203,
                36.4133
              ],
              [
                127.4203,
                36.4127
              ],
              [
                127.42,
                36.412
              ],
              [
                127.4199,
                36.4118
              ],
              [
                127.4198,
                36.4117
              ],
              [
                127.4196,
                36.4113
              ],
              [
                127.4187,
                36.4097
              ],
              [
                127.418,
                36.4086
              ],
              [
                127.4175,
                36.4078
              ],
              [
                127.4174,
                36.4076
              ],
              [
                127.4176,
                36.4075
              ],
              [
                127.4175,
                36.4074
              ],
              [
                127.4175,
                36.4074
              ],
              [
                127.4174,
                36.4072
              ],
              [
                127.4169,
                36.4065
              ],
              [
                127.4165,
                36.4062
              ],
              [
                127.416,
                36.406
              ],
              [
                127.4157,
                36.4058
              ],
              [
                127.4157,
                36.4058
              ],
              [
                127.4156,
                36.4057
              ],
              [
                127.4156,
                36.4057
              ],
              [
                127.4155,
                36.4056
              ],
              [
                127.4153,
                36.4055
              ],
              [
                127.4153,
                36.4055
              ],
              [
                127.4153,
                36.4054
              ],
              [
                127.4145,
                36.4043
              ],
              [
                127.4138,
                36.4033
              ],
              [
                127.4137,
                36.4031
              ],
              [
                127.4137,
                36.403
              ],
              [
                127.4136,
                36.4029
              ],
              [
                127.4136,
                36.4026
              ],
              [
                127.4135,
                36.402
              ],
              [
                127.4126,
                36.3974
              ],
              [
                127.4117,
                36.3958
              ],
              [
                127.4115,
                36.3946
              ],
              [
                127.4112,
                36.392
              ],
              [
                127.4112,
                36.3917
              ],
              [
                127.4112,
                36.3915
              ],
              [
                127.4112,
                36.3915
              ],
              [
                127.4112,
                36.3911
              ],
              [
                127.4112,
                36.3905
              ],
              [
                127.4112,
                36.39
              ],
              [
                127.4112,
                36.3899
              ],
              [
                127.4114,
                36.3892
              ],
              [
                127.4114,
                36.3888
              ],
              [
                127.4116,
                36.3878
              ],
              [
                127.4117,
                36.3876
              ],
              [
                127.4117,
                36.3874
              ],
              [
                127.4118,
                36.3853
              ],
              [
                127.4118,
                36.3822
              ],
              [
                127.4118,
                36.3818
              ],
              [
                127.4116,
                36.3813
              ],
              [
                127.4115,
                36.381
              ],
              [
                127.4112,
                36.3804
              ],
              [
                127.4112,
                36.3804
              ],
              [
                127.4111,
                36.3802
              ],
              [
                127.4099,
                36.3786
              ],
              [
                127.4085,
                36.3777
              ],
              [
                127.4076,
                36.377
              ],
              [
                127.4071,
                36.3769
              ],
              [
                127.4064,
                36.3766
              ],
              [
                127.4051,
                36.3762
              ],
              [
                127.405,
                36.3763
              ],
              [
                127.4048,
                36.3762
              ],
              [
                127.4026,
                36.3756
              ],
              [
                127.4014,
                36.3753
              ],
              [
                127.4013,
                36.3752
              ],
              [
                127.4009,
                36.375
              ],
              [
                127.4009,
                36.375
              ],
              [
                127.401,
                36.3749
              ],
              [
                127.4,
                36.3745
              ],
              [
                127.3999,
                36.3745
              ],
              [
                127.3997,
                36.3744
              ],
              [
                127.3993,
                36.3743
              ],
              [
                127.3989,
                36.3741
              ],
              [
                127.398,
                36.3738
              ],
              [
                127.3975,
                36.3737
              ],
              [
                127.3971,
                36.3736
              ],
              [
                127.3966,
                36.3736
              ],
              [
                127.3964,
                36.3736
              ],
              [
                127.3932,
                36.373
              ],
              [
                127.393,
                36.3726
              ],
              [
                127.3929,
                36.3722
              ],
              [
                127.393,
                36.3717
              ],
              [
                127.3931,
                36.3713
              ],
              [
                127.3931,
                36.3713
              ],
              [
                127.3899,
                36.3711
              ],
              [
                127.3889,
                36.3712
              ],
              [
                127.3801,
                36.3715
              ],
              [
                127.379,
                36.372
              ],
              [
                127.3785,
                36.372
              ],
              [
                127.3781,
                36.372
              ],
              [
                127.3778,
                36.372
              ],
              [
                127.3778,
                36.372
              ],
              [
                127.3771,
                36.372
              ],
              [
                127.3764,
                36.3719
              ],
              [
                127.3759,
                36.3718
              ],
              [
                127.3754,
                36.3717
              ],
              [
                127.3754,
                36.3717
              ],
              [
                127.3747,
                36.3715
              ],
              [
                127.3702,
                36.369
              ],
              [
                127.37,
                36.3688
              ],
              [
                127.3697,
                36.3686
              ],
              [
                127.3693,
                36.3682
              ],
              [
                127.369,
                36.3677
              ],
              [
                127.3687,
                36.3671
              ],
              [
                127.3686,
                36.3668
              ],
              [
                127.3685,
                36.3667
              ],
              [
                127.368,
                36.3659
              ],
              [
                127.3679,
                36.3658
              ],
              [
                127.3676,
                36.3654
              ],
              [
                127.3673,
                36.3651
              ],
              [
                127.367,
                36.3649
              ],
              [
                127.366,
                36.3643
              ],
              [
                127.3628,
                36.3634
              ],
              [
                127.3588,
                36.3592
              ],
              [
                127.3581,
                36.3571
              ],
              [
                127.3558,
                36.3556
              ],
              [
                127.3539,
                36.3543
              ],
              [
                127.3539,
                36.3543
              ],
              [
                127.3538,
                36.3543
              ],
              [
                127.3538,
                36.3543
              ],
              [
                127.3538,
                36.3543
              ],
              [
                127.3537,
                36.3543
              ],
              [
                127.3537,
                36.3543
              ],
              [
                127.3531,
                36.3543
              ],
              [
                127.3527,
                36.3543
              ],
              [
                127.351,
                36.3536
              ],
              [
                127.3507,
                36.3534
              ],
              [
                127.3503,
                36.353
              ],
              [
                127.35,
                36.3526
              ],
              [
                127.3498,
                36.3521
              ],
              [
                127.3494,
                36.3512
              ],
              [
                127.3493,
                36.3508
              ],
              [
                127.3492,
                36.3502
              ],
              [
                127.3491,
                36.3497
              ],
              [
                127.3497,
                36.3477
              ],
              [
                127.3523,
                36.3412
              ],
              [
                127.3544,
                36.3354
              ],
              [
                127.3546,
                36.335
              ],
              [
                127.3545,
                36.3345
              ],
              [
                127.3544,
                36.3342
              ],
              [
                127.3544,
                36.3342
              ],
              [
                127.3544,
                36.3339
              ],
              [
                127.3541,
                36.3331
              ],
              [
                127.3541,
                36.3331
              ],
              [
                127.3541,
                36.3331
              ],
              [
                127.3538,
                36.3323
              ],
              [
                127.3527,
                36.3322
              ],
              [
                127.3485,
                36.3322
              ],
              [
                127.3381,
                36.3322
              ],
              [
                127.3381,
                36.332
              ],
              [
                127.3381,
                36.3311
              ],
              [
                127.3381,
                36.3301
              ],
              [
                127.337,
                36.3301
              ],
              [
                127.3359,
                36.3301
              ],
              [
                127.3359,
                36.3274
              ],
              [
                127.3359,
                36.3274
              ],
              [
                127.3366,
                36.3227
              ],
              [
                127.3368,
                36.3221
              ],
              [
                127.3368,
                36.322
              ],
              [
                127.3377,
                36.3192
              ],
              [
                127.3385,
                36.3178
              ],
              [
                127.3397,
                36.3177
              ],
              [
                127.3392,
                36.3141
              ],
              [
                127.339,
                36.3132
              ],
              [
                127.3377,
                36.3135
              ],
              [
                127.3375,
                36.3135
              ],
              [
                127.3362,
                36.312
              ],
              [
                127.3353,
                36.3108
              ],
              [
                127.3339,
                36.3094
              ],
              [
                127.3334,
                36.309
              ],
              [
                127.3326,
                36.3079
              ],
              [
                127.3325,
                36.3049
              ],
              [
                127.3325,
                36.3046
              ],
              [
                127.3325,
                36.3018
              ],
              [
                127.3306,
                36.3016
              ],
              [
                127.3303,
                36.3015
              ],
              [
                127.3294,
                36.3012
              ],
              [
                127.3293,
                36.3012
              ],
              [
                127.3277,
                36.3007
              ],
              [
                127.3263,
                36.3002
              ],
              [
                127.3251,
                36.2997
              ],
              [
                127.3247,
                36.2996
              ],
              [
                127.3245,
                36.2994
              ],
              [
                127.3242,
                36.2993
              ],
              [
                127.324,
                36.2991
              ],
              [
                127.324,
                36.2991
              ],
              [
                127.3239,
                36.299
              ],
              [
                127.3238,
                36.2989
              ],
              [
                127.3225,
                36.2975
              ],
              [
                127.3223,
                36.2973
              ],
              [
                127.3222,
                36.2972
              ],
              [
                127.3221,
                36.2971
              ],
              [
                127.322,
                36.2968
              ],
              [
                127.3209,
                36.2944
              ],
              [
                127.3207,
                36.2939
              ],
              [
                127.3204,
                36.293
              ],
              [
                127.3201,
                36.2919
              ],
              [
                127.32,
                36.2918
              ],
              [
                127.32,
                36.2915
              ],
              [
                127.32,
                36.2913
              ],
              [
                127.32,
                36.2911
              ],
              [
                127.32,
                36.2909
              ],
              [
                127.32,
                36.2908
              ],
              [
                127.32,
                36.2905
              ],
              [
                127.32,
                36.2901
              ],
              [
                127.3201,
                36.2899
              ],
              [
                127.3201,
                36.2897
              ],
              [
                127.3201,
                36.2894
              ],
              [
                127.3201,
                36.2892
              ],
              [
                127.32,
                36.289
              ],
              [
                127.32,
                36.2888
              ],
              [
                127.32,
                36.2886
              ],
              [
                127.32,
                36.2884
              ],
              [
                127.3199,
                36.2883
              ],
              [
                127.3199,
                36.288
              ],
              [
                127.3192,
                36.287
              ],
              [
                127.319,
                36.2868
              ],
              [
                127.3182,
                36.2863
              ],
              [
                127.3178,
                36.286
              ],
              [
                127.3177,
                36.286
              ],
              [
                127.3173,
                36.2858
              ],
              [
                127.3167,
                36.2857
              ],
              [
                127.3165,
                36.2857
              ],
              [
                127.3162,
                36.2857
              ],
              [
                127.3144,
                36.2853
              ],
              [
                127.3141,
                36.2843
              ],
              [
                127.3136,
                36.2825
              ],
              [
                127.3124,
                36.2825
              ],
              [
                127.3122,
                36.2825
              ],
              [
                127.3113,
                36.2825
              ],
              [
                127.311,
                36.282
              ],
              [
                127.3103,
                36.2778
              ],
              [
                127.31,
                36.273
              ],
              [
                127.3082,
                36.2722
              ],
              [
                127.3029,
                36.2707
              ],
              [
                127.3025,
                36.2706
              ],
              [
                127.302,
                36.2705
              ],
              [
                127.3015,
                36.2705
              ],
              [
                127.3008,
                36.2703
              ],
              [
                127.2989,
                36.2694
              ],
              [
                127.2957,
                36.2675
              ],
              [
                127.2957,
                36.2674
              ],
              [
                127.294,
                36.2657
              ],
              [
                127.2919,
                36.2642
              ],
              [
                127.2918,
                36.2647
              ],
              [
                127.2918,
                36.2647
              ],
              [
                127.2915,
                36.265
              ],
              [
                127.2911,
                36.2654
              ],
              [
                127.2907,
                36.2657
              ],
              [
                127.2906,
                36.2657
              ],
              [
                127.2906,
                36.2657
              ],
              [
                127.2905,
                36.2658
              ],
              [
                127.2904,
                36.2658
              ],
              [
                127.2902,
                36.2659
              ],
              [
                127.2901,
                36.2659
              ],
              [
                127.2901,
                36.2659
              ],
              [
                127.2898,
                36.2659
              ],
              [
                127.2892,
                36.2658
              ],
              [
                127.2883,
                36.2656
              ],
              [
                127.2878,
                36.2655
              ],
              [
                127.2875,
                36.2654
              ],
              [
                127.2874,
                36.2653
              ],
              [
                127.2871,
                36.2652
              ],
              [
                127.2869,
                36.2651
              ],
              [
                127.2865,
                36.265
              ],
              [
                127.286,
                36.2648
              ],
              [
                127.2859,
                36.2648
              ],
              [
                127.2854,
                36.2648
              ],
              [
                127.2854,
                36.2648
              ],
              [
                127.2848,
                36.2648
              ],
              [
                127.2841,
                36.2648
              ],
              [
                127.2835,
                36.2648
              ],
              [
                127.283,
                36.2648
              ],
              [
                127.2826,
                36.2649
              ],
              [
                127.2826,
                36.2649
              ],
              [
                127.2822,
                36.2649
              ],
              [
                127.2821,
                36.2649
              ],
              [
                127.2812,
                36.2652
              ],
              [
                127.2801,
                36.2657
              ],
              [
                127.2799,
                36.2658
              ],
              [
                127.2796,
                36.2659
              ],
              [
                127.2745,
                36.2688
              ],
              [
                127.2711,
                36.2705
              ],
              [
                127.2698,
                36.2711
              ],
              [
                127.2694,
                36.2714
              ],
              [
                127.2679,
                36.2724
              ],
              [
                127.2674,
                36.2728
              ],
              [
                127.2671,
                36.2731
              ],
              [
                127.2668,
                36.2734
              ],
              [
                127.2658,
                36.2741
              ],
              [
                127.2654,
                36.2744
              ],
              [
                127.2648,
                36.2746
              ],
              [
                127.2632,
                36.2752
              ],
              [
                127.2623,
                36.2754
              ],
              [
                127.2617,
                36.2755
              ],
              [
                127.26,
                36.2758
              ],
              [
                127.2591,
                36.276
              ],
              [
                127.2588,
                36.2761
              ],
              [
                127.2579,
                36.2767
              ],
              [
                127.2575,
                36.277
              ],
              [
                127.2564,
                36.2782
              ],
              [
                127.2559,
                36.2786
              ],
              [
                127.2542,
                36.2805
              ],
              [
                127.2542,
                36.2805
              ],
              [
                127.2542,
                36.2805
              ],
              [
                127.2542,
                36.2811
              ],
              [
                127.2538,
                36.2821
              ],
              [
                127.2536,
                36.2824
              ],
              [
                127.2506,
                36.2857
              ],
              [
                127.2483,
                36.2889
              ],
              [
                127.2467,
                36.291
              ],
              [
                127.2477,
                36.2914
              ],
              [
                127.2497,
                36.2932
              ],
              [
                127.2501,
                36.2939
              ],
              [
                127.2502,
                36.294
              ],
              [
                127.2502,
                36.2943
              ],
              [
                127.2502,
                36.2943
              ],
              [
                127.2512,
                36.2957
              ],
              [
                127.2541,
                36.2969
              ],
              [
                127.2543,
                36.2967
              ],
              [
                127.2546,
                36.2964
              ],
              [
                127.2546,
                36.2963
              ],
              [
                127.2547,
                36.2962
              ],
              [
                127.2575,
                36.2956
              ],
              [
                127.2581,
                36.2956
              ],
              [
                127.2589,
                36.2956
              ],
              [
                127.2594,
                36.2956
              ],
              [
                127.2598,
                36.2957
              ],
              [
                127.2594,
                36.2962
              ],
              [
                127.2593,
                36.2971
              ],
              [
                127.2605,
                36.3015
              ],
              [
                127.2607,
                36.3019
              ],
              [
                127.2595,
                36.3031
              ],
              [
                127.2584,
                36.3035
              ],
              [
                127.2584,
                36.3041
              ],
              [
                127.2584,
                36.3068
              ],
              [
                127.2586,
                36.3092
              ],
              [
                127.2586,
                36.3092
              ],
              [
                127.258,
                36.3099
              ],
              [
                127.2582,
                36.3148
              ],
              [
                127.2584,
                36.3176
              ],
              [
                127.2587,
                36.3181
              ],
              [
                127.2591,
                36.3188
              ],
              [
                127.2595,
                36.3193
              ],
              [
                127.2595,
                36.3193
              ],
              [
                127.2597,
                36.3194
              ],
              [
                127.2601,
                36.3195
              ],
              [
                127.2604,
                36.3202
              ],
              [
                127.2608,
                36.3217
              ],
              [
                127.2608,
                36.3232
              ],
              [
                127.2607,
                36.3238
              ],
              [
                127.2605,
                36.3245
              ],
              [
                127.2598,
                36.3272
              ],
              [
                127.2599,
                36.3272
              ],
              [
                127.2609,
                36.3271
              ],
              [
                127.263,
                36.3273
              ],
              [
                127.265,
                36.328
              ],
              [
                127.2661,
                36.3285
              ],
              [
                127.2661,
                36.3286
              ],
              [
                127.266,
                36.3291
              ],
              [
                127.2662,
                36.3296
              ],
              [
                127.2677,
                36.3313
              ],
              [
                127.268,
                36.3314
              ],
              [
                127.2681,
                36.3314
              ],
              [
                127.2679,
                36.3322
              ],
              [
                127.2678,
                36.3322
              ],
              [
                127.2667,
                36.3346
              ],
              [
                127.2664,
                36.3352
              ],
              [
                127.2656,
                36.3358
              ],
              [
                127.2654,
                36.3372
              ],
              [
                127.2656,
                36.3376
              ],
              [
                127.2657,
                36.338
              ],
              [
                127.2686,
                36.341
              ],
              [
                127.2724,
                36.343
              ],
              [
                127.2757,
                36.3439
              ],
              [
                127.2785,
                36.3445
              ],
              [
                127.2788,
                36.3447
              ],
              [
                127.2791,
                36.3448
              ],
              [
                127.2786,
                36.3453
              ],
              [
                127.2781,
                36.3459
              ],
              [
                127.2775,
                36.3471
              ],
              [
                127.2775,
                36.3475
              ],
              [
                127.2777,
                36.3484
              ],
              [
                127.2779,
                36.349
              ],
              [
                127.2771,
                36.35
              ],
              [
                127.2765,
                36.3507
              ],
              [
                127.2761,
                36.3511
              ],
              [
                127.2749,
                36.3521
              ],
              [
                127.2733,
                36.3533
              ],
              [
                127.2731,
                36.3535
              ],
              [
                127.273,
                36.3536
              ],
              [
                127.2724,
                36.3541
              ],
              [
                127.2711,
                36.3574
              ],
              [
                127.2708,
                36.3587
              ],
              [
                127.2706,
                36.3609
              ],
              [
                127.2706,
                36.3609
              ],
              [
                127.2707,
                36.3611
              ],
              [
                127.2707,
                36.3612
              ],
              [
                127.2723,
                36.3626
              ],
              [
                127.2743,
                36.3634
              ],
              [
                127.2756,
                36.3639
              ],
              [
                127.276,
                36.3641
              ],
              [
                127.2767,
                36.3645
              ],
              [
                127.2776,
                36.3653
              ],
              [
                127.2777,
                36.3653
              ],
              [
                127.2774,
                36.3687
              ],
              [
                127.2794,
                36.3713
              ],
              [
                127.281,
                36.3749
              ],
              [
                127.2807,
                36.3768
              ],
              [
                127.2803,
                36.3787
              ],
              [
                127.2801,
                36.379
              ],
              [
                127.2799,
                36.379
              ],
              [
                127.2798,
                36.3791
              ],
              [
                127.2796,
                36.3792
              ],
              [
                127.279,
                36.3795
              ],
              [
                127.2789,
                36.3799
              ],
              [
                127.2789,
                36.3804
              ],
              [
                127.279,
                36.3821
              ],
              [
                127.2786,
                36.3828
              ],
              [
                127.2781,
                36.3867
              ],
              [
                127.2785,
                36.3878
              ],
              [
                127.2788,
                36.3886
              ],
              [
                127.2789,
                36.3897
              ],
              [
                127.2792,
                36.3915
              ],
              [
                127.2792,
                36.3915
              ],
              [
                127.2789,
                36.3935
              ],
              [
                127.2787,
                36.395
              ],
              [
                127.2786,
                36.3954
              ],
              [
                127.2786,
                36.3966
              ],
              [
                127.2785,
                36.3968
              ],
              [
                127.2788,
                36.3987
              ],
              [
                127.2791,
                36.3994
              ],
              [
                127.2802,
                36.402
              ],
              [
                127.2806,
                36.403
              ],
              [
                127.281,
                36.4048
              ],
              [
                127.2818,
                36.409
              ],
              [
                127.2823,
                36.412
              ],
              [
                127.2821,
                36.4146
              ],
              [
                127.2834,
                36.415
              ],
              [
                127.2846,
                36.4152
              ],
              [
                127.2849,
                36.4152
              ],
              [
                127.2852,
                36.4153
              ],
              [
                127.2857,
                36.4152
              ],
              [
                127.2857,
                36.4151
              ],
              [
                127.2868,
                36.4153
              ],
              [
                127.2908,
                36.4161
              ],
              [
                127.2911,
                36.4162
              ],
              [
                127.2953,
                36.4198
              ],
              [
                127.2952,
                36.4209
              ],
              [
                127.295,
                36.421
              ],
              [
                127.2946,
                36.4214
              ],
              [
                127.2942,
                36.4222
              ],
              [
                127.2964,
                36.4232
              ],
              [
                127.2982,
                36.4231
              ],
              [
                127.2993,
                36.4229
              ],
              [
                127.3019,
                36.4231
              ],
              [
                127.3026,
                36.4242
              ],
              [
                127.3028,
                36.4243
              ],
              [
                127.3035,
                36.4247
              ],
              [
                127.305,
                36.4248
              ],
              [
                127.3064,
                36.4248
              ],
              [
                127.3099,
                36.4248
              ],
              [
                127.3109,
                36.4247
              ],
              [
                127.3116,
                36.4241
              ],
              [
                127.3141,
                36.4229
              ],
              [
                127.3148,
                36.4225
              ],
              [
                127.316,
                36.4216
              ],
              [
                127.3162,
                36.4212
              ],
              [
                127.3164,
                36.4211
              ],
              [
                127.3164,
                36.4211
              ],
              [
                127.3164,
                36.4205
              ],
              [
                127.3164,
                36.4205
              ],
              [
                127.3164,
                36.4205
              ],
              [
                127.3168,
                36.4205
              ],
              [
                127.3181,
                36.421
              ],
              [
                127.3191,
                36.4215
              ],
              [
                127.322,
                36.4234
              ],
              [
                127.3234,
                36.4227
              ],
              [
                127.3263,
                36.4221
              ],
              [
                127.3291,
                36.4233
              ],
              [
                127.3298,
                36.4237
              ],
              [
                127.3298,
                36.4238
              ],
              [
                127.3303,
                36.424
              ],
              [
                127.3303,
                36.4241
              ],
              [
                127.3323,
                36.4255
              ],
              [
                127.3323,
                36.4257
              ],
              [
                127.3324,
                36.4257
              ],
              [
                127.3327,
                36.4265
              ],
              [
                127.3355,
                36.4276
              ],
              [
                127.3375,
                36.4283
              ],
              [
                127.3376,
                36.4283
              ],
              [
                127.3398,
                36.43
              ],
              [
                127.3405,
                36.4305
              ],
              [
                127.341,
                36.431
              ],
              [
                127.3409,
                36.4314
              ],
              [
                127.3406,
                36.4322
              ],
              [
                127.3405,
                36.4333
              ],
              [
                127.3403,
                36.4357
              ],
              [
                127.3432,
                36.4402
              ],
              [
                127.3443,
                36.4433
              ],
              [
                127.3449,
                36.4444
              ],
              [
                127.3466,
                36.4458
              ],
              [
                127.3474,
                36.4464
              ],
              [
                127.3497,
                36.448
              ],
              [
                127.3514,
                36.4479
              ],
              [
                127.3519,
                36.4478
              ],
              [
                127.3526,
                36.4476
              ],
              [
                127.3529,
                36.4476
              ],
              [
                127.3532,
                36.4478
              ],
              [
                127.3534,
                36.4479
              ],
              [
                127.3558,
                36.4503
              ],
              [
                127.3586,
                36.4559
              ],
              [
                127.3586,
                36.4559
              ],
              [
                127.3584,
                36.4567
              ],
              [
                127.3578,
                36.4581
              ],
              [
                127.3573,
                36.4583
              ],
              [
                127.3568,
                36.4587
              ],
              [
                127.3568,
                36.4587
              ],
              [
                127.3567,
                36.4589
              ],
              [
                127.3565,
                36.4633
              ],
              [
                127.3586,
                36.4651
              ],
              [
                127.3596,
                36.4665
              ],
              [
                127.36,
                36.469
              ],
              [
                127.3622,
                36.4711
              ],
              [
                127.3639,
                36.4744
              ],
              [
                127.3639,
                36.4744
              ],
              [
                127.364,
                36.4748
              ],
              [
                127.364,
                36.4749
              ],
              [
                127.364,
                36.4749
              ],
              [
                127.364,
                36.4749
              ],
              [
                127.364,
                36.475
              ],
              [
                127.3639,
                36.4752
              ],
              [
                127.3639,
                36.4752
              ],
              [
                127.3628,
                36.4759
              ],
              [
                127.3622,
                36.4765
              ],
              [
                127.3618,
                36.477
              ],
              [
                127.3606,
                36.4786
              ],
              [
                127.3589,
                36.4826
              ],
              [
                127.3591,
                36.4852
              ],
              [
                127.3602,
                36.4885
              ],
              [
                127.3633,
                36.4897
              ],
              [
                127.3634,
                36.4897
              ],
              [
                127.3635,
                36.4896
              ],
              [
                127.3646,
                36.4893
              ],
              [
                127.3679,
                36.4883
              ],
              [
                127.3681,
                36.4882
              ],
              [
                127.3682,
                36.4882
              ],
              [
                127.3682,
                36.4882
              ],
              [
                127.3683,
                36.4882
              ],
              [
                127.3684,
                36.4883
              ],
              [
                127.3685,
                36.4883
              ],
              [
                127.3692,
                36.4886
              ],
              [
                127.3689,
                36.4896
              ],
              [
                127.3708,
                36.4902
              ],
              [
                127.3714,
                36.4905
              ],
              [
                127.3717,
                36.4907
              ],
              [
                127.372,
                36.4909
              ],
              [
                127.3727,
                36.4914
              ],
              [
                127.3732,
                36.4918
              ],
              [
                127.3742,
                36.4925
              ],
              [
                127.3743,
                36.4926
              ],
              [
                127.3776,
                36.4956
              ],
              [
                127.3776,
                36.4956
              ],
              [
                127.3776,
                36.4956
              ],
              [
                127.3788,
                36.4973
              ],
              [
                127.379,
                36.4977
              ],
              [
                127.3791,
                36.4979
              ],
              [
                127.3794,
                36.4983
              ],
              [
                127.3794,
                36.4983
              ],
              [
                127.3799,
                36.499
              ],
              [
                127.3801,
                36.4993
              ],
              [
                127.3803,
                36.4995
              ],
              [
                127.3803,
                36.4995
              ],
              [
                127.3839,
                36.5002
              ],
              [
                127.3854,
                36.4994
              ],
              [
                127.3859,
                36.4992
              ],
              [
                127.3868,
                36.4987
              ],
              [
                127.3869,
                36.4986
              ],
              [
                127.392,
                36.4949
              ],
              [
                127.3923,
                36.4946
              ],
              [
                127.3927,
                36.4942
              ],
              [
                127.3933,
                36.4936
              ],
              [
                127.3934,
                36.4935
              ],
              [
                127.3938,
                36.4932
              ],
              [
                127.395,
                36.4925
              ],
              [
                127.3958,
                36.492
              ],
              [
                127.3959,
                36.4919
              ],
              [
                127.3961,
                36.4917
              ],
              [
                127.3989,
                36.4891
              ]
            ]
          ]
        ]
      },
      "properties": {
        "name": "유성구",
        "base_year": "2018",
        "name_eng": "Yuseong-gu",
        "code": "25040"
      }
    },
    {
      "type": "Feature",
      "geometry": {
        "type": "MultiPolygon",
        "coordinates": [
          [
            [
              [
                127.4862,
                36.4528
              ],
              [
                127.4869,
                36.4528
              ],
              [
                127.4882,
                36.4529
              ],
              [
                127.4893,
                36.4531
              ],
              [
                127.4916,
                36.4533
              ],
              [
                127.4921,
                36.4535
              ],
              [
                127.494,
                36.4541
              ],
              [
                127.4951,
                36.4545
              ],
              [
                127.4968,
                36.455
              ],
              [
                127.4979,
                36.4554
              ],
              [
                127.4987,
                36.4556
              ],
              [
                127.5006,
                36.4562
              ],
              [
                127.5028,
                36.4555
              ],
              [
                127.5028,
                36.4555
              ],
              [
                127.5028,
                36.4555
              ],
              [
                127.5032,
                36.4547
              ],
              [
                127.5038,
                36.4537
              ],
              [
                127.5045,
                36.4519
              ],
              [
                127.5045,
                36.4519
              ],
              [
                127.5045,
                36.4518
              ],
              [
                127.5035,
                36.4494
              ],
              [
                127.5029,
                36.4489
              ],
              [
                127.5013,
                36.4477
              ],
              [
                127.5011,
                36.4475
              ],
              [
                127.5004,
                36.447
              ],
              [
                127.4994,
                36.4462
              ],
              [
                127.4993,
                36.4462
              ],
              [
                127.4993,
                36.4462
              ],
              [
                127.4985,
                36.4456
              ],
              [
                127.4976,
                36.445
              ],
              [
                127.4971,
                36.4447
              ],
              [
                127.4963,
                36.4439
              ],
              [
                127.495,
                36.4427
              ],
              [
                127.4939,
                36.4416
              ],
              [
                127.4935,
                36.4412
              ],
              [
                127.4935,
                36.4412
              ],
              [
                127.4934,
                36.441
              ],
              [
                127.493,
                36.4404
              ],
              [
                127.4925,
                36.4396
              ],
              [
                127.4924,
                36.4394
              ],
              [
                127.4924,
                36.4394
              ],
              [
                127.4911,
                36.4398
              ],
              [
                127.4907,
                36.4398
              ],
              [
                127.4883,
                36.439
              ],
              [
                127.4878,
                36.4387
              ],
              [
                127.4877,
                36.4385
              ],
              [
                127.4865,
                36.437
              ],
              [
                127.4823,
                36.4315
              ],
              [
                127.481,
                36.4296
              ],
              [
                127.4809,
                36.4291
              ],
              [
                127.4809,
                36.4284
              ],
              [
                127.4812,
                36.428
              ],
              [
                127.4812,
                36.4279
              ],
              [
                127.479,
                36.4245
              ],
              [
                127.4761,
                36.4193
              ],
              [
                127.4724,
                36.4149
              ],
              [
                127.4713,
                36.4136
              ],
              [
                127.4705,
                36.4127
              ],
              [
                127.4666,
                36.4086
              ],
              [
                127.4602,
                36.4045
              ],
              [
                127.4595,
                36.4042
              ],
              [
                127.4582,
                36.4036
              ],
              [
                127.4576,
                36.4031
              ],
              [
                127.4576,
                36.4025
              ],
              [
                127.4569,
                36.4015
              ],
              [
                127.4563,
                36.4011
              ],
              [
                127.4553,
                36.4
              ],
              [
                127.4542,
                36.3943
              ],
              [
                127.4541,
                36.3912
              ],
              [
                127.4542,
                36.3901
              ],
              [
                127.4553,
                36.3889
              ],
              [
                127.4553,
                36.3888
              ],
              [
                127.4533,
                36.3835
              ],
              [
                127.453,
                36.383
              ],
              [
                127.4526,
                36.3823
              ],
              [
                127.4521,
                36.3818
              ],
              [
                127.4512,
                36.381
              ],
              [
                127.4521,
                36.3786
              ],
              [
                127.454,
                36.3771
              ],
              [
                127.4558,
                36.3748
              ],
              [
                127.4572,
                36.3725
              ],
              [
                127.4573,
                36.3717
              ],
              [
                127.4576,
                36.3705
              ],
              [
                127.4578,
                36.3699
              ],
              [
                127.4582,
                36.3692
              ],
              [
                127.4583,
                36.369
              ],
              [
                127.4592,
                36.369
              ],
              [
                127.4594,
                36.369
              ],
              [
                127.4595,
                36.3689
              ],
              [
                127.4596,
                36.3688
              ],
              [
                127.4599,
                36.3686
              ],
              [
                127.4607,
                36.3675
              ],
              [
                127.4607,
                36.3674
              ],
              [
                127.4608,
                36.3668
              ],
              [
                127.4618,
                36.3649
              ],
              [
                127.4633,
                36.362
              ],
              [
                127.4639,
                36.3615
              ],
              [
                127.466,
                36.3603
              ],
              [
                127.4661,
                36.3581
              ],
              [
                127.4655,
                36.3569
              ],
              [
                127.4647,
                36.3551
              ],
              [
                127.4647,
                36.355
              ],
              [
                127.4647,
                36.355
              ],
              [
                127.4646,
                36.3538
              ],
              [
                127.4646,
                36.3537
              ],
              [
                127.4646,
                36.3535
              ],
              [
                127.4646,
                36.3535
              ],
              [
                127.4647,
                36.353
              ],
              [
                127.4648,
                36.3525
              ],
              [
                127.465,
                36.3524
              ],
              [
                127.465,
                36.3515
              ],
              [
                127.4649,
                36.3513
              ],
              [
                127.4647,
                36.3511
              ],
              [
                127.4646,
                36.351
              ],
              [
                127.4644,
                36.3509
              ],
              [
                127.4641,
                36.3508
              ],
              [
                127.4628,
                36.3512
              ],
              [
                127.4588,
                36.3525
              ],
              [
                127.4551,
                36.353
              ],
              [
                127.454,
                36.3534
              ],
              [
                127.4545,
                36.3542
              ],
              [
                127.4546,
                36.3544
              ],
              [
                127.4543,
                36.3544
              ],
              [
                127.447,
                36.354
              ],
              [
                127.4459,
                36.3536
              ],
              [
                127.4457,
                36.3532
              ],
              [
                127.4457,
                36.3532
              ],
              [
                127.4456,
                36.3524
              ],
              [
                127.446,
                36.3524
              ],
              [
                127.4461,
                36.3524
              ],
              [
                127.4452,
                36.3508
              ],
              [
                127.4452,
                36.3508
              ],
              [
                127.4428,
                36.3517
              ],
              [
                127.4414,
                36.3523
              ],
              [
                127.4415,
                36.3536
              ],
              [
                127.4414,
                36.3536
              ],
              [
                127.4403,
                36.3545
              ],
              [
                127.4397,
                36.3551
              ],
              [
                127.4397,
                36.3551
              ],
              [
                127.4389,
                36.357
              ],
              [
                127.439,
                36.3575
              ],
              [
                127.439,
                36.3576
              ],
              [
                127.439,
                36.3576
              ],
              [
                127.4391,
                36.358
              ],
              [
                127.4391,
                36.3581
              ],
              [
                127.4392,
                36.3583
              ],
              [
                127.4386,
                36.3596
              ],
              [
                127.4384,
                36.3598
              ],
              [
                127.4383,
                36.36
              ],
              [
                127.4374,
                36.3602
              ],
              [
                127.4372,
                36.3602
              ],
              [
                127.4354,
                36.3608
              ],
              [
                127.435,
                36.3607
              ],
              [
                127.4307,
                36.3591
              ],
              [
                127.4276,
                36.3555
              ],
              [
                127.4275,
                36.355
              ],
              [
                127.4279,
                36.3526
              ],
              [
                127.4247,
                36.3487
              ],
              [
                127.4228,
                36.3485
              ],
              [
                127.4196,
                36.3483
              ],
              [
                127.4184,
                36.3464
              ],
              [
                127.4185,
                36.3463
              ],
              [
                127.4187,
                36.3462
              ],
              [
                127.4187,
                36.3461
              ],
              [
                127.4211,
                36.3444
              ],
              [
                127.421,
                36.3444
              ],
              [
                127.4207,
                36.3445
              ],
              [
                127.4202,
                36.3445
              ],
              [
                127.42,
                36.3446
              ],
              [
                127.4198,
                36.3446
              ],
              [
                127.4194,
                36.3447
              ],
              [
                127.4186,
                36.3447
              ],
              [
                127.4185,
                36.3447
              ],
              [
                127.4178,
                36.3447
              ],
              [
                127.417,
                36.3447
              ],
              [
                127.4169,
                36.3446
              ],
              [
                127.4167,
                36.3446
              ],
              [
                127.4167,
                36.3446
              ],
              [
                127.4167,
                36.3446
              ],
              [
                127.4137,
                36.3439
              ],
              [
                127.4146,
                36.3417
              ],
              [
                127.4147,
                36.3413
              ],
              [
                127.4147,
                36.3413
              ],
              [
                127.4149,
                36.341
              ],
              [
                127.415,
                36.3409
              ],
              [
                127.4149,
                36.341
              ],
              [
                127.4145,
                36.3412
              ],
              [
                127.4142,
                36.3415
              ],
              [
                127.4138,
                36.342
              ],
              [
                127.4132,
                36.3428
              ],
              [
                127.4128,
                36.3435
              ],
              [
                127.4123,
                36.3446
              ],
              [
                127.4117,
                36.3461
              ],
              [
                127.4114,
                36.3465
              ],
              [
                127.4112,
                36.3467
              ],
              [
                127.4109,
                36.347
              ],
              [
                127.4101,
                36.3476
              ],
              [
                127.41,
                36.3477
              ],
              [
                127.4099,
                36.3478
              ],
              [
                127.4091,
                36.348
              ],
              [
                127.4039,
                36.3496
              ],
              [
                127.4046,
                36.3533
              ],
              [
                127.4032,
                36.3565
              ],
              [
                127.403,
                36.357
              ],
              [
                127.4029,
                36.3573
              ],
              [
                127.4011,
                36.3614
              ],
              [
                127.3976,
                36.3648
              ],
              [
                127.3974,
                36.3658
              ],
              [
                127.3973,
                36.3661
              ],
              [
                127.3972,
                36.3666
              ],
              [
                127.3966,
                36.3676
              ],
              [
                127.3957,
                36.3689
              ],
              [
                127.3956,
                36.369
              ],
              [
                127.3954,
                36.3692
              ],
              [
                127.3951,
                36.3694
              ],
              [
                127.3946,
                36.3697
              ],
              [
                127.3942,
                36.37
              ],
              [
                127.3937,
                36.3703
              ],
              [
                127.3935,
                36.3706
              ],
              [
                127.3933,
                36.3708
              ],
              [
                127.3931,
                36.3712
              ],
              [
                127.3931,
                36.3713
              ],
              [
                127.3931,
                36.3713
              ],
              [
                127.393,
                36.3717
              ],
              [
                127.3929,
                36.3722
              ],
              [
                127.393,
                36.3726
              ],
              [
                127.3932,
                36.373
              ],
              [
                127.3964,
                36.3736
              ],
              [
                127.3966,
                36.3736
              ],
              [
                127.3971,
                36.3736
              ],
              [
                127.3975,
                36.3737
              ],
              [
                127.398,
                36.3738
              ],
              [
                127.3989,
                36.3741
              ],
              [
                127.3993,
                36.3743
              ],
              [
                127.3997,
                36.3744
              ],
              [
                127.3999,
                36.3745
              ],
              [
                127.4,
                36.3745
              ],
              [
                127.401,
                36.3749
              ],
              [
                127.4009,
                36.375
              ],
              [
                127.4009,
                36.375
              ],
              [
                127.4013,
                36.3752
              ],
              [
                127.4014,
                36.3753
              ],
              [
                127.4026,
                36.3756
              ],
              [
                127.4048,
                36.3762
              ],
              [
                127.405,
                36.3763
              ],
              [
                127.4051,
                36.3762
              ],
              [
                127.4064,
                36.3766
              ],
              [
                127.4071,
                36.3769
              ],
              [
                127.4076,
                36.377
              ],
              [
                127.4085,
                36.3777
              ],
              [
                127.4099,
                36.3786
              ],
              [
                127.4111,
                36.3802
              ],
              [
                127.4112,
                36.3804
              ],
              [
                127.4112,
                36.3804
              ],
              [
                127.4115,
                36.381
              ],
              [
                127.4116,
                36.3813
              ],
              [
                127.4118,
                36.3818
              ],
              [
                127.4118,
                36.3822
              ],
              [
                127.4118,
                36.3853
              ],
              [
                127.4117,
                36.3874
              ],
              [
                127.4117,
                36.3876
              ],
              [
                127.4116,
                36.3878
              ],
              [
                127.4114,
                36.3888
              ],
              [
                127.4114,
                36.3892
              ],
              [
                127.4112,
                36.3899
              ],
              [
                127.4112,
                36.39
              ],
              [
                127.4112,
                36.3905
              ],
              [
                127.4112,
                36.3911
              ],
              [
                127.4112,
                36.3915
              ],
              [
                127.4112,
                36.3915
              ],
              [
                127.4112,
                36.3917
              ],
              [
                127.4112,
                36.392
              ],
              [
                127.4115,
                36.3946
              ],
              [
                127.4117,
                36.3958
              ],
              [
                127.4126,
                36.3974
              ],
              [
                127.4135,
                36.402
              ],
              [
                127.4136,
                36.4026
              ],
              [
                127.4136,
                36.4029
              ],
              [
                127.4137,
                36.403
              ],
              [
                127.4137,
                36.4031
              ],
              [
                127.4138,
                36.4033
              ],
              [
                127.4145,
                36.4043
              ],
              [
                127.4153,
                36.4054
              ],
              [
                127.4153,
                36.4055
              ],
              [
                127.4153,
                36.4055
              ],
              [
                127.4155,
                36.4056
              ],
              [
                127.4156,
                36.4057
              ],
              [
                127.4156,
                36.4057
              ],
              [
                127.4157,
                36.4058
              ],
              [
                127.4157,
                36.4058
              ],
              [
                127.416,
                36.406
              ],
              [
                127.4165,
                36.4062
              ],
              [
                127.4169,
                36.4065
              ],
              [
                127.4174,
                36.4072
              ],
              [
                127.4175,
                36.4074
              ],
              [
                127.4175,
                36.4074
              ],
              [
                127.4176,
                36.4075
              ],
              [
                127.4174,
                36.4076
              ],
              [
                127.4175,
                36.4078
              ],
              [
                127.418,
                36.4086
              ],
              [
                127.4187,
                36.4097
              ],
              [
                127.4196,
                36.4113
              ],
              [
                127.4198,
                36.4117
              ],
              [
                127.4199,
                36.4118
              ],
              [
                127.42,
                36.412
              ],
              [
                127.4203,
                36.4127
              ],
              [
                127.4203,
                36.4133
              ],
              [
                127.4203,
                36.4137
              ],
              [
                127.4201,
                36.4142
              ],
              [
                127.4197,
                36.4153
              ],
              [
                127.4196,
                36.4155
              ],
              [
                127.4193,
                36.4159
              ],
              [
                127.419,
                36.4162
              ],
              [
                127.4183,
                36.4175
              ],
              [
                127.4175,
                36.4188
              ],
              [
                127.4172,
                36.4192
              ],
              [
                127.417,
                36.4195
              ],
              [
                127.4152,
                36.4217
              ],
              [
                127.4149,
                36.422
              ],
              [
                127.4148,
                36.4222
              ],
              [
                127.4147,
                36.4223
              ],
              [
                127.4133,
                36.4238
              ],
              [
                127.4115,
                36.4246
              ],
              [
                127.4075,
                36.4265
              ],
              [
                127.4027,
                36.4292
              ],
              [
                127.3961,
                36.4348
              ],
              [
                127.3957,
                36.4352
              ],
              [
                127.3951,
                36.4359
              ],
              [
                127.3948,
                36.4362
              ],
              [
                127.3946,
                36.4366
              ],
              [
                127.3944,
                36.437
              ],
              [
                127.3944,
                36.4375
              ],
              [
                127.3939,
                36.4374
              ],
              [
                127.3914,
                36.4387
              ],
              [
                127.3912,
                36.4388
              ],
              [
                127.3912,
                36.4388
              ],
              [
                127.3906,
                36.4397
              ],
              [
                127.3905,
                36.4398
              ],
              [
                127.3895,
                36.4419
              ],
              [
                127.3894,
                36.442
              ],
              [
                127.3894,
                36.4426
              ],
              [
                127.3893,
                36.4428
              ],
              [
                127.3893,
                36.4441
              ],
              [
                127.3894,
                36.4444
              ],
              [
                127.3894,
                36.4449
              ],
              [
                127.3895,
                36.4451
              ],
              [
                127.3895,
                36.4452
              ],
              [
                127.3896,
                36.4454
              ],
              [
                127.3918,
                36.4487
              ],
              [
                127.392,
                36.449
              ],
              [
                127.392,
                36.4491
              ],
              [
                127.3922,
                36.4493
              ],
              [
                127.3927,
                36.4497
              ],
              [
                127.3928,
                36.4498
              ],
              [
                127.3933,
                36.4502
              ],
              [
                127.3935,
                36.4504
              ],
              [
                127.394,
                36.4506
              ],
              [
                127.3946,
                36.4508
              ],
              [
                127.3952,
                36.4509
              ],
              [
                127.3957,
                36.451
              ],
              [
                127.3958,
                36.451
              ],
              [
                127.396,
                36.4511
              ],
              [
                127.3962,
                36.4511
              ],
              [
                127.3968,
                36.4511
              ],
              [
                127.3969,
                36.4511
              ],
              [
                127.3981,
                36.4523
              ],
              [
                127.3982,
                36.4524
              ],
              [
                127.3984,
                36.4526
              ],
              [
                127.3986,
                36.4528
              ],
              [
                127.4005,
                36.4546
              ],
              [
                127.4021,
                36.456
              ],
              [
                127.4075,
                36.4548
              ],
              [
                127.413,
                36.4548
              ],
              [
                127.4142,
                36.4547
              ],
              [
                127.415,
                36.4547
              ],
              [
                127.4157,
                36.4548
              ],
              [
                127.4162,
                36.4548
              ],
              [
                127.4163,
                36.4548
              ],
              [
                127.4163,
                36.4548
              ],
              [
                127.417,
                36.4549
              ],
              [
                127.417,
                36.4549
              ],
              [
                127.4182,
                36.4551
              ],
              [
                127.4247,
                36.4562
              ],
              [
                127.4247,
                36.4563
              ],
              [
                127.4262,
                36.4566
              ],
              [
                127.4274,
                36.4569
              ],
              [
                127.4359,
                36.4564
              ],
              [
                127.4374,
                36.4558
              ],
              [
                127.4375,
                36.4557
              ],
              [
                127.4392,
                36.4543
              ],
              [
                127.4407,
                36.453
              ],
              [
                127.4415,
                36.4523
              ],
              [
                127.4416,
                36.4521
              ],
              [
                127.4417,
                36.452
              ],
              [
                127.4418,
                36.452
              ],
              [
                127.442,
                36.4517
              ],
              [
                127.4421,
                36.4516
              ],
              [
                127.4424,
                36.4513
              ],
              [
                127.4424,
                36.4513
              ],
              [
                127.443,
                36.4509
              ],
              [
                127.4439,
                36.4505
              ],
              [
                127.4441,
                36.4504
              ],
              [
                127.4472,
                36.4492
              ],
              [
                127.4513,
                36.4493
              ],
              [
                127.4526,
                36.4496
              ],
              [
                127.454,
                36.4501
              ],
              [
                127.4548,
                36.4503
              ],
              [
                127.4565,
                36.4513
              ],
              [
                127.4584,
                36.4523
              ],
              [
                127.4586,
                36.4524
              ],
              [
                127.4596,
                36.4533
              ],
              [
                127.461,
                36.4545
              ],
              [
                127.4616,
                36.4551
              ],
              [
                127.4625,
                36.4561
              ],
              [
                127.4626,
                36.4561
              ],
              [
                127.4626,
                36.4562
              ],
              [
                127.4635,
                36.4603
              ],
              [
                127.4635,
                36.4603
              ],
              [
                127.4636,
                36.4623
              ],
              [
                127.4636,
                36.4629
              ],
              [
                127.4636,
                36.4633
              ],
              [
                127.4636,
                36.4634
              ],
              [
                127.4636,
                36.4638
              ],
              [
                127.4637,
                36.4641
              ],
              [
                127.4638,
                36.4645
              ],
              [
                127.466,
                36.4688
              ],
              [
                127.4668,
                36.4702
              ],
              [
                127.4702,
                36.4735
              ],
              [
                127.4703,
                36.4737
              ],
              [
                127.4708,
                36.474
              ],
              [
                127.4713,
                36.4744
              ],
              [
                127.4718,
                36.4747
              ],
              [
                127.4724,
                36.475
              ],
              [
                127.4742,
                36.4757
              ],
              [
                127.4746,
                36.4758
              ],
              [
                127.475,
                36.4759
              ],
              [
                127.4761,
                36.4763
              ],
              [
                127.4799,
                36.4771
              ],
              [
                127.4805,
                36.4772
              ],
              [
                127.4814,
                36.4771
              ],
              [
                127.484,
                36.4766
              ],
              [
                127.4843,
                36.4756
              ],
              [
                127.4845,
                36.4747
              ],
              [
                127.4845,
                36.4745
              ],
              [
                127.4844,
                36.4741
              ],
              [
                127.4843,
                36.4737
              ],
              [
                127.4833,
                36.47
              ],
              [
                127.4832,
                36.4697
              ],
              [
                127.4829,
                36.469
              ],
              [
                127.4816,
                36.4664
              ],
              [
                127.4813,
                36.466
              ],
              [
                127.4811,
                36.4656
              ],
              [
                127.4809,
                36.4654
              ],
              [
                127.4808,
                36.4653
              ],
              [
                127.4808,
                36.4653
              ],
              [
                127.4805,
                36.465
              ],
              [
                127.4805,
                36.465
              ],
              [
                127.4804,
                36.4649
              ],
              [
                127.4801,
                36.4647
              ],
              [
                127.4797,
                36.4642
              ],
              [
                127.4794,
                36.4637
              ],
              [
                127.4781,
                36.4615
              ],
              [
                127.478,
                36.4612
              ],
              [
                127.4778,
                36.4609
              ],
              [
                127.4777,
                36.4605
              ],
              [
                127.4776,
                36.4601
              ],
              [
                127.4776,
                36.4599
              ],
              [
                127.4775,
                36.4597
              ],
              [
                127.4775,
                36.4596
              ],
              [
                127.4775,
                36.4591
              ],
              [
                127.4775,
                36.4589
              ],
              [
                127.4776,
                36.4584
              ],
              [
                127.4776,
                36.4584
              ],
              [
                127.4777,
                36.4581
              ],
              [
                127.4779,
                36.4579
              ],
              [
                127.4782,
                36.4574
              ],
              [
                127.4783,
                36.4573
              ],
              [
                127.4788,
                36.4567
              ],
              [
                127.479,
                36.4565
              ],
              [
                127.4792,
                36.4563
              ],
              [
                127.4795,
                36.456
              ],
              [
                127.4821,
                36.4539
              ],
              [
                127.4831,
                36.4535
              ],
              [
                127.4845,
                36.4529
              ],
              [
                127.4862,
                36.4528
              ]
            ]
          ]
        ]
      },
      "properties": {
        "name": "대덕구",
        "base_year": "2018",
        "name_eng": "Daedeok-gu",
        "code": "25050"
      }
    }
  ]
}
