{
  "type": "FeatureCollection",
  "features": [
    {
      "type": "Feature",
      "geometry": {
        "type": "MultiPolygon",
        "coordinates": [
          [
            [
              [
                126.9302,
                35.1611
              ],
              [
                126.9307,
                35.1603
              ],
              [
                126.9315,
                35.1605
              ],
              [
                126.9351,
                35.1617
              ],
              [
                126.9389,
                35.1612
              ],
              [
                126.9385,
                35.1601
              ],
              [
                126.9385,
                35.16
              ],
              [
                126.9384,
                35.1598
              ],
              [
                126.9384,
                35.1594
              ],
              [
                126.9384,
                35.1594
              ],
              [
                126.9389,
                35.159
              ],
              [
                126.9399,
                35.1586
              ],
              [
                126.9399,
                35.1586
              ],
              [
                126.9402,
                35.1585
              ],
              [
                126.9414,
                35.1585
              ],
              [
                126.9444,
                35.1587
              ],
              [
                126.9457,
                35.1556
              ],
              [
                126.9477,
                35.1545
              ],
              [
                126.9493,
                35.1544
              ],
              [
                126.9514,
                35.1541
              ],
              [
                126.9552,
                35.1522
              ],
              [
                126.9554,
                35.152
              ],
              [
                126.9556,
                35.1514
              ],
              [
                126.9556,
                35.1514
              ],
              [
                126.9556,
                35.1509
              ],
              [
                126.9538,
                35.1457
              ],
              [
                126.9534,
                35.1451
              ],
              [
                126.9531,
                35.145
              ],
              [
                126.9517,
                35.1445
              ],
              [
                126.9515,
                35.1445
              ],
              [
                126.9514,
                35.1445
              ],
              [
                126.9515,
                35.1436
              ],
              [
                126.9516,
                35.1432
              ],
              [
                126.9552,
                35.1405
              ],
              [
                126.9553,
                35.1405
              ],
              [
                126.9576,
                35.1401
              ],
              [
                126.958,
                35.1401
              ],
              [
                126.958,
                35.1401
              ],
              [
                126.9582,
                35.1404
              ],
              [
                126.9582,
                35.1404
              ],
              [
                126.9582,
                35.1404
              ],
              [
                126.9585,
                35.1406
              ],
              [
                126.9587,
                35.1406
              ],
              [
                126.961,
                35.1405
              ],
              [
                126.9619,
                35.1403
              ],
              [
                126.9631,
                35.1399
              ],
              [
                126.965,
                35.139
              ],
              [
                126.9655,
                35.1387
              ],
              [
                126.9661,
                35.1382
              ],
              [
                126.9678,
                35.1369
              ],
              [
                126.968,
                35.1368
              ],
              [
                126.9684,
                35.1367
              ],
              [
                126.9708,
                35.1366
              ],
              [
                126.971,
                35.1366
              ],
              [
                126.9738,
                35.138
              ],
              [
                126.9781,
                35.1384
              ],
              [
                126.9815,
                35.1378
              ],
              [
                126.9824,
                35.1376
              ],
              [
                126.9835,
                35.137
              ],
              [
                126.9852,
                35.1343
              ],
              [
                126.9855,
                35.1338
              ],
              [
                126.9869,
                35.1312
              ],
              [
                126.9896,
                35.1269
              ],
              [
                126.9907,
                35.1256
              ],
              [
                126.9919,
                35.1242
              ],
              [
                126.9926,
                35.1227
              ],
              [
                126.9944,
                35.1231
              ],
              [
                126.9952,
                35.1233
              ],
              [
                126.9972,
                35.1229
              ],
              [
                127.0012,
                35.1218
              ],
              [
                127.0043,
                35.1211
              ],
              [
                127.0039,
                35.1197
              ],
              [
                127.0001,
                35.1167
              ],
              [
                126.9996,
                35.1163
              ],
              [
                126.9989,
                35.1159
              ],
              [
                126.9987,
                35.1158
              ],
              [
                126.9987,
                35.1158
              ],
              [
                126.999,
                35.1153
              ],
              [
                126.9999,
                35.1141
              ],
              [
                126.9978,
                35.113
              ],
              [
                126.9944,
                35.1118
              ],
              [
                126.9932,
                35.1114
              ],
              [
                126.9918,
                35.1111
              ],
              [
                126.9892,
                35.1099
              ],
              [
                126.9864,
                35.1059
              ],
              [
                126.9878,
                35.1005
              ],
              [
                126.9887,
                35.097
              ],
              [
                126.9888,
                35.0967
              ],
              [
                126.9889,
                35.0961
              ],
              [
                126.989,
                35.0957
              ],
              [
                126.989,
                35.095
              ],
              [
                126.9877,
                35.094
              ],
              [
                126.9796,
                35.0919
              ],
              [
                126.9788,
                35.0917
              ],
              [
                126.9787,
                35.0917
              ],
              [
                126.9722,
                35.0905
              ],
              [
                126.9665,
                35.0894
              ],
              [
                126.9628,
                35.0872
              ],
              [
                126.9624,
                35.0869
              ],
              [
                126.9623,
                35.0868
              ],
              [
                126.9622,
                35.0867
              ],
              [
                126.9606,
                35.0851
              ],
              [
                126.9586,
                35.0826
              ],
              [
                126.9586,
                35.0826
              ],
              [
                126.9586,
                35.0825
              ],
              [
                126.9586,
                35.0821
              ],
              [
                126.9587,
                35.0819
              ],
              [
                126.9583,
                35.0787
              ],
              [
                126.955,
                35.0748
              ],
              [
                126.9539,
                35.0741
              ],
              [
                126.9525,
                35.0734
              ],
              [
                126.9519,
                35.0732
              ],
              [
                126.9504,
                35.0729
              ],
              [
                126.9495,
                35.0727
              ],
              [
                126.9472,
                35.0727
              ],
              [
                126.9467,
                35.0727
              ],
              [
                126.9463,
                35.0729
              ],
              [
                126.9453,
                35.0732
              ],
              [
                126.9438,
                35.0735
              ],
              [
                126.936,
                35.0745
              ],
              [
                126.9342,
                35.0745
              ],
              [
                126.9323,
                35.0744
              ],
              [
                126.9323,
                35.0757
              ],
              [
                126.9326,
                35.0768
              ],
              [
                126.9327,
                35.0769
              ],
              [
                126.9326,
                35.0776
              ],
              [
                126.9325,
                35.0778
              ],
              [
                126.9313,
                35.0784
              ],
              [
                126.9307,
                35.0786
              ],
              [
                126.9301,
                35.079
              ],
              [
                126.9293,
                35.0794
              ],
              [
                126.9277,
                35.0804
              ],
              [
                126.9261,
                35.0824
              ],
              [
                126.925,
                35.0857
              ],
              [
                126.9247,
                35.088
              ],
              [
                126.9222,
                35.0906
              ],
              [
                126.921,
                35.0915
              ],
              [
                126.9206,
                35.0917
              ],
              [
                126.9194,
                35.0916
              ],
              [
                126.9194,
                35.0923
              ],
              [
                126.9197,
                35.0934
              ],
              [
                126.9207,
                35.0959
              ],
              [
                126.9214,
                35.0972
              ],
              [
                126.9179,
                35.1021
              ],
              [
                126.9172,
                35.103
              ],
              [
                126.9164,
                35.1038
              ],
              [
                126.9157,
                35.1042
              ],
              [
                126.9153,
                35.1044
              ],
              [
                126.9149,
                35.1047
              ],
              [
                126.9146,
                35.1052
              ],
              [
                126.914,
                35.1063
              ],
              [
                126.9125,
                35.1106
              ],
              [
                126.9123,
                35.1118
              ],
              [
                126.9124,
                35.1123
              ],
              [
                126.9124,
                35.1124
              ],
              [
                126.913,
                35.1131
              ],
              [
                126.9126,
                35.1148
              ],
              [
                126.9118,
                35.1156
              ],
              [
                126.9135,
                35.1161
              ],
              [
                126.9175,
                35.117
              ],
              [
                126.9188,
                35.1174
              ],
              [
                126.9194,
                35.1177
              ],
              [
                126.9227,
                35.121
              ],
              [
                126.9242,
                35.1236
              ],
              [
                126.9243,
                35.1247
              ],
              [
                126.9296,
                35.1264
              ],
              [
                126.9275,
                35.1293
              ],
              [
                126.9253,
                35.1324
              ],
              [
                126.9217,
                35.1354
              ],
              [
                126.9207,
                35.1377
              ],
              [
                126.9203,
                35.138
              ],
              [
                126.9175,
                35.1413
              ],
              [
                126.9172,
                35.1417
              ],
              [
                126.9159,
                35.143
              ],
              [
                126.9138,
                35.1446
              ],
              [
                126.9097,
                35.1492
              ],
              [
                126.9097,
                35.1492
              ],
              [
                126.9072,
                35.1514
              ],
              [
                126.9093,
                35.1531
              ],
              [
                126.9112,
                35.1546
              ],
              [
                126.9118,
                35.1552
              ],
              [
                126.9125,
                35.1558
              ],
              [
                126.913,
                35.157
              ],
              [
                126.913,
                35.157
              ],
              [
                126.9163,
                35.1655
              ],
              [
                126.9196,
                35.1648
              ],
              [
                126.9196,
                35.1648
              ],
              [
                126.9212,
                35.1644
              ],
              [
                126.9222,
                35.1641
              ],
              [
                126.9227,
                35.164
              ],
              [
                126.924,
                35.1637
              ],
              [
                126.9282,
                35.1625
              ],
              [
                126.9282,
                35.1625
              ],
              [
                126.9283,
                35.1624
              ],
              [
                126.9287,
                35.1623
              ],
              [
                126.9289,
                35.1622
              ],
              [
                126.9292,
                35.162
              ],
              [
                126.9296,
                35.1617
              ],
              [
                126.9298,
                35.1616
              ],
              [
                126.93,
                35.1614
              ],
              [
                126.9302,
                35.1611
              ]
            ]
          ]
        ]
      },
      "properties": {
        "name": "동구",
        "base_year": "2018",
        "name_eng": "Dong-gu",
        "code": "24010"
      }
    },
    {
      "type": "Feature",
      "geometry": {
        "type": "MultiPolygon",
        "coordinates": [
          [
            [
              [
                126.8756,
                35.1714
              ],
              [
                126.8756,
                35.1706
              ],
              [
                126.879,
                35.1709
              ],
              [
                126.8842,
                35.1697
              ],
              [
                126.884,
                35.1685
              ],
              [
                126.8855,
                35.1664
              ],
              [
                126.8873,
                35.1623
              ],
              [
                126.8878,
                35.1614
              ],
              [
                126.8884,
                35.1614
              ],
              [
                126.8906,
                35.1608
              ],
              [
                126.8923,
                35.1608
              ],
              [
                126.8928,
                35.1607
              ],
              [
                126.8936,
                35.1604
              ],
              [
                126.8982,
                35.1584
              ],
              [
                126.8984,
                35.1583
              ],
              [
                126.8988,
                35.1581
              ],
              [
                126.8992,
                35.1578
              ],
              [
                126.8994,
                35.1577
              ],
              [
                126.8996,
                35.1576
              ],
              [
                126.9,
                35.1573
              ],
              [
                126.9001,
                35.1572
              ],
              [
                126.9003,
                35.157
              ],
              [
                126.9004,
                35.1569
              ],
              [
                126.9004,
                35.1569
              ],
              [
                126.9027,
                35.1547
              ],
              [
                126.9072,
                35.1514
              ],
              [
                126.9097,
                35.1492
              ],
              [
                126.9054,
                35.1483
              ],
              [
                126.9046,
                35.1486
              ],
              [
                126.9042,
                35.1488
              ],
              [
                126.9041,
                35.1488
              ],
              [
                126.9039,
                35.149
              ],
              [
                126.9036,
                35.1491
              ],
              [
                126.9034,
                35.1493
              ],
              [
                126.9033,
                35.1494
              ],
              [
                126.9032,
                35.1495
              ],
              [
                126.903,
                35.1498
              ],
              [
                126.9028,
                35.1499
              ],
              [
                126.9011,
                35.1523
              ],
              [
                126.8965,
                35.1522
              ],
              [
                126.8943,
                35.1515
              ],
              [
                126.8946,
                35.1509
              ],
              [
                126.8934,
                35.1505
              ],
              [
                126.8902,
                35.149
              ],
              [
                126.889,
                35.1484
              ],
              [
                126.8864,
                35.1471
              ],
              [
                126.8854,
                35.1466
              ],
              [
                126.8862,
                35.1455
              ],
              [
                126.8869,
                35.1446
              ],
              [
                126.8871,
                35.1443
              ],
              [
                126.8872,
                35.1443
              ],
              [
                126.8883,
                35.1428
              ],
              [
                126.8878,
                35.1421
              ],
              [
                126.8858,
                35.1412
              ],
              [
                126.8856,
                35.1412
              ],
              [
                126.8833,
                35.1389
              ],
              [
                126.8832,
                35.1384
              ],
              [
                126.8836,
                35.1376
              ],
              [
                126.8836,
                35.1376
              ],
              [
                126.8837,
                35.1376
              ],
              [
                126.8841,
                35.1376
              ],
              [
                126.8843,
                35.1376
              ],
              [
                126.8857,
                35.1366
              ],
              [
                126.8873,
                35.1344
              ],
              [
                126.8874,
                35.1343
              ],
              [
                126.8875,
                35.1339
              ],
              [
                126.8876,
                35.1319
              ],
              [
                126.8866,
                35.1303
              ],
              [
                126.8864,
                35.1301
              ],
              [
                126.8871,
                35.1267
              ],
              [
                126.8873,
                35.1258
              ],
              [
                126.8873,
                35.1258
              ],
              [
                126.8879,
                35.1254
              ],
              [
                126.8883,
                35.1236
              ],
              [
                126.8885,
                35.1213
              ],
              [
                126.8877,
                35.1169
              ],
              [
                126.8865,
                35.1171
              ],
              [
                126.8858,
                35.1172
              ],
              [
                126.8857,
                35.1172
              ],
              [
                126.8845,
                35.1168
              ],
              [
                126.8834,
                35.1162
              ],
              [
                126.8806,
                35.117
              ],
              [
                126.8789,
                35.1175
              ],
              [
                126.8769,
                35.1184
              ],
              [
                126.8745,
                35.1198
              ],
              [
                126.8736,
                35.1194
              ],
              [
                126.8701,
                35.116
              ],
              [
                126.8699,
                35.1151
              ],
              [
                126.8689,
                35.1137
              ],
              [
                126.8701,
                35.1108
              ],
              [
                126.8706,
                35.1102
              ],
              [
                126.8706,
                35.1102
              ],
              [
                126.8705,
                35.1102
              ],
              [
                126.8686,
                35.1101
              ],
              [
                126.868,
                35.1102
              ],
              [
                126.866,
                35.1106
              ],
              [
                126.866,
                35.1106
              ],
              [
                126.8657,
                35.1099
              ],
              [
                126.8655,
                35.1094
              ],
              [
                126.8637,
                35.1092
              ],
              [
                126.8632,
                35.1096
              ],
              [
                126.8606,
                35.1091
              ],
              [
                126.8604,
                35.1091
              ],
              [
                126.8602,
                35.109
              ],
              [
                126.8602,
                35.109
              ],
              [
                126.86,
                35.1088
              ],
              [
                126.8597,
                35.1086
              ],
              [
                126.8595,
                35.1083
              ],
              [
                126.8598,
                35.1082
              ],
              [
                126.86,
                35.1082
              ],
              [
                126.8609,
                35.1081
              ],
              [
                126.8612,
                35.1076
              ],
              [
                126.8612,
                35.1076
              ],
              [
                126.8613,
                35.1075
              ],
              [
                126.8613,
                35.1073
              ],
              [
                126.861,
                35.1068
              ],
              [
                126.8606,
                35.1064
              ],
              [
                126.8565,
                35.1064
              ],
              [
                126.8564,
                35.1065
              ],
              [
                126.8562,
                35.1067
              ],
              [
                126.856,
                35.107
              ],
              [
                126.8559,
                35.1071
              ],
              [
                126.8553,
                35.1072
              ],
              [
                126.8548,
                35.107
              ],
              [
                126.8546,
                35.1068
              ],
              [
                126.8545,
                35.1067
              ],
              [
                126.8545,
                35.1066
              ],
              [
                126.8537,
                35.1064
              ],
              [
                126.8498,
                35.1056
              ],
              [
                126.8496,
                35.1056
              ],
              [
                126.849,
                35.1056
              ],
              [
                126.8486,
                35.1058
              ],
              [
                126.8477,
                35.1058
              ],
              [
                126.844,
                35.1041
              ],
              [
                126.8437,
                35.1035
              ],
              [
                126.8424,
                35.102
              ],
              [
                126.8422,
                35.1017
              ],
              [
                126.8411,
                35.1011
              ],
              [
                126.8395,
                35.1014
              ],
              [
                126.8383,
                35.102
              ],
              [
                126.8368,
                35.0992
              ],
              [
                126.8366,
                35.0987
              ],
              [
                126.8366,
                35.0987
              ],
              [
                126.8359,
                35.0983
              ],
              [
                126.8351,
                35.098
              ],
              [
                126.8342,
                35.0979
              ],
              [
                126.8336,
                35.0979
              ],
              [
                126.8327,
                35.098
              ],
              [
                126.8314,
                35.098
              ],
              [
                126.8314,
                35.098
              ],
              [
                126.831,
                35.0977
              ],
              [
                126.8308,
                35.0975
              ],
              [
                126.8302,
                35.0966
              ],
              [
                126.8293,
                35.0957
              ],
              [
                126.8266,
                35.0937
              ],
              [
                126.8257,
                35.0931
              ],
              [
                126.8201,
                35.0909
              ],
              [
                126.8182,
                35.092
              ],
              [
                126.817,
                35.093
              ],
              [
                126.814,
                35.0929
              ],
              [
                126.8139,
                35.0928
              ],
              [
                126.8132,
                35.0922
              ],
              [
                126.8116,
                35.0912
              ],
              [
                126.8113,
                35.0911
              ],
              [
                126.8111,
                35.0909
              ],
              [
                126.8111,
                35.0909
              ],
              [
                126.8096,
                35.0922
              ],
              [
                126.8084,
                35.0936
              ],
              [
                126.8053,
                35.0954
              ],
              [
                126.8051,
                35.095
              ],
              [
                126.805,
                35.0949
              ],
              [
                126.8044,
                35.0943
              ],
              [
                126.8037,
                35.0938
              ],
              [
                126.8032,
                35.0936
              ],
              [
                126.8025,
                35.0935
              ],
              [
                126.8011,
                35.0961
              ],
              [
                126.8008,
                35.0966
              ],
              [
                126.8008,
                35.0967
              ],
              [
                126.8006,
                35.0973
              ],
              [
                126.8007,
                35.0987
              ],
              [
                126.8009,
                35.1009
              ],
              [
                126.8016,
                35.1017
              ],
              [
                126.8034,
                35.1028
              ],
              [
                126.8058,
                35.1039
              ],
              [
                126.8051,
                35.1055
              ],
              [
                126.8049,
                35.1058
              ],
              [
                126.803,
                35.111
              ],
              [
                126.8029,
                35.1115
              ],
              [
                126.8028,
                35.1123
              ],
              [
                126.8039,
                35.1127
              ],
              [
                126.8069,
                35.1125
              ],
              [
                126.8069,
                35.1125
              ],
              [
                126.8092,
                35.1123
              ],
              [
                126.8094,
                35.1126
              ],
              [
                126.8097,
                35.1135
              ],
              [
                126.8096,
                35.1137
              ],
              [
                126.8096,
                35.1138
              ],
              [
                126.8096,
                35.114
              ],
              [
                126.8096,
                35.114
              ],
              [
                126.8095,
                35.114
              ],
              [
                126.8095,
                35.1141
              ],
              [
                126.8095,
                35.1149
              ],
              [
                126.8095,
                35.1152
              ],
              [
                126.8095,
                35.1155
              ],
              [
                126.8096,
                35.1158
              ],
              [
                126.8097,
                35.1163
              ],
              [
                126.8098,
                35.1166
              ],
              [
                126.8099,
                35.1167
              ],
              [
                126.8099,
                35.1167
              ],
              [
                126.8131,
                35.117
              ],
              [
                126.8159,
                35.1169
              ],
              [
                126.817,
                35.1184
              ],
              [
                126.8169,
                35.1184
              ],
              [
                126.8169,
                35.1185
              ],
              [
                126.8169,
                35.119
              ],
              [
                126.8169,
                35.1207
              ],
              [
                126.8172,
                35.1215
              ],
              [
                126.8177,
                35.1221
              ],
              [
                126.8177,
                35.1221
              ],
              [
                126.8181,
                35.1225
              ],
              [
                126.8181,
                35.1226
              ],
              [
                126.8186,
                35.1229
              ],
              [
                126.8189,
                35.1231
              ],
              [
                126.8192,
                35.1233
              ],
              [
                126.8196,
                35.1235
              ],
              [
                126.8199,
                35.1236
              ],
              [
                126.82,
                35.1237
              ],
              [
                126.8202,
                35.1238
              ],
              [
                126.8204,
                35.1239
              ],
              [
                126.821,
                35.1243
              ],
              [
                126.821,
                35.1243
              ],
              [
                126.8212,
                35.1245
              ],
              [
                126.8215,
                35.1251
              ],
              [
                126.8221,
                35.1262
              ],
              [
                126.8222,
                35.1265
              ],
              [
                126.8222,
                35.1266
              ],
              [
                126.8222,
                35.1267
              ],
              [
                126.8221,
                35.127
              ],
              [
                126.822,
                35.1271
              ],
              [
                126.8216,
                35.1278
              ],
              [
                126.8209,
                35.1284
              ],
              [
                126.8204,
                35.1286
              ],
              [
                126.8198,
                35.1289
              ],
              [
                126.8193,
                35.1293
              ],
              [
                126.819,
                35.1298
              ],
              [
                126.8189,
                35.1301
              ],
              [
                126.8188,
                35.1305
              ],
              [
                126.8187,
                35.1311
              ],
              [
                126.8187,
                35.1312
              ],
              [
                126.8187,
                35.1315
              ],
              [
                126.8187,
                35.1317
              ],
              [
                126.8188,
                35.1318
              ],
              [
                126.8189,
                35.1323
              ],
              [
                126.8189,
                35.1323
              ],
              [
                126.819,
                35.1328
              ],
              [
                126.8191,
                35.1329
              ],
              [
                126.8192,
                35.1331
              ],
              [
                126.8194,
                35.1334
              ],
              [
                126.8198,
                35.1337
              ],
              [
                126.8203,
                35.1341
              ],
              [
                126.8206,
                35.1343
              ],
              [
                126.8215,
                35.1347
              ],
              [
                126.8223,
                35.135
              ],
              [
                126.8223,
                35.135
              ],
              [
                126.8229,
                35.1351
              ],
              [
                126.8237,
                35.1352
              ],
              [
                126.8242,
                35.1356
              ],
              [
                126.827,
                35.1383
              ],
              [
                126.8285,
                35.1398
              ],
              [
                126.8294,
                35.1408
              ],
              [
                126.8294,
                35.1408
              ],
              [
                126.8297,
                35.1414
              ],
              [
                126.8297,
                35.1415
              ],
              [
                126.8293,
                35.1472
              ],
              [
                126.8291,
                35.1486
              ],
              [
                126.829,
                35.1491
              ],
              [
                126.8289,
                35.1492
              ],
              [
                126.8288,
                35.1493
              ],
              [
                126.8285,
                35.1502
              ],
              [
                126.8285,
                35.1503
              ],
              [
                126.8282,
                35.1507
              ],
              [
                126.8271,
                35.1519
              ],
              [
                126.8261,
                35.1527
              ],
              [
                126.8253,
                35.1536
              ],
              [
                126.8253,
                35.154
              ],
              [
                126.8252,
                35.1545
              ],
              [
                126.8252,
                35.1578
              ],
              [
                126.8257,
                35.1586
              ],
              [
                126.8261,
                35.1605
              ],
              [
                126.8259,
                35.1608
              ],
              [
                126.8259,
                35.1608
              ],
              [
                126.8256,
                35.1611
              ],
              [
                126.8254,
                35.1612
              ],
              [
                126.8252,
                35.1614
              ],
              [
                126.8247,
                35.1622
              ],
              [
                126.8245,
                35.1627
              ],
              [
                126.8245,
                35.1646
              ],
              [
                126.8245,
                35.1647
              ],
              [
                126.8248,
                35.1652
              ],
              [
                126.8251,
                35.1658
              ],
              [
                126.8266,
                35.1671
              ],
              [
                126.827,
                35.1673
              ],
              [
                126.8279,
                35.168
              ],
              [
                126.8303,
                35.1691
              ],
              [
                126.8311,
                35.1694
              ],
              [
                126.8325,
                35.1698
              ],
              [
                126.8328,
                35.1699
              ],
              [
                126.834,
                35.1699
              ],
              [
                126.8362,
                35.1701
              ],
              [
                126.8362,
                35.1701
              ],
              [
                126.8366,
                35.1703
              ],
              [
                126.8369,
                35.1704
              ],
              [
                126.8372,
                35.1707
              ],
              [
                126.8374,
                35.1708
              ],
              [
                126.8376,
                35.1712
              ],
              [
                126.8376,
                35.1715
              ],
              [
                126.8376,
                35.1738
              ],
              [
                126.8377,
                35.1761
              ],
              [
                126.8377,
                35.1767
              ],
              [
                126.8379,
                35.1771
              ],
              [
                126.838,
                35.1773
              ],
              [
                126.8387,
                35.1784
              ],
              [
                126.8404,
                35.1785
              ],
              [
                126.8429,
                35.1762
              ],
              [
                126.8479,
                35.1751
              ],
              [
                126.848,
                35.1751
              ],
              [
                126.853,
                35.1739
              ],
              [
                126.8583,
                35.1727
              ],
              [
                126.8596,
                35.1724
              ],
              [
                126.8599,
                35.1723
              ],
              [
                126.8599,
                35.1723
              ],
              [
                126.8607,
                35.1722
              ],
              [
                126.8629,
                35.1721
              ],
              [
                126.8703,
                35.1717
              ],
              [
                126.8756,
                35.1714
              ]
            ]
          ]
        ]
      },
      "properties": {
        "name": "서구",
        "base_year": "2018",
        "name_eng": "Seo-gu",
        "code": "24020"
      }
    },
    {
      "type": "Feature",
      "geometry": {
        "type": "MultiPolygon",
        "coordinates": [
          [
            [
              [
                126.9046,
                35.1486
              ],
              [
                126.9054,
                35.1483
              ],
              [
                126.9097,
                35.1492
              ],
              [
                126.9097,
                35.1492
              ],
              [
                126.9138,
                35.1446
              ],
              [
                126.9159,
                35.143
              ],
              [
                126.9172,
                35.1417
              ],
              [
                126.9175,
                35.1413
              ],
              [
                126.9203,
                35.138
              ],
              [
                126.9207,
                35.1377
              ],
              [
                126.9217,
                35.1354
              ],
              [
                126.9253,
                35.1324
              ],
              [
                126.9275,
                35.1293
              ],
              [
                126.9296,
                35.1264
              ],
              [
                126.9243,
                35.1247
              ],
              [
                126.9242,
                35.1236
              ],
              [
                126.9227,
                35.121
              ],
              [
                126.9194,
                35.1177
              ],
              [
                126.9188,
                35.1174
              ],
              [
                126.9175,
                35.117
              ],
              [
                126.9135,
                35.1161
              ],
              [
                126.9118,
                35.1156
              ],
              [
                126.9126,
                35.1148
              ],
              [
                126.913,
                35.1131
              ],
              [
                126.9124,
                35.1124
              ],
              [
                126.9124,
                35.1123
              ],
              [
                126.9123,
                35.1118
              ],
              [
                126.9125,
                35.1106
              ],
              [
                126.914,
                35.1063
              ],
              [
                126.9146,
                35.1052
              ],
              [
                126.9149,
                35.1047
              ],
              [
                126.9153,
                35.1044
              ],
              [
                126.9157,
                35.1042
              ],
              [
                126.9164,
                35.1038
              ],
              [
                126.9172,
                35.103
              ],
              [
                126.9179,
                35.1021
              ],
              [
                126.9214,
                35.0972
              ],
              [
                126.9207,
                35.0959
              ],
              [
                126.9197,
                35.0934
              ],
              [
                126.9194,
                35.0923
              ],
              [
                126.9194,
                35.0916
              ],
              [
                126.9186,
                35.0916
              ],
              [
                126.918,
                35.0915
              ],
              [
                126.918,
                35.0915
              ],
              [
                126.9167,
                35.0912
              ],
              [
                126.9134,
                35.0895
              ],
              [
                126.9107,
                35.0874
              ],
              [
                126.9086,
                35.0853
              ],
              [
                126.9058,
                35.082
              ],
              [
                126.9045,
                35.0814
              ],
              [
                126.9012,
                35.0809
              ],
              [
                126.8999,
                35.0807
              ],
              [
                126.8991,
                35.0812
              ],
              [
                126.8991,
                35.0812
              ],
              [
                126.8976,
                35.0812
              ],
              [
                126.8971,
                35.0811
              ],
              [
                126.8951,
                35.0807
              ],
              [
                126.8946,
                35.0803
              ],
              [
                126.894,
                35.0798
              ],
              [
                126.892,
                35.078
              ],
              [
                126.8915,
                35.0782
              ],
              [
                126.891,
                35.0784
              ],
              [
                126.89,
                35.0788
              ],
              [
                126.8882,
                35.08
              ],
              [
                126.8861,
                35.0812
              ],
              [
                126.8856,
                35.0815
              ],
              [
                126.8855,
                35.0816
              ],
              [
                126.8854,
                35.0816
              ],
              [
                126.8791,
                35.0783
              ],
              [
                126.8772,
                35.0772
              ],
              [
                126.8763,
                35.076
              ],
              [
                126.8749,
                35.0754
              ],
              [
                126.872,
                35.0744
              ],
              [
                126.8717,
                35.0743
              ],
              [
                126.8654,
                35.0753
              ],
              [
                126.8644,
                35.0758
              ],
              [
                126.8624,
                35.0768
              ],
              [
                126.8622,
                35.077
              ],
              [
                126.862,
                35.0776
              ],
              [
                126.8611,
                35.0789
              ],
              [
                126.8599,
                35.0789
              ],
              [
                126.8573,
                35.0786
              ],
              [
                126.8563,
                35.0785
              ],
              [
                126.8556,
                35.0784
              ],
              [
                126.8551,
                35.0774
              ],
              [
                126.855,
                35.0766
              ],
              [
                126.8549,
                35.0761
              ],
              [
                126.8541,
                35.0747
              ],
              [
                126.8538,
                35.0743
              ],
              [
                126.8534,
                35.0738
              ],
              [
                126.8519,
                35.0732
              ],
              [
                126.8497,
                35.0725
              ],
              [
                126.8484,
                35.0722
              ],
              [
                126.8482,
                35.0719
              ],
              [
                126.8458,
                35.0683
              ],
              [
                126.8459,
                35.0679
              ],
              [
                126.8459,
                35.0676
              ],
              [
                126.8459,
                35.0671
              ],
              [
                126.8456,
                35.0668
              ],
              [
                126.8441,
                35.0654
              ],
              [
                126.844,
                35.0654
              ],
              [
                126.8439,
                35.0654
              ],
              [
                126.8437,
                35.0653
              ],
              [
                126.843,
                35.0654
              ],
              [
                126.8425,
                35.0655
              ],
              [
                126.8399,
                35.0658
              ],
              [
                126.838,
                35.0659
              ],
              [
                126.8368,
                35.0657
              ],
              [
                126.8368,
                35.0656
              ],
              [
                126.8367,
                35.0652
              ],
              [
                126.8361,
                35.0641
              ],
              [
                126.836,
                35.0639
              ],
              [
                126.836,
                35.0639
              ],
              [
                126.8344,
                35.0633
              ],
              [
                126.8298,
                35.062
              ],
              [
                126.8296,
                35.062
              ],
              [
                126.8279,
                35.0622
              ],
              [
                126.8272,
                35.0623
              ],
              [
                126.826,
                35.062
              ],
              [
                126.8223,
                35.0603
              ],
              [
                126.822,
                35.06
              ],
              [
                126.8219,
                35.06
              ],
              [
                126.8219,
                35.0599
              ],
              [
                126.8208,
                35.0586
              ],
              [
                126.8208,
                35.0585
              ],
              [
                126.8206,
                35.058
              ],
              [
                126.8205,
                35.0578
              ],
              [
                126.8188,
                35.0532
              ],
              [
                126.8186,
                35.0528
              ],
              [
                126.8186,
                35.0528
              ],
              [
                126.8185,
                35.0527
              ],
              [
                126.8185,
                35.0527
              ],
              [
                126.8182,
                35.0527
              ],
              [
                126.8181,
                35.0527
              ],
              [
                126.8152,
                35.0533
              ],
              [
                126.8145,
                35.0534
              ],
              [
                126.8144,
                35.0534
              ],
              [
                126.8114,
                35.0531
              ],
              [
                126.8095,
                35.0523
              ],
              [
                126.8078,
                35.0512
              ],
              [
                126.8073,
                35.051
              ],
              [
                126.806,
                35.0513
              ],
              [
                126.8049,
                35.0516
              ],
              [
                126.8036,
                35.0524
              ],
              [
                126.8036,
                35.0525
              ],
              [
                126.8035,
                35.0526
              ],
              [
                126.8034,
                35.0534
              ],
              [
                126.8034,
                35.0535
              ],
              [
                126.8034,
                35.0536
              ],
              [
                126.8033,
                35.0543
              ],
              [
                126.8031,
                35.0552
              ],
              [
                126.8031,
                35.0552
              ],
              [
                126.8012,
                35.0582
              ],
              [
                126.801,
                35.0584
              ],
              [
                126.7998,
                35.0592
              ],
              [
                126.7996,
                35.0592
              ],
              [
                126.7992,
                35.0594
              ],
              [
                126.7985,
                35.0593
              ],
              [
                126.7981,
                35.0592
              ],
              [
                126.7975,
                35.059
              ],
              [
                126.7973,
                35.059
              ],
              [
                126.7969,
                35.059
              ],
              [
                126.7966,
                35.0593
              ],
              [
                126.7964,
                35.0597
              ],
              [
                126.7962,
                35.06
              ],
              [
                126.7961,
                35.0604
              ],
              [
                126.7961,
                35.0605
              ],
              [
                126.7959,
                35.0608
              ],
              [
                126.7958,
                35.0609
              ],
              [
                126.7955,
                35.0611
              ],
              [
                126.7952,
                35.0611
              ],
              [
                126.7949,
                35.0611
              ],
              [
                126.7946,
                35.061
              ],
              [
                126.792,
                35.0602
              ],
              [
                126.7894,
                35.059
              ],
              [
                126.7871,
                35.0574
              ],
              [
                126.7865,
                35.057
              ],
              [
                126.7858,
                35.0565
              ],
              [
                126.7838,
                35.0552
              ],
              [
                126.7816,
                35.0538
              ],
              [
                126.7813,
                35.0539
              ],
              [
                126.7809,
                35.054
              ],
              [
                126.7805,
                35.0542
              ],
              [
                126.7798,
                35.0543
              ],
              [
                126.7789,
                35.0542
              ],
              [
                126.778,
                35.054
              ],
              [
                126.7766,
                35.0531
              ],
              [
                126.7744,
                35.0527
              ],
              [
                126.7734,
                35.0528
              ],
              [
                126.7728,
                35.0529
              ],
              [
                126.7721,
                35.0531
              ],
              [
                126.7692,
                35.054
              ],
              [
                126.7683,
                35.0546
              ],
              [
                126.7675,
                35.0557
              ],
              [
                126.7674,
                35.056
              ],
              [
                126.7673,
                35.0564
              ],
              [
                126.7674,
                35.0567
              ],
              [
                126.7674,
                35.0567
              ],
              [
                126.7675,
                35.0576
              ],
              [
                126.7678,
                35.0585
              ],
              [
                126.7679,
                35.0589
              ],
              [
                126.7683,
                35.0597
              ],
              [
                126.7684,
                35.0598
              ],
              [
                126.7686,
                35.0602
              ],
              [
                126.7686,
                35.0605
              ],
              [
                126.7686,
                35.0607
              ],
              [
                126.7684,
                35.0614
              ],
              [
                126.7681,
                35.062
              ],
              [
                126.7678,
                35.0624
              ],
              [
                126.7675,
                35.0629
              ],
              [
                126.7674,
                35.0629
              ],
              [
                126.7669,
                35.0635
              ],
              [
                126.7663,
                35.0639
              ],
              [
                126.7651,
                35.0644
              ],
              [
                126.7645,
                35.0643
              ],
              [
                126.7636,
                35.0641
              ],
              [
                126.7628,
                35.064
              ],
              [
                126.7616,
                35.0636
              ],
              [
                126.7614,
                35.0634
              ],
              [
                126.7607,
                35.0631
              ],
              [
                126.7602,
                35.0628
              ],
              [
                126.7596,
                35.0625
              ],
              [
                126.7596,
                35.0624
              ],
              [
                126.7592,
                35.0618
              ],
              [
                126.7591,
                35.0617
              ],
              [
                126.759,
                35.0612
              ],
              [
                126.7588,
                35.0605
              ],
              [
                126.7586,
                35.0601
              ],
              [
                126.7585,
                35.06
              ],
              [
                126.7581,
                35.0595
              ],
              [
                126.7577,
                35.059
              ],
              [
                126.7567,
                35.0582
              ],
              [
                126.7563,
                35.0587
              ],
              [
                126.7558,
                35.0591
              ],
              [
                126.7558,
                35.0594
              ],
              [
                126.7558,
                35.0594
              ],
              [
                126.7558,
                35.0597
              ],
              [
                126.7558,
                35.0602
              ],
              [
                126.7558,
                35.0607
              ],
              [
                126.7559,
                35.0612
              ],
              [
                126.7558,
                35.0612
              ],
              [
                126.7556,
                35.062
              ],
              [
                126.7555,
                35.0623
              ],
              [
                126.7554,
                35.0626
              ],
              [
                126.7553,
                35.0627
              ],
              [
                126.7551,
                35.0629
              ],
              [
                126.7549,
                35.0631
              ],
              [
                126.7548,
                35.0632
              ],
              [
                126.7546,
                35.0634
              ],
              [
                126.7543,
                35.0638
              ],
              [
                126.7541,
                35.0639
              ],
              [
                126.7538,
                35.0641
              ],
              [
                126.7533,
                35.0644
              ],
              [
                126.7532,
                35.0646
              ],
              [
                126.7532,
                35.0648
              ],
              [
                126.7532,
                35.0651
              ],
              [
                126.7531,
                35.0652
              ],
              [
                126.7536,
                35.0662
              ],
              [
                126.7539,
                35.0665
              ],
              [
                126.7541,
                35.0669
              ],
              [
                126.757,
                35.0684
              ],
              [
                126.7582,
                35.0686
              ],
              [
                126.7588,
                35.0687
              ],
              [
                126.7596,
                35.0687
              ],
              [
                126.7606,
                35.0687
              ],
              [
                126.7619,
                35.0686
              ],
              [
                126.7622,
                35.0685
              ],
              [
                126.7628,
                35.0684
              ],
              [
                126.7631,
                35.0684
              ],
              [
                126.7633,
                35.0683
              ],
              [
                126.7638,
                35.0683
              ],
              [
                126.7643,
                35.0682
              ],
              [
                126.7651,
                35.0682
              ],
              [
                126.7652,
                35.0682
              ],
              [
                126.7659,
                35.0682
              ],
              [
                126.767,
                35.0682
              ],
              [
                126.7677,
                35.0684
              ],
              [
                126.7678,
                35.0684
              ],
              [
                126.7685,
                35.0686
              ],
              [
                126.7686,
                35.0686
              ],
              [
                126.7692,
                35.0689
              ],
              [
                126.7693,
                35.0689
              ],
              [
                126.7713,
                35.0702
              ],
              [
                126.7723,
                35.0706
              ],
              [
                126.7728,
                35.0708
              ],
              [
                126.7733,
                35.0709
              ],
              [
                126.7738,
                35.071
              ],
              [
                126.7744,
                35.0711
              ],
              [
                126.7753,
                35.0713
              ],
              [
                126.7757,
                35.0713
              ],
              [
                126.7774,
                35.0714
              ],
              [
                126.7778,
                35.0714
              ],
              [
                126.778,
                35.0714
              ],
              [
                126.7789,
                35.0715
              ],
              [
                126.7791,
                35.0715
              ],
              [
                126.7798,
                35.0717
              ],
              [
                126.7803,
                35.0718
              ],
              [
                126.7811,
                35.072
              ],
              [
                126.7815,
                35.0722
              ],
              [
                126.7819,
                35.0723
              ],
              [
                126.7823,
                35.0724
              ],
              [
                126.7825,
                35.0726
              ],
              [
                126.7835,
                35.0731
              ],
              [
                126.7839,
                35.0733
              ],
              [
                126.7842,
                35.0735
              ],
              [
                126.7845,
                35.0737
              ],
              [
                126.785,
                35.0741
              ],
              [
                126.7852,
                35.0742
              ],
              [
                126.7857,
                35.0746
              ],
              [
                126.7859,
                35.0747
              ],
              [
                126.7861,
                35.0749
              ],
              [
                126.7877,
                35.077
              ],
              [
                126.7881,
                35.0778
              ],
              [
                126.7897,
                35.0801
              ],
              [
                126.7914,
                35.0821
              ],
              [
                126.7914,
                35.0821
              ],
              [
                126.792,
                35.0826
              ],
              [
                126.7937,
                35.0842
              ],
              [
                126.796,
                35.088
              ],
              [
                126.7974,
                35.0891
              ],
              [
                126.7979,
                35.0891
              ],
              [
                126.7982,
                35.0891
              ],
              [
                126.7998,
                35.0899
              ],
              [
                126.8013,
                35.0908
              ],
              [
                126.8022,
                35.0916
              ],
              [
                126.8025,
                35.0922
              ],
              [
                126.8026,
                35.0923
              ],
              [
                126.8027,
                35.0927
              ],
              [
                126.8025,
                35.0935
              ],
              [
                126.8032,
                35.0936
              ],
              [
                126.8037,
                35.0938
              ],
              [
                126.8044,
                35.0943
              ],
              [
                126.805,
                35.0949
              ],
              [
                126.8051,
                35.095
              ],
              [
                126.8053,
                35.0954
              ],
              [
                126.8084,
                35.0936
              ],
              [
                126.8096,
                35.0922
              ],
              [
                126.8111,
                35.0909
              ],
              [
                126.8111,
                35.0909
              ],
              [
                126.8113,
                35.0911
              ],
              [
                126.8116,
                35.0912
              ],
              [
                126.8132,
                35.0922
              ],
              [
                126.8139,
                35.0928
              ],
              [
                126.814,
                35.0929
              ],
              [
                126.817,
                35.093
              ],
              [
                126.8182,
                35.092
              ],
              [
                126.8201,
                35.0909
              ],
              [
                126.8257,
                35.0931
              ],
              [
                126.8266,
                35.0937
              ],
              [
                126.8293,
                35.0957
              ],
              [
                126.8302,
                35.0966
              ],
              [
                126.8308,
                35.0975
              ],
              [
                126.831,
                35.0977
              ],
              [
                126.8314,
                35.098
              ],
              [
                126.8314,
                35.098
              ],
              [
                126.8327,
                35.098
              ],
              [
                126.8336,
                35.0979
              ],
              [
                126.8342,
                35.0979
              ],
              [
                126.8351,
                35.098
              ],
              [
                126.8359,
                35.0983
              ],
              [
                126.8366,
                35.0987
              ],
              [
                126.8366,
                35.0987
              ],
              [
                126.8368,
                35.0992
              ],
              [
                126.8383,
                35.102
              ],
              [
                126.8395,
                35.1014
              ],
              [
                126.8411,
                35.1011
              ],
              [
                126.8422,
                35.1017
              ],
              [
                126.8424,
                35.102
              ],
              [
                126.8437,
                35.1035
              ],
              [
                126.844,
                35.1041
              ],
              [
                126.8477,
                35.1058
              ],
              [
                126.8486,
                35.1058
              ],
              [
                126.849,
                35.1056
              ],
              [
                126.8496,
                35.1056
              ],
              [
                126.8498,
                35.1056
              ],
              [
                126.8537,
                35.1064
              ],
              [
                126.8545,
                35.1066
              ],
              [
                126.8545,
                35.1067
              ],
              [
                126.8546,
                35.1068
              ],
              [
                126.8548,
                35.107
              ],
              [
                126.8553,
                35.1072
              ],
              [
                126.8559,
                35.1071
              ],
              [
                126.856,
                35.107
              ],
              [
                126.8562,
                35.1067
              ],
              [
                126.8564,
                35.1065
              ],
              [
                126.8565,
                35.1064
              ],
              [
                126.8606,
                35.1064
              ],
              [
                126.861,
                35.1068
              ],
              [
                126.8613,
                35.1073
              ],
              [
                126.8613,
                35.1075
              ],
              [
                126.8612,
                35.1076
              ],
              [
                126.8612,
                35.1076
              ],
              [
                126.8609,
                35.1081
              ],
              [
                126.86,
                35.1082
              ],
              [
                126.8598,
                35.1082
              ],
              [
                126.8595,
                35.1083
              ],
              [
                126.8597,
                35.1086
              ],
              [
                126.86,
                35.1088
              ],
              [
                126.8602,
                35.109
              ],
              [
                126.8602,
                35.109
              ],
              [
                126.8604,
                35.1091
              ],
              [
                126.8606,
                35.1091
              ],
              [
                126.8632,
                35.1096
              ],
              [
                126.8637,
                35.1092
              ],
              [
                126.8655,
                35.1094
              ],
              [
                126.8657,
                35.1099
              ],
              [
                126.866,
                35.1106
              ],
              [
                126.866,
                35.1106
              ],
              [
                126.868,
                35.1102
              ],
              [
                126.8686,
                35.1101
              ],
              [
                126.8705,
                35.1102
              ],
              [
                126.8706,
                35.1102
              ],
              [
                126.8706,
                35.1102
              ],
              [
                126.8701,
                35.1108
              ],
              [
                126.8689,
                35.1137
              ],
              [
                126.8699,
                35.1151
              ],
              [
                126.8701,
                35.116
              ],
              [
                126.8736,
                35.1194
              ],
              [
                126.8745,
                35.1198
              ],
              [
                126.8769,
                35.1184
              ],
              [
                126.8789,
                35.1175
              ],
              [
                126.8806,
                35.117
              ],
              [
                126.8834,
                35.1162
              ],
              [
                126.8845,
                35.1168
              ],
              [
                126.8857,
                35.1172
              ],
              [
                126.8858,
                35.1172
              ],
              [
                126.8865,
                35.1171
              ],
              [
                126.8877,
                35.1169
              ],
              [
                126.8885,
                35.1213
              ],
              [
                126.8883,
                35.1236
              ],
              [
                126.8879,
                35.1254
              ],
              [
                126.8873,
                35.1258
              ],
              [
                126.8873,
                35.1258
              ],
              [
                126.8871,
                35.1267
              ],
              [
                126.8864,
                35.1301
              ],
              [
                126.8866,
                35.1303
              ],
              [
                126.8876,
                35.1319
              ],
              [
                126.8875,
                35.1339
              ],
              [
                126.8874,
                35.1343
              ],
              [
                126.8873,
                35.1344
              ],
              [
                126.8857,
                35.1366
              ],
              [
                126.8843,
                35.1376
              ],
              [
                126.8841,
                35.1376
              ],
              [
                126.8837,
                35.1376
              ],
              [
                126.8836,
                35.1376
              ],
              [
                126.8836,
                35.1376
              ],
              [
                126.8832,
                35.1384
              ],
              [
                126.8833,
                35.1389
              ],
              [
                126.8856,
                35.1412
              ],
              [
                126.8858,
                35.1412
              ],
              [
                126.8878,
                35.1421
              ],
              [
                126.8883,
                35.1428
              ],
              [
                126.8872,
                35.1443
              ],
              [
                126.8871,
                35.1443
              ],
              [
                126.8869,
                35.1446
              ],
              [
                126.8862,
                35.1455
              ],
              [
                126.8854,
                35.1466
              ],
              [
                126.8864,
                35.1471
              ],
              [
                126.889,
                35.1484
              ],
              [
                126.8902,
                35.149
              ],
              [
                126.8934,
                35.1505
              ],
              [
                126.8946,
                35.1509
              ],
              [
                126.8943,
                35.1515
              ],
              [
                126.8965,
                35.1522
              ],
              [
                126.9011,
                35.1523
              ],
              [
                126.9028,
                35.1499
              ],
              [
                126.903,
                35.1498
              ],
              [
                126.9032,
                35.1495
              ],
              [
                126.9033,
                35.1494
              ],
              [
                126.9034,
                35.1493
              ],
              [
                126.9036,
                35.1491
              ],
              [
                126.9039,
                35.149
              ],
              [
                126.9041,
                35.1488
              ],
              [
                126.9042,
                35.1488
              ],
              [
                126.9046,
                35.1486
              ]
            ]
          ]
        ]
      },
      "properties": {
        "name": "남구",
        "base_year": "2018",
        "name_eng": "Nam-gu",
        "code": "24030"
      }
    },
    {
      "type": "Feature",
      "geometry": {
        "type": "MultiPolygon",
        "coordinates": [
          [
            [
              [
                126.9338,
                35.2468
              ],
              [
                126.9335,
                35.2445
              ],
              [
                126.9329,
                35.243
              ],
              [
                126.9327,
                35.242
              ],
              [
                126.9326,
                35.2416
              ],
              [
                126.9349,
                35.239
              ],
              [
                126.9363,
                35.2388
              ],
              [
                126.9384,
                35.2378
              ],
              [
                126.9393,
                35.2373
              ],
              [
                126.9396,
                35.2372
              ],
              [
                126.9413,
                35.2361
              ],
              [
                126.9427,
                35.235
              ],
              [
                126.943,
                35.2339
              ],
              [
                126.9435,
                35.2317
              ],
              [
                126.9442,
                35.2313
              ],
              [
                126.9448,
                35.2309
              ],
              [
                126.9448,
                35.2309
              ],
              [
                126.9463,
                35.2309
              ],
              [
                126.9476,
                35.2308
              ],
              [
                126.9488,
                35.2292
              ],
              [
                126.9518,
                35.2246
              ],
              [
                126.9514,
                35.2239
              ],
              [
                126.9507,
                35.2233
              ],
              [
                126.9504,
                35.223
              ],
              [
                126.9498,
                35.2223
              ],
              [
                126.9497,
                35.2221
              ],
              [
                126.9494,
                35.2216
              ],
              [
                126.9493,
                35.2214
              ],
              [
                126.949,
                35.2209
              ],
              [
                126.9489,
                35.2206
              ],
              [
                126.9489,
                35.2203
              ],
              [
                126.9489,
                35.22
              ],
              [
                126.9489,
                35.2191
              ],
              [
                126.9503,
                35.2164
              ],
              [
                126.9518,
                35.2148
              ],
              [
                126.954,
                35.212
              ],
              [
                126.9561,
                35.2088
              ],
              [
                126.9604,
                35.2049
              ],
              [
                126.9611,
                35.2044
              ],
              [
                126.9627,
                35.2036
              ],
              [
                126.963,
                35.2035
              ],
              [
                126.9631,
                35.2034
              ],
              [
                126.9631,
                35.2034
              ],
              [
                126.964,
                35.2034
              ],
              [
                126.9644,
                35.2034
              ],
              [
                126.9644,
                35.2034
              ],
              [
                126.9648,
                35.2037
              ],
              [
                126.9649,
                35.2037
              ],
              [
                126.9651,
                35.2037
              ],
              [
                126.9652,
                35.2037
              ],
              [
                126.9655,
                35.2034
              ],
              [
                126.9655,
                35.2034
              ],
              [
                126.9661,
                35.202
              ],
              [
                126.9663,
                35.2011
              ],
              [
                126.9663,
                35.2011
              ],
              [
                126.9662,
                35.2009
              ],
              [
                126.9662,
                35.2008
              ],
              [
                126.9658,
                35.2005
              ],
              [
                126.965,
                35.2003
              ],
              [
                126.9645,
                35.2003
              ],
              [
                126.9625,
                35.1979
              ],
              [
                126.9617,
                35.1966
              ],
              [
                126.9605,
                35.195
              ],
              [
                126.9605,
                35.195
              ],
              [
                126.9596,
                35.1947
              ],
              [
                126.9592,
                35.1945
              ],
              [
                126.9586,
                35.1932
              ],
              [
                126.9586,
                35.1931
              ],
              [
                126.9592,
                35.1913
              ],
              [
                126.9593,
                35.191
              ],
              [
                126.9595,
                35.1905
              ],
              [
                126.9596,
                35.1904
              ],
              [
                126.9599,
                35.19
              ],
              [
                126.9648,
                35.185
              ],
              [
                126.9657,
                35.1845
              ],
              [
                126.9661,
                35.1844
              ],
              [
                126.9664,
                35.1843
              ],
              [
                126.9671,
                35.1825
              ],
              [
                126.9673,
                35.1822
              ],
              [
                126.9673,
                35.1822
              ],
              [
                126.9676,
                35.1818
              ],
              [
                126.9681,
                35.1811
              ],
              [
                126.9684,
                35.181
              ],
              [
                126.9689,
                35.1806
              ],
              [
                126.9706,
                35.18
              ],
              [
                126.9717,
                35.1798
              ],
              [
                126.9719,
                35.1805
              ],
              [
                126.9724,
                35.1835
              ],
              [
                126.9724,
                35.1841
              ],
              [
                126.9724,
                35.1844
              ],
              [
                126.9722,
                35.1845
              ],
              [
                126.9721,
                35.185
              ],
              [
                126.9724,
                35.1852
              ],
              [
                126.973,
                35.1857
              ],
              [
                126.974,
                35.1861
              ],
              [
                126.977,
                35.1858
              ],
              [
                126.9785,
                35.1855
              ],
              [
                126.9796,
                35.1845
              ],
              [
                126.98,
                35.1843
              ],
              [
                126.982,
                35.1839
              ],
              [
                126.9828,
                35.184
              ],
              [
                126.9828,
                35.184
              ],
              [
                126.983,
                35.1842
              ],
              [
                126.9833,
                35.1844
              ],
              [
                126.9847,
                35.1861
              ],
              [
                126.9844,
                35.1866
              ],
              [
                126.9839,
                35.187
              ],
              [
                126.985,
                35.188
              ],
              [
                126.9855,
                35.1884
              ],
              [
                126.9858,
                35.1886
              ],
              [
                126.9872,
                35.1889
              ],
              [
                126.9878,
                35.1884
              ],
              [
                126.988,
                35.1883
              ],
              [
                126.9881,
                35.1881
              ],
              [
                126.9883,
                35.1878
              ],
              [
                126.9889,
                35.1871
              ],
              [
                126.9893,
                35.187
              ],
              [
                126.9895,
                35.1869
              ],
              [
                126.9901,
                35.1866
              ],
              [
                126.9906,
                35.1865
              ],
              [
                126.9911,
                35.1864
              ],
              [
                126.9926,
                35.1864
              ],
              [
                126.9929,
                35.1864
              ],
              [
                126.9931,
                35.1865
              ],
              [
                126.9941,
                35.1869
              ],
              [
                126.9942,
                35.187
              ],
              [
                126.9947,
                35.1876
              ],
              [
                126.9949,
                35.1878
              ],
              [
                126.9951,
                35.188
              ],
              [
                126.9958,
                35.1886
              ],
              [
                126.9958,
                35.1886
              ],
              [
                126.9958,
                35.1886
              ],
              [
                126.9961,
                35.1887
              ],
              [
                126.9963,
                35.1889
              ],
              [
                126.9967,
                35.189
              ],
              [
                126.9967,
                35.189
              ],
              [
                126.9971,
                35.189
              ],
              [
                126.9982,
                35.189
              ],
              [
                127,
                35.1888
              ],
              [
                127.0004,
                35.1886
              ],
              [
                127.0007,
                35.1885
              ],
              [
                127.007,
                35.1852
              ],
              [
                127.0078,
                35.1846
              ],
              [
                127.0118,
                35.181
              ],
              [
                127.0163,
                35.1753
              ],
              [
                127.0167,
                35.1749
              ],
              [
                127.0171,
                35.1745
              ],
              [
                127.0172,
                35.1744
              ],
              [
                127.0185,
                35.1737
              ],
              [
                127.0214,
                35.173
              ],
              [
                127.0223,
                35.1714
              ],
              [
                127.022,
                35.1705
              ],
              [
                127.0209,
                35.1673
              ],
              [
                127.0168,
                35.1653
              ],
              [
                127.0168,
                35.1653
              ],
              [
                127.0153,
                35.1655
              ],
              [
                127.0148,
                35.1656
              ],
              [
                127.0147,
                35.1656
              ],
              [
                127.0143,
                35.1658
              ],
              [
                127.014,
                35.1659
              ],
              [
                127.0139,
                35.166
              ],
              [
                127.0138,
                35.1661
              ],
              [
                127.0125,
                35.1662
              ],
              [
                127.0114,
                35.1662
              ],
              [
                127.0111,
                35.1658
              ],
              [
                127.01,
                35.1637
              ],
              [
                127.0103,
                35.1623
              ],
              [
                127.0104,
                35.1622
              ],
              [
                127.0111,
                35.1617
              ],
              [
                127.0117,
                35.1613
              ],
              [
                127.0115,
                35.1602
              ],
              [
                127.0111,
                35.1589
              ],
              [
                127.0111,
                35.1588
              ],
              [
                127.01,
                35.1575
              ],
              [
                127.0087,
                35.1564
              ],
              [
                127.0077,
                35.1559
              ],
              [
                127.0081,
                35.1537
              ],
              [
                127.0084,
                35.1523
              ],
              [
                127.0085,
                35.1523
              ],
              [
                127.0087,
                35.1517
              ],
              [
                127.009,
                35.151
              ],
              [
                127.0079,
                35.148
              ],
              [
                127.0077,
                35.1471
              ],
              [
                127.0072,
                35.1439
              ],
              [
                127.0089,
                35.1399
              ],
              [
                127.0088,
                35.1346
              ],
              [
                127.0088,
                35.134
              ],
              [
                127.0087,
                35.1337
              ],
              [
                127.0087,
                35.1335
              ],
              [
                127.0089,
                35.1326
              ],
              [
                127.0089,
                35.1324
              ],
              [
                127.0092,
                35.1318
              ],
              [
                127.0093,
                35.1314
              ],
              [
                127.0096,
                35.1308
              ],
              [
                127.0102,
                35.1301
              ],
              [
                127.0104,
                35.1298
              ],
              [
                127.011,
                35.1291
              ],
              [
                127.0118,
                35.1278
              ],
              [
                127.0117,
                35.1269
              ],
              [
                127.0116,
                35.1263
              ],
              [
                127.0113,
                35.1256
              ],
              [
                127.0106,
                35.1243
              ],
              [
                127.0095,
                35.1241
              ],
              [
                127.0091,
                35.1241
              ],
              [
                127.0079,
                35.124
              ],
              [
                127.0046,
                35.1218
              ],
              [
                127.0043,
                35.1213
              ],
              [
                127.0043,
                35.1211
              ],
              [
                127.0012,
                35.1218
              ],
              [
                126.9972,
                35.1229
              ],
              [
                126.9952,
                35.1233
              ],
              [
                126.9944,
                35.1231
              ],
              [
                126.9926,
                35.1227
              ],
              [
                126.9919,
                35.1242
              ],
              [
                126.9907,
                35.1256
              ],
              [
                126.9896,
                35.1269
              ],
              [
                126.9869,
                35.1312
              ],
              [
                126.9855,
                35.1338
              ],
              [
                126.9852,
                35.1343
              ],
              [
                126.9835,
                35.137
              ],
              [
                126.9824,
                35.1376
              ],
              [
                126.9815,
                35.1378
              ],
              [
                126.9781,
                35.1384
              ],
              [
                126.9738,
                35.138
              ],
              [
                126.971,
                35.1366
              ],
              [
                126.9708,
                35.1366
              ],
              [
                126.9684,
                35.1367
              ],
              [
                126.968,
                35.1368
              ],
              [
                126.9678,
                35.1369
              ],
              [
                126.9661,
                35.1382
              ],
              [
                126.9655,
                35.1387
              ],
              [
                126.965,
                35.139
              ],
              [
                126.9631,
                35.1399
              ],
              [
                126.9619,
                35.1403
              ],
              [
                126.961,
                35.1405
              ],
              [
                126.9587,
                35.1406
              ],
              [
                126.9585,
                35.1406
              ],
              [
                126.9582,
                35.1404
              ],
              [
                126.9582,
                35.1404
              ],
              [
                126.9582,
                35.1404
              ],
              [
                126.958,
                35.1401
              ],
              [
                126.958,
                35.1401
              ],
              [
                126.9576,
                35.1401
              ],
              [
                126.9553,
                35.1405
              ],
              [
                126.9552,
                35.1405
              ],
              [
                126.9516,
                35.1432
              ],
              [
                126.9515,
                35.1436
              ],
              [
                126.9514,
                35.1445
              ],
              [
                126.9515,
                35.1445
              ],
              [
                126.9517,
                35.1445
              ],
              [
                126.9531,
                35.145
              ],
              [
                126.9534,
                35.1451
              ],
              [
                126.9538,
                35.1457
              ],
              [
                126.9556,
                35.1509
              ],
              [
                126.9556,
                35.1514
              ],
              [
                126.9556,
                35.1514
              ],
              [
                126.9554,
                35.152
              ],
              [
                126.9552,
                35.1522
              ],
              [
                126.9514,
                35.1541
              ],
              [
                126.9493,
                35.1544
              ],
              [
                126.9477,
                35.1545
              ],
              [
                126.9457,
                35.1556
              ],
              [
                126.9444,
                35.1587
              ],
              [
                126.9414,
                35.1585
              ],
              [
                126.9402,
                35.1585
              ],
              [
                126.9399,
                35.1586
              ],
              [
                126.9399,
                35.1586
              ],
              [
                126.9389,
                35.159
              ],
              [
                126.9384,
                35.1594
              ],
              [
                126.9384,
                35.1594
              ],
              [
                126.9384,
                35.1598
              ],
              [
                126.9385,
                35.16
              ],
              [
                126.9385,
                35.1601
              ],
              [
                126.9389,
                35.1612
              ],
              [
                126.9351,
                35.1617
              ],
              [
                126.9315,
                35.1605
              ],
              [
                126.9307,
                35.1603
              ],
              [
                126.9302,
                35.1611
              ],
              [
                126.93,
                35.1614
              ],
              [
                126.9298,
                35.1616
              ],
              [
                126.9296,
                35.1617
              ],
              [
                126.9292,
                35.162
              ],
              [
                126.9289,
                35.1622
              ],
              [
                126.9287,
                35.1623
              ],
              [
                126.9283,
                35.1624
              ],
              [
                126.9282,
                35.1625
              ],
              [
                126.9282,
                35.1625
              ],
              [
                126.924,
                35.1637
              ],
              [
                126.9227,
                35.164
              ],
              [
                126.9222,
                35.1641
              ],
              [
                126.9212,
                35.1644
              ],
              [
                126.9196,
                35.1648
              ],
              [
                126.9196,
                35.1648
              ],
              [
                126.9163,
                35.1655
              ],
              [
                126.913,
                35.157
              ],
              [
                126.913,
                35.157
              ],
              [
                126.9125,
                35.1558
              ],
              [
                126.9118,
                35.1552
              ],
              [
                126.9112,
                35.1546
              ],
              [
                126.9093,
                35.1531
              ],
              [
                126.9072,
                35.1514
              ],
              [
                126.9027,
                35.1547
              ],
              [
                126.9004,
                35.1569
              ],
              [
                126.9004,
                35.1569
              ],
              [
                126.9003,
                35.157
              ],
              [
                126.9001,
                35.1572
              ],
              [
                126.9,
                35.1573
              ],
              [
                126.8996,
                35.1576
              ],
              [
                126.8994,
                35.1577
              ],
              [
                126.8992,
                35.1578
              ],
              [
                126.8988,
                35.1581
              ],
              [
                126.8984,
                35.1583
              ],
              [
                126.8982,
                35.1584
              ],
              [
                126.8936,
                35.1604
              ],
              [
                126.8928,
                35.1607
              ],
              [
                126.8923,
                35.1608
              ],
              [
                126.8906,
                35.1608
              ],
              [
                126.8884,
                35.1614
              ],
              [
                126.8878,
                35.1614
              ],
              [
                126.8873,
                35.1623
              ],
              [
                126.8855,
                35.1664
              ],
              [
                126.884,
                35.1685
              ],
              [
                126.8842,
                35.1697
              ],
              [
                126.879,
                35.1709
              ],
              [
                126.8756,
                35.1706
              ],
              [
                126.8756,
                35.1714
              ],
              [
                126.8703,
                35.1717
              ],
              [
                126.8629,
                35.1721
              ],
              [
                126.8607,
                35.1722
              ],
              [
                126.8599,
                35.1723
              ],
              [
                126.8599,
                35.1723
              ],
              [
                126.8596,
                35.1724
              ],
              [
                126.8583,
                35.1727
              ],
              [
                126.853,
                35.1739
              ],
              [
                126.848,
                35.1751
              ],
              [
                126.8479,
                35.1751
              ],
              [
                126.8429,
                35.1762
              ],
              [
                126.8404,
                35.1785
              ],
              [
                126.8387,
                35.1784
              ],
              [
                126.8413,
                35.1818
              ],
              [
                126.8414,
                35.1818
              ],
              [
                126.8448,
                35.1822
              ],
              [
                126.8448,
                35.1821
              ],
              [
                126.8452,
                35.1816
              ],
              [
                126.8456,
                35.1809
              ],
              [
                126.8458,
                35.1806
              ],
              [
                126.8461,
                35.1803
              ],
              [
                126.8461,
                35.1802
              ],
              [
                126.8465,
                35.1799
              ],
              [
                126.8471,
                35.1796
              ],
              [
                126.8493,
                35.1795
              ],
              [
                126.8502,
                35.1796
              ],
              [
                126.8509,
                35.1798
              ],
              [
                126.851,
                35.18
              ],
              [
                126.8513,
                35.1804
              ],
              [
                126.8514,
                35.1812
              ],
              [
                126.8519,
                35.1818
              ],
              [
                126.8526,
                35.1822
              ],
              [
                126.8533,
                35.1824
              ],
              [
                126.8541,
                35.1824
              ],
              [
                126.8547,
                35.1822
              ],
              [
                126.8554,
                35.182
              ],
              [
                126.8559,
                35.182
              ],
              [
                126.856,
                35.182
              ],
              [
                126.8571,
                35.1823
              ],
              [
                126.8578,
                35.1827
              ],
              [
                126.8581,
                35.1828
              ],
              [
                126.8587,
                35.1832
              ],
              [
                126.8604,
                35.1857
              ],
              [
                126.8603,
                35.1863
              ],
              [
                126.8596,
                35.1916
              ],
              [
                126.8593,
                35.1935
              ],
              [
                126.8593,
                35.1935
              ],
              [
                126.8592,
                35.1938
              ],
              [
                126.8592,
                35.1938
              ],
              [
                126.8589,
                35.1944
              ],
              [
                126.8587,
                35.1946
              ],
              [
                126.8587,
                35.1947
              ],
              [
                126.8584,
                35.1949
              ],
              [
                126.8573,
                35.1954
              ],
              [
                126.8554,
                35.1961
              ],
              [
                126.8551,
                35.1961
              ],
              [
                126.8545,
                35.1961
              ],
              [
                126.854,
                35.1961
              ],
              [
                126.8536,
                35.1963
              ],
              [
                126.8533,
                35.1964
              ],
              [
                126.8531,
                35.1965
              ],
              [
                126.853,
                35.1965
              ],
              [
                126.8528,
                35.1966
              ],
              [
                126.8522,
                35.1971
              ],
              [
                126.8521,
                35.1972
              ],
              [
                126.852,
                35.1983
              ],
              [
                126.8531,
                35.1988
              ],
              [
                126.8533,
                35.1989
              ],
              [
                126.8536,
                35.199
              ],
              [
                126.8542,
                35.1995
              ],
              [
                126.8542,
                35.1995
              ],
              [
                126.8548,
                35.2001
              ],
              [
                126.8551,
                35.2006
              ],
              [
                126.8551,
                35.2006
              ],
              [
                126.8551,
                35.2007
              ],
              [
                126.8552,
                35.2009
              ],
              [
                126.8553,
                35.2014
              ],
              [
                126.8553,
                35.2019
              ],
              [
                126.8551,
                35.2055
              ],
              [
                126.8551,
                35.2056
              ],
              [
                126.8551,
                35.2058
              ],
              [
                126.8551,
                35.206
              ],
              [
                126.855,
                35.2063
              ],
              [
                126.8549,
                35.2067
              ],
              [
                126.8548,
                35.207
              ],
              [
                126.8547,
                35.2072
              ],
              [
                126.8545,
                35.2079
              ],
              [
                126.8545,
                35.208
              ],
              [
                126.8544,
                35.2083
              ],
              [
                126.8543,
                35.2085
              ],
              [
                126.8541,
                35.2089
              ],
              [
                126.8536,
                35.2095
              ],
              [
                126.8534,
                35.2098
              ],
              [
                126.853,
                35.2103
              ],
              [
                126.8528,
                35.2104
              ],
              [
                126.8527,
                35.2107
              ],
              [
                126.8526,
                35.211
              ],
              [
                126.8526,
                35.2118
              ],
              [
                126.8527,
                35.2123
              ],
              [
                126.8531,
                35.2137
              ],
              [
                126.8538,
                35.2146
              ],
              [
                126.8545,
                35.2153
              ],
              [
                126.8545,
                35.2154
              ],
              [
                126.8552,
                35.2159
              ],
              [
                126.8558,
                35.2165
              ],
              [
                126.8558,
                35.2165
              ],
              [
                126.8564,
                35.217
              ],
              [
                126.8565,
                35.2171
              ],
              [
                126.8568,
                35.2173
              ],
              [
                126.8569,
                35.2174
              ],
              [
                126.857,
                35.2175
              ],
              [
                126.8566,
                35.2176
              ],
              [
                126.8565,
                35.2177
              ],
              [
                126.8563,
                35.2178
              ],
              [
                126.8561,
                35.2178
              ],
              [
                126.856,
                35.2178
              ],
              [
                126.8558,
                35.2179
              ],
              [
                126.8557,
                35.2179
              ],
              [
                126.8556,
                35.2179
              ],
              [
                126.8554,
                35.2179
              ],
              [
                126.8553,
                35.2179
              ],
              [
                126.8552,
                35.218
              ],
              [
                126.855,
                35.218
              ],
              [
                126.8549,
                35.218
              ],
              [
                126.8536,
                35.218
              ],
              [
                126.8531,
                35.218
              ],
              [
                126.8531,
                35.218
              ],
              [
                126.853,
                35.218
              ],
              [
                126.853,
                35.2195
              ],
              [
                126.853,
                35.2219
              ],
              [
                126.8526,
                35.2219
              ],
              [
                126.8524,
                35.2219
              ],
              [
                126.8486,
                35.222
              ],
              [
                126.8462,
                35.222
              ],
              [
                126.8461,
                35.222
              ],
              [
                126.8461,
                35.2225
              ],
              [
                126.8461,
                35.2226
              ],
              [
                126.8461,
                35.2227
              ],
              [
                126.8461,
                35.2227
              ],
              [
                126.8461,
                35.2228
              ],
              [
                126.8461,
                35.2229
              ],
              [
                126.8461,
                35.223
              ],
              [
                126.8461,
                35.2231
              ],
              [
                126.846,
                35.2232
              ],
              [
                126.846,
                35.2233
              ],
              [
                126.846,
                35.2234
              ],
              [
                126.8459,
                35.2235
              ],
              [
                126.8459,
                35.2235
              ],
              [
                126.8459,
                35.2236
              ],
              [
                126.8447,
                35.2259
              ],
              [
                126.8423,
                35.2251
              ],
              [
                126.8421,
                35.225
              ],
              [
                126.8419,
                35.225
              ],
              [
                126.8417,
                35.2249
              ],
              [
                126.8416,
                35.2249
              ],
              [
                126.8402,
                35.2245
              ],
              [
                126.8382,
                35.2239
              ],
              [
                126.8382,
                35.2239
              ],
              [
                126.838,
                35.224
              ],
              [
                126.8379,
                35.2242
              ],
              [
                126.8378,
                35.2245
              ],
              [
                126.836,
                35.2274
              ],
              [
                126.835,
                35.2288
              ],
              [
                126.8349,
                35.229
              ],
              [
                126.8349,
                35.2291
              ],
              [
                126.8349,
                35.2292
              ],
              [
                126.835,
                35.2295
              ],
              [
                126.8352,
                35.2298
              ],
              [
                126.8352,
                35.2298
              ],
              [
                126.8353,
                35.2299
              ],
              [
                126.8353,
                35.2299
              ],
              [
                126.8369,
                35.23
              ],
              [
                126.8373,
                35.23
              ],
              [
                126.8397,
                35.2319
              ],
              [
                126.8397,
                35.232
              ],
              [
                126.8403,
                35.234
              ],
              [
                126.8408,
                35.2344
              ],
              [
                126.8408,
                35.2344
              ],
              [
                126.8443,
                35.237
              ],
              [
                126.8451,
                35.2371
              ],
              [
                126.8467,
                35.2374
              ],
              [
                126.8473,
                35.2372
              ],
              [
                126.8473,
                35.2371
              ],
              [
                126.8474,
                35.2369
              ],
              [
                126.8481,
                35.2357
              ],
              [
                126.8484,
                35.2359
              ],
              [
                126.8492,
                35.2363
              ],
              [
                126.8503,
                35.2372
              ],
              [
                126.8541,
                35.2385
              ],
              [
                126.8548,
                35.2385
              ],
              [
                126.8559,
                35.2387
              ],
              [
                126.8594,
                35.24
              ],
              [
                126.86,
                35.2403
              ],
              [
                126.86,
                35.2404
              ],
              [
                126.8602,
                35.2405
              ],
              [
                126.8611,
                35.2415
              ],
              [
                126.8611,
                35.2416
              ],
              [
                126.8612,
                35.242
              ],
              [
                126.8612,
                35.2421
              ],
              [
                126.8612,
                35.2423
              ],
              [
                126.8612,
                35.2426
              ],
              [
                126.8612,
                35.2427
              ],
              [
                126.8611,
                35.2427
              ],
              [
                126.8611,
                35.2427
              ],
              [
                126.8611,
                35.2428
              ],
              [
                126.8611,
                35.2429
              ],
              [
                126.8611,
                35.2432
              ],
              [
                126.8612,
                35.2436
              ],
              [
                126.8613,
                35.2438
              ],
              [
                126.8614,
                35.2439
              ],
              [
                126.8614,
                35.244
              ],
              [
                126.8614,
                35.2441
              ],
              [
                126.8625,
                35.2452
              ],
              [
                126.8626,
                35.2453
              ],
              [
                126.8632,
                35.2455
              ],
              [
                126.8639,
                35.2458
              ],
              [
                126.8668,
                35.2462
              ],
              [
                126.8676,
                35.2461
              ],
              [
                126.8679,
                35.2461
              ],
              [
                126.8687,
                35.2461
              ],
              [
                126.8691,
                35.2462
              ],
              [
                126.8695,
                35.2464
              ],
              [
                126.8709,
                35.2473
              ],
              [
                126.8713,
                35.2476
              ],
              [
                126.8766,
                35.2505
              ],
              [
                126.8796,
                35.2515
              ],
              [
                126.8787,
                35.2495
              ],
              [
                126.8786,
                35.2494
              ],
              [
                126.8786,
                35.2491
              ],
              [
                126.8787,
                35.2489
              ],
              [
                126.8788,
                35.2484
              ],
              [
                126.8789,
                35.2483
              ],
              [
                126.8791,
                35.2481
              ],
              [
                126.8792,
                35.248
              ],
              [
                126.8799,
                35.2477
              ],
              [
                126.8801,
                35.2477
              ],
              [
                126.8803,
                35.2476
              ],
              [
                126.8852,
                35.2467
              ],
              [
                126.8873,
                35.2463
              ],
              [
                126.8895,
                35.2467
              ],
              [
                126.8901,
                35.2479
              ],
              [
                126.891,
                35.2494
              ],
              [
                126.8914,
                35.2499
              ],
              [
                126.8914,
                35.2499
              ],
              [
                126.8924,
                35.2504
              ],
              [
                126.893,
                35.2507
              ],
              [
                126.897,
                35.2525
              ],
              [
                126.8975,
                35.2526
              ],
              [
                126.8979,
                35.2527
              ],
              [
                126.8983,
                35.2528
              ],
              [
                126.8987,
                35.253
              ],
              [
                126.9002,
                35.2538
              ],
              [
                126.901,
                35.2546
              ],
              [
                126.9019,
                35.2557
              ],
              [
                126.9021,
                35.256
              ],
              [
                126.9022,
                35.2561
              ],
              [
                126.9028,
                35.2568
              ],
              [
                126.9028,
                35.2568
              ],
              [
                126.9034,
                35.2574
              ],
              [
                126.9041,
                35.2578
              ],
              [
                126.9041,
                35.2578
              ],
              [
                126.9048,
                35.2581
              ],
              [
                126.9055,
                35.2582
              ],
              [
                126.9094,
                35.2584
              ],
              [
                126.9107,
                35.2585
              ],
              [
                126.9111,
                35.2585
              ],
              [
                126.9146,
                35.2582
              ],
              [
                126.915,
                35.2573
              ],
              [
                126.919,
                35.2547
              ],
              [
                126.921,
                35.2534
              ],
              [
                126.9214,
                35.2532
              ],
              [
                126.9215,
                35.2532
              ],
              [
                126.9225,
                35.253
              ],
              [
                126.9245,
                35.2528
              ],
              [
                126.9266,
                35.2526
              ],
              [
                126.9294,
                35.2524
              ],
              [
                126.9313,
                35.2508
              ],
              [
                126.9325,
                35.2493
              ],
              [
                126.9327,
                35.2489
              ],
              [
                126.9328,
                35.2489
              ],
              [
                126.9336,
                35.2474
              ],
              [
                126.9337,
                35.2469
              ],
              [
                126.9338,
                35.2468
              ],
              [
                126.9338,
                35.2468
              ]
            ]
          ]
        ]
      },
      "properties": {
        "name": "북구",
        "base_year": "2018",
        "name_eng": "Buk-gu",
        "code": "24040"
      }
    },
    {
      "type": "Feature",
      "geometry": {
        "type": "MultiPolygon",
        "coordinates": [
          [
            [
              [
                126.7634,
                35.2565
              ],
              [
                126.7639,
                35.2549
              ],
              [
                126.7638,
                35.254
              ],
              [
                126.7637,
                35.2534
              ],
              [
                126.7634,
                35.253
              ],
              [
                126.7634,
                35.253
              ],
              [
                126.7634,
                35.253
              ],
              [
                126.7631,
                35.2527
              ],
              [
                126.7628,
                35.2524
              ],
              [
                126.7614,
                35.2493
              ],
              [
                126.7608,
                35.2474
              ],
              [
                126.7606,
                35.2472
              ],
              [
                126.7594,
                35.2457
              ],
              [
                126.759,
                35.2454
              ],
              [
                126.7568,
                35.2436
              ],
              [
                126.7552,
                35.2411
              ],
              [
                126.7538,
                35.2371
              ],
              [
                126.7539,
                35.2368
              ],
              [
                126.7539,
                35.2368
              ],
              [
                126.7545,
                35.2353
              ],
              [
                126.7546,
                35.2352
              ],
              [
                126.7553,
                35.2344
              ],
              [
                126.7556,
                35.2341
              ],
              [
                126.7557,
                35.2341
              ],
              [
                126.7571,
                35.2337
              ],
              [
                126.7592,
                35.2336
              ],
              [
                126.7603,
                35.234
              ],
              [
                126.7622,
                35.2336
              ],
              [
                126.7683,
                35.2323
              ],
              [
                126.7749,
                35.2305
              ],
              [
                126.7771,
                35.2283
              ],
              [
                126.778,
                35.2275
              ],
              [
                126.7797,
                35.226
              ],
              [
                126.7799,
                35.2259
              ],
              [
                126.78,
                35.2258
              ],
              [
                126.7801,
                35.2257
              ],
              [
                126.7814,
                35.2249
              ],
              [
                126.7843,
                35.2242
              ],
              [
                126.7858,
                35.224
              ],
              [
                126.7876,
                35.2233
              ],
              [
                126.7885,
                35.2241
              ],
              [
                126.7889,
                35.2241
              ],
              [
                126.7895,
                35.2239
              ],
              [
                126.7899,
                35.2237
              ],
              [
                126.7928,
                35.2218
              ],
              [
                126.7929,
                35.2217
              ],
              [
                126.793,
                35.2217
              ],
              [
                126.7934,
                35.221
              ],
              [
                126.794,
                35.2205
              ],
              [
                126.7944,
                35.2203
              ],
              [
                126.7949,
                35.2199
              ],
              [
                126.795,
                35.2199
              ],
              [
                126.7951,
                35.2199
              ],
              [
                126.7951,
                35.2199
              ],
              [
                126.7953,
                35.2198
              ],
              [
                126.7954,
                35.2198
              ],
              [
                126.8021,
                35.2209
              ],
              [
                126.8031,
                35.2211
              ],
              [
                126.8032,
                35.2212
              ],
              [
                126.8044,
                35.2213
              ],
              [
                126.8045,
                35.221
              ],
              [
                126.8046,
                35.2209
              ],
              [
                126.8046,
                35.2206
              ],
              [
                126.8046,
                35.2202
              ],
              [
                126.8046,
                35.22
              ],
              [
                126.8046,
                35.22
              ],
              [
                126.8046,
                35.2198
              ],
              [
                126.8047,
                35.2196
              ],
              [
                126.8047,
                35.2195
              ],
              [
                126.805,
                35.2189
              ],
              [
                126.8052,
                35.2184
              ],
              [
                126.8054,
                35.2183
              ],
              [
                126.8085,
                35.2206
              ],
              [
                126.8103,
                35.2212
              ],
              [
                126.8113,
                35.222
              ],
              [
                126.815,
                35.2241
              ],
              [
                126.8197,
                35.226
              ],
              [
                126.8236,
                35.2257
              ],
              [
                126.8239,
                35.2258
              ],
              [
                126.8239,
                35.2258
              ],
              [
                126.8241,
                35.2259
              ],
              [
                126.825,
                35.227
              ],
              [
                126.825,
                35.2275
              ],
              [
                126.8247,
                35.2292
              ],
              [
                126.8246,
                35.2297
              ],
              [
                126.8243,
                35.2307
              ],
              [
                126.8246,
                35.2315
              ],
              [
                126.8251,
                35.2318
              ],
              [
                126.8253,
                35.2319
              ],
              [
                126.8254,
                35.2319
              ],
              [
                126.8256,
                35.2318
              ],
              [
                126.8256,
                35.2318
              ],
              [
                126.8262,
                35.2315
              ],
              [
                126.827,
                35.2314
              ],
              [
                126.8294,
                35.2306
              ],
              [
                126.8328,
                35.2287
              ],
              [
                126.835,
                35.2288
              ],
              [
                126.836,
                35.2274
              ],
              [
                126.8378,
                35.2245
              ],
              [
                126.8379,
                35.2242
              ],
              [
                126.838,
                35.224
              ],
              [
                126.8382,
                35.2239
              ],
              [
                126.8382,
                35.2239
              ],
              [
                126.8402,
                35.2245
              ],
              [
                126.8416,
                35.2249
              ],
              [
                126.8417,
                35.2249
              ],
              [
                126.8419,
                35.225
              ],
              [
                126.8421,
                35.225
              ],
              [
                126.8423,
                35.2251
              ],
              [
                126.8447,
                35.2259
              ],
              [
                126.8459,
                35.2236
              ],
              [
                126.8459,
                35.2235
              ],
              [
                126.8459,
                35.2235
              ],
              [
                126.846,
                35.2234
              ],
              [
                126.846,
                35.2233
              ],
              [
                126.846,
                35.2232
              ],
              [
                126.8461,
                35.2231
              ],
              [
                126.8461,
                35.223
              ],
              [
                126.8461,
                35.2229
              ],
              [
                126.8461,
                35.2228
              ],
              [
                126.8461,
                35.2227
              ],
              [
                126.8461,
                35.2227
              ],
              [
                126.8461,
                35.2226
              ],
              [
                126.8461,
                35.2225
              ],
              [
                126.8461,
                35.222
              ],
              [
                126.8462,
                35.222
              ],
              [
                126.8486,
                35.222
              ],
              [
                126.8524,
                35.2219
              ],
              [
                126.8526,
                35.2219
              ],
              [
                126.853,
                35.2219
              ],
              [
                126.853,
                35.2195
              ],
              [
                126.853,
                35.218
              ],
              [
                126.8531,
                35.218
              ],
              [
                126.8531,
                35.218
              ],
              [
                126.8536,
                35.218
              ],
              [
                126.8549,
                35.218
              ],
              [
                126.855,
                35.218
              ],
              [
                126.8552,
                35.218
              ],
              [
                126.8553,
                35.2179
              ],
              [
                126.8554,
                35.2179
              ],
              [
                126.8556,
                35.2179
              ],
              [
                126.8557,
                35.2179
              ],
              [
                126.8558,
                35.2179
              ],
              [
                126.856,
                35.2178
              ],
              [
                126.8561,
                35.2178
              ],
              [
                126.8563,
                35.2178
              ],
              [
                126.8565,
                35.2177
              ],
              [
                126.8566,
                35.2176
              ],
              [
                126.857,
                35.2175
              ],
              [
                126.8569,
                35.2174
              ],
              [
                126.8568,
                35.2173
              ],
              [
                126.8565,
                35.2171
              ],
              [
                126.8564,
                35.217
              ],
              [
                126.8558,
                35.2165
              ],
              [
                126.8558,
                35.2165
              ],
              [
                126.8552,
                35.2159
              ],
              [
                126.8545,
                35.2154
              ],
              [
                126.8545,
                35.2153
              ],
              [
                126.8538,
                35.2146
              ],
              [
                126.8531,
                35.2137
              ],
              [
                126.8527,
                35.2123
              ],
              [
                126.8526,
                35.2118
              ],
              [
                126.8526,
                35.211
              ],
              [
                126.8527,
                35.2107
              ],
              [
                126.8528,
                35.2104
              ],
              [
                126.853,
                35.2103
              ],
              [
                126.8534,
                35.2098
              ],
              [
                126.8536,
                35.2095
              ],
              [
                126.8541,
                35.2089
              ],
              [
                126.8543,
                35.2085
              ],
              [
                126.8544,
                35.2083
              ],
              [
                126.8545,
                35.208
              ],
              [
                126.8545,
                35.2079
              ],
              [
                126.8547,
                35.2072
              ],
              [
                126.8548,
                35.207
              ],
              [
                126.8549,
                35.2067
              ],
              [
                126.855,
                35.2063
              ],
              [
                126.8551,
                35.206
              ],
              [
                126.8551,
                35.2058
              ],
              [
                126.8551,
                35.2056
              ],
              [
                126.8551,
                35.2055
              ],
              [
                126.8553,
                35.2019
              ],
              [
                126.8553,
                35.2014
              ],
              [
                126.8552,
                35.2009
              ],
              [
                126.8551,
                35.2007
              ],
              [
                126.8551,
                35.2006
              ],
              [
                126.8551,
                35.2006
              ],
              [
                126.8548,
                35.2001
              ],
              [
                126.8542,
                35.1995
              ],
              [
                126.8542,
                35.1995
              ],
              [
                126.8536,
                35.199
              ],
              [
                126.8533,
                35.1989
              ],
              [
                126.8531,
                35.1988
              ],
              [
                126.852,
                35.1983
              ],
              [
                126.8521,
                35.1972
              ],
              [
                126.8522,
                35.1971
              ],
              [
                126.8528,
                35.1966
              ],
              [
                126.853,
                35.1965
              ],
              [
                126.8531,
                35.1965
              ],
              [
                126.8533,
                35.1964
              ],
              [
                126.8536,
                35.1963
              ],
              [
                126.854,
                35.1961
              ],
              [
                126.8545,
                35.1961
              ],
              [
                126.8551,
                35.1961
              ],
              [
                126.8554,
                35.1961
              ],
              [
                126.8573,
                35.1954
              ],
              [
                126.8584,
                35.1949
              ],
              [
                126.8587,
                35.1947
              ],
              [
                126.8587,
                35.1946
              ],
              [
                126.8589,
                35.1944
              ],
              [
                126.8592,
                35.1938
              ],
              [
                126.8592,
                35.1938
              ],
              [
                126.8593,
                35.1935
              ],
              [
                126.8593,
                35.1935
              ],
              [
                126.8596,
                35.1916
              ],
              [
                126.8603,
                35.1863
              ],
              [
                126.8604,
                35.1857
              ],
              [
                126.8587,
                35.1832
              ],
              [
                126.8581,
                35.1828
              ],
              [
                126.8578,
                35.1827
              ],
              [
                126.8571,
                35.1823
              ],
              [
                126.856,
                35.182
              ],
              [
                126.8559,
                35.182
              ],
              [
                126.8554,
                35.182
              ],
              [
                126.8547,
                35.1822
              ],
              [
                126.8541,
                35.1824
              ],
              [
                126.8533,
                35.1824
              ],
              [
                126.8526,
                35.1822
              ],
              [
                126.8519,
                35.1818
              ],
              [
                126.8514,
                35.1812
              ],
              [
                126.8513,
                35.1804
              ],
              [
                126.851,
                35.18
              ],
              [
                126.8509,
                35.1798
              ],
              [
                126.8502,
                35.1796
              ],
              [
                126.8493,
                35.1795
              ],
              [
                126.8471,
                35.1796
              ],
              [
                126.8465,
                35.1799
              ],
              [
                126.8461,
                35.1802
              ],
              [
                126.8461,
                35.1803
              ],
              [
                126.8458,
                35.1806
              ],
              [
                126.8456,
                35.1809
              ],
              [
                126.8452,
                35.1816
              ],
              [
                126.8448,
                35.1821
              ],
              [
                126.8448,
                35.1822
              ],
              [
                126.8414,
                35.1818
              ],
              [
                126.8413,
                35.1818
              ],
              [
                126.8387,
                35.1784
              ],
              [
                126.838,
                35.1773
              ],
              [
                126.8379,
                35.1771
              ],
              [
                126.8377,
                35.1767
              ],
              [
                126.8377,
                35.1761
              ],
              [
                126.8376,
                35.1738
              ],
              [
                126.8376,
                35.1715
              ],
              [
                126.8376,
                35.1712
              ],
              [
                126.8374,
                35.1708
              ],
              [
                126.8372,
                35.1707
              ],
              [
                126.8369,
                35.1704
              ],
              [
                126.8366,
                35.1703
              ],
              [
                126.8362,
                35.1701
              ],
              [
                126.8362,
                35.1701
              ],
              [
                126.834,
                35.1699
              ],
              [
                126.8328,
                35.1699
              ],
              [
                126.8325,
                35.1698
              ],
              [
                126.8311,
                35.1694
              ],
              [
                126.8303,
                35.1691
              ],
              [
                126.8279,
                35.168
              ],
              [
                126.827,
                35.1673
              ],
              [
                126.8266,
                35.1671
              ],
              [
                126.8251,
                35.1658
              ],
              [
                126.8248,
                35.1652
              ],
              [
                126.8245,
                35.1647
              ],
              [
                126.8245,
                35.1646
              ],
              [
                126.8245,
                35.1627
              ],
              [
                126.8247,
                35.1622
              ],
              [
                126.8252,
                35.1614
              ],
              [
                126.8254,
                35.1612
              ],
              [
                126.8256,
                35.1611
              ],
              [
                126.8259,
                35.1608
              ],
              [
                126.8259,
                35.1608
              ],
              [
                126.8261,
                35.1605
              ],
              [
                126.8257,
                35.1586
              ],
              [
                126.8252,
                35.1578
              ],
              [
                126.8252,
                35.1545
              ],
              [
                126.8253,
                35.154
              ],
              [
                126.8253,
                35.1536
              ],
              [
                126.8261,
                35.1527
              ],
              [
                126.8271,
                35.1519
              ],
              [
                126.8282,
                35.1507
              ],
              [
                126.8285,
                35.1503
              ],
              [
                126.8285,
                35.1502
              ],
              [
                126.8288,
                35.1493
              ],
              [
                126.8289,
                35.1492
              ],
              [
                126.829,
                35.1491
              ],
              [
                126.8291,
                35.1486
              ],
              [
                126.8293,
                35.1472
              ],
              [
                126.8297,
                35.1415
              ],
              [
                126.8297,
                35.1414
              ],
              [
                126.8294,
                35.1408
              ],
              [
                126.8294,
                35.1408
              ],
              [
                126.8285,
                35.1398
              ],
              [
                126.827,
                35.1383
              ],
              [
                126.8242,
                35.1356
              ],
              [
                126.8237,
                35.1352
              ],
              [
                126.8229,
                35.1351
              ],
              [
                126.8223,
                35.135
              ],
              [
                126.8223,
                35.135
              ],
              [
                126.8215,
                35.1347
              ],
              [
                126.8206,
                35.1343
              ],
              [
                126.8203,
                35.1341
              ],
              [
                126.8198,
                35.1337
              ],
              [
                126.8194,
                35.1334
              ],
              [
                126.8192,
                35.1331
              ],
              [
                126.8191,
                35.1329
              ],
              [
                126.819,
                35.1328
              ],
              [
                126.8189,
                35.1323
              ],
              [
                126.8189,
                35.1323
              ],
              [
                126.8188,
                35.1318
              ],
              [
                126.8187,
                35.1317
              ],
              [
                126.8187,
                35.1315
              ],
              [
                126.8187,
                35.1312
              ],
              [
                126.8187,
                35.1311
              ],
              [
                126.8188,
                35.1305
              ],
              [
                126.8189,
                35.1301
              ],
              [
                126.819,
                35.1298
              ],
              [
                126.8193,
                35.1293
              ],
              [
                126.8198,
                35.1289
              ],
              [
                126.8204,
                35.1286
              ],
              [
                126.8209,
                35.1284
              ],
              [
                126.8216,
                35.1278
              ],
              [
                126.822,
                35.1271
              ],
              [
                126.8221,
                35.127
              ],
              [
                126.8222,
                35.1267
              ],
              [
                126.8222,
                35.1266
              ],
              [
                126.8222,
                35.1265
              ],
              [
                126.8221,
                35.1262
              ],
              [
                126.8215,
                35.1251
              ],
              [
                126.8212,
                35.1245
              ],
              [
                126.821,
                35.1243
              ],
              [
                126.821,
                35.1243
              ],
              [
                126.8204,
                35.1239
              ],
              [
                126.8202,
                35.1238
              ],
              [
                126.82,
                35.1237
              ],
              [
                126.8199,
                35.1236
              ],
              [
                126.8196,
                35.1235
              ],
              [
                126.8192,
                35.1233
              ],
              [
                126.8189,
                35.1231
              ],
              [
                126.8186,
                35.1229
              ],
              [
                126.8181,
                35.1226
              ],
              [
                126.8181,
                35.1225
              ],
              [
                126.8177,
                35.1221
              ],
              [
                126.8177,
                35.1221
              ],
              [
                126.8172,
                35.1215
              ],
              [
                126.8169,
                35.1207
              ],
              [
                126.8169,
                35.119
              ],
              [
                126.8169,
                35.1185
              ],
              [
                126.8169,
                35.1184
              ],
              [
                126.817,
                35.1184
              ],
              [
                126.8159,
                35.1169
              ],
              [
                126.8131,
                35.117
              ],
              [
                126.8099,
                35.1167
              ],
              [
                126.8099,
                35.1167
              ],
              [
                126.8098,
                35.1166
              ],
              [
                126.8097,
                35.1163
              ],
              [
                126.8096,
                35.1158
              ],
              [
                126.8095,
                35.1155
              ],
              [
                126.8095,
                35.1152
              ],
              [
                126.8095,
                35.1149
              ],
              [
                126.8095,
                35.1141
              ],
              [
                126.8095,
                35.114
              ],
              [
                126.8096,
                35.114
              ],
              [
                126.8096,
                35.114
              ],
              [
                126.8096,
                35.1138
              ],
              [
                126.8096,
                35.1137
              ],
              [
                126.8097,
                35.1135
              ],
              [
                126.8094,
                35.1126
              ],
              [
                126.8092,
                35.1123
              ],
              [
                126.8069,
                35.1125
              ],
              [
                126.8069,
                35.1125
              ],
              [
                126.8039,
                35.1127
              ],
              [
                126.8028,
                35.1123
              ],
              [
                126.8029,
                35.1115
              ],
              [
                126.803,
                35.111
              ],
              [
                126.8049,
                35.1058
              ],
              [
                126.8051,
                35.1055
              ],
              [
                126.8058,
                35.1039
              ],
              [
                126.8034,
                35.1028
              ],
              [
                126.8016,
                35.1017
              ],
              [
                126.8009,
                35.1009
              ],
              [
                126.8007,
                35.0987
              ],
              [
                126.8006,
                35.0973
              ],
              [
                126.8008,
                35.0967
              ],
              [
                126.8008,
                35.0966
              ],
              [
                126.8011,
                35.0961
              ],
              [
                126.8025,
                35.0935
              ],
              [
                126.8027,
                35.0927
              ],
              [
                126.8026,
                35.0923
              ],
              [
                126.8025,
                35.0922
              ],
              [
                126.8022,
                35.0916
              ],
              [
                126.8013,
                35.0908
              ],
              [
                126.7998,
                35.0899
              ],
              [
                126.7982,
                35.0891
              ],
              [
                126.7979,
                35.0891
              ],
              [
                126.7974,
                35.0891
              ],
              [
                126.796,
                35.088
              ],
              [
                126.7937,
                35.0842
              ],
              [
                126.792,
                35.0826
              ],
              [
                126.7914,
                35.0821
              ],
              [
                126.7914,
                35.0821
              ],
              [
                126.7897,
                35.0801
              ],
              [
                126.7881,
                35.0778
              ],
              [
                126.7877,
                35.077
              ],
              [
                126.7861,
                35.0749
              ],
              [
                126.7859,
                35.0747
              ],
              [
                126.7857,
                35.0746
              ],
              [
                126.7852,
                35.0742
              ],
              [
                126.785,
                35.0741
              ],
              [
                126.7845,
                35.0737
              ],
              [
                126.7842,
                35.0735
              ],
              [
                126.7839,
                35.0733
              ],
              [
                126.7835,
                35.0731
              ],
              [
                126.7825,
                35.0726
              ],
              [
                126.7823,
                35.0724
              ],
              [
                126.7819,
                35.0723
              ],
              [
                126.7815,
                35.0722
              ],
              [
                126.7811,
                35.072
              ],
              [
                126.7803,
                35.0718
              ],
              [
                126.7798,
                35.0717
              ],
              [
                126.7791,
                35.0715
              ],
              [
                126.7789,
                35.0715
              ],
              [
                126.778,
                35.0714
              ],
              [
                126.7778,
                35.0714
              ],
              [
                126.7774,
                35.0714
              ],
              [
                126.7757,
                35.0713
              ],
              [
                126.7753,
                35.0713
              ],
              [
                126.7744,
                35.0711
              ],
              [
                126.7738,
                35.071
              ],
              [
                126.7733,
                35.0709
              ],
              [
                126.7728,
                35.0708
              ],
              [
                126.7723,
                35.0706
              ],
              [
                126.7713,
                35.0702
              ],
              [
                126.7706,
                35.0716
              ],
              [
                126.7688,
                35.0737
              ],
              [
                126.7686,
                35.0738
              ],
              [
                126.7684,
                35.074
              ],
              [
                126.7673,
                35.0752
              ],
              [
                126.7672,
                35.0752
              ],
              [
                126.767,
                35.0755
              ],
              [
                126.7648,
                35.0788
              ],
              [
                126.7652,
                35.0796
              ],
              [
                126.7656,
                35.0805
              ],
              [
                126.7657,
                35.0807
              ],
              [
                126.7657,
                35.0814
              ],
              [
                126.7657,
                35.0818
              ],
              [
                126.7656,
                35.0827
              ],
              [
                126.7655,
                35.0832
              ],
              [
                126.7654,
                35.0834
              ],
              [
                126.7653,
                35.0837
              ],
              [
                126.7651,
                35.0838
              ],
              [
                126.7631,
                35.0862
              ],
              [
                126.7621,
                35.0897
              ],
              [
                126.762,
                35.09
              ],
              [
                126.7619,
                35.091
              ],
              [
                126.7619,
                35.091
              ],
              [
                126.7597,
                35.0915
              ],
              [
                126.7587,
                35.0917
              ],
              [
                126.7583,
                35.0917
              ],
              [
                126.754,
                35.0926
              ],
              [
                126.7531,
                35.0947
              ],
              [
                126.749,
                35.1008
              ],
              [
                126.7467,
                35.1023
              ],
              [
                126.7463,
                35.1025
              ],
              [
                126.7462,
                35.1027
              ],
              [
                126.7452,
                35.1034
              ],
              [
                126.7452,
                35.1034
              ],
              [
                126.7446,
                35.104
              ],
              [
                126.7446,
                35.104
              ],
              [
                126.7432,
                35.1049
              ],
              [
                126.7386,
                35.1075
              ],
              [
                126.7364,
                35.1082
              ],
              [
                126.734,
                35.1113
              ],
              [
                126.7328,
                35.1128
              ],
              [
                126.7327,
                35.1129
              ],
              [
                126.7324,
                35.1129
              ],
              [
                126.7323,
                35.1128
              ],
              [
                126.7321,
                35.1127
              ],
              [
                126.7308,
                35.112
              ],
              [
                126.7306,
                35.1114
              ],
              [
                126.7304,
                35.1104
              ],
              [
                126.7312,
                35.1093
              ],
              [
                126.7313,
                35.1081
              ],
              [
                126.7308,
                35.1077
              ],
              [
                126.7293,
                35.1075
              ],
              [
                126.7284,
                35.1074
              ],
              [
                126.7281,
                35.1074
              ],
              [
                126.7202,
                35.1083
              ],
              [
                126.7195,
                35.1084
              ],
              [
                126.7191,
                35.1086
              ],
              [
                126.7187,
                35.1089
              ],
              [
                126.7181,
                35.1093
              ],
              [
                126.7177,
                35.1096
              ],
              [
                126.7166,
                35.1104
              ],
              [
                126.716,
                35.1107
              ],
              [
                126.7159,
                35.1107
              ],
              [
                126.7157,
                35.1107
              ],
              [
                126.7155,
                35.1107
              ],
              [
                126.7147,
                35.1105
              ],
              [
                126.714,
                35.1103
              ],
              [
                126.7134,
                35.1101
              ],
              [
                126.7127,
                35.1099
              ],
              [
                126.71,
                35.1095
              ],
              [
                126.7091,
                35.1094
              ],
              [
                126.7091,
                35.1094
              ],
              [
                126.7088,
                35.1095
              ],
              [
                126.7086,
                35.1095
              ],
              [
                126.7086,
                35.1095
              ],
              [
                126.7086,
                35.1096
              ],
              [
                126.7072,
                35.111
              ],
              [
                126.7065,
                35.1117
              ],
              [
                126.7055,
                35.1128
              ],
              [
                126.7054,
                35.113
              ],
              [
                126.7027,
                35.1127
              ],
              [
                126.7026,
                35.1127
              ],
              [
                126.7025,
                35.1127
              ],
              [
                126.7025,
                35.1127
              ],
              [
                126.7023,
                35.1126
              ],
              [
                126.7023,
                35.1126
              ],
              [
                126.7016,
                35.1123
              ],
              [
                126.7004,
                35.1103
              ],
              [
                126.7001,
                35.1094
              ],
              [
                126.6984,
                35.108
              ],
              [
                126.6983,
                35.1079
              ],
              [
                126.6975,
                35.1076
              ],
              [
                126.696,
                35.1075
              ],
              [
                126.6934,
                35.1089
              ],
              [
                126.6911,
                35.1106
              ],
              [
                126.6905,
                35.1109
              ],
              [
                126.6902,
                35.1111
              ],
              [
                126.6899,
                35.1112
              ],
              [
                126.6856,
                35.112
              ],
              [
                126.6853,
                35.112
              ],
              [
                126.6853,
                35.112
              ],
              [
                126.6849,
                35.112
              ],
              [
                126.6839,
                35.1117
              ],
              [
                126.6835,
                35.1115
              ],
              [
                126.6833,
                35.1115
              ],
              [
                126.6832,
                35.1114
              ],
              [
                126.6836,
                35.1111
              ],
              [
                126.6839,
                35.1107
              ],
              [
                126.6846,
                35.1094
              ],
              [
                126.6851,
                35.1084
              ],
              [
                126.6844,
                35.1076
              ],
              [
                126.6842,
                35.1076
              ],
              [
                126.6835,
                35.1075
              ],
              [
                126.683,
                35.1074
              ],
              [
                126.6827,
                35.1074
              ],
              [
                126.6827,
                35.1074
              ],
              [
                126.6824,
                35.1074
              ],
              [
                126.6819,
                35.1074
              ],
              [
                126.6816,
                35.1075
              ],
              [
                126.6805,
                35.1075
              ],
              [
                126.68,
                35.1075
              ],
              [
                126.6794,
                35.107
              ],
              [
                126.6782,
                35.106
              ],
              [
                126.677,
                35.1052
              ],
              [
                126.6763,
                35.1049
              ],
              [
                126.6694,
                35.1046
              ],
              [
                126.6686,
                35.1048
              ],
              [
                126.6686,
                35.1048
              ],
              [
                126.6675,
                35.1051
              ],
              [
                126.667,
                35.1064
              ],
              [
                126.667,
                35.1066
              ],
              [
                126.6679,
                35.1067
              ],
              [
                126.669,
                35.1079
              ],
              [
                126.669,
                35.1081
              ],
              [
                126.669,
                35.1085
              ],
              [
                126.6691,
                35.1088
              ],
              [
                126.6691,
                35.109
              ],
              [
                126.6691,
                35.1113
              ],
              [
                126.6654,
                35.1139
              ],
              [
                126.6654,
                35.1139
              ],
              [
                126.6653,
                35.1139
              ],
              [
                126.6634,
                35.1148
              ],
              [
                126.6631,
                35.1148
              ],
              [
                126.6626,
                35.1147
              ],
              [
                126.6624,
                35.1146
              ],
              [
                126.6623,
                35.1145
              ],
              [
                126.6619,
                35.1143
              ],
              [
                126.6615,
                35.1141
              ],
              [
                126.6609,
                35.1138
              ],
              [
                126.6599,
                35.1135
              ],
              [
                126.6575,
                35.1133
              ],
              [
                126.6571,
                35.1133
              ],
              [
                126.6552,
                35.1149
              ],
              [
                126.6554,
                35.1164
              ],
              [
                126.6554,
                35.117
              ],
              [
                126.6552,
                35.1174
              ],
              [
                126.655,
                35.1178
              ],
              [
                126.6543,
                35.1182
              ],
              [
                126.6517,
                35.1205
              ],
              [
                126.6517,
                35.1247
              ],
              [
                126.6519,
                35.1251
              ],
              [
                126.6522,
                35.1255
              ],
              [
                126.6527,
                35.126
              ],
              [
                126.6531,
                35.1265
              ],
              [
                126.6541,
                35.1311
              ],
              [
                126.6545,
                35.1335
              ],
              [
                126.6546,
                35.134
              ],
              [
                126.6549,
                35.1368
              ],
              [
                126.6547,
                35.1371
              ],
              [
                126.6542,
                35.1374
              ],
              [
                126.6533,
                35.1395
              ],
              [
                126.6528,
                35.1409
              ],
              [
                126.6529,
                35.1423
              ],
              [
                126.653,
                35.1432
              ],
              [
                126.6531,
                35.1434
              ],
              [
                126.6531,
                35.1434
              ],
              [
                126.6533,
                35.144
              ],
              [
                126.6505,
                35.1444
              ],
              [
                126.6504,
                35.1443
              ],
              [
                126.6494,
                35.1441
              ],
              [
                126.6486,
                35.144
              ],
              [
                126.6479,
                35.144
              ],
              [
                126.6476,
                35.144
              ],
              [
                126.6473,
                35.1442
              ],
              [
                126.645,
                35.1466
              ],
              [
                126.6455,
                35.1467
              ],
              [
                126.6463,
                35.1468
              ],
              [
                126.6479,
                35.147
              ],
              [
                126.6486,
                35.1471
              ],
              [
                126.6489,
                35.1471
              ],
              [
                126.6491,
                35.1472
              ],
              [
                126.6502,
                35.1477
              ],
              [
                126.6502,
                35.1477
              ],
              [
                126.6506,
                35.148
              ],
              [
                126.6509,
                35.1483
              ],
              [
                126.6511,
                35.149
              ],
              [
                126.6513,
                35.1506
              ],
              [
                126.6524,
                35.1515
              ],
              [
                126.6533,
                35.1525
              ],
              [
                126.6535,
                35.1528
              ],
              [
                126.6535,
                35.1528
              ],
              [
                126.6536,
                35.153
              ],
              [
                126.6529,
                35.1535
              ],
              [
                126.6526,
                35.1537
              ],
              [
                126.6523,
                35.1539
              ],
              [
                126.652,
                35.154
              ],
              [
                126.6518,
                35.1542
              ],
              [
                126.6514,
                35.1548
              ],
              [
                126.6517,
                35.1555
              ],
              [
                126.6522,
                35.1561
              ],
              [
                126.6537,
                35.1575
              ],
              [
                126.6546,
                35.1584
              ],
              [
                126.6543,
                35.1601
              ],
              [
                126.6541,
                35.1603
              ],
              [
                126.6539,
                35.1609
              ],
              [
                126.6537,
                35.1613
              ],
              [
                126.654,
                35.1642
              ],
              [
                126.6541,
                35.1644
              ],
              [
                126.6542,
                35.1646
              ],
              [
                126.6549,
                35.1652
              ],
              [
                126.6558,
                35.1659
              ],
              [
                126.6571,
                35.1666
              ],
              [
                126.6575,
                35.1667
              ],
              [
                126.6584,
                35.1668
              ],
              [
                126.6629,
                35.1675
              ],
              [
                126.6643,
                35.1684
              ],
              [
                126.6655,
                35.1688
              ],
              [
                126.6659,
                35.1689
              ],
              [
                126.666,
                35.1689
              ],
              [
                126.6689,
                35.1695
              ],
              [
                126.6696,
                35.1695
              ],
              [
                126.6699,
                35.1695
              ],
              [
                126.67,
                35.1695
              ],
              [
                126.6704,
                35.1695
              ],
              [
                126.6706,
                35.1697
              ],
              [
                126.6708,
                35.1699
              ],
              [
                126.6711,
                35.1703
              ],
              [
                126.6714,
                35.1708
              ],
              [
                126.6721,
                35.1723
              ],
              [
                126.6721,
                35.1724
              ],
              [
                126.6721,
                35.1731
              ],
              [
                126.6713,
                35.1744
              ],
              [
                126.6709,
                35.1748
              ],
              [
                126.6705,
                35.175
              ],
              [
                126.6703,
                35.175
              ],
              [
                126.6701,
                35.1751
              ],
              [
                126.6697,
                35.175
              ],
              [
                126.6682,
                35.1754
              ],
              [
                126.6626,
                35.1804
              ],
              [
                126.6625,
                35.1809
              ],
              [
                126.6625,
                35.1809
              ],
              [
                126.6627,
                35.1813
              ],
              [
                126.6628,
                35.1815
              ],
              [
                126.6631,
                35.1816
              ],
              [
                126.6633,
                35.1818
              ],
              [
                126.6637,
                35.1822
              ],
              [
                126.6618,
                35.1847
              ],
              [
                126.6612,
                35.1852
              ],
              [
                126.6603,
                35.1856
              ],
              [
                126.6592,
                35.186
              ],
              [
                126.6585,
                35.1861
              ],
              [
                126.6579,
                35.1863
              ],
              [
                126.6577,
                35.1865
              ],
              [
                126.6559,
                35.1883
              ],
              [
                126.6554,
                35.189
              ],
              [
                126.6555,
                35.1893
              ],
              [
                126.6554,
                35.1895
              ],
              [
                126.6547,
                35.1906
              ],
              [
                126.6545,
                35.1908
              ],
              [
                126.6533,
                35.1924
              ],
              [
                126.6532,
                35.1925
              ],
              [
                126.6535,
                35.1928
              ],
              [
                126.654,
                35.1931
              ],
              [
                126.6545,
                35.1934
              ],
              [
                126.6562,
                35.1941
              ],
              [
                126.6567,
                35.1938
              ],
              [
                126.657,
                35.1934
              ],
              [
                126.6591,
                35.1923
              ],
              [
                126.6642,
                35.1924
              ],
              [
                126.6681,
                35.1926
              ],
              [
                126.6682,
                35.1927
              ],
              [
                126.6684,
                35.1929
              ],
              [
                126.669,
                35.1936
              ],
              [
                126.6691,
                35.1938
              ],
              [
                126.6693,
                35.1939
              ],
              [
                126.6698,
                35.1944
              ],
              [
                126.6721,
                35.1943
              ],
              [
                126.6725,
                35.1939
              ],
              [
                126.6733,
                35.1931
              ],
              [
                126.6741,
                35.192
              ],
              [
                126.6744,
                35.1912
              ],
              [
                126.676,
                35.1907
              ],
              [
                126.6764,
                35.1908
              ],
              [
                126.6771,
                35.191
              ],
              [
                126.6773,
                35.1915
              ],
              [
                126.6776,
                35.1931
              ],
              [
                126.6777,
                35.1936
              ],
              [
                126.6777,
                35.1939
              ],
              [
                126.6775,
                35.1977
              ],
              [
                126.6774,
                35.2014
              ],
              [
                126.6776,
                35.2025
              ],
              [
                126.6777,
                35.2029
              ],
              [
                126.6781,
                35.2032
              ],
              [
                126.6788,
                35.2037
              ],
              [
                126.679,
                35.2037
              ],
              [
                126.6792,
                35.2037
              ],
              [
                126.6794,
                35.2037
              ],
              [
                126.6797,
                35.2038
              ],
              [
                126.6798,
                35.2039
              ],
              [
                126.68,
                35.204
              ],
              [
                126.6826,
                35.2086
              ],
              [
                126.6835,
                35.2091
              ],
              [
                126.6845,
                35.2098
              ],
              [
                126.6846,
                35.2101
              ],
              [
                126.6848,
                35.2111
              ],
              [
                126.685,
                35.2119
              ],
              [
                126.6857,
                35.2136
              ],
              [
                126.6861,
                35.2142
              ],
              [
                126.6866,
                35.2148
              ],
              [
                126.6871,
                35.2152
              ],
              [
                126.6871,
                35.2152
              ],
              [
                126.6871,
                35.2152
              ],
              [
                126.6877,
                35.2151
              ],
              [
                126.6879,
                35.215
              ],
              [
                126.688,
                35.2148
              ],
              [
                126.6904,
                35.215
              ],
              [
                126.6906,
                35.2145
              ],
              [
                126.6907,
                35.2144
              ],
              [
                126.6915,
                35.2131
              ],
              [
                126.6915,
                35.2131
              ],
              [
                126.6915,
                35.2131
              ],
              [
                126.6967,
                35.2098
              ],
              [
                126.7026,
                35.2076
              ],
              [
                126.7026,
                35.2076
              ],
              [
                126.703,
                35.2077
              ],
              [
                126.7071,
                35.2101
              ],
              [
                126.7099,
                35.2119
              ],
              [
                126.7107,
                35.2123
              ],
              [
                126.713,
                35.2122
              ],
              [
                126.715,
                35.212
              ],
              [
                126.7153,
                35.2121
              ],
              [
                126.7157,
                35.2121
              ],
              [
                126.7177,
                35.2124
              ],
              [
                126.7177,
                35.2124
              ],
              [
                126.7177,
                35.2124
              ],
              [
                126.7185,
                35.2132
              ],
              [
                126.7202,
                35.216
              ],
              [
                126.7207,
                35.2188
              ],
              [
                126.7192,
                35.2213
              ],
              [
                126.7192,
                35.2213
              ],
              [
                126.7191,
                35.2214
              ],
              [
                126.7187,
                35.2216
              ],
              [
                126.7185,
                35.2218
              ],
              [
                126.7187,
                35.2223
              ],
              [
                126.7187,
                35.2226
              ],
              [
                126.7201,
                35.2253
              ],
              [
                126.7222,
                35.2277
              ],
              [
                126.7233,
                35.2287
              ],
              [
                126.7241,
                35.2302
              ],
              [
                126.7241,
                35.2302
              ],
              [
                126.7236,
                35.2307
              ],
              [
                126.7242,
                35.2324
              ],
              [
                126.7252,
                35.2342
              ],
              [
                126.7257,
                35.235
              ],
              [
                126.7263,
                35.2358
              ],
              [
                126.727,
                35.2365
              ],
              [
                126.7279,
                35.2364
              ],
              [
                126.7279,
                35.2364
              ],
              [
                126.7291,
                35.2373
              ],
              [
                126.7299,
                35.2391
              ],
              [
                126.7304,
                35.2407
              ],
              [
                126.7304,
                35.2408
              ],
              [
                126.7301,
                35.2418
              ],
              [
                126.7299,
                35.2433
              ],
              [
                126.7299,
                35.2434
              ],
              [
                126.73,
                35.2436
              ],
              [
                126.7301,
                35.2438
              ],
              [
                126.7323,
                35.2465
              ],
              [
                126.7329,
                35.2472
              ],
              [
                126.7343,
                35.2486
              ],
              [
                126.7352,
                35.2495
              ],
              [
                126.7353,
                35.2496
              ],
              [
                126.7363,
                35.2507
              ],
              [
                126.7371,
                35.2519
              ],
              [
                126.7372,
                35.252
              ],
              [
                126.7372,
                35.2521
              ],
              [
                126.7372,
                35.2526
              ],
              [
                126.7372,
                35.2529
              ],
              [
                126.7384,
                35.2521
              ],
              [
                126.7389,
                35.2518
              ],
              [
                126.7397,
                35.2514
              ],
              [
                126.7404,
                35.2512
              ],
              [
                126.7413,
                35.251
              ],
              [
                126.7419,
                35.251
              ],
              [
                126.744,
                35.2517
              ],
              [
                126.7474,
                35.2529
              ],
              [
                126.7479,
                35.2531
              ],
              [
                126.7484,
                35.2533
              ],
              [
                126.749,
                35.2543
              ],
              [
                126.7491,
                35.2546
              ],
              [
                126.7492,
                35.255
              ],
              [
                126.7494,
                35.2555
              ],
              [
                126.7495,
                35.2559
              ],
              [
                126.7505,
                35.2564
              ],
              [
                126.7514,
                35.2566
              ],
              [
                126.7519,
                35.2568
              ],
              [
                126.7527,
                35.2569
              ],
              [
                126.7533,
                35.2567
              ],
              [
                126.7542,
                35.2566
              ],
              [
                126.7551,
                35.2565
              ],
              [
                126.7571,
                35.2578
              ],
              [
                126.7579,
                35.2584
              ],
              [
                126.7603,
                35.2587
              ],
              [
                126.7634,
                35.2565
              ]
            ]
          ]
        ]
      },
      "properties": {
        "name": "광산구",
        "base_year": "2018",
        "name_eng": "Gwangsan-gu",
        "code": "24050"
      }
    }
  ]
}
