{
  "type": "FeatureCollection",
  "features": [
    {
      "type": "Feature",
      "geometry": {
        "type": "MultiPolygon",
        "coordinates": [
          [
            [
              [
                126.1474,
                33.3098
              ],
              [
                126.1453,
                33.3097
              ],
              [
                126.1437,
                33.3112
              ],
              [
                126.1439,
                33.3118
              ],
              [
                126.148,
                33.3132
              ],
              [
                126.1511,
                33.3137
              ],
              [
                126.1511,
                33.3137
              ],
              [
                126.1511,
                33.3137
              ],
              [
                126.1512,
                33.3137
              ],
              [
                126.1514,
                33.3137
              ],
              [
                126.1514,
                33.3136
              ],
              [
                126.1515,
                33.3136
              ],
              [
                126.1516,
                33.3136
              ],
              [
                126.1516,
                33.3136
              ],
              [
                126.1516,
                33.3136
              ],
              [
                126.1516,
                33.3135
              ],
              [
                126.1517,
                33.3135
              ],
              [
                126.1518,
                33.3134
              ],
              [
                126.1524,
                33.313
              ],
              [
                126.1528,
                33.3126
              ],
              [
                126.1535,
                33.3119
              ],
              [
                126.1535,
                33.3119
              ],
              [
                126.1535,
                33.3119
              ],
              [
                126.1536,
                33.3117
              ],
              [
                126.1536,
                33.3117
              ],
              [
                126.1536,
                33.3114
              ],
              [
                126.1536,
                33.3114
              ],
              [
                126.1536,
                33.3113
              ],
              [
                126.1536,
                33.3113
              ],
              [
                126.1536,
                33.3113
              ],
              [
                126.1536,
                33.3113
              ],
              [
                126.1535,
                33.3112
              ],
              [
                126.1535,
                33.3112
              ],
              [
                126.1501,
                33.31
              ],
              [
                126.1485,
                33.3098
              ],
              [
                126.148,
                33.3098
              ],
              [
                126.1477,
                33.3098
              ],
              [
                126.1474,
                33.3098
              ]
            ]
          ],
          [
            [
              [
                126.2289,
                33.4121
              ],
              [
                126.229,
                33.4121
              ],
              [
                126.2291,
                33.4121
              ],
              [
                126.2291,
                33.4121
              ],
              [
                126.2291,
                33.4121
              ],
              [
                126.2291,
                33.4121
              ],
              [
                126.2291,
                33.4121
              ],
              [
                126.2291,
                33.4121
              ],
              [
                126.2291,
                33.4121
              ],
              [
                126.2291,
                33.4121
              ],
              [
                126.2291,
                33.4121
              ],
              [
                126.2291,
                33.4121
              ],
              [
                126.2291,
                33.4121
              ],
              [
                126.2291,
                33.4121
              ],
              [
                126.2291,
                33.4121
              ],
              [
                126.2292,
                33.4121
              ],
              [
                126.2292,
                33.4121
              ],
              [
                126.2292,
                33.4121
              ],
              [
                126.2292,
                33.4121
              ],
              [
                126.2292,
                33.4121
              ],
              [
                126.2292,
                33.4121
              ],
              [
                126.2292,
                33.4121
              ],
              [
                126.2292,
                33.4121
              ],
              [
                126.2292,
                33.4121
              ],
              [
                126.2292,
                33.4121
              ],
              [
                126.2292,
                33.4121
              ],
              [
                126.2292,
                33.4121
              ],
              [
                126.2292,
                33.4121
              ],
              [
                126.2292,
                33.4121
              ],
              [
                126.2292,
                33.4121
              ],
              [
                126.2292,
                33.4121
              ],
              [
                126.2292,
                33.4121
              ],
              [
                126.2292,
                33.4121
              ],
              [
                126.2297,
                33.4118
              ],
              [
                126.2298,
                33.4118
              ],
              [
                126.2298,
                33.4118
              ],
              [
                126.2298,
                33.4118
              ],
              [
                126.2298,
                33.4118
              ],
              [
                126.2298,
                33.4118
              ],
              [
                126.2298,
                33.4118
              ],
              [
                126.2298,
                33.4118
              ],
              [
                126.2298,
                33.4118
              ],
              [
                126.2298,
                33.4118
              ],
              [
                126.2303,
                33.4116
              ],
              [
                126.2307,
                33.4115
              ],
              [
                126.2307,
                33.4115
              ],
              [
                126.2307,
                33.4115
              ],
              [
                126.2307,
                33.4115
              ],
              [
                126.2307,
                33.4115
              ],
              [
                126.2307,
                33.4115
              ],
              [
                126.2307,
                33.4115
              ],
              [
                126.2307,
                33.4115
              ],
              [
                126.2307,
                33.4115
              ],
              [
                126.2307,
                33.4115
              ],
              [
                126.2307,
                33.4115
              ],
              [
                126.2307,
                33.4114
              ],
              [
                126.2307,
                33.4114
              ],
              [
                126.2308,
                33.4114
              ],
              [
                126.2308,
                33.4114
              ],
              [
                126.2308,
                33.4114
              ],
              [
                126.2308,
                33.4114
              ],
              [
                126.2308,
                33.4114
              ],
              [
                126.2308,
                33.4114
              ],
              [
                126.2308,
                33.4114
              ],
              [
                126.2308,
                33.4113
              ],
              [
                126.2309,
                33.4113
              ],
              [
                126.2309,
                33.4113
              ],
              [
                126.2309,
                33.4113
              ],
              [
                126.2309,
                33.4113
              ],
              [
                126.2309,
                33.4113
              ],
              [
                126.2309,
                33.4113
              ],
              [
                126.2312,
                33.4111
              ],
              [
                126.2314,
                33.411
              ],
              [
                126.2321,
                33.4101
              ],
              [
                126.2321,
                33.4101
              ],
              [
                126.2321,
                33.4101
              ],
              [
                126.2321,
                33.4101
              ],
              [
                126.2321,
                33.4101
              ],
              [
                126.2321,
                33.4101
              ],
              [
                126.2321,
                33.41
              ],
              [
                126.2321,
                33.41
              ],
              [
                126.2321,
                33.41
              ],
              [
                126.2322,
                33.41
              ],
              [
                126.2322,
                33.41
              ],
              [
                126.2322,
                33.41
              ],
              [
                126.2322,
                33.41
              ],
              [
                126.2322,
                33.41
              ],
              [
                126.2322,
                33.41
              ],
              [
                126.2322,
                33.41
              ],
              [
                126.2322,
                33.41
              ],
              [
                126.2322,
                33.41
              ],
              [
                126.2322,
                33.41
              ],
              [
                126.2322,
                33.41
              ],
              [
                126.2322,
                33.41
              ],
              [
                126.2322,
                33.41
              ],
              [
                126.2322,
                33.41
              ],
              [
                126.2322,
                33.41
              ],
              [
                126.2322,
                33.41
              ],
              [
                126.2322,
                33.41
              ],
              [
                126.2322,
                33.41
              ],
              [
                126.2322,
                33.4099
              ],
              [
                126.2322,
                33.4099
              ],
              [
                126.2322,
                33.4099
              ],
              [
                126.2322,
                33.4099
              ],
              [
                126.2322,
                33.4099
              ],
              [
                126.2322,
                33.4099
              ],
              [
                126.2322,
                33.4099
              ],
              [
                126.2322,
                33.4099
              ],
              [
                126.2322,
                33.4099
              ],
              [
                126.2322,
                33.4099
              ],
              [
                126.2322,
                33.4099
              ],
              [
                126.2322,
                33.4099
              ],
              [
                126.2322,
                33.4099
              ],
              [
                126.2321,
                33.4099
              ],
              [
                126.2321,
                33.4099
              ],
              [
                126.2321,
                33.4099
              ],
              [
                126.2321,
                33.4099
              ],
              [
                126.2321,
                33.4099
              ],
              [
                126.2321,
                33.4099
              ],
              [
                126.2321,
                33.4099
              ],
              [
                126.2321,
                33.4099
              ],
              [
                126.2321,
                33.4099
              ],
              [
                126.2321,
                33.4099
              ],
              [
                126.2321,
                33.4099
              ],
              [
                126.2321,
                33.4099
              ],
              [
                126.2321,
                33.4099
              ],
              [
                126.2321,
                33.4099
              ],
              [
                126.2321,
                33.4098
              ],
              [
                126.2321,
                33.4098
              ],
              [
                126.2321,
                33.4098
              ],
              [
                126.2321,
                33.4098
              ],
              [
                126.2321,
                33.4098
              ],
              [
                126.2321,
                33.4098
              ],
              [
                126.2321,
                33.4098
              ],
              [
                126.2321,
                33.4098
              ],
              [
                126.2321,
                33.4098
              ],
              [
                126.2321,
                33.4098
              ],
              [
                126.2321,
                33.4098
              ],
              [
                126.2321,
                33.4098
              ],
              [
                126.2321,
                33.4098
              ],
              [
                126.2321,
                33.4098
              ],
              [
                126.2321,
                33.4098
              ],
              [
                126.2321,
                33.4098
              ],
              [
                126.2321,
                33.4098
              ],
              [
                126.232,
                33.4098
              ],
              [
                126.232,
                33.4098
              ],
              [
                126.232,
                33.4098
              ],
              [
                126.232,
                33.4098
              ],
              [
                126.232,
                33.4098
              ],
              [
                126.232,
                33.4098
              ],
              [
                126.232,
                33.4098
              ],
              [
                126.232,
                33.4098
              ],
              [
                126.232,
                33.4098
              ],
              [
                126.232,
                33.4097
              ],
              [
                126.232,
                33.4097
              ],
              [
                126.232,
                33.4097
              ],
              [
                126.232,
                33.4097
              ],
              [
                126.232,
                33.4097
              ],
              [
                126.232,
                33.4097
              ],
              [
                126.232,
                33.4097
              ],
              [
                126.232,
                33.4097
              ],
              [
                126.232,
                33.4097
              ],
              [
                126.232,
                33.4097
              ],
              [
                126.232,
                33.4097
              ],
              [
                126.232,
                33.4097
              ],
              [
                126.232,
                33.4097
              ],
              [
                126.232,
                33.4095
              ],
              [
                126.232,
                33.4095
              ],
              [
                126.2321,
                33.4093
              ],
              [
                126.2321,
                33.4093
              ],
              [
                126.2321,
                33.4093
              ],
              [
                126.2321,
                33.4093
              ],
              [
                126.2321,
                33.4093
              ],
              [
                126.2321,
                33.4093
              ],
              [
                126.2321,
                33.4093
              ],
              [
                126.2321,
                33.4093
              ],
              [
                126.2321,
                33.4093
              ],
              [
                126.2321,
                33.4093
              ],
              [
                126.2321,
                33.4088
              ],
              [
                126.232,
                33.4082
              ],
              [
                126.232,
                33.4081
              ],
              [
                126.2319,
                33.4076
              ],
              [
                126.2319,
                33.4075
              ],
              [
                126.2319,
                33.4075
              ],
              [
                126.2319,
                33.4075
              ],
              [
                126.2319,
                33.4075
              ],
              [
                126.2319,
                33.4075
              ],
              [
                126.2319,
                33.4075
              ],
              [
                126.2319,
                33.4075
              ],
              [
                126.2319,
                33.4075
              ],
              [
                126.2319,
                33.4075
              ],
              [
                126.2319,
                33.4075
              ],
              [
                126.2319,
                33.4074
              ],
              [
                126.2319,
                33.4074
              ],
              [
                126.2318,
                33.4074
              ],
              [
                126.2318,
                33.4074
              ],
              [
                126.2318,
                33.4074
              ],
              [
                126.2315,
                33.4068
              ],
              [
                126.2312,
                33.4064
              ],
              [
                126.2308,
                33.406
              ],
              [
                126.2306,
                33.406
              ],
              [
                126.2297,
                33.4061
              ],
              [
                126.2297,
                33.4061
              ],
              [
                126.2297,
                33.4061
              ],
              [
                126.2297,
                33.4061
              ],
              [
                126.2297,
                33.4061
              ],
              [
                126.2297,
                33.4061
              ],
              [
                126.2297,
                33.4061
              ],
              [
                126.2297,
                33.4061
              ],
              [
                126.2297,
                33.4061
              ],
              [
                126.2297,
                33.4061
              ],
              [
                126.2297,
                33.4061
              ],
              [
                126.2297,
                33.4061
              ],
              [
                126.2297,
                33.4061
              ],
              [
                126.2295,
                33.406
              ],
              [
                126.2294,
                33.4058
              ],
              [
                126.2294,
                33.4058
              ],
              [
                126.2294,
                33.4058
              ],
              [
                126.2294,
                33.4058
              ],
              [
                126.2292,
                33.4056
              ],
              [
                126.2291,
                33.4055
              ],
              [
                126.2291,
                33.4054
              ],
              [
                126.2291,
                33.4053
              ],
              [
                126.2291,
                33.4053
              ],
              [
                126.2291,
                33.4053
              ],
              [
                126.2291,
                33.4053
              ],
              [
                126.228,
                33.4049
              ],
              [
                126.228,
                33.4049
              ],
              [
                126.228,
                33.4049
              ],
              [
                126.228,
                33.4049
              ],
              [
                126.2279,
                33.405
              ],
              [
                126.2279,
                33.405
              ],
              [
                126.2279,
                33.405
              ],
              [
                126.2279,
                33.405
              ],
              [
                126.2279,
                33.405
              ],
              [
                126.2276,
                33.405
              ],
              [
                126.2276,
                33.405
              ],
              [
                126.2275,
                33.405
              ],
              [
                126.2275,
                33.405
              ],
              [
                126.2275,
                33.405
              ],
              [
                126.2275,
                33.405
              ],
              [
                126.2272,
                33.405
              ],
              [
                126.2272,
                33.405
              ],
              [
                126.2271,
                33.405
              ],
              [
                126.2271,
                33.405
              ],
              [
                126.2271,
                33.405
              ],
              [
                126.2271,
                33.405
              ],
              [
                126.2271,
                33.405
              ],
              [
                126.2271,
                33.405
              ],
              [
                126.2271,
                33.405
              ],
              [
                126.227,
                33.405
              ],
              [
                126.227,
                33.405
              ],
              [
                126.227,
                33.405
              ],
              [
                126.227,
                33.405
              ],
              [
                126.227,
                33.405
              ],
              [
                126.227,
                33.405
              ],
              [
                126.227,
                33.405
              ],
              [
                126.227,
                33.405
              ],
              [
                126.2269,
                33.405
              ],
              [
                126.2269,
                33.405
              ],
              [
                126.2269,
                33.405
              ],
              [
                126.2269,
                33.405
              ],
              [
                126.2268,
                33.4049
              ],
              [
                126.2268,
                33.4049
              ],
              [
                126.2268,
                33.4049
              ],
              [
                126.2268,
                33.4049
              ],
              [
                126.2268,
                33.4049
              ],
              [
                126.2267,
                33.4049
              ],
              [
                126.2267,
                33.4049
              ],
              [
                126.2267,
                33.4049
              ],
              [
                126.2267,
                33.4049
              ],
              [
                126.2267,
                33.4049
              ],
              [
                126.2267,
                33.4049
              ],
              [
                126.2267,
                33.4049
              ],
              [
                126.2267,
                33.4049
              ],
              [
                126.2266,
                33.4049
              ],
              [
                126.2266,
                33.4049
              ],
              [
                126.2266,
                33.4049
              ],
              [
                126.2266,
                33.4049
              ],
              [
                126.2266,
                33.4049
              ],
              [
                126.2266,
                33.4049
              ],
              [
                126.2266,
                33.4049
              ],
              [
                126.2266,
                33.4049
              ],
              [
                126.2266,
                33.4049
              ],
              [
                126.2266,
                33.4049
              ],
              [
                126.2266,
                33.4049
              ],
              [
                126.2266,
                33.4048
              ],
              [
                126.2266,
                33.4048
              ],
              [
                126.2266,
                33.4048
              ],
              [
                126.2265,
                33.4048
              ],
              [
                126.2265,
                33.4048
              ],
              [
                126.2265,
                33.4048
              ],
              [
                126.2265,
                33.4048
              ],
              [
                126.2265,
                33.4048
              ],
              [
                126.2265,
                33.4048
              ],
              [
                126.2265,
                33.4048
              ],
              [
                126.2265,
                33.4048
              ],
              [
                126.2264,
                33.4047
              ],
              [
                126.2264,
                33.4047
              ],
              [
                126.2263,
                33.4046
              ],
              [
                126.2263,
                33.4046
              ],
              [
                126.2263,
                33.4046
              ],
              [
                126.2263,
                33.4046
              ],
              [
                126.2263,
                33.4046
              ],
              [
                126.2263,
                33.4046
              ],
              [
                126.2263,
                33.4046
              ],
              [
                126.2263,
                33.4046
              ],
              [
                126.2263,
                33.4046
              ],
              [
                126.2263,
                33.4046
              ],
              [
                126.2263,
                33.4045
              ],
              [
                126.2263,
                33.4045
              ],
              [
                126.2263,
                33.4045
              ],
              [
                126.2263,
                33.4045
              ],
              [
                126.2263,
                33.4045
              ],
              [
                126.2263,
                33.4045
              ],
              [
                126.2263,
                33.4045
              ],
              [
                126.2263,
                33.4045
              ],
              [
                126.2263,
                33.4045
              ],
              [
                126.2263,
                33.4045
              ],
              [
                126.2263,
                33.4045
              ],
              [
                126.2263,
                33.4045
              ],
              [
                126.2263,
                33.4045
              ],
              [
                126.2263,
                33.4045
              ],
              [
                126.2263,
                33.4045
              ],
              [
                126.2263,
                33.4045
              ],
              [
                126.2263,
                33.4045
              ],
              [
                126.2263,
                33.4045
              ],
              [
                126.2263,
                33.4045
              ],
              [
                126.2263,
                33.4045
              ],
              [
                126.2263,
                33.4045
              ],
              [
                126.2263,
                33.4044
              ],
              [
                126.2263,
                33.4044
              ],
              [
                126.2263,
                33.4044
              ],
              [
                126.2263,
                33.4044
              ],
              [
                126.2263,
                33.4042
              ],
              [
                126.2254,
                33.4042
              ],
              [
                126.2254,
                33.4042
              ],
              [
                126.2254,
                33.4042
              ],
              [
                126.2254,
                33.4042
              ],
              [
                126.2254,
                33.4042
              ],
              [
                126.2254,
                33.4042
              ],
              [
                126.2254,
                33.4042
              ],
              [
                126.2254,
                33.4042
              ],
              [
                126.2254,
                33.4042
              ],
              [
                126.2254,
                33.4042
              ],
              [
                126.2254,
                33.4042
              ],
              [
                126.2254,
                33.4042
              ],
              [
                126.2253,
                33.4042
              ],
              [
                126.2253,
                33.4042
              ],
              [
                126.2253,
                33.4042
              ],
              [
                126.2253,
                33.4042
              ],
              [
                126.2253,
                33.4042
              ],
              [
                126.2253,
                33.4042
              ],
              [
                126.2253,
                33.4042
              ],
              [
                126.2253,
                33.4042
              ],
              [
                126.2253,
                33.4042
              ],
              [
                126.2253,
                33.4042
              ],
              [
                126.2253,
                33.4042
              ],
              [
                126.2253,
                33.4042
              ],
              [
                126.2253,
                33.4043
              ],
              [
                126.2253,
                33.4043
              ],
              [
                126.2253,
                33.4043
              ],
              [
                126.2253,
                33.4043
              ],
              [
                126.2253,
                33.4043
              ],
              [
                126.2253,
                33.4043
              ],
              [
                126.2253,
                33.4043
              ],
              [
                126.2253,
                33.4043
              ],
              [
                126.2252,
                33.4043
              ],
              [
                126.2252,
                33.4043
              ],
              [
                126.2252,
                33.4043
              ],
              [
                126.2252,
                33.4043
              ],
              [
                126.2252,
                33.4043
              ],
              [
                126.2246,
                33.4047
              ],
              [
                126.2246,
                33.4047
              ],
              [
                126.2246,
                33.4047
              ],
              [
                126.2246,
                33.4047
              ],
              [
                126.2246,
                33.4047
              ],
              [
                126.2246,
                33.4047
              ],
              [
                126.2246,
                33.4047
              ],
              [
                126.2246,
                33.4047
              ],
              [
                126.2246,
                33.4047
              ],
              [
                126.2246,
                33.4047
              ],
              [
                126.2246,
                33.4047
              ],
              [
                126.2246,
                33.4048
              ],
              [
                126.2246,
                33.4048
              ],
              [
                126.2246,
                33.4048
              ],
              [
                126.2246,
                33.4048
              ],
              [
                126.2246,
                33.4048
              ],
              [
                126.2246,
                33.4048
              ],
              [
                126.2246,
                33.4048
              ],
              [
                126.2246,
                33.4048
              ],
              [
                126.2246,
                33.4048
              ],
              [
                126.2246,
                33.4048
              ],
              [
                126.2246,
                33.4048
              ],
              [
                126.2246,
                33.4048
              ],
              [
                126.2246,
                33.4048
              ],
              [
                126.2246,
                33.4048
              ],
              [
                126.2246,
                33.4048
              ],
              [
                126.2246,
                33.4048
              ],
              [
                126.2246,
                33.4048
              ],
              [
                126.2246,
                33.4048
              ],
              [
                126.2246,
                33.4049
              ],
              [
                126.2246,
                33.4049
              ],
              [
                126.2246,
                33.4049
              ],
              [
                126.2246,
                33.4049
              ],
              [
                126.2246,
                33.4049
              ],
              [
                126.2246,
                33.4049
              ],
              [
                126.2246,
                33.4049
              ],
              [
                126.2235,
                33.4054
              ],
              [
                126.2233,
                33.4054
              ],
              [
                126.2232,
                33.4055
              ],
              [
                126.2225,
                33.4059
              ],
              [
                126.2224,
                33.4101
              ],
              [
                126.2228,
                33.4116
              ],
              [
                126.2234,
                33.4118
              ],
              [
                126.2235,
                33.4117
              ],
              [
                126.2236,
                33.4117
              ],
              [
                126.2236,
                33.4117
              ],
              [
                126.2238,
                33.4116
              ],
              [
                126.2239,
                33.4116
              ],
              [
                126.2255,
                33.4119
              ],
              [
                126.2257,
                33.4119
              ],
              [
                126.2273,
                33.4125
              ],
              [
                126.2279,
                33.4124
              ],
              [
                126.2279,
                33.4124
              ],
              [
                126.2279,
                33.4123
              ],
              [
                126.2281,
                33.4123
              ],
              [
                126.2281,
                33.4123
              ],
              [
                126.2281,
                33.4123
              ],
              [
                126.2281,
                33.4123
              ],
              [
                126.2281,
                33.4123
              ],
              [
                126.2281,
                33.4123
              ],
              [
                126.2281,
                33.4123
              ],
              [
                126.2281,
                33.4123
              ],
              [
                126.2281,
                33.4123
              ],
              [
                126.2281,
                33.4123
              ],
              [
                126.2281,
                33.4123
              ],
              [
                126.2282,
                33.4122
              ],
              [
                126.2282,
                33.4122
              ],
              [
                126.2287,
                33.4121
              ],
              [
                126.2288,
                33.4121
              ],
              [
                126.2288,
                33.4121
              ],
              [
                126.2288,
                33.4121
              ],
              [
                126.2288,
                33.4121
              ],
              [
                126.2288,
                33.4121
              ],
              [
                126.2288,
                33.4121
              ],
              [
                126.2288,
                33.4121
              ],
              [
                126.2288,
                33.4121
              ],
              [
                126.2288,
                33.4121
              ],
              [
                126.2289,
                33.4121
              ],
              [
                126.2289,
                33.4121
              ]
            ]
          ],
          [
            [
              [
                126.2245,
                33.4179
              ],
              [
                126.2245,
                33.4179
              ],
              [
                126.2245,
                33.4179
              ],
              [
                126.2245,
                33.4179
              ],
              [
                126.2245,
                33.4179
              ],
              [
                126.2245,
                33.4179
              ],
              [
                126.2245,
                33.4179
              ],
              [
                126.2245,
                33.4179
              ],
              [
                126.2245,
                33.4179
              ],
              [
                126.2245,
                33.4179
              ],
              [
                126.2245,
                33.4179
              ],
              [
                126.2245,
                33.4179
              ],
              [
                126.2245,
                33.4179
              ],
              [
                126.2246,
                33.4179
              ],
              [
                126.2246,
                33.4179
              ],
              [
                126.2246,
                33.4179
              ],
              [
                126.2246,
                33.4179
              ],
              [
                126.2246,
                33.4179
              ],
              [
                126.2246,
                33.4179
              ],
              [
                126.2246,
                33.4179
              ],
              [
                126.2246,
                33.4179
              ],
              [
                126.2246,
                33.4179
              ],
              [
                126.2246,
                33.4179
              ],
              [
                126.2246,
                33.4179
              ],
              [
                126.2246,
                33.4179
              ],
              [
                126.2246,
                33.4179
              ],
              [
                126.2246,
                33.4179
              ],
              [
                126.2247,
                33.4179
              ],
              [
                126.2247,
                33.4179
              ],
              [
                126.2247,
                33.4179
              ],
              [
                126.2247,
                33.4179
              ],
              [
                126.2247,
                33.4179
              ],
              [
                126.2247,
                33.4179
              ],
              [
                126.2247,
                33.4179
              ],
              [
                126.2247,
                33.418
              ],
              [
                126.2247,
                33.418
              ],
              [
                126.2247,
                33.418
              ],
              [
                126.2247,
                33.418
              ],
              [
                126.2247,
                33.418
              ],
              [
                126.2247,
                33.418
              ],
              [
                126.2247,
                33.418
              ],
              [
                126.2247,
                33.418
              ],
              [
                126.2247,
                33.418
              ],
              [
                126.2247,
                33.418
              ],
              [
                126.2247,
                33.418
              ],
              [
                126.2247,
                33.418
              ],
              [
                126.2247,
                33.418
              ],
              [
                126.2247,
                33.418
              ],
              [
                126.2247,
                33.418
              ],
              [
                126.2247,
                33.418
              ],
              [
                126.2247,
                33.418
              ],
              [
                126.2247,
                33.418
              ],
              [
                126.2247,
                33.418
              ],
              [
                126.2247,
                33.418
              ],
              [
                126.2247,
                33.418
              ],
              [
                126.2247,
                33.418
              ],
              [
                126.2247,
                33.418
              ],
              [
                126.2247,
                33.418
              ],
              [
                126.2247,
                33.418
              ],
              [
                126.2247,
                33.418
              ],
              [
                126.2247,
                33.4181
              ],
              [
                126.2247,
                33.4181
              ],
              [
                126.2248,
                33.4181
              ],
              [
                126.2248,
                33.4181
              ],
              [
                126.2248,
                33.4181
              ],
              [
                126.2248,
                33.4181
              ],
              [
                126.2248,
                33.4181
              ],
              [
                126.2248,
                33.4181
              ],
              [
                126.2248,
                33.4181
              ],
              [
                126.2248,
                33.4181
              ],
              [
                126.2248,
                33.4182
              ],
              [
                126.2248,
                33.4182
              ],
              [
                126.2248,
                33.4182
              ],
              [
                126.2248,
                33.4182
              ],
              [
                126.2248,
                33.4183
              ],
              [
                126.2248,
                33.4183
              ],
              [
                126.2248,
                33.4183
              ],
              [
                126.2248,
                33.4183
              ],
              [
                126.2248,
                33.4183
              ],
              [
                126.2248,
                33.4183
              ],
              [
                126.2248,
                33.4183
              ],
              [
                126.2248,
                33.4183
              ],
              [
                126.2248,
                33.4183
              ],
              [
                126.2248,
                33.4184
              ],
              [
                126.2248,
                33.4184
              ],
              [
                126.2248,
                33.4184
              ],
              [
                126.2248,
                33.4184
              ],
              [
                126.2248,
                33.4184
              ],
              [
                126.2248,
                33.4184
              ],
              [
                126.2248,
                33.4184
              ],
              [
                126.2248,
                33.4184
              ],
              [
                126.2248,
                33.4184
              ],
              [
                126.2248,
                33.4184
              ],
              [
                126.2248,
                33.4184
              ],
              [
                126.2248,
                33.4184
              ],
              [
                126.2248,
                33.4184
              ],
              [
                126.2248,
                33.4185
              ],
              [
                126.2248,
                33.4185
              ],
              [
                126.2248,
                33.4185
              ],
              [
                126.2248,
                33.4185
              ],
              [
                126.2248,
                33.4185
              ],
              [
                126.2248,
                33.4185
              ],
              [
                126.2248,
                33.4185
              ],
              [
                126.2248,
                33.4185
              ],
              [
                126.2248,
                33.4185
              ],
              [
                126.2248,
                33.4185
              ],
              [
                126.2248,
                33.4185
              ],
              [
                126.2248,
                33.4185
              ],
              [
                126.2248,
                33.4185
              ],
              [
                126.2248,
                33.4186
              ],
              [
                126.2248,
                33.4186
              ],
              [
                126.2248,
                33.4186
              ],
              [
                126.2248,
                33.4186
              ],
              [
                126.2248,
                33.4186
              ],
              [
                126.2248,
                33.4186
              ],
              [
                126.2248,
                33.4186
              ],
              [
                126.2248,
                33.4186
              ],
              [
                126.2247,
                33.4186
              ],
              [
                126.2247,
                33.4186
              ],
              [
                126.2247,
                33.4186
              ],
              [
                126.2247,
                33.4186
              ],
              [
                126.2247,
                33.4186
              ],
              [
                126.2247,
                33.4187
              ],
              [
                126.2247,
                33.4187
              ],
              [
                126.2247,
                33.4187
              ],
              [
                126.2247,
                33.4187
              ],
              [
                126.2247,
                33.4187
              ],
              [
                126.2247,
                33.4187
              ],
              [
                126.2247,
                33.4187
              ],
              [
                126.2247,
                33.4187
              ],
              [
                126.2247,
                33.4187
              ],
              [
                126.2247,
                33.4187
              ],
              [
                126.2247,
                33.4187
              ],
              [
                126.2247,
                33.4187
              ],
              [
                126.2247,
                33.4187
              ],
              [
                126.2247,
                33.4187
              ],
              [
                126.2247,
                33.4187
              ],
              [
                126.2247,
                33.4187
              ],
              [
                126.2247,
                33.4187
              ],
              [
                126.2247,
                33.4187
              ],
              [
                126.2247,
                33.4187
              ],
              [
                126.2247,
                33.4187
              ],
              [
                126.2247,
                33.4187
              ],
              [
                126.2247,
                33.4187
              ],
              [
                126.2247,
                33.4187
              ],
              [
                126.2247,
                33.4187
              ],
              [
                126.2247,
                33.4187
              ],
              [
                126.2246,
                33.4187
              ],
              [
                126.2246,
                33.4188
              ],
              [
                126.2246,
                33.4188
              ],
              [
                126.2246,
                33.4188
              ],
              [
                126.2246,
                33.4188
              ],
              [
                126.2246,
                33.4188
              ],
              [
                126.2246,
                33.4188
              ],
              [
                126.2246,
                33.4188
              ],
              [
                126.2246,
                33.4188
              ],
              [
                126.2246,
                33.4188
              ],
              [
                126.2246,
                33.4188
              ],
              [
                126.2246,
                33.4188
              ],
              [
                126.2246,
                33.4188
              ],
              [
                126.2246,
                33.4188
              ],
              [
                126.2246,
                33.4188
              ],
              [
                126.2246,
                33.4188
              ],
              [
                126.2246,
                33.4188
              ],
              [
                126.2246,
                33.4188
              ],
              [
                126.2245,
                33.4188
              ],
              [
                126.2245,
                33.4188
              ],
              [
                126.2245,
                33.4188
              ],
              [
                126.2245,
                33.4188
              ],
              [
                126.2245,
                33.4188
              ],
              [
                126.2245,
                33.4188
              ],
              [
                126.2245,
                33.4188
              ],
              [
                126.2245,
                33.4188
              ],
              [
                126.2245,
                33.4188
              ],
              [
                126.2245,
                33.4188
              ],
              [
                126.2245,
                33.4188
              ],
              [
                126.2245,
                33.4188
              ],
              [
                126.2245,
                33.4188
              ],
              [
                126.2245,
                33.4188
              ],
              [
                126.2245,
                33.4188
              ],
              [
                126.2245,
                33.4188
              ],
              [
                126.2245,
                33.4188
              ],
              [
                126.2245,
                33.4188
              ],
              [
                126.2245,
                33.4188
              ],
              [
                126.2245,
                33.4188
              ],
              [
                126.2245,
                33.4189
              ],
              [
                126.2244,
                33.4189
              ],
              [
                126.2244,
                33.4189
              ],
              [
                126.2244,
                33.4189
              ],
              [
                126.2244,
                33.4189
              ],
              [
                126.2244,
                33.4189
              ],
              [
                126.2244,
                33.4189
              ],
              [
                126.2244,
                33.4189
              ],
              [
                126.2244,
                33.4189
              ],
              [
                126.2244,
                33.4189
              ],
              [
                126.2244,
                33.4189
              ],
              [
                126.2244,
                33.4189
              ],
              [
                126.2244,
                33.4189
              ],
              [
                126.2244,
                33.4189
              ],
              [
                126.2244,
                33.4189
              ],
              [
                126.2244,
                33.4189
              ],
              [
                126.2244,
                33.4189
              ],
              [
                126.2244,
                33.4189
              ],
              [
                126.2244,
                33.4189
              ],
              [
                126.2244,
                33.4189
              ],
              [
                126.2244,
                33.4189
              ],
              [
                126.2244,
                33.419
              ],
              [
                126.2244,
                33.419
              ],
              [
                126.2244,
                33.419
              ],
              [
                126.2244,
                33.419
              ],
              [
                126.2244,
                33.419
              ],
              [
                126.2244,
                33.419
              ],
              [
                126.2244,
                33.419
              ],
              [
                126.2244,
                33.419
              ],
              [
                126.2243,
                33.419
              ],
              [
                126.2243,
                33.419
              ],
              [
                126.2243,
                33.419
              ],
              [
                126.2243,
                33.419
              ],
              [
                126.2243,
                33.419
              ],
              [
                126.2243,
                33.419
              ],
              [
                126.2243,
                33.419
              ],
              [
                126.2243,
                33.419
              ],
              [
                126.2243,
                33.4191
              ],
              [
                126.2243,
                33.4191
              ],
              [
                126.2243,
                33.4191
              ],
              [
                126.2243,
                33.4191
              ],
              [
                126.2243,
                33.4191
              ],
              [
                126.2243,
                33.4191
              ],
              [
                126.2243,
                33.4191
              ],
              [
                126.2243,
                33.4191
              ],
              [
                126.2243,
                33.4191
              ],
              [
                126.2243,
                33.4191
              ],
              [
                126.2243,
                33.4191
              ],
              [
                126.2243,
                33.4191
              ],
              [
                126.2243,
                33.4191
              ],
              [
                126.2243,
                33.4191
              ],
              [
                126.2243,
                33.4191
              ],
              [
                126.2243,
                33.4191
              ],
              [
                126.2243,
                33.4191
              ],
              [
                126.2243,
                33.4191
              ],
              [
                126.2243,
                33.4191
              ],
              [
                126.2243,
                33.4191
              ],
              [
                126.2243,
                33.4192
              ],
              [
                126.2243,
                33.4192
              ],
              [
                126.2243,
                33.4192
              ],
              [
                126.2243,
                33.4193
              ],
              [
                126.2243,
                33.4193
              ],
              [
                126.2243,
                33.4193
              ],
              [
                126.2243,
                33.4193
              ],
              [
                126.2244,
                33.4194
              ],
              [
                126.2244,
                33.4194
              ],
              [
                126.2244,
                33.4194
              ],
              [
                126.2244,
                33.4194
              ],
              [
                126.2244,
                33.4194
              ],
              [
                126.2244,
                33.4194
              ],
              [
                126.2244,
                33.4195
              ],
              [
                126.2244,
                33.4195
              ],
              [
                126.2244,
                33.4195
              ],
              [
                126.2244,
                33.4195
              ],
              [
                126.2244,
                33.4195
              ],
              [
                126.2244,
                33.4195
              ],
              [
                126.2246,
                33.4201
              ],
              [
                126.2246,
                33.4201
              ],
              [
                126.2246,
                33.4201
              ],
              [
                126.2246,
                33.4201
              ],
              [
                126.2246,
                33.4201
              ],
              [
                126.2246,
                33.4202
              ],
              [
                126.2246,
                33.4202
              ],
              [
                126.2246,
                33.4202
              ],
              [
                126.2247,
                33.4202
              ],
              [
                126.2247,
                33.4202
              ],
              [
                126.2247,
                33.4202
              ],
              [
                126.2247,
                33.4202
              ],
              [
                126.2247,
                33.4202
              ],
              [
                126.2247,
                33.4202
              ],
              [
                126.2247,
                33.4202
              ],
              [
                126.2247,
                33.4202
              ],
              [
                126.2247,
                33.4202
              ],
              [
                126.2247,
                33.4202
              ],
              [
                126.2247,
                33.4202
              ],
              [
                126.2247,
                33.4202
              ],
              [
                126.2247,
                33.4202
              ],
              [
                126.2247,
                33.4202
              ],
              [
                126.2247,
                33.4202
              ],
              [
                126.2247,
                33.4202
              ],
              [
                126.2247,
                33.4202
              ],
              [
                126.2247,
                33.4202
              ],
              [
                126.2247,
                33.4202
              ],
              [
                126.2247,
                33.4202
              ],
              [
                126.2247,
                33.4202
              ],
              [
                126.2247,
                33.4202
              ],
              [
                126.2247,
                33.4202
              ],
              [
                126.2247,
                33.4202
              ],
              [
                126.2247,
                33.4202
              ],
              [
                126.2247,
                33.4202
              ],
              [
                126.2247,
                33.4202
              ],
              [
                126.2247,
                33.4203
              ],
              [
                126.2248,
                33.4203
              ],
              [
                126.2248,
                33.4203
              ],
              [
                126.2248,
                33.4203
              ],
              [
                126.2248,
                33.4203
              ],
              [
                126.2248,
                33.4203
              ],
              [
                126.2248,
                33.4203
              ],
              [
                126.2248,
                33.4203
              ],
              [
                126.2248,
                33.4203
              ],
              [
                126.2248,
                33.4203
              ],
              [
                126.2248,
                33.4203
              ],
              [
                126.225,
                33.4203
              ],
              [
                126.225,
                33.4203
              ],
              [
                126.225,
                33.4203
              ],
              [
                126.225,
                33.4203
              ],
              [
                126.225,
                33.4203
              ],
              [
                126.225,
                33.4203
              ],
              [
                126.225,
                33.4203
              ],
              [
                126.225,
                33.4203
              ],
              [
                126.2251,
                33.4203
              ],
              [
                126.2251,
                33.4203
              ],
              [
                126.2252,
                33.4203
              ],
              [
                126.2252,
                33.4203
              ],
              [
                126.2253,
                33.4203
              ],
              [
                126.2253,
                33.4203
              ],
              [
                126.2253,
                33.4203
              ],
              [
                126.2253,
                33.4203
              ],
              [
                126.2253,
                33.4203
              ],
              [
                126.2253,
                33.4203
              ],
              [
                126.2253,
                33.4203
              ],
              [
                126.2253,
                33.4203
              ],
              [
                126.2253,
                33.4203
              ],
              [
                126.2253,
                33.4203
              ],
              [
                126.2253,
                33.4203
              ],
              [
                126.2253,
                33.4203
              ],
              [
                126.2253,
                33.4203
              ],
              [
                126.2256,
                33.4202
              ],
              [
                126.2257,
                33.4202
              ],
              [
                126.2258,
                33.4202
              ],
              [
                126.2258,
                33.4201
              ],
              [
                126.2258,
                33.4201
              ],
              [
                126.2258,
                33.4201
              ],
              [
                126.2258,
                33.4201
              ],
              [
                126.2259,
                33.4201
              ],
              [
                126.2259,
                33.4201
              ],
              [
                126.2259,
                33.4201
              ],
              [
                126.226,
                33.4201
              ],
              [
                126.226,
                33.4201
              ],
              [
                126.226,
                33.4201
              ],
              [
                126.226,
                33.4201
              ],
              [
                126.226,
                33.4201
              ],
              [
                126.226,
                33.4201
              ],
              [
                126.226,
                33.4201
              ],
              [
                126.226,
                33.4201
              ],
              [
                126.226,
                33.42
              ],
              [
                126.226,
                33.42
              ],
              [
                126.2261,
                33.42
              ],
              [
                126.2261,
                33.42
              ],
              [
                126.2261,
                33.42
              ],
              [
                126.2261,
                33.42
              ],
              [
                126.2261,
                33.42
              ],
              [
                126.2261,
                33.42
              ],
              [
                126.2261,
                33.42
              ],
              [
                126.2262,
                33.42
              ],
              [
                126.2262,
                33.42
              ],
              [
                126.2262,
                33.42
              ],
              [
                126.2262,
                33.42
              ],
              [
                126.2262,
                33.42
              ],
              [
                126.2262,
                33.4199
              ],
              [
                126.2262,
                33.4199
              ],
              [
                126.2262,
                33.4199
              ],
              [
                126.2262,
                33.4199
              ],
              [
                126.2263,
                33.4199
              ],
              [
                126.2263,
                33.4199
              ],
              [
                126.2263,
                33.4199
              ],
              [
                126.2263,
                33.4199
              ],
              [
                126.2263,
                33.4199
              ],
              [
                126.2263,
                33.4199
              ],
              [
                126.2263,
                33.4199
              ],
              [
                126.2263,
                33.4199
              ],
              [
                126.2263,
                33.4199
              ],
              [
                126.2263,
                33.4199
              ],
              [
                126.2263,
                33.4199
              ],
              [
                126.2263,
                33.4199
              ],
              [
                126.2263,
                33.4199
              ],
              [
                126.2263,
                33.4199
              ],
              [
                126.2263,
                33.4199
              ],
              [
                126.2263,
                33.4199
              ],
              [
                126.2263,
                33.4199
              ],
              [
                126.2263,
                33.4199
              ],
              [
                126.2263,
                33.4199
              ],
              [
                126.2263,
                33.4199
              ],
              [
                126.2263,
                33.4199
              ],
              [
                126.2263,
                33.4198
              ],
              [
                126.2263,
                33.4198
              ],
              [
                126.2263,
                33.4198
              ],
              [
                126.2264,
                33.4198
              ],
              [
                126.2264,
                33.4198
              ],
              [
                126.2264,
                33.4197
              ],
              [
                126.2264,
                33.4197
              ],
              [
                126.2264,
                33.4197
              ],
              [
                126.2264,
                33.4197
              ],
              [
                126.2264,
                33.4197
              ],
              [
                126.2264,
                33.4197
              ],
              [
                126.2264,
                33.4197
              ],
              [
                126.2264,
                33.4197
              ],
              [
                126.2264,
                33.4196
              ],
              [
                126.2264,
                33.4196
              ],
              [
                126.2264,
                33.4196
              ],
              [
                126.2264,
                33.4196
              ],
              [
                126.2265,
                33.4196
              ],
              [
                126.2265,
                33.4196
              ],
              [
                126.2265,
                33.4196
              ],
              [
                126.2265,
                33.4194
              ],
              [
                126.2265,
                33.4194
              ],
              [
                126.2265,
                33.4194
              ],
              [
                126.2265,
                33.4194
              ],
              [
                126.2265,
                33.4194
              ],
              [
                126.2265,
                33.4194
              ],
              [
                126.2265,
                33.4194
              ],
              [
                126.2265,
                33.4194
              ],
              [
                126.2265,
                33.4193
              ],
              [
                126.2265,
                33.4193
              ],
              [
                126.2265,
                33.4193
              ],
              [
                126.2265,
                33.4193
              ],
              [
                126.2265,
                33.4193
              ],
              [
                126.2265,
                33.4193
              ],
              [
                126.2265,
                33.4193
              ],
              [
                126.2265,
                33.4193
              ],
              [
                126.2265,
                33.4193
              ],
              [
                126.2265,
                33.4193
              ],
              [
                126.2265,
                33.4193
              ],
              [
                126.2265,
                33.4193
              ],
              [
                126.2265,
                33.4193
              ],
              [
                126.2265,
                33.4193
              ],
              [
                126.2265,
                33.4193
              ],
              [
                126.2265,
                33.4193
              ],
              [
                126.2265,
                33.4193
              ],
              [
                126.2265,
                33.4193
              ],
              [
                126.2265,
                33.4193
              ],
              [
                126.2265,
                33.4192
              ],
              [
                126.2265,
                33.4192
              ],
              [
                126.2265,
                33.4192
              ],
              [
                126.2265,
                33.4192
              ],
              [
                126.2265,
                33.4192
              ],
              [
                126.2265,
                33.4192
              ],
              [
                126.2265,
                33.4192
              ],
              [
                126.2265,
                33.4192
              ],
              [
                126.2265,
                33.4192
              ],
              [
                126.2265,
                33.4192
              ],
              [
                126.2265,
                33.4192
              ],
              [
                126.2265,
                33.4192
              ],
              [
                126.2265,
                33.4192
              ],
              [
                126.2265,
                33.4192
              ],
              [
                126.2265,
                33.4192
              ],
              [
                126.2256,
                33.417
              ],
              [
                126.2251,
                33.4162
              ],
              [
                126.2251,
                33.4162
              ],
              [
                126.2251,
                33.4162
              ],
              [
                126.2251,
                33.4162
              ],
              [
                126.2251,
                33.4162
              ],
              [
                126.2251,
                33.4162
              ],
              [
                126.2251,
                33.4162
              ],
              [
                126.2251,
                33.4162
              ],
              [
                126.2251,
                33.4161
              ],
              [
                126.2251,
                33.4161
              ],
              [
                126.2251,
                33.4161
              ],
              [
                126.2251,
                33.4161
              ],
              [
                126.2251,
                33.4161
              ],
              [
                126.2251,
                33.4161
              ],
              [
                126.2251,
                33.4161
              ],
              [
                126.225,
                33.416
              ],
              [
                126.225,
                33.416
              ],
              [
                126.225,
                33.4159
              ],
              [
                126.225,
                33.4159
              ],
              [
                126.225,
                33.4159
              ],
              [
                126.225,
                33.4159
              ],
              [
                126.225,
                33.4159
              ],
              [
                126.225,
                33.4159
              ],
              [
                126.225,
                33.4159
              ],
              [
                126.225,
                33.4159
              ],
              [
                126.225,
                33.4159
              ],
              [
                126.225,
                33.4159
              ],
              [
                126.225,
                33.4159
              ],
              [
                126.225,
                33.4158
              ],
              [
                126.225,
                33.4157
              ],
              [
                126.225,
                33.4157
              ],
              [
                126.225,
                33.4157
              ],
              [
                126.225,
                33.4157
              ],
              [
                126.225,
                33.4157
              ],
              [
                126.225,
                33.4157
              ],
              [
                126.225,
                33.4157
              ],
              [
                126.225,
                33.4157
              ],
              [
                126.225,
                33.4157
              ],
              [
                126.225,
                33.4157
              ],
              [
                126.225,
                33.4157
              ],
              [
                126.225,
                33.4157
              ],
              [
                126.225,
                33.4157
              ],
              [
                126.2249,
                33.4157
              ],
              [
                126.2249,
                33.4157
              ],
              [
                126.2249,
                33.4157
              ],
              [
                126.2249,
                33.4157
              ],
              [
                126.2249,
                33.4157
              ],
              [
                126.2249,
                33.4156
              ],
              [
                126.2249,
                33.4156
              ],
              [
                126.2249,
                33.4156
              ],
              [
                126.224,
                33.4145
              ],
              [
                126.224,
                33.4145
              ],
              [
                126.224,
                33.4145
              ],
              [
                126.224,
                33.4145
              ],
              [
                126.224,
                33.4145
              ],
              [
                126.224,
                33.4145
              ],
              [
                126.224,
                33.4145
              ],
              [
                126.224,
                33.4145
              ],
              [
                126.224,
                33.4145
              ],
              [
                126.224,
                33.4145
              ],
              [
                126.224,
                33.4145
              ],
              [
                126.224,
                33.4145
              ],
              [
                126.224,
                33.4145
              ],
              [
                126.224,
                33.4145
              ],
              [
                126.224,
                33.4145
              ],
              [
                126.224,
                33.4145
              ],
              [
                126.2239,
                33.4145
              ],
              [
                126.2239,
                33.4145
              ],
              [
                126.2239,
                33.4145
              ],
              [
                126.2239,
                33.4145
              ],
              [
                126.2239,
                33.4145
              ],
              [
                126.2239,
                33.4145
              ],
              [
                126.2239,
                33.4145
              ],
              [
                126.2239,
                33.4145
              ],
              [
                126.2239,
                33.4145
              ],
              [
                126.2239,
                33.4145
              ],
              [
                126.2239,
                33.4145
              ],
              [
                126.2238,
                33.4145
              ],
              [
                126.2238,
                33.4145
              ],
              [
                126.2238,
                33.4145
              ],
              [
                126.2238,
                33.4145
              ],
              [
                126.2238,
                33.4145
              ],
              [
                126.2238,
                33.4145
              ],
              [
                126.2238,
                33.4145
              ],
              [
                126.2238,
                33.4145
              ],
              [
                126.2238,
                33.4145
              ],
              [
                126.2238,
                33.4145
              ],
              [
                126.2238,
                33.4145
              ],
              [
                126.2238,
                33.4145
              ],
              [
                126.2238,
                33.4145
              ],
              [
                126.2238,
                33.4145
              ],
              [
                126.2238,
                33.4145
              ],
              [
                126.2238,
                33.4145
              ],
              [
                126.2238,
                33.4146
              ],
              [
                126.2238,
                33.4146
              ],
              [
                126.2238,
                33.4146
              ],
              [
                126.2238,
                33.4146
              ],
              [
                126.2238,
                33.4146
              ],
              [
                126.2238,
                33.4146
              ],
              [
                126.2238,
                33.4146
              ],
              [
                126.2237,
                33.4146
              ],
              [
                126.2237,
                33.4146
              ],
              [
                126.2237,
                33.4146
              ],
              [
                126.2237,
                33.4146
              ],
              [
                126.2237,
                33.4146
              ],
              [
                126.2237,
                33.4146
              ],
              [
                126.2237,
                33.4146
              ],
              [
                126.2237,
                33.4146
              ],
              [
                126.2237,
                33.4146
              ],
              [
                126.2237,
                33.4146
              ],
              [
                126.2237,
                33.4146
              ],
              [
                126.2237,
                33.4146
              ],
              [
                126.2237,
                33.4146
              ],
              [
                126.2237,
                33.4146
              ],
              [
                126.223,
                33.4152
              ],
              [
                126.223,
                33.4152
              ],
              [
                126.223,
                33.4152
              ],
              [
                126.2229,
                33.4152
              ],
              [
                126.2229,
                33.4152
              ],
              [
                126.2229,
                33.4152
              ],
              [
                126.2229,
                33.4152
              ],
              [
                126.2229,
                33.4152
              ],
              [
                126.2229,
                33.4152
              ],
              [
                126.2229,
                33.4152
              ],
              [
                126.2229,
                33.4152
              ],
              [
                126.2229,
                33.4152
              ],
              [
                126.2229,
                33.4152
              ],
              [
                126.2229,
                33.4152
              ],
              [
                126.2229,
                33.4152
              ],
              [
                126.2229,
                33.4152
              ],
              [
                126.2229,
                33.4152
              ],
              [
                126.2229,
                33.4152
              ],
              [
                126.2229,
                33.4153
              ],
              [
                126.2229,
                33.4153
              ],
              [
                126.2229,
                33.4153
              ],
              [
                126.2229,
                33.4153
              ],
              [
                126.2229,
                33.4153
              ],
              [
                126.2229,
                33.4153
              ],
              [
                126.2229,
                33.4153
              ],
              [
                126.2229,
                33.4153
              ],
              [
                126.2229,
                33.4153
              ],
              [
                126.2229,
                33.4153
              ],
              [
                126.2229,
                33.4153
              ],
              [
                126.2229,
                33.4153
              ],
              [
                126.2229,
                33.4153
              ],
              [
                126.2229,
                33.4153
              ],
              [
                126.2229,
                33.4153
              ],
              [
                126.2229,
                33.4153
              ],
              [
                126.2229,
                33.4153
              ],
              [
                126.2229,
                33.4153
              ],
              [
                126.2229,
                33.4153
              ],
              [
                126.2229,
                33.4153
              ],
              [
                126.2228,
                33.4153
              ],
              [
                126.2228,
                33.4154
              ],
              [
                126.2228,
                33.4154
              ],
              [
                126.2228,
                33.4154
              ],
              [
                126.2228,
                33.4154
              ],
              [
                126.2228,
                33.4154
              ],
              [
                126.2228,
                33.4154
              ],
              [
                126.2228,
                33.4154
              ],
              [
                126.2228,
                33.4154
              ],
              [
                126.2228,
                33.4154
              ],
              [
                126.2228,
                33.4154
              ],
              [
                126.2228,
                33.4154
              ],
              [
                126.2228,
                33.4154
              ],
              [
                126.2228,
                33.4154
              ],
              [
                126.2228,
                33.4154
              ],
              [
                126.2228,
                33.4154
              ],
              [
                126.2228,
                33.4154
              ],
              [
                126.2228,
                33.4154
              ],
              [
                126.2228,
                33.4154
              ],
              [
                126.2228,
                33.4154
              ],
              [
                126.2228,
                33.4155
              ],
              [
                126.2228,
                33.4155
              ],
              [
                126.2228,
                33.4155
              ],
              [
                126.2228,
                33.4155
              ],
              [
                126.2228,
                33.4155
              ],
              [
                126.2228,
                33.4155
              ],
              [
                126.2228,
                33.4155
              ],
              [
                126.2228,
                33.4155
              ],
              [
                126.2228,
                33.4155
              ],
              [
                126.2228,
                33.4155
              ],
              [
                126.2228,
                33.4155
              ],
              [
                126.2228,
                33.4155
              ],
              [
                126.2228,
                33.4155
              ],
              [
                126.2229,
                33.4155
              ],
              [
                126.2229,
                33.4155
              ],
              [
                126.2229,
                33.4155
              ],
              [
                126.2229,
                33.4155
              ],
              [
                126.2229,
                33.4155
              ],
              [
                126.2229,
                33.4156
              ],
              [
                126.2229,
                33.4156
              ],
              [
                126.2229,
                33.4156
              ],
              [
                126.2229,
                33.4156
              ],
              [
                126.2229,
                33.4156
              ],
              [
                126.2229,
                33.4156
              ],
              [
                126.2229,
                33.4156
              ],
              [
                126.2229,
                33.4156
              ],
              [
                126.223,
                33.4158
              ],
              [
                126.223,
                33.4164
              ],
              [
                126.223,
                33.4165
              ],
              [
                126.223,
                33.4165
              ],
              [
                126.223,
                33.4165
              ],
              [
                126.223,
                33.4165
              ],
              [
                126.223,
                33.4165
              ],
              [
                126.223,
                33.4165
              ],
              [
                126.223,
                33.4165
              ],
              [
                126.223,
                33.4165
              ],
              [
                126.2231,
                33.4165
              ],
              [
                126.2231,
                33.4165
              ],
              [
                126.2231,
                33.4165
              ],
              [
                126.2231,
                33.4165
              ],
              [
                126.2231,
                33.4165
              ],
              [
                126.2231,
                33.4166
              ],
              [
                126.2231,
                33.4166
              ],
              [
                126.2231,
                33.4166
              ],
              [
                126.2231,
                33.4166
              ],
              [
                126.2231,
                33.4166
              ],
              [
                126.2231,
                33.4166
              ],
              [
                126.2231,
                33.4166
              ],
              [
                126.2231,
                33.4166
              ],
              [
                126.2231,
                33.4166
              ],
              [
                126.2231,
                33.4166
              ],
              [
                126.2231,
                33.4166
              ],
              [
                126.2231,
                33.4166
              ],
              [
                126.2231,
                33.4166
              ],
              [
                126.2231,
                33.4166
              ],
              [
                126.2231,
                33.4166
              ],
              [
                126.2231,
                33.4167
              ],
              [
                126.2231,
                33.4167
              ],
              [
                126.2231,
                33.4167
              ],
              [
                126.2231,
                33.4167
              ],
              [
                126.2231,
                33.4167
              ],
              [
                126.2231,
                33.4167
              ],
              [
                126.2231,
                33.4167
              ],
              [
                126.2231,
                33.4167
              ],
              [
                126.2231,
                33.4167
              ],
              [
                126.2231,
                33.4167
              ],
              [
                126.2231,
                33.4167
              ],
              [
                126.2231,
                33.4167
              ],
              [
                126.2231,
                33.4167
              ],
              [
                126.2231,
                33.4167
              ],
              [
                126.2231,
                33.4168
              ],
              [
                126.223,
                33.4168
              ],
              [
                126.223,
                33.4168
              ],
              [
                126.223,
                33.4168
              ],
              [
                126.223,
                33.4168
              ],
              [
                126.223,
                33.4168
              ],
              [
                126.223,
                33.4168
              ],
              [
                126.223,
                33.4168
              ],
              [
                126.223,
                33.4168
              ],
              [
                126.223,
                33.4168
              ],
              [
                126.223,
                33.4168
              ],
              [
                126.223,
                33.4168
              ],
              [
                126.223,
                33.4168
              ],
              [
                126.223,
                33.4168
              ],
              [
                126.223,
                33.4168
              ],
              [
                126.223,
                33.4168
              ],
              [
                126.223,
                33.4169
              ],
              [
                126.223,
                33.4169
              ],
              [
                126.223,
                33.4169
              ],
              [
                126.223,
                33.4169
              ],
              [
                126.223,
                33.4169
              ],
              [
                126.223,
                33.4169
              ],
              [
                126.223,
                33.4169
              ],
              [
                126.223,
                33.4169
              ],
              [
                126.223,
                33.4169
              ],
              [
                126.223,
                33.4169
              ],
              [
                126.2229,
                33.417
              ],
              [
                126.2229,
                33.417
              ],
              [
                126.2229,
                33.417
              ],
              [
                126.2229,
                33.417
              ],
              [
                126.2229,
                33.417
              ],
              [
                126.2229,
                33.417
              ],
              [
                126.2229,
                33.417
              ],
              [
                126.2229,
                33.4171
              ],
              [
                126.2229,
                33.4171
              ],
              [
                126.2229,
                33.4171
              ],
              [
                126.2229,
                33.4171
              ],
              [
                126.2229,
                33.4171
              ],
              [
                126.2229,
                33.4171
              ],
              [
                126.2229,
                33.4171
              ],
              [
                126.2229,
                33.4171
              ],
              [
                126.2228,
                33.4171
              ],
              [
                126.2228,
                33.4171
              ],
              [
                126.2228,
                33.4171
              ],
              [
                126.2228,
                33.4171
              ],
              [
                126.2228,
                33.4171
              ],
              [
                126.2226,
                33.4173
              ],
              [
                126.2223,
                33.4176
              ],
              [
                126.2223,
                33.4176
              ],
              [
                126.2223,
                33.4176
              ],
              [
                126.2223,
                33.4176
              ],
              [
                126.2223,
                33.4176
              ],
              [
                126.2223,
                33.4176
              ],
              [
                126.2223,
                33.4176
              ],
              [
                126.2223,
                33.4176
              ],
              [
                126.2223,
                33.4177
              ],
              [
                126.2223,
                33.4177
              ],
              [
                126.2223,
                33.4177
              ],
              [
                126.2223,
                33.4177
              ],
              [
                126.2223,
                33.4177
              ],
              [
                126.2223,
                33.4177
              ],
              [
                126.2223,
                33.4177
              ],
              [
                126.2223,
                33.4177
              ],
              [
                126.2223,
                33.4177
              ],
              [
                126.2223,
                33.4177
              ],
              [
                126.2223,
                33.4177
              ],
              [
                126.2223,
                33.4177
              ],
              [
                126.2223,
                33.4177
              ],
              [
                126.2223,
                33.4177
              ],
              [
                126.2223,
                33.4177
              ],
              [
                126.2223,
                33.4177
              ],
              [
                126.2222,
                33.4177
              ],
              [
                126.2222,
                33.4178
              ],
              [
                126.2222,
                33.4178
              ],
              [
                126.2222,
                33.4178
              ],
              [
                126.2222,
                33.4178
              ],
              [
                126.2222,
                33.4178
              ],
              [
                126.2222,
                33.4178
              ],
              [
                126.2222,
                33.4178
              ],
              [
                126.2222,
                33.4178
              ],
              [
                126.2222,
                33.4178
              ],
              [
                126.2222,
                33.4178
              ],
              [
                126.2222,
                33.4178
              ],
              [
                126.2222,
                33.4178
              ],
              [
                126.2222,
                33.4178
              ],
              [
                126.2222,
                33.4178
              ],
              [
                126.2222,
                33.4178
              ],
              [
                126.2222,
                33.4178
              ],
              [
                126.2222,
                33.4179
              ],
              [
                126.2222,
                33.4179
              ],
              [
                126.2222,
                33.4179
              ],
              [
                126.2222,
                33.4179
              ],
              [
                126.2222,
                33.4179
              ],
              [
                126.2222,
                33.4179
              ],
              [
                126.2222,
                33.4179
              ],
              [
                126.2222,
                33.4179
              ],
              [
                126.2222,
                33.4179
              ],
              [
                126.2222,
                33.4179
              ],
              [
                126.2222,
                33.4179
              ],
              [
                126.2222,
                33.4179
              ],
              [
                126.2222,
                33.4179
              ],
              [
                126.2222,
                33.4179
              ],
              [
                126.2222,
                33.4179
              ],
              [
                126.2222,
                33.4179
              ],
              [
                126.2222,
                33.4179
              ],
              [
                126.2222,
                33.4179
              ],
              [
                126.2222,
                33.418
              ],
              [
                126.2222,
                33.418
              ],
              [
                126.2222,
                33.418
              ],
              [
                126.2222,
                33.418
              ],
              [
                126.2222,
                33.418
              ],
              [
                126.2222,
                33.418
              ],
              [
                126.2222,
                33.418
              ],
              [
                126.2222,
                33.418
              ],
              [
                126.2222,
                33.418
              ],
              [
                126.2222,
                33.418
              ],
              [
                126.2222,
                33.418
              ],
              [
                126.2222,
                33.418
              ],
              [
                126.2222,
                33.418
              ],
              [
                126.2222,
                33.418
              ],
              [
                126.2222,
                33.418
              ],
              [
                126.2222,
                33.418
              ],
              [
                126.2222,
                33.4182
              ],
              [
                126.2222,
                33.4182
              ],
              [
                126.2222,
                33.4182
              ],
              [
                126.2222,
                33.4182
              ],
              [
                126.2222,
                33.4182
              ],
              [
                126.2222,
                33.4182
              ],
              [
                126.2222,
                33.4182
              ],
              [
                126.2222,
                33.4182
              ],
              [
                126.2222,
                33.4182
              ],
              [
                126.2223,
                33.4182
              ],
              [
                126.2223,
                33.4182
              ],
              [
                126.2223,
                33.4182
              ],
              [
                126.2223,
                33.4182
              ],
              [
                126.2223,
                33.4182
              ],
              [
                126.2223,
                33.4182
              ],
              [
                126.2223,
                33.4182
              ],
              [
                126.2223,
                33.4183
              ],
              [
                126.2223,
                33.4183
              ],
              [
                126.2223,
                33.4183
              ],
              [
                126.223,
                33.4202
              ],
              [
                126.223,
                33.4202
              ],
              [
                126.223,
                33.4202
              ],
              [
                126.223,
                33.4202
              ],
              [
                126.223,
                33.4202
              ],
              [
                126.223,
                33.4203
              ],
              [
                126.223,
                33.4203
              ],
              [
                126.223,
                33.4203
              ],
              [
                126.223,
                33.4203
              ],
              [
                126.223,
                33.4203
              ],
              [
                126.223,
                33.4203
              ],
              [
                126.223,
                33.4203
              ],
              [
                126.223,
                33.4203
              ],
              [
                126.223,
                33.4203
              ],
              [
                126.223,
                33.4203
              ],
              [
                126.223,
                33.4203
              ],
              [
                126.223,
                33.4203
              ],
              [
                126.223,
                33.4204
              ],
              [
                126.223,
                33.4204
              ],
              [
                126.2231,
                33.4205
              ],
              [
                126.2231,
                33.4205
              ],
              [
                126.2231,
                33.4206
              ],
              [
                126.2231,
                33.4206
              ],
              [
                126.2231,
                33.4206
              ],
              [
                126.2231,
                33.4206
              ],
              [
                126.2231,
                33.4206
              ],
              [
                126.2231,
                33.4206
              ],
              [
                126.2231,
                33.4206
              ],
              [
                126.2231,
                33.4207
              ],
              [
                126.2231,
                33.4207
              ],
              [
                126.2231,
                33.4207
              ],
              [
                126.2231,
                33.4207
              ],
              [
                126.2231,
                33.4207
              ],
              [
                126.2231,
                33.4207
              ],
              [
                126.2231,
                33.4207
              ],
              [
                126.2231,
                33.4207
              ],
              [
                126.2231,
                33.4207
              ],
              [
                126.2231,
                33.4207
              ],
              [
                126.2231,
                33.4207
              ],
              [
                126.2231,
                33.4207
              ],
              [
                126.2231,
                33.4207
              ],
              [
                126.2231,
                33.4208
              ],
              [
                126.2231,
                33.4208
              ],
              [
                126.2231,
                33.4208
              ],
              [
                126.2231,
                33.4208
              ],
              [
                126.2231,
                33.4208
              ],
              [
                126.2231,
                33.4208
              ],
              [
                126.2231,
                33.4208
              ],
              [
                126.2231,
                33.4208
              ],
              [
                126.2232,
                33.4208
              ],
              [
                126.2232,
                33.4208
              ],
              [
                126.2232,
                33.4208
              ],
              [
                126.2232,
                33.4208
              ],
              [
                126.2232,
                33.4208
              ],
              [
                126.2232,
                33.4208
              ],
              [
                126.2232,
                33.4208
              ],
              [
                126.2232,
                33.4209
              ],
              [
                126.2232,
                33.4209
              ],
              [
                126.2232,
                33.4209
              ],
              [
                126.2232,
                33.4209
              ],
              [
                126.2232,
                33.4209
              ],
              [
                126.2232,
                33.4209
              ],
              [
                126.2232,
                33.4209
              ],
              [
                126.2232,
                33.4209
              ],
              [
                126.2232,
                33.4209
              ],
              [
                126.2232,
                33.4209
              ],
              [
                126.2233,
                33.4209
              ],
              [
                126.2233,
                33.4209
              ],
              [
                126.2233,
                33.4209
              ],
              [
                126.2233,
                33.4209
              ],
              [
                126.2233,
                33.4209
              ],
              [
                126.2233,
                33.4209
              ],
              [
                126.2233,
                33.4209
              ],
              [
                126.2233,
                33.4209
              ],
              [
                126.2233,
                33.4209
              ],
              [
                126.2233,
                33.4209
              ],
              [
                126.2233,
                33.4209
              ],
              [
                126.2233,
                33.4209
              ],
              [
                126.2233,
                33.4209
              ],
              [
                126.2233,
                33.4209
              ],
              [
                126.2233,
                33.4209
              ],
              [
                126.2233,
                33.4209
              ],
              [
                126.2233,
                33.421
              ],
              [
                126.2233,
                33.421
              ],
              [
                126.2233,
                33.421
              ],
              [
                126.2233,
                33.421
              ],
              [
                126.2233,
                33.421
              ],
              [
                126.2233,
                33.421
              ],
              [
                126.2234,
                33.421
              ],
              [
                126.2234,
                33.421
              ],
              [
                126.2234,
                33.421
              ],
              [
                126.2234,
                33.421
              ],
              [
                126.2234,
                33.421
              ],
              [
                126.2234,
                33.421
              ],
              [
                126.2234,
                33.421
              ],
              [
                126.2234,
                33.421
              ],
              [
                126.2234,
                33.421
              ],
              [
                126.2234,
                33.421
              ],
              [
                126.2234,
                33.421
              ],
              [
                126.2235,
                33.421
              ],
              [
                126.2235,
                33.421
              ],
              [
                126.2235,
                33.421
              ],
              [
                126.2235,
                33.421
              ],
              [
                126.2235,
                33.421
              ],
              [
                126.2235,
                33.4211
              ],
              [
                126.2235,
                33.4211
              ],
              [
                126.2235,
                33.4211
              ],
              [
                126.2236,
                33.4211
              ],
              [
                126.2236,
                33.4211
              ],
              [
                126.2236,
                33.4211
              ],
              [
                126.2236,
                33.4211
              ],
              [
                126.2236,
                33.4211
              ],
              [
                126.2236,
                33.4211
              ],
              [
                126.2236,
                33.4211
              ],
              [
                126.2236,
                33.4211
              ],
              [
                126.2237,
                33.4211
              ],
              [
                126.2237,
                33.4211
              ],
              [
                126.2237,
                33.4211
              ],
              [
                126.2238,
                33.4211
              ],
              [
                126.2238,
                33.4211
              ],
              [
                126.2238,
                33.4211
              ],
              [
                126.2238,
                33.4211
              ],
              [
                126.2239,
                33.4211
              ],
              [
                126.2239,
                33.4211
              ],
              [
                126.2239,
                33.4211
              ],
              [
                126.2239,
                33.4211
              ],
              [
                126.2239,
                33.4211
              ],
              [
                126.2239,
                33.4212
              ],
              [
                126.2239,
                33.4212
              ],
              [
                126.2239,
                33.4212
              ],
              [
                126.2239,
                33.4212
              ],
              [
                126.2239,
                33.4212
              ],
              [
                126.224,
                33.4212
              ],
              [
                126.224,
                33.4212
              ],
              [
                126.224,
                33.4212
              ],
              [
                126.224,
                33.4212
              ],
              [
                126.224,
                33.4212
              ],
              [
                126.224,
                33.4212
              ],
              [
                126.224,
                33.4212
              ],
              [
                126.224,
                33.4212
              ],
              [
                126.224,
                33.4212
              ],
              [
                126.224,
                33.4212
              ],
              [
                126.2241,
                33.4212
              ],
              [
                126.2241,
                33.4212
              ],
              [
                126.2241,
                33.4212
              ],
              [
                126.2241,
                33.4212
              ],
              [
                126.2241,
                33.4212
              ],
              [
                126.2241,
                33.4212
              ],
              [
                126.2241,
                33.4212
              ],
              [
                126.2241,
                33.4212
              ],
              [
                126.2241,
                33.4212
              ],
              [
                126.2241,
                33.4212
              ],
              [
                126.2241,
                33.4212
              ],
              [
                126.2241,
                33.4212
              ],
              [
                126.2241,
                33.4212
              ],
              [
                126.2241,
                33.4212
              ],
              [
                126.2242,
                33.4212
              ],
              [
                126.2242,
                33.4212
              ],
              [
                126.2242,
                33.4212
              ],
              [
                126.2242,
                33.4212
              ],
              [
                126.2242,
                33.4212
              ],
              [
                126.2242,
                33.4212
              ],
              [
                126.2242,
                33.4212
              ],
              [
                126.2242,
                33.4212
              ],
              [
                126.2242,
                33.4212
              ],
              [
                126.2242,
                33.4212
              ],
              [
                126.2242,
                33.4212
              ],
              [
                126.2242,
                33.4212
              ],
              [
                126.2242,
                33.4212
              ],
              [
                126.2243,
                33.4212
              ],
              [
                126.2243,
                33.4212
              ],
              [
                126.2243,
                33.4211
              ],
              [
                126.2243,
                33.4211
              ],
              [
                126.2243,
                33.4211
              ],
              [
                126.2243,
                33.4211
              ],
              [
                126.2243,
                33.4211
              ],
              [
                126.2243,
                33.4211
              ],
              [
                126.2243,
                33.4211
              ],
              [
                126.2243,
                33.4211
              ],
              [
                126.2243,
                33.4211
              ],
              [
                126.2243,
                33.4211
              ],
              [
                126.2243,
                33.4211
              ],
              [
                126.2243,
                33.4211
              ],
              [
                126.2243,
                33.4211
              ],
              [
                126.2243,
                33.4211
              ],
              [
                126.2243,
                33.4211
              ],
              [
                126.2243,
                33.4211
              ],
              [
                126.2243,
                33.4211
              ],
              [
                126.2244,
                33.4211
              ],
              [
                126.2244,
                33.4211
              ],
              [
                126.2244,
                33.4211
              ],
              [
                126.2244,
                33.4211
              ],
              [
                126.2244,
                33.4211
              ],
              [
                126.2244,
                33.4211
              ],
              [
                126.2244,
                33.4211
              ],
              [
                126.2244,
                33.4211
              ],
              [
                126.2244,
                33.4211
              ],
              [
                126.2244,
                33.4211
              ],
              [
                126.2244,
                33.4211
              ],
              [
                126.2244,
                33.4211
              ],
              [
                126.2244,
                33.4211
              ],
              [
                126.2244,
                33.4211
              ],
              [
                126.2244,
                33.421
              ],
              [
                126.2244,
                33.421
              ],
              [
                126.2244,
                33.421
              ],
              [
                126.2244,
                33.421
              ],
              [
                126.2244,
                33.421
              ],
              [
                126.2245,
                33.421
              ],
              [
                126.2245,
                33.421
              ],
              [
                126.2245,
                33.421
              ],
              [
                126.2245,
                33.421
              ],
              [
                126.2245,
                33.421
              ],
              [
                126.2245,
                33.421
              ],
              [
                126.2245,
                33.421
              ],
              [
                126.2245,
                33.421
              ],
              [
                126.2245,
                33.421
              ],
              [
                126.2245,
                33.421
              ],
              [
                126.2245,
                33.421
              ],
              [
                126.2245,
                33.421
              ],
              [
                126.2245,
                33.421
              ],
              [
                126.2245,
                33.421
              ],
              [
                126.2245,
                33.421
              ],
              [
                126.2245,
                33.421
              ],
              [
                126.2245,
                33.421
              ],
              [
                126.2245,
                33.421
              ],
              [
                126.2245,
                33.421
              ],
              [
                126.2245,
                33.4209
              ],
              [
                126.2245,
                33.4209
              ],
              [
                126.2245,
                33.4209
              ],
              [
                126.2245,
                33.4209
              ],
              [
                126.2245,
                33.4209
              ],
              [
                126.2245,
                33.4209
              ],
              [
                126.2245,
                33.4208
              ],
              [
                126.2245,
                33.4208
              ],
              [
                126.2245,
                33.4208
              ],
              [
                126.2245,
                33.4208
              ],
              [
                126.2245,
                33.4208
              ],
              [
                126.2245,
                33.4208
              ],
              [
                126.2245,
                33.4208
              ],
              [
                126.2245,
                33.4208
              ],
              [
                126.2244,
                33.4208
              ],
              [
                126.2244,
                33.4207
              ],
              [
                126.2244,
                33.4207
              ],
              [
                126.2242,
                33.42
              ],
              [
                126.2242,
                33.42
              ],
              [
                126.2242,
                33.4199
              ],
              [
                126.2242,
                33.4199
              ],
              [
                126.2242,
                33.4199
              ],
              [
                126.2242,
                33.4199
              ],
              [
                126.2242,
                33.4199
              ],
              [
                126.2242,
                33.4199
              ],
              [
                126.2242,
                33.4199
              ],
              [
                126.2242,
                33.4199
              ],
              [
                126.2242,
                33.4199
              ],
              [
                126.2242,
                33.4199
              ],
              [
                126.2242,
                33.4199
              ],
              [
                126.2242,
                33.4199
              ],
              [
                126.2242,
                33.4199
              ],
              [
                126.2242,
                33.4199
              ],
              [
                126.2242,
                33.4199
              ],
              [
                126.2242,
                33.4199
              ],
              [
                126.2242,
                33.4199
              ],
              [
                126.2242,
                33.4199
              ],
              [
                126.2242,
                33.4199
              ],
              [
                126.2242,
                33.4199
              ],
              [
                126.2242,
                33.4199
              ],
              [
                126.2242,
                33.4199
              ],
              [
                126.2242,
                33.4199
              ],
              [
                126.2242,
                33.4199
              ],
              [
                126.2242,
                33.4199
              ],
              [
                126.2242,
                33.4198
              ],
              [
                126.2242,
                33.4198
              ],
              [
                126.2242,
                33.4198
              ],
              [
                126.2241,
                33.4198
              ],
              [
                126.2241,
                33.4198
              ],
              [
                126.224,
                33.4198
              ],
              [
                126.2236,
                33.4196
              ],
              [
                126.2236,
                33.4196
              ],
              [
                126.2236,
                33.4196
              ],
              [
                126.2236,
                33.4196
              ],
              [
                126.2236,
                33.4196
              ],
              [
                126.2236,
                33.4196
              ],
              [
                126.2236,
                33.4196
              ],
              [
                126.2236,
                33.4196
              ],
              [
                126.2236,
                33.4196
              ],
              [
                126.2236,
                33.4196
              ],
              [
                126.2236,
                33.4196
              ],
              [
                126.2236,
                33.4196
              ],
              [
                126.2236,
                33.4196
              ],
              [
                126.2236,
                33.4196
              ],
              [
                126.2236,
                33.4196
              ],
              [
                126.2236,
                33.4196
              ],
              [
                126.2236,
                33.4196
              ],
              [
                126.2236,
                33.4196
              ],
              [
                126.2236,
                33.4196
              ],
              [
                126.2236,
                33.4196
              ],
              [
                126.2236,
                33.4196
              ],
              [
                126.2236,
                33.4196
              ],
              [
                126.2236,
                33.4196
              ],
              [
                126.2236,
                33.4196
              ],
              [
                126.2236,
                33.4196
              ],
              [
                126.2236,
                33.4196
              ],
              [
                126.2236,
                33.4196
              ],
              [
                126.2236,
                33.4196
              ],
              [
                126.2236,
                33.4196
              ],
              [
                126.2235,
                33.4196
              ],
              [
                126.2235,
                33.4196
              ],
              [
                126.2235,
                33.4195
              ],
              [
                126.2235,
                33.4195
              ],
              [
                126.2235,
                33.4195
              ],
              [
                126.2235,
                33.4195
              ],
              [
                126.2235,
                33.4195
              ],
              [
                126.2235,
                33.4195
              ],
              [
                126.2235,
                33.4195
              ],
              [
                126.2235,
                33.4195
              ],
              [
                126.2235,
                33.4195
              ],
              [
                126.2235,
                33.4195
              ],
              [
                126.2235,
                33.4195
              ],
              [
                126.2235,
                33.4195
              ],
              [
                126.2235,
                33.4195
              ],
              [
                126.2235,
                33.4195
              ],
              [
                126.2235,
                33.4195
              ],
              [
                126.2235,
                33.4195
              ],
              [
                126.2235,
                33.4195
              ],
              [
                126.2235,
                33.4195
              ],
              [
                126.2235,
                33.4195
              ],
              [
                126.2235,
                33.4195
              ],
              [
                126.2235,
                33.4195
              ],
              [
                126.2235,
                33.4195
              ],
              [
                126.2235,
                33.4191
              ],
              [
                126.2235,
                33.4189
              ],
              [
                126.2235,
                33.4189
              ],
              [
                126.2235,
                33.4188
              ],
              [
                126.2235,
                33.4188
              ],
              [
                126.2235,
                33.4188
              ],
              [
                126.2235,
                33.4188
              ],
              [
                126.2235,
                33.4188
              ],
              [
                126.2235,
                33.4187
              ],
              [
                126.2235,
                33.4187
              ],
              [
                126.2235,
                33.4187
              ],
              [
                126.2235,
                33.4187
              ],
              [
                126.2235,
                33.4187
              ],
              [
                126.2235,
                33.4187
              ],
              [
                126.2235,
                33.4187
              ],
              [
                126.2235,
                33.4187
              ],
              [
                126.2235,
                33.4186
              ],
              [
                126.2235,
                33.4186
              ],
              [
                126.2235,
                33.4186
              ],
              [
                126.2235,
                33.4186
              ],
              [
                126.2235,
                33.4186
              ],
              [
                126.2235,
                33.4186
              ],
              [
                126.2235,
                33.4186
              ],
              [
                126.2235,
                33.4186
              ],
              [
                126.2235,
                33.4186
              ],
              [
                126.2235,
                33.4186
              ],
              [
                126.2235,
                33.4186
              ],
              [
                126.2235,
                33.4186
              ],
              [
                126.2235,
                33.4186
              ],
              [
                126.2235,
                33.4186
              ],
              [
                126.2235,
                33.4186
              ],
              [
                126.2235,
                33.4186
              ],
              [
                126.2235,
                33.4186
              ],
              [
                126.2235,
                33.4186
              ],
              [
                126.2235,
                33.4186
              ],
              [
                126.2235,
                33.4186
              ],
              [
                126.2235,
                33.4186
              ],
              [
                126.2235,
                33.4186
              ],
              [
                126.2235,
                33.4186
              ],
              [
                126.2235,
                33.4186
              ],
              [
                126.2235,
                33.4186
              ],
              [
                126.2235,
                33.4186
              ],
              [
                126.2235,
                33.4185
              ],
              [
                126.2235,
                33.4185
              ],
              [
                126.2235,
                33.4185
              ],
              [
                126.2235,
                33.4185
              ],
              [
                126.2235,
                33.4185
              ],
              [
                126.2235,
                33.4185
              ],
              [
                126.2235,
                33.4185
              ],
              [
                126.2235,
                33.4185
              ],
              [
                126.2235,
                33.4185
              ],
              [
                126.2235,
                33.4185
              ],
              [
                126.2235,
                33.4185
              ],
              [
                126.2236,
                33.4185
              ],
              [
                126.2244,
                33.4179
              ],
              [
                126.2244,
                33.4179
              ],
              [
                126.2244,
                33.4179
              ],
              [
                126.2244,
                33.4179
              ],
              [
                126.2244,
                33.4179
              ],
              [
                126.2244,
                33.4179
              ],
              [
                126.2244,
                33.4179
              ],
              [
                126.2244,
                33.4179
              ],
              [
                126.2244,
                33.4179
              ],
              [
                126.2244,
                33.4179
              ],
              [
                126.2244,
                33.4179
              ],
              [
                126.2244,
                33.4179
              ],
              [
                126.2244,
                33.4179
              ],
              [
                126.2244,
                33.4179
              ],
              [
                126.2245,
                33.4179
              ],
              [
                126.2245,
                33.4179
              ],
              [
                126.2245,
                33.4179
              ],
              [
                126.2245,
                33.4179
              ],
              [
                126.2245,
                33.4179
              ],
              [
                126.2245,
                33.4179
              ],
              [
                126.2245,
                33.4179
              ],
              [
                126.2245,
                33.4179
              ],
              [
                126.2245,
                33.4179
              ],
              [
                126.2245,
                33.4179
              ],
              [
                126.2245,
                33.4179
              ],
              [
                126.2245,
                33.4179
              ],
              [
                126.2245,
                33.4179
              ],
              [
                126.2245,
                33.4179
              ]
            ]
          ],
          [
            [
              [
                126.9018,
                33.5153
              ],
              [
                126.9025,
                33.5155
              ],
              [
                126.902,
                33.5151
              ],
              [
                126.902,
                33.5151
              ],
              [
                126.902,
                33.5151
              ],
              [
                126.902,
                33.5151
              ],
              [
                126.902,
                33.5151
              ],
              [
                126.9019,
                33.5152
              ],
              [
                126.9019,
                33.5152
              ],
              [
                126.9018,
                33.5152
              ],
              [
                126.9018,
                33.5153
              ]
            ]
          ],
          [
            [
              [
                126.5317,
                33.5213
              ],
              [
                126.5316,
                33.5213
              ],
              [
                126.5316,
                33.5213
              ],
              [
                126.5316,
                33.5213
              ],
              [
                126.5316,
                33.5213
              ],
              [
                126.5318,
                33.5215
              ],
              [
                126.5322,
                33.5218
              ],
              [
                126.5317,
                33.5213
              ]
            ]
          ],
          [
            [
              [
                126.9024,
                33.5229
              ],
              [
                126.9024,
                33.5229
              ],
              [
                126.9024,
                33.5229
              ],
              [
                126.9024,
                33.5229
              ],
              [
                126.9023,
                33.5229
              ],
              [
                126.9023,
                33.5229
              ],
              [
                126.9023,
                33.523
              ],
              [
                126.9013,
                33.5247
              ],
              [
                126.9013,
                33.5247
              ],
              [
                126.9013,
                33.5248
              ],
              [
                126.9014,
                33.5251
              ],
              [
                126.9014,
                33.5251
              ],
              [
                126.9014,
                33.5251
              ],
              [
                126.9014,
                33.5251
              ],
              [
                126.9024,
                33.5253
              ],
              [
                126.9024,
                33.5253
              ],
              [
                126.9024,
                33.5253
              ],
              [
                126.9024,
                33.5253
              ],
              [
                126.9024,
                33.5253
              ],
              [
                126.9025,
                33.5252
              ],
              [
                126.9025,
                33.5251
              ],
              [
                126.9025,
                33.525
              ],
              [
                126.9032,
                33.5248
              ],
              [
                126.9035,
                33.5246
              ],
              [
                126.9036,
                33.5246
              ],
              [
                126.9038,
                33.5243
              ],
              [
                126.9038,
                33.5243
              ],
              [
                126.9039,
                33.5242
              ],
              [
                126.9039,
                33.5242
              ],
              [
                126.904,
                33.5241
              ],
              [
                126.904,
                33.5241
              ],
              [
                126.904,
                33.5241
              ],
              [
                126.9038,
                33.5235
              ],
              [
                126.9035,
                33.5233
              ],
              [
                126.9035,
                33.5233
              ],
              [
                126.9025,
                33.5229
              ],
              [
                126.9024,
                33.5229
              ]
            ]
          ],
          [
            [
              [
                126.9625,
                33.5194
              ],
              [
                126.9625,
                33.5189
              ],
              [
                126.9625,
                33.5189
              ],
              [
                126.9624,
                33.5189
              ],
              [
                126.9624,
                33.5189
              ],
              [
                126.9622,
                33.5184
              ],
              [
                126.9622,
                33.5184
              ],
              [
                126.9617,
                33.5175
              ],
              [
                126.9617,
                33.5175
              ],
              [
                126.9617,
                33.5175
              ],
              [
                126.9617,
                33.5175
              ],
              [
                126.9615,
                33.5175
              ],
              [
                126.9615,
                33.5175
              ],
              [
                126.9614,
                33.5175
              ],
              [
                126.9614,
                33.5175
              ],
              [
                126.9606,
                33.5175
              ],
              [
                126.9605,
                33.5175
              ],
              [
                126.9604,
                33.5176
              ],
              [
                126.9604,
                33.5176
              ],
              [
                126.9603,
                33.5176
              ],
              [
                126.9603,
                33.5176
              ],
              [
                126.9592,
                33.5175
              ],
              [
                126.9591,
                33.5175
              ],
              [
                126.9591,
                33.5174
              ],
              [
                126.9591,
                33.5174
              ],
              [
                126.9591,
                33.5174
              ],
              [
                126.959,
                33.5174
              ],
              [
                126.959,
                33.5174
              ],
              [
                126.959,
                33.5174
              ],
              [
                126.9584,
                33.5163
              ],
              [
                126.9579,
                33.5151
              ],
              [
                126.9579,
                33.5147
              ],
              [
                126.9579,
                33.5141
              ],
              [
                126.9579,
                33.514
              ],
              [
                126.9579,
                33.514
              ],
              [
                126.9579,
                33.5139
              ],
              [
                126.9579,
                33.5139
              ],
              [
                126.9581,
                33.5136
              ],
              [
                126.9581,
                33.5136
              ],
              [
                126.9587,
                33.5129
              ],
              [
                126.9587,
                33.5128
              ],
              [
                126.9588,
                33.5128
              ],
              [
                126.9588,
                33.5128
              ],
              [
                126.9588,
                33.5128
              ],
              [
                126.9589,
                33.5127
              ],
              [
                126.9589,
                33.5127
              ],
              [
                126.959,
                33.5127
              ],
              [
                126.959,
                33.5127
              ],
              [
                126.9591,
                33.5127
              ],
              [
                126.9592,
                33.5127
              ],
              [
                126.9594,
                33.5127
              ],
              [
                126.9646,
                33.5138
              ],
              [
                126.9665,
                33.515
              ],
              [
                126.9665,
                33.515
              ],
              [
                126.9666,
                33.5152
              ],
              [
                126.9666,
                33.5153
              ],
              [
                126.9666,
                33.5153
              ],
              [
                126.9667,
                33.5154
              ],
              [
                126.9667,
                33.5154
              ],
              [
                126.9667,
                33.5154
              ],
              [
                126.9667,
                33.5154
              ],
              [
                126.9667,
                33.5155
              ],
              [
                126.9676,
                33.5162
              ],
              [
                126.9676,
                33.5162
              ],
              [
                126.9677,
                33.5162
              ],
              [
                126.9678,
                33.5163
              ],
              [
                126.9681,
                33.5163
              ],
              [
                126.971,
                33.5157
              ],
              [
                126.9711,
                33.5157
              ],
              [
                126.9711,
                33.5157
              ],
              [
                126.9712,
                33.5157
              ],
              [
                126.9712,
                33.5157
              ],
              [
                126.9712,
                33.5157
              ],
              [
                126.9714,
                33.5156
              ],
              [
                126.9714,
                33.5155
              ],
              [
                126.9726,
                33.5147
              ],
              [
                126.9726,
                33.5147
              ],
              [
                126.9726,
                33.5147
              ],
              [
                126.9726,
                33.5147
              ],
              [
                126.9727,
                33.5147
              ],
              [
                126.9727,
                33.5146
              ],
              [
                126.9727,
                33.5146
              ],
              [
                126.9727,
                33.5146
              ],
              [
                126.9726,
                33.5145
              ],
              [
                126.9726,
                33.5145
              ],
              [
                126.9726,
                33.5144
              ],
              [
                126.9726,
                33.5144
              ],
              [
                126.9724,
                33.5142
              ],
              [
                126.9722,
                33.514
              ],
              [
                126.9722,
                33.514
              ],
              [
                126.9722,
                33.514
              ],
              [
                126.9721,
                33.514
              ],
              [
                126.9714,
                33.5141
              ],
              [
                126.9692,
                33.5145
              ],
              [
                126.9663,
                33.5142
              ],
              [
                126.9663,
                33.5141
              ],
              [
                126.9663,
                33.5141
              ],
              [
                126.9662,
                33.5141
              ],
              [
                126.9662,
                33.5141
              ],
              [
                126.9661,
                33.514
              ],
              [
                126.9657,
                33.5137
              ],
              [
                126.9652,
                33.5133
              ],
              [
                126.9651,
                33.5131
              ],
              [
                126.9651,
                33.512
              ],
              [
                126.9652,
                33.512
              ],
              [
                126.9652,
                33.5119
              ],
              [
                126.9659,
                33.5106
              ],
              [
                126.9664,
                33.51
              ],
              [
                126.9664,
                33.51
              ],
              [
                126.9666,
                33.5098
              ],
              [
                126.9666,
                33.5098
              ],
              [
                126.9666,
                33.5098
              ],
              [
                126.967,
                33.5096
              ],
              [
                126.9671,
                33.5096
              ],
              [
                126.9696,
                33.503
              ],
              [
                126.9696,
                33.503
              ],
              [
                126.9704,
                33.5027
              ],
              [
                126.9708,
                33.5025
              ],
              [
                126.9709,
                33.502
              ],
              [
                126.9713,
                33.4986
              ],
              [
                126.9713,
                33.4986
              ],
              [
                126.9713,
                33.4986
              ],
              [
                126.9713,
                33.4986
              ],
              [
                126.9713,
                33.4986
              ],
              [
                126.9692,
                33.4965
              ],
              [
                126.969,
                33.4965
              ],
              [
                126.9685,
                33.4964
              ],
              [
                126.9683,
                33.4966
              ],
              [
                126.9681,
                33.4968
              ],
              [
                126.9681,
                33.4968
              ],
              [
                126.968,
                33.497
              ],
              [
                126.9679,
                33.4971
              ],
              [
                126.9679,
                33.4972
              ],
              [
                126.9679,
                33.4972
              ],
              [
                126.9678,
                33.4973
              ],
              [
                126.9678,
                33.4973
              ],
              [
                126.9678,
                33.4973
              ],
              [
                126.9678,
                33.4973
              ],
              [
                126.9678,
                33.4973
              ],
              [
                126.9676,
                33.4974
              ],
              [
                126.9675,
                33.4974
              ],
              [
                126.9674,
                33.4974
              ],
              [
                126.9674,
                33.4974
              ],
              [
                126.9673,
                33.4974
              ],
              [
                126.9673,
                33.4974
              ],
              [
                126.9673,
                33.4973
              ],
              [
                126.9672,
                33.4973
              ],
              [
                126.9671,
                33.4973
              ],
              [
                126.967,
                33.4972
              ],
              [
                126.967,
                33.4972
              ],
              [
                126.9668,
                33.4971
              ],
              [
                126.9668,
                33.497
              ],
              [
                126.9667,
                33.497
              ],
              [
                126.9667,
                33.497
              ],
              [
                126.9667,
                33.4969
              ],
              [
                126.9667,
                33.4969
              ],
              [
                126.9667,
                33.4969
              ],
              [
                126.9666,
                33.4967
              ],
              [
                126.9666,
                33.4967
              ],
              [
                126.9672,
                33.4948
              ],
              [
                126.9674,
                33.4943
              ],
              [
                126.9676,
                33.4937
              ],
              [
                126.9677,
                33.4936
              ],
              [
                126.9677,
                33.4936
              ],
              [
                126.9677,
                33.4935
              ],
              [
                126.9677,
                33.4935
              ],
              [
                126.9677,
                33.4931
              ],
              [
                126.9677,
                33.4928
              ],
              [
                126.9677,
                33.4924
              ],
              [
                126.9675,
                33.4915
              ],
              [
                126.9673,
                33.491
              ],
              [
                126.9671,
                33.4907
              ],
              [
                126.9671,
                33.4907
              ],
              [
                126.9656,
                33.4897
              ],
              [
                126.9643,
                33.4892
              ],
              [
                126.9642,
                33.4892
              ],
              [
                126.9642,
                33.4892
              ],
              [
                126.9642,
                33.4892
              ],
              [
                126.9642,
                33.4892
              ],
              [
                126.964,
                33.4892
              ],
              [
                126.964,
                33.4892
              ],
              [
                126.964,
                33.4892
              ],
              [
                126.9639,
                33.4892
              ],
              [
                126.9638,
                33.4892
              ],
              [
                126.9636,
                33.4893
              ],
              [
                126.9633,
                33.4894
              ],
              [
                126.9632,
                33.4894
              ],
              [
                126.9632,
                33.4895
              ],
              [
                126.9632,
                33.4895
              ],
              [
                126.9632,
                33.4895
              ],
              [
                126.9632,
                33.4895
              ],
              [
                126.9632,
                33.4895
              ],
              [
                126.9632,
                33.4895
              ],
              [
                126.9632,
                33.4895
              ],
              [
                126.9632,
                33.4896
              ],
              [
                126.9631,
                33.4897
              ],
              [
                126.9631,
                33.4897
              ],
              [
                126.9603,
                33.4923
              ],
              [
                126.9599,
                33.4926
              ],
              [
                126.9598,
                33.4927
              ],
              [
                126.9597,
                33.4927
              ],
              [
                126.9597,
                33.4927
              ],
              [
                126.9597,
                33.4927
              ],
              [
                126.9596,
                33.4927
              ],
              [
                126.9592,
                33.4927
              ],
              [
                126.9592,
                33.4927
              ],
              [
                126.9592,
                33.4927
              ],
              [
                126.9591,
                33.4927
              ],
              [
                126.9591,
                33.4927
              ],
              [
                126.9591,
                33.4927
              ],
              [
                126.9591,
                33.4927
              ],
              [
                126.959,
                33.4927
              ],
              [
                126.9589,
                33.4927
              ],
              [
                126.9589,
                33.4927
              ],
              [
                126.9588,
                33.4927
              ],
              [
                126.9588,
                33.4926
              ],
              [
                126.9588,
                33.4926
              ],
              [
                126.9583,
                33.4924
              ],
              [
                126.9582,
                33.4924
              ],
              [
                126.9582,
                33.4924
              ],
              [
                126.9582,
                33.4924
              ],
              [
                126.9572,
                33.4917
              ],
              [
                126.9571,
                33.4916
              ],
              [
                126.9571,
                33.4915
              ],
              [
                126.9569,
                33.4914
              ],
              [
                126.9569,
                33.4914
              ],
              [
                126.9569,
                33.4914
              ],
              [
                126.9569,
                33.4912
              ],
              [
                126.9569,
                33.4912
              ],
              [
                126.9569,
                33.4912
              ],
              [
                126.9569,
                33.4912
              ],
              [
                126.9569,
                33.4912
              ],
              [
                126.9511,
                33.4925
              ],
              [
                126.9485,
                33.4935
              ],
              [
                126.9482,
                33.4933
              ],
              [
                126.9477,
                33.493
              ],
              [
                126.9477,
                33.493
              ],
              [
                126.9477,
                33.493
              ],
              [
                126.9476,
                33.493
              ],
              [
                126.9476,
                33.493
              ],
              [
                126.9473,
                33.493
              ],
              [
                126.9473,
                33.493
              ],
              [
                126.9452,
                33.4936
              ],
              [
                126.9433,
                33.4948
              ],
              [
                126.9431,
                33.495
              ],
              [
                126.9431,
                33.4951
              ],
              [
                126.9431,
                33.4951
              ],
              [
                126.9431,
                33.4951
              ],
              [
                126.9431,
                33.4953
              ],
              [
                126.9431,
                33.4953
              ],
              [
                126.9435,
                33.4959
              ],
              [
                126.944,
                33.4962
              ],
              [
                126.944,
                33.4963
              ],
              [
                126.944,
                33.4963
              ],
              [
                126.944,
                33.4963
              ],
              [
                126.944,
                33.4963
              ],
              [
                126.9441,
                33.4963
              ],
              [
                126.9441,
                33.4963
              ],
              [
                126.9441,
                33.4963
              ],
              [
                126.9441,
                33.4984
              ],
              [
                126.9431,
                33.5016
              ],
              [
                126.9416,
                33.5035
              ],
              [
                126.9413,
                33.5043
              ],
              [
                126.9409,
                33.5066
              ],
              [
                126.9409,
                33.5066
              ],
              [
                126.9409,
                33.5066
              ],
              [
                126.9409,
                33.5066
              ],
              [
                126.941,
                33.5067
              ],
              [
                126.9412,
                33.5069
              ],
              [
                126.9412,
                33.507
              ],
              [
                126.9412,
                33.507
              ],
              [
                126.9413,
                33.507
              ],
              [
                126.9413,
                33.507
              ],
              [
                126.9416,
                33.5071
              ],
              [
                126.9421,
                33.5072
              ],
              [
                126.9422,
                33.5072
              ],
              [
                126.9423,
                33.5073
              ],
              [
                126.9423,
                33.5073
              ],
              [
                126.9432,
                33.5079
              ],
              [
                126.9434,
                33.5082
              ],
              [
                126.9435,
                33.5082
              ],
              [
                126.9435,
                33.5082
              ],
              [
                126.9432,
                33.5105
              ],
              [
                126.9432,
                33.5106
              ],
              [
                126.9432,
                33.5107
              ],
              [
                126.9432,
                33.5107
              ],
              [
                126.948,
                33.5145
              ],
              [
                126.9504,
                33.5171
              ],
              [
                126.9509,
                33.5177
              ],
              [
                126.951,
                33.5179
              ],
              [
                126.9509,
                33.5185
              ],
              [
                126.9507,
                33.5189
              ],
              [
                126.9506,
                33.5189
              ],
              [
                126.9504,
                33.519
              ],
              [
                126.9503,
                33.5189
              ],
              [
                126.9501,
                33.5189
              ],
              [
                126.95,
                33.5188
              ],
              [
                126.9499,
                33.5188
              ],
              [
                126.9499,
                33.5187
              ],
              [
                126.9499,
                33.5186
              ],
              [
                126.95,
                33.5185
              ],
              [
                126.95,
                33.5185
              ],
              [
                126.9501,
                33.5185
              ],
              [
                126.95,
                33.5183
              ],
              [
                126.9497,
                33.518
              ],
              [
                126.9495,
                33.518
              ],
              [
                126.949,
                33.5185
              ],
              [
                126.9476,
                33.5201
              ],
              [
                126.9475,
                33.5203
              ],
              [
                126.9474,
                33.5204
              ],
              [
                126.9474,
                33.5204
              ],
              [
                126.9478,
                33.5222
              ],
              [
                126.948,
                33.5228
              ],
              [
                126.9481,
                33.5231
              ],
              [
                126.9481,
                33.5231
              ],
              [
                126.9481,
                33.5231
              ],
              [
                126.9486,
                33.5235
              ],
              [
                126.9507,
                33.5249
              ],
              [
                126.9545,
                33.5259
              ],
              [
                126.956,
                33.5247
              ],
              [
                126.9579,
                33.522
              ],
              [
                126.96,
                33.5203
              ],
              [
                126.9605,
                33.5203
              ],
              [
                126.9624,
                33.5194
              ],
              [
                126.9625,
                33.5194
              ],
              [
                126.9625,
                33.5194
              ],
              [
                126.9625,
                33.5194
              ]
            ]
          ],
          [
            [
              [
                126.5322,
                33.5218
              ],
              [
                126.5344,
                33.5236
              ],
              [
                126.5363,
                33.5264
              ],
              [
                126.541,
                33.5331
              ],
              [
                126.541,
                33.5332
              ],
              [
                126.5411,
                33.5332
              ],
              [
                126.5411,
                33.5332
              ],
              [
                126.5411,
                33.5332
              ],
              [
                126.5412,
                33.5332
              ],
              [
                126.5412,
                33.5332
              ],
              [
                126.5413,
                33.5331
              ],
              [
                126.5414,
                33.5331
              ],
              [
                126.5414,
                33.5331
              ],
              [
                126.5414,
                33.5331
              ],
              [
                126.5415,
                33.5331
              ],
              [
                126.5415,
                33.533
              ],
              [
                126.5415,
                33.533
              ],
              [
                126.5415,
                33.533
              ],
              [
                126.5414,
                33.5329
              ],
              [
                126.5414,
                33.5329
              ],
              [
                126.5414,
                33.5328
              ],
              [
                126.5414,
                33.5328
              ],
              [
                126.5413,
                33.5328
              ],
              [
                126.5409,
                33.5323
              ],
              [
                126.5401,
                33.5312
              ],
              [
                126.5378,
                33.528
              ],
              [
                126.5349,
                33.5238
              ],
              [
                126.5349,
                33.5237
              ],
              [
                126.5349,
                33.5237
              ],
              [
                126.5349,
                33.5237
              ],
              [
                126.5346,
                33.5235
              ],
              [
                126.5346,
                33.5235
              ],
              [
                126.5322,
                33.5218
              ]
            ]
          ],
          [
            [
              [
                126.7299,
                33.5607
              ],
              [
                126.7299,
                33.5608
              ],
              [
                126.7299,
                33.5608
              ],
              [
                126.7299,
                33.5608
              ],
              [
                126.7299,
                33.5609
              ],
              [
                126.7299,
                33.5607
              ]
            ]
          ],
          [
            [
              [
                126.9018,
                33.5153
              ],
              [
                126.9015,
                33.5152
              ],
              [
                126.9014,
                33.5151
              ],
              [
                126.9013,
                33.5151
              ],
              [
                126.9013,
                33.5151
              ],
              [
                126.9012,
                33.5151
              ],
              [
                126.9012,
                33.515
              ],
              [
                126.8993,
                33.5137
              ],
              [
                126.8993,
                33.5136
              ],
              [
                126.8992,
                33.5135
              ],
              [
                126.8992,
                33.5135
              ],
              [
                126.899,
                33.5132
              ],
              [
                126.899,
                33.5131
              ],
              [
                126.899,
                33.5131
              ],
              [
                126.899,
                33.513
              ],
              [
                126.8989,
                33.5129
              ],
              [
                126.8988,
                33.5124
              ],
              [
                126.8988,
                33.5122
              ],
              [
                126.8988,
                33.5121
              ],
              [
                126.8988,
                33.5119
              ],
              [
                126.8988,
                33.5118
              ],
              [
                126.899,
                33.5112
              ],
              [
                126.899,
                33.5111
              ],
              [
                126.8993,
                33.5105
              ],
              [
                126.8994,
                33.5103
              ],
              [
                126.8996,
                33.5097
              ],
              [
                126.8996,
                33.5097
              ],
              [
                126.8996,
                33.5097
              ],
              [
                126.8996,
                33.5097
              ],
              [
                126.8996,
                33.5097
              ],
              [
                126.8997,
                33.5097
              ],
              [
                126.9039,
                33.5103
              ],
              [
                126.9039,
                33.5103
              ],
              [
                126.9053,
                33.5106
              ],
              [
                126.9064,
                33.5109
              ],
              [
                126.9096,
                33.5097
              ],
              [
                126.9104,
                33.5091
              ],
              [
                126.9109,
                33.5087
              ],
              [
                126.9119,
                33.5079
              ],
              [
                126.9126,
                33.5074
              ],
              [
                126.9128,
                33.5071
              ],
              [
                126.9132,
                33.5063
              ],
              [
                126.9134,
                33.5032
              ],
              [
                126.9134,
                33.5024
              ],
              [
                126.9115,
                33.4991
              ],
              [
                126.9094,
                33.4955
              ],
              [
                126.9094,
                33.4954
              ],
              [
                126.9094,
                33.4952
              ],
              [
                126.9094,
                33.495
              ],
              [
                126.9094,
                33.495
              ],
              [
                126.9096,
                33.494
              ],
              [
                126.9096,
                33.4939
              ],
              [
                126.9097,
                33.4937
              ],
              [
                126.9097,
                33.4936
              ],
              [
                126.9105,
                33.4919
              ],
              [
                126.9112,
                33.4911
              ],
              [
                126.9113,
                33.491
              ],
              [
                126.9114,
                33.4905
              ],
              [
                126.9106,
                33.4891
              ],
              [
                126.9097,
                33.4884
              ],
              [
                126.9085,
                33.4876
              ],
              [
                126.9085,
                33.4876
              ],
              [
                126.9085,
                33.4876
              ],
              [
                126.9084,
                33.4876
              ],
              [
                126.9079,
                33.4874
              ],
              [
                126.9079,
                33.4874
              ],
              [
                126.9075,
                33.4872
              ],
              [
                126.9075,
                33.4872
              ],
              [
                126.9074,
                33.4872
              ],
              [
                126.9074,
                33.4872
              ],
              [
                126.9074,
                33.4872
              ],
              [
                126.9073,
                33.4872
              ],
              [
                126.9073,
                33.4873
              ],
              [
                126.9073,
                33.4873
              ],
              [
                126.9072,
                33.4873
              ],
              [
                126.906,
                33.488
              ],
              [
                126.9059,
                33.488
              ],
              [
                126.9054,
                33.4884
              ],
              [
                126.9052,
                33.4886
              ],
              [
                126.9052,
                33.4886
              ],
              [
                126.9052,
                33.4886
              ],
              [
                126.9052,
                33.4886
              ],
              [
                126.9052,
                33.4886
              ],
              [
                126.9051,
                33.4887
              ],
              [
                126.9051,
                33.4887
              ],
              [
                126.9049,
                33.4886
              ],
              [
                126.9049,
                33.4886
              ],
              [
                126.9048,
                33.4886
              ],
              [
                126.9047,
                33.4885
              ],
              [
                126.9047,
                33.4885
              ],
              [
                126.9045,
                33.4884
              ],
              [
                126.9042,
                33.4883
              ],
              [
                126.9042,
                33.4882
              ],
              [
                126.9041,
                33.4882
              ],
              [
                126.904,
                33.4881
              ],
              [
                126.9036,
                33.4878
              ],
              [
                126.9036,
                33.4877
              ],
              [
                126.9035,
                33.4877
              ],
              [
                126.9033,
                33.4875
              ],
              [
                126.9031,
                33.4873
              ],
              [
                126.903,
                33.4871
              ],
              [
                126.9029,
                33.487
              ],
              [
                126.9028,
                33.4868
              ],
              [
                126.9027,
                33.4867
              ],
              [
                126.9027,
                33.4867
              ],
              [
                126.9026,
                33.4864
              ],
              [
                126.9025,
                33.4863
              ],
              [
                126.9024,
                33.4861
              ],
              [
                126.9023,
                33.486
              ],
              [
                126.9023,
                33.4859
              ],
              [
                126.9023,
                33.4859
              ],
              [
                126.9021,
                33.4851
              ],
              [
                126.902,
                33.4848
              ],
              [
                126.902,
                33.4847
              ],
              [
                126.902,
                33.4845
              ],
              [
                126.9019,
                33.4844
              ],
              [
                126.9019,
                33.4844
              ],
              [
                126.9019,
                33.4842
              ],
              [
                126.9019,
                33.4841
              ],
              [
                126.9019,
                33.4841
              ],
              [
                126.9019,
                33.4825
              ],
              [
                126.8982,
                33.483
              ],
              [
                126.8976,
                33.4824
              ],
              [
                126.8976,
                33.4824
              ],
              [
                126.8974,
                33.4823
              ],
              [
                126.8972,
                33.4821
              ],
              [
                126.8961,
                33.4819
              ],
              [
                126.8952,
                33.4817
              ],
              [
                126.8951,
                33.4817
              ],
              [
                126.895,
                33.4817
              ],
              [
                126.8949,
                33.4817
              ],
              [
                126.8949,
                33.4818
              ],
              [
                126.8948,
                33.4818
              ],
              [
                126.8947,
                33.4818
              ],
              [
                126.8941,
                33.4819
              ],
              [
                126.894,
                33.4819
              ],
              [
                126.893,
                33.4817
              ],
              [
                126.8897,
                33.4806
              ],
              [
                126.8888,
                33.4802
              ],
              [
                126.8854,
                33.4805
              ],
              [
                126.8845,
                33.4807
              ],
              [
                126.8837,
                33.48
              ],
              [
                126.8824,
                33.4787
              ],
              [
                126.8823,
                33.4784
              ],
              [
                126.8822,
                33.4781
              ],
              [
                126.882,
                33.4778
              ],
              [
                126.8819,
                33.4775
              ],
              [
                126.8818,
                33.4774
              ],
              [
                126.8815,
                33.4771
              ],
              [
                126.8775,
                33.4756
              ],
              [
                126.8773,
                33.4756
              ],
              [
                126.8771,
                33.4756
              ],
              [
                126.8749,
                33.4756
              ],
              [
                126.8743,
                33.4756
              ],
              [
                126.8742,
                33.4756
              ],
              [
                126.8739,
                33.4756
              ],
              [
                126.8738,
                33.4755
              ],
              [
                126.8726,
                33.475
              ],
              [
                126.8726,
                33.4749
              ],
              [
                126.8711,
                33.4724
              ],
              [
                126.8676,
                33.47
              ],
              [
                126.8636,
                33.4684
              ],
              [
                126.8629,
                33.4684
              ],
              [
                126.8618,
                33.4682
              ],
              [
                126.8616,
                33.4681
              ],
              [
                126.859,
                33.4675
              ],
              [
                126.8584,
                33.4672
              ],
              [
                126.8576,
                33.4669
              ],
              [
                126.8569,
                33.4662
              ],
              [
                126.8569,
                33.4662
              ],
              [
                126.8569,
                33.4661
              ],
              [
                126.857,
                33.4659
              ],
              [
                126.8569,
                33.4658
              ],
              [
                126.8547,
                33.4633
              ],
              [
                126.8542,
                33.4631
              ],
              [
                126.8519,
                33.4625
              ],
              [
                126.8505,
                33.4624
              ],
              [
                126.8481,
                33.4622
              ],
              [
                126.8467,
                33.4621
              ],
              [
                126.8465,
                33.4621
              ],
              [
                126.8463,
                33.462
              ],
              [
                126.8444,
                33.4613
              ],
              [
                126.8407,
                33.46
              ],
              [
                126.8371,
                33.4584
              ],
              [
                126.8367,
                33.4581
              ],
              [
                126.8334,
                33.4562
              ],
              [
                126.8311,
                33.4546
              ],
              [
                126.83,
                33.454
              ],
              [
                126.8295,
                33.4536
              ],
              [
                126.8262,
                33.4532
              ],
              [
                126.8255,
                33.4532
              ],
              [
                126.824,
                33.4512
              ],
              [
                126.8224,
                33.4473
              ],
              [
                126.8222,
                33.4468
              ],
              [
                126.8221,
                33.4467
              ],
              [
                126.8217,
                33.4467
              ],
              [
                126.8173,
                33.4467
              ],
              [
                126.8147,
                33.4459
              ],
              [
                126.8105,
                33.4448
              ],
              [
                126.809,
                33.4446
              ],
              [
                126.8081,
                33.4445
              ],
              [
                126.8069,
                33.4443
              ],
              [
                126.8059,
                33.444
              ],
              [
                126.8046,
                33.4435
              ],
              [
                126.8042,
                33.4434
              ],
              [
                126.8039,
                33.4432
              ],
              [
                126.8025,
                33.4423
              ],
              [
                126.8018,
                33.4411
              ],
              [
                126.8018,
                33.441
              ],
              [
                126.8017,
                33.4406
              ],
              [
                126.8003,
                33.4399
              ],
              [
                126.7993,
                33.4396
              ],
              [
                126.7992,
                33.4396
              ],
              [
                126.7989,
                33.4396
              ],
              [
                126.7982,
                33.4398
              ],
              [
                126.7972,
                33.44
              ],
              [
                126.7969,
                33.4401
              ],
              [
                126.7967,
                33.4402
              ],
              [
                126.7964,
                33.4403
              ],
              [
                126.7963,
                33.4404
              ],
              [
                126.7962,
                33.4405
              ],
              [
                126.7961,
                33.4406
              ],
              [
                126.7957,
                33.4407
              ],
              [
                126.795,
                33.441
              ],
              [
                126.7941,
                33.4412
              ],
              [
                126.7933,
                33.4413
              ],
              [
                126.7929,
                33.4414
              ],
              [
                126.7915,
                33.4414
              ],
              [
                126.7906,
                33.4414
              ],
              [
                126.7886,
                33.4414
              ],
              [
                126.7878,
                33.4409
              ],
              [
                126.787,
                33.4395
              ],
              [
                126.7867,
                33.4389
              ],
              [
                126.7857,
                33.4376
              ],
              [
                126.7835,
                33.4349
              ],
              [
                126.7827,
                33.4346
              ],
              [
                126.7825,
                33.4344
              ],
              [
                126.778,
                33.4331
              ],
              [
                126.7769,
                33.432
              ],
              [
                126.7756,
                33.4306
              ],
              [
                126.7753,
                33.4303
              ],
              [
                126.7704,
                33.4265
              ],
              [
                126.77,
                33.4263
              ],
              [
                126.7698,
                33.4261
              ],
              [
                126.7688,
                33.4255
              ],
              [
                126.7683,
                33.4252
              ],
              [
                126.7667,
                33.4243
              ],
              [
                126.7622,
                33.4219
              ],
              [
                126.7613,
                33.4215
              ],
              [
                126.7608,
                33.4213
              ],
              [
                126.7581,
                33.4207
              ],
              [
                126.756,
                33.4202
              ],
              [
                126.752,
                33.4198
              ],
              [
                126.7492,
                33.4196
              ],
              [
                126.7414,
                33.4203
              ],
              [
                126.7401,
                33.4206
              ],
              [
                126.7387,
                33.4211
              ],
              [
                126.7365,
                33.4224
              ],
              [
                126.7351,
                33.4232
              ],
              [
                126.7343,
                33.4237
              ],
              [
                126.7343,
                33.4237
              ],
              [
                126.7334,
                33.4244
              ],
              [
                126.7318,
                33.4267
              ],
              [
                126.7316,
                33.4266
              ],
              [
                126.729,
                33.4255
              ],
              [
                126.7258,
                33.4243
              ],
              [
                126.7173,
                33.4219
              ],
              [
                126.7168,
                33.4219
              ],
              [
                126.7151,
                33.4219
              ],
              [
                126.7129,
                33.4219
              ],
              [
                126.7115,
                33.4219
              ],
              [
                126.7115,
                33.4219
              ],
              [
                126.7105,
                33.4219
              ],
              [
                126.7091,
                33.4219
              ],
              [
                126.7047,
                33.4208
              ],
              [
                126.7024,
                33.4202
              ],
              [
                126.7014,
                33.4199
              ],
              [
                126.6998,
                33.4192
              ],
              [
                126.6977,
                33.4182
              ],
              [
                126.697,
                33.4178
              ],
              [
                126.6949,
                33.4167
              ],
              [
                126.6898,
                33.4142
              ],
              [
                126.6877,
                33.4133
              ],
              [
                126.6857,
                33.4117
              ],
              [
                126.6827,
                33.4095
              ],
              [
                126.6762,
                33.4049
              ],
              [
                126.6694,
                33.4004
              ],
              [
                126.6691,
                33.4003
              ],
              [
                126.6683,
                33.4002
              ],
              [
                126.6679,
                33.4004
              ],
              [
                126.6669,
                33.4009
              ],
              [
                126.6663,
                33.4013
              ],
              [
                126.6643,
                33.4022
              ],
              [
                126.6617,
                33.4022
              ],
              [
                126.6605,
                33.402
              ],
              [
                126.6598,
                33.4014
              ],
              [
                126.659,
                33.4005
              ],
              [
                126.6574,
                33.3997
              ],
              [
                126.656,
                33.3995
              ],
              [
                126.6555,
                33.3996
              ],
              [
                126.655,
                33.3994
              ],
              [
                126.6546,
                33.399
              ],
              [
                126.6535,
                33.3966
              ],
              [
                126.6534,
                33.3951
              ],
              [
                126.6531,
                33.3949
              ],
              [
                126.6527,
                33.3947
              ],
              [
                126.6524,
                33.3946
              ],
              [
                126.6487,
                33.394
              ],
              [
                126.6459,
                33.3939
              ],
              [
                126.6439,
                33.3939
              ],
              [
                126.6419,
                33.3938
              ],
              [
                126.6356,
                33.3926
              ],
              [
                126.6344,
                33.3929
              ],
              [
                126.6338,
                33.3933
              ],
              [
                126.6336,
                33.3939
              ],
              [
                126.6308,
                33.3931
              ],
              [
                126.6298,
                33.3926
              ],
              [
                126.6291,
                33.3923
              ],
              [
                126.6279,
                33.3915
              ],
              [
                126.6263,
                33.3902
              ],
              [
                126.6253,
                33.3883
              ],
              [
                126.6252,
                33.3876
              ],
              [
                126.6252,
                33.3871
              ],
              [
                126.6251,
                33.3863
              ],
              [
                126.6249,
                33.385
              ],
              [
                126.6231,
                33.3843
              ],
              [
                126.623,
                33.3844
              ],
              [
                126.6224,
                33.3847
              ],
              [
                126.622,
                33.3849
              ],
              [
                126.6214,
                33.3851
              ],
              [
                126.6212,
                33.3852
              ],
              [
                126.6202,
                33.3849
              ],
              [
                126.6202,
                33.3848
              ],
              [
                126.6193,
                33.3842
              ],
              [
                126.6187,
                33.3837
              ],
              [
                126.6176,
                33.3832
              ],
              [
                126.6168,
                33.3831
              ],
              [
                126.6141,
                33.3829
              ],
              [
                126.613,
                33.3829
              ],
              [
                126.612,
                33.3829
              ],
              [
                126.6099,
                33.3827
              ],
              [
                126.6069,
                33.3822
              ],
              [
                126.6053,
                33.3816
              ],
              [
                126.5985,
                33.3785
              ],
              [
                126.5977,
                33.3781
              ],
              [
                126.5964,
                33.3771
              ],
              [
                126.5952,
                33.3765
              ],
              [
                126.5925,
                33.3755
              ],
              [
                126.5893,
                33.3743
              ],
              [
                126.5868,
                33.3742
              ],
              [
                126.5821,
                33.3738
              ],
              [
                126.5797,
                33.3734
              ],
              [
                126.579,
                33.3732
              ],
              [
                126.5774,
                33.3729
              ],
              [
                126.5762,
                33.3725
              ],
              [
                126.5752,
                33.3722
              ],
              [
                126.5748,
                33.372
              ],
              [
                126.5723,
                33.3718
              ],
              [
                126.5692,
                33.3716
              ],
              [
                126.5672,
                33.3716
              ],
              [
                126.5667,
                33.3717
              ],
              [
                126.5649,
                33.3717
              ],
              [
                126.5616,
                33.3724
              ],
              [
                126.5597,
                33.3732
              ],
              [
                126.5579,
                33.3721
              ],
              [
                126.5574,
                33.372
              ],
              [
                126.5561,
                33.3723
              ],
              [
                126.5558,
                33.3724
              ],
              [
                126.5554,
                33.3727
              ],
              [
                126.5547,
                33.3732
              ],
              [
                126.5546,
                33.3733
              ],
              [
                126.5542,
                33.3735
              ],
              [
                126.5539,
                33.3736
              ],
              [
                126.5537,
                33.3737
              ],
              [
                126.5515,
                33.3726
              ],
              [
                126.5473,
                33.3703
              ],
              [
                126.5445,
                33.3686
              ],
              [
                126.5439,
                33.3681
              ],
              [
                126.5425,
                33.3675
              ],
              [
                126.5407,
                33.3672
              ],
              [
                126.5375,
                33.3651
              ],
              [
                126.5361,
                33.364
              ],
              [
                126.5347,
                33.3632
              ],
              [
                126.5324,
                33.3631
              ],
              [
                126.53,
                33.3625
              ],
              [
                126.5295,
                33.3617
              ],
              [
                126.5284,
                33.3625
              ],
              [
                126.5269,
                33.363
              ],
              [
                126.5255,
                33.3626
              ],
              [
                126.5239,
                33.3618
              ],
              [
                126.5197,
                33.3607
              ],
              [
                126.5143,
                33.3612
              ],
              [
                126.5111,
                33.361
              ],
              [
                126.5105,
                33.3605
              ],
              [
                126.51,
                33.36
              ],
              [
                126.5094,
                33.3594
              ],
              [
                126.5087,
                33.3587
              ],
              [
                126.5082,
                33.3584
              ],
              [
                126.5077,
                33.3581
              ],
              [
                126.5066,
                33.358
              ],
              [
                126.506,
                33.3585
              ],
              [
                126.5052,
                33.3588
              ],
              [
                126.5027,
                33.3594
              ],
              [
                126.5011,
                33.3596
              ],
              [
                126.5006,
                33.3597
              ],
              [
                126.4991,
                33.3598
              ],
              [
                126.4983,
                33.3595
              ],
              [
                126.494,
                33.3572
              ],
              [
                126.4911,
                33.3555
              ],
              [
                126.4904,
                33.355
              ],
              [
                126.4888,
                33.355
              ],
              [
                126.4874,
                33.3551
              ],
              [
                126.4873,
                33.3554
              ],
              [
                126.4873,
                33.3559
              ],
              [
                126.4869,
                33.3568
              ],
              [
                126.4865,
                33.3573
              ],
              [
                126.4842,
                33.3591
              ],
              [
                126.4839,
                33.3593
              ],
              [
                126.4837,
                33.3594
              ],
              [
                126.4833,
                33.3596
              ],
              [
                126.4827,
                33.3597
              ],
              [
                126.4823,
                33.3596
              ],
              [
                126.4819,
                33.3595
              ],
              [
                126.4783,
                33.3582
              ],
              [
                126.4767,
                33.3574
              ],
              [
                126.4741,
                33.357
              ],
              [
                126.4709,
                33.3584
              ],
              [
                126.4668,
                33.3597
              ],
              [
                126.4657,
                33.36
              ],
              [
                126.464,
                33.3599
              ],
              [
                126.4602,
                33.3587
              ],
              [
                126.4567,
                33.3585
              ],
              [
                126.4525,
                33.3586
              ],
              [
                126.4514,
                33.3588
              ],
              [
                126.4507,
                33.359
              ],
              [
                126.4481,
                33.3593
              ],
              [
                126.4456,
                33.3589
              ],
              [
                126.4419,
                33.3577
              ],
              [
                126.4393,
                33.3567
              ],
              [
                126.4385,
                33.3563
              ],
              [
                126.4383,
                33.3561
              ],
              [
                126.4377,
                33.3555
              ],
              [
                126.4372,
                33.3551
              ],
              [
                126.437,
                33.3548
              ],
              [
                126.437,
                33.3546
              ],
              [
                126.437,
                33.3539
              ],
              [
                126.437,
                33.3532
              ],
              [
                126.4374,
                33.3525
              ],
              [
                126.4376,
                33.3516
              ],
              [
                126.4378,
                33.3505
              ],
              [
                126.4377,
                33.3494
              ],
              [
                126.4376,
                33.3487
              ],
              [
                126.4372,
                33.3476
              ],
              [
                126.4371,
                33.3473
              ],
              [
                126.4364,
                33.3466
              ],
              [
                126.4336,
                33.345
              ],
              [
                126.4332,
                33.3449
              ],
              [
                126.4327,
                33.3449
              ],
              [
                126.4325,
                33.3445
              ],
              [
                126.4318,
                33.3423
              ],
              [
                126.4326,
                33.3411
              ],
              [
                126.4318,
                33.3412
              ],
              [
                126.4287,
                33.3416
              ],
              [
                126.4235,
                33.3418
              ],
              [
                126.4176,
                33.3427
              ],
              [
                126.4145,
                33.3425
              ],
              [
                126.4114,
                33.3423
              ],
              [
                126.4102,
                33.3421
              ],
              [
                126.4091,
                33.3421
              ],
              [
                126.4087,
                33.3424
              ],
              [
                126.4071,
                33.3436
              ],
              [
                126.4059,
                33.3433
              ],
              [
                126.4039,
                33.343
              ],
              [
                126.4031,
                33.3434
              ],
              [
                126.4029,
                33.3436
              ],
              [
                126.4021,
                33.3445
              ],
              [
                126.4007,
                33.3447
              ],
              [
                126.3965,
                33.3447
              ],
              [
                126.3952,
                33.3442
              ],
              [
                126.3941,
                33.344
              ],
              [
                126.3916,
                33.3436
              ],
              [
                126.3901,
                33.3445
              ],
              [
                126.3896,
                33.3446
              ],
              [
                126.3888,
                33.3449
              ],
              [
                126.3878,
                33.3451
              ],
              [
                126.3861,
                33.345
              ],
              [
                126.385,
                33.3457
              ],
              [
                126.3822,
                33.3463
              ],
              [
                126.3813,
                33.3465
              ],
              [
                126.3806,
                33.3465
              ],
              [
                126.3759,
                33.3469
              ],
              [
                126.3753,
                33.3468
              ],
              [
                126.3753,
                33.3468
              ],
              [
                126.3738,
                33.3457
              ],
              [
                126.372,
                33.3451
              ],
              [
                126.3706,
                33.3437
              ],
              [
                126.3703,
                33.3426
              ],
              [
                126.3701,
                33.3424
              ],
              [
                126.3692,
                33.3416
              ],
              [
                126.3687,
                33.3414
              ],
              [
                126.3682,
                33.3413
              ],
              [
                126.3675,
                33.3411
              ],
              [
                126.367,
                33.3412
              ],
              [
                126.3655,
                33.3412
              ],
              [
                126.3643,
                33.3413
              ],
              [
                126.3588,
                33.3415
              ],
              [
                126.3578,
                33.3412
              ],
              [
                126.3578,
                33.3412
              ],
              [
                126.3564,
                33.3409
              ],
              [
                126.3563,
                33.3409
              ],
              [
                126.3562,
                33.3409
              ],
              [
                126.3549,
                33.3408
              ],
              [
                126.352,
                33.3407
              ],
              [
                126.3495,
                33.3409
              ],
              [
                126.3483,
                33.3412
              ],
              [
                126.3469,
                33.3419
              ],
              [
                126.3451,
                33.3427
              ],
              [
                126.3416,
                33.3436
              ],
              [
                126.3402,
                33.3436
              ],
              [
                126.3397,
                33.3433
              ],
              [
                126.337,
                33.3401
              ],
              [
                126.3352,
                33.3377
              ],
              [
                126.3328,
                33.3357
              ],
              [
                126.3307,
                33.334
              ],
              [
                126.3294,
                33.3328
              ],
              [
                126.3293,
                33.3328
              ],
              [
                126.3266,
                33.3298
              ],
              [
                126.3254,
                33.3284
              ],
              [
                126.3245,
                33.3275
              ],
              [
                126.3238,
                33.3266
              ],
              [
                126.3234,
                33.3263
              ],
              [
                126.3226,
                33.3258
              ],
              [
                126.322,
                33.3256
              ],
              [
                126.3215,
                33.3256
              ],
              [
                126.321,
                33.3257
              ],
              [
                126.3206,
                33.3261
              ],
              [
                126.3203,
                33.3264
              ],
              [
                126.32,
                33.3268
              ],
              [
                126.3193,
                33.3272
              ],
              [
                126.3183,
                33.3274
              ],
              [
                126.3118,
                33.3269
              ],
              [
                126.3111,
                33.3262
              ],
              [
                126.3103,
                33.3258
              ],
              [
                126.3093,
                33.3255
              ],
              [
                126.3087,
                33.3256
              ],
              [
                126.3059,
                33.3267
              ],
              [
                126.3042,
                33.3254
              ],
              [
                126.3037,
                33.3247
              ],
              [
                126.3036,
                33.3243
              ],
              [
                126.3005,
                33.3227
              ],
              [
                126.3002,
                33.3225
              ],
              [
                126.2964,
                33.3219
              ],
              [
                126.2953,
                33.319
              ],
              [
                126.2939,
                33.3149
              ],
              [
                126.293,
                33.3116
              ],
              [
                126.2924,
                33.3105
              ],
              [
                126.2924,
                33.3105
              ],
              [
                126.2902,
                33.309
              ],
              [
                126.2874,
                33.3071
              ],
              [
                126.2873,
                33.3058
              ],
              [
                126.2872,
                33.3056
              ],
              [
                126.2864,
                33.3043
              ],
              [
                126.2856,
                33.3039
              ],
              [
                126.2845,
                33.3038
              ],
              [
                126.2825,
                33.3034
              ],
              [
                126.2821,
                33.3032
              ],
              [
                126.2807,
                33.3024
              ],
              [
                126.2801,
                33.302
              ],
              [
                126.28,
                33.3019
              ],
              [
                126.2797,
                33.3013
              ],
              [
                126.2797,
                33.3006
              ],
              [
                126.2796,
                33.3
              ],
              [
                126.2793,
                33.2996
              ],
              [
                126.2791,
                33.2995
              ],
              [
                126.2778,
                33.2989
              ],
              [
                126.2766,
                33.2985
              ],
              [
                126.2738,
                33.2977
              ],
              [
                126.2721,
                33.2975
              ],
              [
                126.2691,
                33.2969
              ],
              [
                126.2613,
                33.2951
              ],
              [
                126.2533,
                33.2929
              ],
              [
                126.253,
                33.2928
              ],
              [
                126.2498,
                33.2905
              ],
              [
                126.2468,
                33.2884
              ],
              [
                126.2465,
                33.2883
              ],
              [
                126.2456,
                33.2883
              ],
              [
                126.245,
                33.2883
              ],
              [
                126.243,
                33.2843
              ],
              [
                126.2429,
                33.2842
              ],
              [
                126.2428,
                33.2838
              ],
              [
                126.2428,
                33.2835
              ],
              [
                126.2428,
                33.2832
              ],
              [
                126.243,
                33.278
              ],
              [
                126.243,
                33.2774
              ],
              [
                126.2432,
                33.2771
              ],
              [
                126.2433,
                33.2768
              ],
              [
                126.2436,
                33.2764
              ],
              [
                126.2439,
                33.2761
              ],
              [
                126.244,
                33.2759
              ],
              [
                126.2443,
                33.2748
              ],
              [
                126.2447,
                33.273
              ],
              [
                126.2444,
                33.273
              ],
              [
                126.2444,
                33.273
              ],
              [
                126.2443,
                33.273
              ],
              [
                126.243,
                33.2737
              ],
              [
                126.2425,
                33.274
              ],
              [
                126.2392,
                33.276
              ],
              [
                126.2387,
                33.2764
              ],
              [
                126.2385,
                33.2766
              ],
              [
                126.2303,
                33.2842
              ],
              [
                126.2301,
                33.2844
              ],
              [
                126.2298,
                33.2847
              ],
              [
                126.2293,
                33.2849
              ],
              [
                126.2289,
                33.285
              ],
              [
                126.2253,
                33.2863
              ],
              [
                126.2244,
                33.2866
              ],
              [
                126.2238,
                33.2867
              ],
              [
                126.2237,
                33.2867
              ],
              [
                126.2235,
                33.2867
              ],
              [
                126.2234,
                33.2868
              ],
              [
                126.2229,
                33.2869
              ],
              [
                126.2221,
                33.2871
              ],
              [
                126.215,
                33.2903
              ],
              [
                126.2117,
                33.2919
              ],
              [
                126.207,
                33.2933
              ],
              [
                126.2036,
                33.295
              ],
              [
                126.1996,
                33.2964
              ],
              [
                126.1926,
                33.2982
              ],
              [
                126.192,
                33.2984
              ],
              [
                126.1917,
                33.2974
              ],
              [
                126.1916,
                33.297
              ],
              [
                126.1916,
                33.2964
              ],
              [
                126.1917,
                33.2962
              ],
              [
                126.1917,
                33.2962
              ],
              [
                126.1918,
                33.2961
              ],
              [
                126.1919,
                33.2959
              ],
              [
                126.1919,
                33.2958
              ],
              [
                126.1917,
                33.2939
              ],
              [
                126.1917,
                33.2937
              ],
              [
                126.1875,
                33.292
              ],
              [
                126.1859,
                33.2915
              ],
              [
                126.18,
                33.2902
              ],
              [
                126.1775,
                33.2908
              ],
              [
                126.1772,
                33.2909
              ],
              [
                126.1769,
                33.2908
              ],
              [
                126.1751,
                33.2905
              ],
              [
                126.1715,
                33.2888
              ],
              [
                126.1715,
                33.2888
              ],
              [
                126.1714,
                33.2887
              ],
              [
                126.1712,
                33.2886
              ],
              [
                126.1711,
                33.2885
              ],
              [
                126.171,
                33.2884
              ],
              [
                126.1705,
                33.2876
              ],
              [
                126.1705,
                33.2876
              ],
              [
                126.1705,
                33.2875
              ],
              [
                126.1705,
                33.2875
              ],
              [
                126.1705,
                33.2872
              ],
              [
                126.1706,
                33.2868
              ],
              [
                126.1706,
                33.2868
              ],
              [
                126.1707,
                33.2867
              ],
              [
                126.1709,
                33.2866
              ],
              [
                126.1711,
                33.2865
              ],
              [
                126.1716,
                33.2863
              ],
              [
                126.1718,
                33.2862
              ],
              [
                126.1719,
                33.2861
              ],
              [
                126.172,
                33.2861
              ],
              [
                126.1721,
                33.2858
              ],
              [
                126.1721,
                33.2855
              ],
              [
                126.172,
                33.2854
              ],
              [
                126.1719,
                33.2853
              ],
              [
                126.1694,
                33.2829
              ],
              [
                126.169,
                33.2827
              ],
              [
                126.1687,
                33.2826
              ],
              [
                126.1686,
                33.2828
              ],
              [
                126.1677,
                33.2833
              ],
              [
                126.1664,
                33.2841
              ],
              [
                126.1663,
                33.2842
              ],
              [
                126.1662,
                33.2842
              ],
              [
                126.1661,
                33.2843
              ],
              [
                126.1661,
                33.2843
              ],
              [
                126.1648,
                33.2846
              ],
              [
                126.1644,
                33.2846
              ],
              [
                126.1623,
                33.2866
              ],
              [
                126.1609,
                33.2908
              ],
              [
                126.1609,
                33.2919
              ],
              [
                126.161,
                33.2927
              ],
              [
                126.1619,
                33.2946
              ],
              [
                126.1626,
                33.2955
              ],
              [
                126.1632,
                33.296
              ],
              [
                126.1644,
                33.2966
              ],
              [
                126.1669,
                33.2979
              ],
              [
                126.167,
                33.2979
              ],
              [
                126.167,
                33.2979
              ],
              [
                126.167,
                33.2979
              ],
              [
                126.167,
                33.2979
              ],
              [
                126.1674,
                33.2988
              ],
              [
                126.1674,
                33.2989
              ],
              [
                126.1674,
                33.2989
              ],
              [
                126.1674,
                33.299
              ],
              [
                126.1674,
                33.2999
              ],
              [
                126.1674,
                33.3002
              ],
              [
                126.1674,
                33.3002
              ],
              [
                126.1674,
                33.3002
              ],
              [
                126.1674,
                33.3002
              ],
              [
                126.1674,
                33.3002
              ],
              [
                126.1669,
                33.3008
              ],
              [
                126.1661,
                33.3018
              ],
              [
                126.1661,
                33.3019
              ],
              [
                126.1659,
                33.3021
              ],
              [
                126.1635,
                33.3062
              ],
              [
                126.1635,
                33.3062
              ],
              [
                126.1635,
                33.3066
              ],
              [
                126.1635,
                33.3066
              ],
              [
                126.1636,
                33.308
              ],
              [
                126.1636,
                33.308
              ],
              [
                126.1636,
                33.308
              ],
              [
                126.1657,
                33.3126
              ],
              [
                126.1673,
                33.316
              ],
              [
                126.1684,
                33.3165
              ],
              [
                126.1684,
                33.3165
              ],
              [
                126.1684,
                33.3165
              ],
              [
                126.1684,
                33.3165
              ],
              [
                126.1684,
                33.3166
              ],
              [
                126.1684,
                33.3167
              ],
              [
                126.1684,
                33.3167
              ],
              [
                126.1684,
                33.3168
              ],
              [
                126.1667,
                33.3234
              ],
              [
                126.1665,
                33.3236
              ],
              [
                126.1665,
                33.3236
              ],
              [
                126.1665,
                33.3236
              ],
              [
                126.1664,
                33.3237
              ],
              [
                126.1664,
                33.3237
              ],
              [
                126.1663,
                33.3237
              ],
              [
                126.1663,
                33.3237
              ],
              [
                126.1662,
                33.3237
              ],
              [
                126.1662,
                33.3237
              ],
              [
                126.1646,
                33.3236
              ],
              [
                126.163,
                33.3239
              ],
              [
                126.163,
                33.3239
              ],
              [
                126.1629,
                33.3239
              ],
              [
                126.1629,
                33.3239
              ],
              [
                126.1629,
                33.3239
              ],
              [
                126.1629,
                33.324
              ],
              [
                126.1629,
                33.324
              ],
              [
                126.1628,
                33.3241
              ],
              [
                126.1628,
                33.3241
              ],
              [
                126.1626,
                33.3244
              ],
              [
                126.1625,
                33.3246
              ],
              [
                126.1624,
                33.3287
              ],
              [
                126.1625,
                33.3293
              ],
              [
                126.163,
                33.33
              ],
              [
                126.163,
                33.33
              ],
              [
                126.163,
                33.33
              ],
              [
                126.1631,
                33.33
              ],
              [
                126.1635,
                33.3303
              ],
              [
                126.1635,
                33.3303
              ],
              [
                126.1653,
                33.3309
              ],
              [
                126.1655,
                33.3311
              ],
              [
                126.1655,
                33.3311
              ],
              [
                126.1655,
                33.3311
              ],
              [
                126.1655,
                33.3312
              ],
              [
                126.1656,
                33.3313
              ],
              [
                126.1656,
                33.3313
              ],
              [
                126.1656,
                33.3314
              ],
              [
                126.1656,
                33.3314
              ],
              [
                126.1656,
                33.3314
              ],
              [
                126.1655,
                33.3314
              ],
              [
                126.1655,
                33.3314
              ],
              [
                126.1652,
                33.3318
              ],
              [
                126.1644,
                33.3325
              ],
              [
                126.1644,
                33.3325
              ],
              [
                126.164,
                33.3326
              ],
              [
                126.164,
                33.3326
              ],
              [
                126.1633,
                33.3327
              ],
              [
                126.1618,
                33.3338
              ],
              [
                126.1615,
                33.3341
              ],
              [
                126.1615,
                33.3341
              ],
              [
                126.1615,
                33.3341
              ],
              [
                126.1615,
                33.3342
              ],
              [
                126.1637,
                33.3367
              ],
              [
                126.1641,
                33.3371
              ],
              [
                126.1641,
                33.3371
              ],
              [
                126.165,
                33.3372
              ],
              [
                126.1654,
                33.3374
              ],
              [
                126.1654,
                33.3374
              ],
              [
                126.1658,
                33.3375
              ],
              [
                126.1663,
                33.3379
              ],
              [
                126.1663,
                33.3379
              ],
              [
                126.167,
                33.3388
              ],
              [
                126.1673,
                33.3394
              ],
              [
                126.1673,
                33.3394
              ],
              [
                126.1673,
                33.3395
              ],
              [
                126.1673,
                33.3395
              ],
              [
                126.1673,
                33.3396
              ],
              [
                126.1673,
                33.3396
              ],
              [
                126.1673,
                33.3397
              ],
              [
                126.1673,
                33.3398
              ],
              [
                126.1672,
                33.3399
              ],
              [
                126.1672,
                33.3399
              ],
              [
                126.167,
                33.3401
              ],
              [
                126.1667,
                33.3402
              ],
              [
                126.1659,
                33.341
              ],
              [
                126.1659,
                33.3411
              ],
              [
                126.1659,
                33.3411
              ],
              [
                126.1659,
                33.3411
              ],
              [
                126.1659,
                33.3415
              ],
              [
                126.1659,
                33.3417
              ],
              [
                126.1668,
                33.343
              ],
              [
                126.1668,
                33.343
              ],
              [
                126.1668,
                33.343
              ],
              [
                126.1668,
                33.343
              ],
              [
                126.1669,
                33.343
              ],
              [
                126.1675,
                33.343
              ],
              [
                126.1676,
                33.343
              ],
              [
                126.1685,
                33.3424
              ],
              [
                126.1685,
                33.3424
              ],
              [
                126.1685,
                33.3423
              ],
              [
                126.1685,
                33.3423
              ],
              [
                126.1685,
                33.3423
              ],
              [
                126.1684,
                33.3422
              ],
              [
                126.1684,
                33.3422
              ],
              [
                126.1684,
                33.3422
              ],
              [
                126.1684,
                33.3422
              ],
              [
                126.1682,
                33.342
              ],
              [
                126.1682,
                33.3419
              ],
              [
                126.1681,
                33.3419
              ],
              [
                126.1681,
                33.3419
              ],
              [
                126.1682,
                33.3419
              ],
              [
                126.1683,
                33.3418
              ],
              [
                126.1685,
                33.3416
              ],
              [
                126.1685,
                33.3416
              ],
              [
                126.1685,
                33.3416
              ],
              [
                126.1689,
                33.3416
              ],
              [
                126.1699,
                33.3417
              ],
              [
                126.17,
                33.3417
              ],
              [
                126.17,
                33.3417
              ],
              [
                126.1706,
                33.3419
              ],
              [
                126.1708,
                33.3419
              ],
              [
                126.1712,
                33.3421
              ],
              [
                126.1714,
                33.3422
              ],
              [
                126.1717,
                33.3424
              ],
              [
                126.1717,
                33.3425
              ],
              [
                126.172,
                33.3427
              ],
              [
                126.172,
                33.3427
              ],
              [
                126.172,
                33.3427
              ],
              [
                126.1719,
                33.343
              ],
              [
                126.1719,
                33.3431
              ],
              [
                126.1717,
                33.3433
              ],
              [
                126.1716,
                33.3433
              ],
              [
                126.1716,
                33.3434
              ],
              [
                126.1715,
                33.3434
              ],
              [
                126.1711,
                33.3436
              ],
              [
                126.171,
                33.3436
              ],
              [
                126.1695,
                33.3441
              ],
              [
                126.1694,
                33.3441
              ],
              [
                126.1694,
                33.3441
              ],
              [
                126.1694,
                33.3441
              ],
              [
                126.1693,
                33.3441
              ],
              [
                126.1689,
                33.3439
              ],
              [
                126.1689,
                33.3438
              ],
              [
                126.1689,
                33.3438
              ],
              [
                126.169,
                33.3434
              ],
              [
                126.169,
                33.3434
              ],
              [
                126.1691,
                33.3434
              ],
              [
                126.1691,
                33.3434
              ],
              [
                126.1692,
                33.3434
              ],
              [
                126.1693,
                33.3434
              ],
              [
                126.1692,
                33.3435
              ],
              [
                126.1692,
                33.3435
              ],
              [
                126.1692,
                33.3435
              ],
              [
                126.1693,
                33.3435
              ],
              [
                126.1693,
                33.3435
              ],
              [
                126.1693,
                33.3435
              ],
              [
                126.1693,
                33.3435
              ],
              [
                126.1694,
                33.3434
              ],
              [
                126.1694,
                33.3434
              ],
              [
                126.1694,
                33.3434
              ],
              [
                126.1694,
                33.3433
              ],
              [
                126.1694,
                33.343
              ],
              [
                126.1693,
                33.343
              ],
              [
                126.1693,
                33.343
              ],
              [
                126.1693,
                33.3429
              ],
              [
                126.1693,
                33.3429
              ],
              [
                126.1693,
                33.3429
              ],
              [
                126.1689,
                33.343
              ],
              [
                126.1685,
                33.3434
              ],
              [
                126.1685,
                33.3434
              ],
              [
                126.1685,
                33.3434
              ],
              [
                126.1685,
                33.3435
              ],
              [
                126.1685,
                33.3435
              ],
              [
                126.1685,
                33.3435
              ],
              [
                126.1685,
                33.3436
              ],
              [
                126.1686,
                33.344
              ],
              [
                126.1686,
                33.344
              ],
              [
                126.1687,
                33.344
              ],
              [
                126.1688,
                33.3441
              ],
              [
                126.1688,
                33.3441
              ],
              [
                126.1688,
                33.3441
              ],
              [
                126.1689,
                33.3441
              ],
              [
                126.1689,
                33.344
              ],
              [
                126.1689,
                33.344
              ],
              [
                126.1693,
                33.3442
              ],
              [
                126.1693,
                33.3442
              ],
              [
                126.1693,
                33.3442
              ],
              [
                126.1694,
                33.3444
              ],
              [
                126.1694,
                33.345
              ],
              [
                126.1694,
                33.3451
              ],
              [
                126.1694,
                33.3451
              ],
              [
                126.1694,
                33.3451
              ],
              [
                126.1694,
                33.3451
              ],
              [
                126.1693,
                33.3451
              ],
              [
                126.1693,
                33.3451
              ],
              [
                126.1693,
                33.3451
              ],
              [
                126.1693,
                33.3451
              ],
              [
                126.1693,
                33.3451
              ],
              [
                126.1693,
                33.3451
              ],
              [
                126.1693,
                33.345
              ],
              [
                126.1693,
                33.345
              ],
              [
                126.1693,
                33.345
              ],
              [
                126.1693,
                33.345
              ],
              [
                126.1693,
                33.345
              ],
              [
                126.1693,
                33.345
              ],
              [
                126.1693,
                33.345
              ],
              [
                126.1693,
                33.345
              ],
              [
                126.1689,
                33.345
              ],
              [
                126.1688,
                33.345
              ],
              [
                126.1688,
                33.345
              ],
              [
                126.1688,
                33.345
              ],
              [
                126.1688,
                33.345
              ],
              [
                126.1686,
                33.3452
              ],
              [
                126.1686,
                33.3452
              ],
              [
                126.1686,
                33.3452
              ],
              [
                126.1686,
                33.3452
              ],
              [
                126.1686,
                33.3452
              ],
              [
                126.1686,
                33.3452
              ],
              [
                126.1686,
                33.3452
              ],
              [
                126.1686,
                33.3452
              ],
              [
                126.1686,
                33.3453
              ],
              [
                126.1686,
                33.3453
              ],
              [
                126.1686,
                33.3453
              ],
              [
                126.1686,
                33.3453
              ],
              [
                126.1686,
                33.3453
              ],
              [
                126.1686,
                33.3453
              ],
              [
                126.1687,
                33.3454
              ],
              [
                126.1687,
                33.3454
              ],
              [
                126.1687,
                33.3454
              ],
              [
                126.1687,
                33.3454
              ],
              [
                126.1687,
                33.3454
              ],
              [
                126.1687,
                33.3454
              ],
              [
                126.1687,
                33.3454
              ],
              [
                126.1687,
                33.3454
              ],
              [
                126.1687,
                33.3454
              ],
              [
                126.1688,
                33.3454
              ],
              [
                126.1693,
                33.3457
              ],
              [
                126.1693,
                33.3457
              ],
              [
                126.1693,
                33.3457
              ],
              [
                126.1693,
                33.3457
              ],
              [
                126.1693,
                33.3457
              ],
              [
                126.1694,
                33.3457
              ],
              [
                126.1694,
                33.3457
              ],
              [
                126.1694,
                33.3457
              ],
              [
                126.1694,
                33.3457
              ],
              [
                126.1694,
                33.3457
              ],
              [
                126.1694,
                33.3457
              ],
              [
                126.171,
                33.3458
              ],
              [
                126.171,
                33.3458
              ],
              [
                126.171,
                33.3458
              ],
              [
                126.171,
                33.3458
              ],
              [
                126.171,
                33.3458
              ],
              [
                126.171,
                33.3458
              ],
              [
                126.1711,
                33.3458
              ],
              [
                126.1711,
                33.3458
              ],
              [
                126.1711,
                33.3458
              ],
              [
                126.1711,
                33.3458
              ],
              [
                126.1711,
                33.3458
              ],
              [
                126.1711,
                33.3458
              ],
              [
                126.1711,
                33.3458
              ],
              [
                126.1714,
                33.3456
              ],
              [
                126.1714,
                33.3456
              ],
              [
                126.1714,
                33.3456
              ],
              [
                126.1714,
                33.3456
              ],
              [
                126.1714,
                33.3455
              ],
              [
                126.1714,
                33.3455
              ],
              [
                126.1714,
                33.3455
              ],
              [
                126.1714,
                33.3455
              ],
              [
                126.1714,
                33.3455
              ],
              [
                126.1714,
                33.3455
              ],
              [
                126.1714,
                33.3454
              ],
              [
                126.1714,
                33.3454
              ],
              [
                126.1714,
                33.3454
              ],
              [
                126.1714,
                33.3454
              ],
              [
                126.1714,
                33.3454
              ],
              [
                126.1714,
                33.3454
              ],
              [
                126.1714,
                33.3454
              ],
              [
                126.1714,
                33.3454
              ],
              [
                126.1714,
                33.3454
              ],
              [
                126.1714,
                33.3453
              ],
              [
                126.1714,
                33.3453
              ],
              [
                126.1714,
                33.3453
              ],
              [
                126.1713,
                33.3453
              ],
              [
                126.1713,
                33.3453
              ],
              [
                126.1713,
                33.3453
              ],
              [
                126.1713,
                33.3453
              ],
              [
                126.1713,
                33.3453
              ],
              [
                126.1713,
                33.3453
              ],
              [
                126.1713,
                33.3453
              ],
              [
                126.1713,
                33.3453
              ],
              [
                126.1713,
                33.3453
              ],
              [
                126.1712,
                33.3453
              ],
              [
                126.1712,
                33.3453
              ],
              [
                126.1712,
                33.3453
              ],
              [
                126.1712,
                33.3453
              ],
              [
                126.1712,
                33.3453
              ],
              [
                126.1712,
                33.3453
              ],
              [
                126.1712,
                33.3453
              ],
              [
                126.1712,
                33.3453
              ],
              [
                126.1711,
                33.3453
              ],
              [
                126.1711,
                33.3453
              ],
              [
                126.1711,
                33.3453
              ],
              [
                126.1711,
                33.3454
              ],
              [
                126.1711,
                33.3454
              ],
              [
                126.1711,
                33.3454
              ],
              [
                126.1711,
                33.3454
              ],
              [
                126.1711,
                33.3454
              ],
              [
                126.1711,
                33.3454
              ],
              [
                126.1711,
                33.3455
              ],
              [
                126.1711,
                33.3455
              ],
              [
                126.1711,
                33.3455
              ],
              [
                126.1711,
                33.3455
              ],
              [
                126.1711,
                33.3455
              ],
              [
                126.1711,
                33.3455
              ],
              [
                126.1711,
                33.3455
              ],
              [
                126.1711,
                33.3455
              ],
              [
                126.1706,
                33.3456
              ],
              [
                126.1697,
                33.3455
              ],
              [
                126.1697,
                33.3455
              ],
              [
                126.1697,
                33.3455
              ],
              [
                126.1697,
                33.3455
              ],
              [
                126.1697,
                33.3454
              ],
              [
                126.1695,
                33.3452
              ],
              [
                126.1695,
                33.3452
              ],
              [
                126.1694,
                33.3446
              ],
              [
                126.1694,
                33.3446
              ],
              [
                126.1694,
                33.3445
              ],
              [
                126.1694,
                33.3445
              ],
              [
                126.1694,
                33.3445
              ],
              [
                126.1695,
                33.3443
              ],
              [
                126.1695,
                33.3443
              ],
              [
                126.1695,
                33.3442
              ],
              [
                126.1696,
                33.3441
              ],
              [
                126.1696,
                33.3441
              ],
              [
                126.1696,
                33.3441
              ],
              [
                126.1697,
                33.3441
              ],
              [
                126.1727,
                33.3431
              ],
              [
                126.1727,
                33.3431
              ],
              [
                126.1734,
                33.3431
              ],
              [
                126.1743,
                33.3433
              ],
              [
                126.1747,
                33.3434
              ],
              [
                126.1748,
                33.3435
              ],
              [
                126.1748,
                33.3435
              ],
              [
                126.1749,
                33.3436
              ],
              [
                126.1749,
                33.3436
              ],
              [
                126.1751,
                33.3443
              ],
              [
                126.1752,
                33.3445
              ],
              [
                126.1766,
                33.3452
              ],
              [
                126.1776,
                33.3454
              ],
              [
                126.1798,
                33.3463
              ],
              [
                126.1804,
                33.347
              ],
              [
                126.1814,
                33.3527
              ],
              [
                126.1821,
                33.3572
              ],
              [
                126.1829,
                33.3585
              ],
              [
                126.1836,
                33.3585
              ],
              [
                126.1837,
                33.3585
              ],
              [
                126.187,
                33.3588
              ],
              [
                126.1874,
                33.3595
              ],
              [
                126.1879,
                33.3604
              ],
              [
                126.19,
                33.3627
              ],
              [
                126.196,
                33.3663
              ],
              [
                126.1965,
                33.3664
              ],
              [
                126.198,
                33.3665
              ],
              [
                126.199,
                33.3662
              ],
              [
                126.1996,
                33.366
              ],
              [
                126.1996,
                33.3655
              ],
              [
                126.1996,
                33.3655
              ],
              [
                126.1996,
                33.3655
              ],
              [
                126.1997,
                33.3653
              ],
              [
                126.2,
                33.3651
              ],
              [
                126.2,
                33.365
              ],
              [
                126.2001,
                33.365
              ],
              [
                126.2001,
                33.365
              ],
              [
                126.2003,
                33.3651
              ],
              [
                126.2008,
                33.3654
              ],
              [
                126.205,
                33.3684
              ],
              [
                126.2053,
                33.3687
              ],
              [
                126.2057,
                33.369
              ],
              [
                126.2057,
                33.3691
              ],
              [
                126.2057,
                33.3691
              ],
              [
                126.2058,
                33.3692
              ],
              [
                126.2058,
                33.3693
              ],
              [
                126.2058,
                33.3699
              ],
              [
                126.2059,
                33.3699
              ],
              [
                126.2059,
                33.3699
              ],
              [
                126.2058,
                33.37
              ],
              [
                126.2058,
                33.3701
              ],
              [
                126.2057,
                33.3703
              ],
              [
                126.2057,
                33.3703
              ],
              [
                126.2056,
                33.3709
              ],
              [
                126.2055,
                33.3714
              ],
              [
                126.2055,
                33.3716
              ],
              [
                126.2055,
                33.3716
              ],
              [
                126.2055,
                33.3716
              ],
              [
                126.2055,
                33.3716
              ],
              [
                126.2061,
                33.3723
              ],
              [
                126.2069,
                33.3729
              ],
              [
                126.2071,
                33.373
              ],
              [
                126.2073,
                33.3732
              ],
              [
                126.2078,
                33.3734
              ],
              [
                126.21,
                33.3743
              ],
              [
                126.2129,
                33.3753
              ],
              [
                126.2129,
                33.3753
              ],
              [
                126.2129,
                33.3753
              ],
              [
                126.2129,
                33.3752
              ],
              [
                126.2129,
                33.3752
              ],
              [
                126.2129,
                33.3752
              ],
              [
                126.2129,
                33.3752
              ],
              [
                126.2133,
                33.375
              ],
              [
                126.2138,
                33.3762
              ],
              [
                126.2152,
                33.3781
              ],
              [
                126.2149,
                33.3804
              ],
              [
                126.2148,
                33.3804
              ],
              [
                126.2148,
                33.3804
              ],
              [
                126.2148,
                33.3805
              ],
              [
                126.2147,
                33.3805
              ],
              [
                126.2147,
                33.3805
              ],
              [
                126.2147,
                33.3805
              ],
              [
                126.2147,
                33.3805
              ],
              [
                126.2147,
                33.3805
              ],
              [
                126.2145,
                33.382
              ],
              [
                126.2145,
                33.382
              ],
              [
                126.2146,
                33.3821
              ],
              [
                126.2157,
                33.3835
              ],
              [
                126.2158,
                33.3836
              ],
              [
                126.2159,
                33.3837
              ],
              [
                126.2159,
                33.3837
              ],
              [
                126.2165,
                33.3842
              ],
              [
                126.2167,
                33.3843
              ],
              [
                126.2167,
                33.3844
              ],
              [
                126.2167,
                33.3844
              ],
              [
                126.2171,
                33.3845
              ],
              [
                126.2172,
                33.3846
              ],
              [
                126.2172,
                33.3846
              ],
              [
                126.2172,
                33.3846
              ],
              [
                126.2172,
                33.3846
              ],
              [
                126.2172,
                33.3845
              ],
              [
                126.2172,
                33.3845
              ],
              [
                126.2172,
                33.3845
              ],
              [
                126.2172,
                33.3845
              ],
              [
                126.2172,
                33.3845
              ],
              [
                126.2171,
                33.3844
              ],
              [
                126.2171,
                33.3843
              ],
              [
                126.2171,
                33.3843
              ],
              [
                126.217,
                33.3843
              ],
              [
                126.217,
                33.3843
              ],
              [
                126.217,
                33.3843
              ],
              [
                126.217,
                33.3843
              ],
              [
                126.2169,
                33.3843
              ],
              [
                126.2169,
                33.3843
              ],
              [
                126.2169,
                33.3843
              ],
              [
                126.2169,
                33.3842
              ],
              [
                126.2169,
                33.3842
              ],
              [
                126.2169,
                33.3842
              ],
              [
                126.2169,
                33.3841
              ],
              [
                126.2169,
                33.3841
              ],
              [
                126.2169,
                33.3841
              ],
              [
                126.2169,
                33.384
              ],
              [
                126.2169,
                33.384
              ],
              [
                126.2169,
                33.384
              ],
              [
                126.2169,
                33.384
              ],
              [
                126.2169,
                33.384
              ],
              [
                126.2174,
                33.3839
              ],
              [
                126.2174,
                33.3839
              ],
              [
                126.2174,
                33.3839
              ],
              [
                126.2181,
                33.3839
              ],
              [
                126.2193,
                33.3847
              ],
              [
                126.2193,
                33.3847
              ],
              [
                126.2193,
                33.3847
              ],
              [
                126.2193,
                33.3847
              ],
              [
                126.2195,
                33.3849
              ],
              [
                126.2195,
                33.3849
              ],
              [
                126.2217,
                33.3877
              ],
              [
                126.2232,
                33.39
              ],
              [
                126.2237,
                33.3899
              ],
              [
                126.2246,
                33.3897
              ],
              [
                126.225,
                33.3896
              ],
              [
                126.2305,
                33.3893
              ],
              [
                126.2329,
                33.3892
              ],
              [
                126.2329,
                33.3892
              ],
              [
                126.2338,
                33.3892
              ],
              [
                126.2338,
                33.3892
              ],
              [
                126.2339,
                33.3892
              ],
              [
                126.2343,
                33.3893
              ],
              [
                126.2345,
                33.3894
              ],
              [
                126.2346,
                33.3894
              ],
              [
                126.2346,
                33.3895
              ],
              [
                126.2347,
                33.3895
              ],
              [
                126.2348,
                33.3895
              ],
              [
                126.2356,
                33.3902
              ],
              [
                126.2357,
                33.3904
              ],
              [
                126.2358,
                33.3904
              ],
              [
                126.2358,
                33.3905
              ],
              [
                126.2358,
                33.3905
              ],
              [
                126.2358,
                33.3906
              ],
              [
                126.2358,
                33.3906
              ],
              [
                126.2358,
                33.3907
              ],
              [
                126.2358,
                33.3909
              ],
              [
                126.2358,
                33.3909
              ],
              [
                126.2358,
                33.3911
              ],
              [
                126.2358,
                33.3911
              ],
              [
                126.2357,
                33.3914
              ],
              [
                126.2357,
                33.3915
              ],
              [
                126.2356,
                33.3915
              ],
              [
                126.2356,
                33.3915
              ],
              [
                126.2356,
                33.3915
              ],
              [
                126.2353,
                33.3915
              ],
              [
                126.2353,
                33.3915
              ],
              [
                126.2353,
                33.3915
              ],
              [
                126.2353,
                33.3915
              ],
              [
                126.2353,
                33.3915
              ],
              [
                126.2353,
                33.3915
              ],
              [
                126.2354,
                33.3914
              ],
              [
                126.2354,
                33.3912
              ],
              [
                126.2354,
                33.3911
              ],
              [
                126.2353,
                33.3911
              ],
              [
                126.2353,
                33.3911
              ],
              [
                126.2353,
                33.391
              ],
              [
                126.2353,
                33.391
              ],
              [
                126.2353,
                33.391
              ],
              [
                126.2352,
                33.391
              ],
              [
                126.2352,
                33.391
              ],
              [
                126.2347,
                33.3911
              ],
              [
                126.2345,
                33.3914
              ],
              [
                126.2345,
                33.3914
              ],
              [
                126.2344,
                33.3915
              ],
              [
                126.2344,
                33.3915
              ],
              [
                126.2347,
                33.3931
              ],
              [
                126.2347,
                33.3931
              ],
              [
                126.2356,
                33.3943
              ],
              [
                126.2366,
                33.3951
              ],
              [
                126.2366,
                33.3951
              ],
              [
                126.2367,
                33.3952
              ],
              [
                126.237,
                33.3953
              ],
              [
                126.239,
                33.3947
              ],
              [
                126.2391,
                33.3947
              ],
              [
                126.2391,
                33.3946
              ],
              [
                126.2391,
                33.3945
              ],
              [
                126.2391,
                33.3944
              ],
              [
                126.2392,
                33.3944
              ],
              [
                126.2392,
                33.3943
              ],
              [
                126.2392,
                33.3943
              ],
              [
                126.2393,
                33.3943
              ],
              [
                126.2393,
                33.3943
              ],
              [
                126.2394,
                33.3943
              ],
              [
                126.2396,
                33.3943
              ],
              [
                126.2397,
                33.3943
              ],
              [
                126.2399,
                33.3944
              ],
              [
                126.24,
                33.3944
              ],
              [
                126.2402,
                33.3944
              ],
              [
                126.2402,
                33.3945
              ],
              [
                126.2418,
                33.3953
              ],
              [
                126.2419,
                33.3953
              ],
              [
                126.2419,
                33.3954
              ],
              [
                126.2424,
                33.3969
              ],
              [
                126.2424,
                33.397
              ],
              [
                126.2424,
                33.3972
              ],
              [
                126.2421,
                33.3977
              ],
              [
                126.2422,
                33.3979
              ],
              [
                126.2427,
                33.3984
              ],
              [
                126.2428,
                33.3984
              ],
              [
                126.2481,
                33.4004
              ],
              [
                126.2492,
                33.4005
              ],
              [
                126.2493,
                33.4005
              ],
              [
                126.2496,
                33.4007
              ],
              [
                126.2497,
                33.4007
              ],
              [
                126.2497,
                33.4007
              ],
              [
                126.2497,
                33.4007
              ],
              [
                126.2497,
                33.4007
              ],
              [
                126.2497,
                33.4007
              ],
              [
                126.2499,
                33.4008
              ],
              [
                126.2499,
                33.4008
              ],
              [
                126.2499,
                33.4008
              ],
              [
                126.2501,
                33.401
              ],
              [
                126.2501,
                33.401
              ],
              [
                126.2501,
                33.401
              ],
              [
                126.2501,
                33.401
              ],
              [
                126.2503,
                33.4011
              ],
              [
                126.2503,
                33.4011
              ],
              [
                126.2505,
                33.4015
              ],
              [
                126.2506,
                33.4015
              ],
              [
                126.2509,
                33.4023
              ],
              [
                126.2509,
                33.4023
              ],
              [
                126.2509,
                33.4024
              ],
              [
                126.2509,
                33.4024
              ],
              [
                126.2509,
                33.4024
              ],
              [
                126.2509,
                33.4024
              ],
              [
                126.2509,
                33.4037
              ],
              [
                126.2505,
                33.4041
              ],
              [
                126.2499,
                33.404
              ],
              [
                126.2488,
                33.4039
              ],
              [
                126.2488,
                33.4042
              ],
              [
                126.2499,
                33.4054
              ],
              [
                126.2505,
                33.4053
              ],
              [
                126.2513,
                33.4052
              ],
              [
                126.252,
                33.4068
              ],
              [
                126.252,
                33.4068
              ],
              [
                126.2516,
                33.408
              ],
              [
                126.2522,
                33.409
              ],
              [
                126.2526,
                33.4094
              ],
              [
                126.255,
                33.4094
              ],
              [
                126.2551,
                33.4094
              ],
              [
                126.2551,
                33.4094
              ],
              [
                126.2551,
                33.4093
              ],
              [
                126.2551,
                33.4093
              ],
              [
                126.2551,
                33.4093
              ],
              [
                126.2551,
                33.4093
              ],
              [
                126.2552,
                33.4093
              ],
              [
                126.2552,
                33.4093
              ],
              [
                126.2553,
                33.4092
              ],
              [
                126.2553,
                33.4092
              ],
              [
                126.2553,
                33.4092
              ],
              [
                126.2554,
                33.4092
              ],
              [
                126.2554,
                33.4091
              ],
              [
                126.2554,
                33.4091
              ],
              [
                126.2554,
                33.4091
              ],
              [
                126.2554,
                33.4091
              ],
              [
                126.2553,
                33.4091
              ],
              [
                126.2553,
                33.4091
              ],
              [
                126.2553,
                33.4091
              ],
              [
                126.2553,
                33.4091
              ],
              [
                126.2553,
                33.409
              ],
              [
                126.2553,
                33.409
              ],
              [
                126.2546,
                33.4082
              ],
              [
                126.2558,
                33.4078
              ],
              [
                126.2559,
                33.4078
              ],
              [
                126.2559,
                33.4078
              ],
              [
                126.256,
                33.4078
              ],
              [
                126.2563,
                33.4078
              ],
              [
                126.2564,
                33.4078
              ],
              [
                126.2565,
                33.4078
              ],
              [
                126.2565,
                33.4078
              ],
              [
                126.258,
                33.4088
              ],
              [
                126.2585,
                33.4091
              ],
              [
                126.2585,
                33.4091
              ],
              [
                126.2585,
                33.4091
              ],
              [
                126.2586,
                33.4092
              ],
              [
                126.2586,
                33.4092
              ],
              [
                126.2586,
                33.4092
              ],
              [
                126.2586,
                33.4092
              ],
              [
                126.2586,
                33.4093
              ],
              [
                126.2586,
                33.4093
              ],
              [
                126.2586,
                33.4093
              ],
              [
                126.2586,
                33.4093
              ],
              [
                126.2586,
                33.4093
              ],
              [
                126.2586,
                33.4093
              ],
              [
                126.2586,
                33.4093
              ],
              [
                126.2587,
                33.4094
              ],
              [
                126.2587,
                33.4094
              ],
              [
                126.2587,
                33.4094
              ],
              [
                126.2587,
                33.4094
              ],
              [
                126.2587,
                33.4094
              ],
              [
                126.2586,
                33.4094
              ],
              [
                126.2586,
                33.4096
              ],
              [
                126.2584,
                33.4098
              ],
              [
                126.2584,
                33.4098
              ],
              [
                126.2578,
                33.4105
              ],
              [
                126.2577,
                33.4106
              ],
              [
                126.2574,
                33.4109
              ],
              [
                126.2574,
                33.4109
              ],
              [
                126.2573,
                33.4109
              ],
              [
                126.2573,
                33.4109
              ],
              [
                126.2573,
                33.4109
              ],
              [
                126.2573,
                33.4109
              ],
              [
                126.2573,
                33.4109
              ],
              [
                126.2573,
                33.4109
              ],
              [
                126.2572,
                33.4109
              ],
              [
                126.2572,
                33.4109
              ],
              [
                126.2572,
                33.4109
              ],
              [
                126.2572,
                33.4109
              ],
              [
                126.2572,
                33.4109
              ],
              [
                126.2571,
                33.4108
              ],
              [
                126.2571,
                33.4108
              ],
              [
                126.2566,
                33.4104
              ],
              [
                126.2563,
                33.41
              ],
              [
                126.256,
                33.4097
              ],
              [
                126.2558,
                33.4095
              ],
              [
                126.2557,
                33.4094
              ],
              [
                126.2555,
                33.4092
              ],
              [
                126.2555,
                33.4092
              ],
              [
                126.2555,
                33.4092
              ],
              [
                126.2554,
                33.4092
              ],
              [
                126.2554,
                33.4092
              ],
              [
                126.2554,
                33.4092
              ],
              [
                126.2554,
                33.4092
              ],
              [
                126.2553,
                33.4094
              ],
              [
                126.2553,
                33.4094
              ],
              [
                126.2552,
                33.4094
              ],
              [
                126.2552,
                33.4094
              ],
              [
                126.2552,
                33.4095
              ],
              [
                126.254,
                33.4124
              ],
              [
                126.254,
                33.4124
              ],
              [
                126.254,
                33.4125
              ],
              [
                126.2539,
                33.4125
              ],
              [
                126.2539,
                33.4125
              ],
              [
                126.2539,
                33.4125
              ],
              [
                126.2539,
                33.4126
              ],
              [
                126.2538,
                33.4126
              ],
              [
                126.2538,
                33.4126
              ],
              [
                126.2538,
                33.4126
              ],
              [
                126.2538,
                33.4126
              ],
              [
                126.2538,
                33.4126
              ],
              [
                126.2538,
                33.4126
              ],
              [
                126.2538,
                33.4127
              ],
              [
                126.2538,
                33.4127
              ],
              [
                126.2538,
                33.4127
              ],
              [
                126.2537,
                33.4127
              ],
              [
                126.2537,
                33.4127
              ],
              [
                126.2537,
                33.4127
              ],
              [
                126.2537,
                33.4128
              ],
              [
                126.2537,
                33.4128
              ],
              [
                126.2537,
                33.4128
              ],
              [
                126.2537,
                33.4128
              ],
              [
                126.2537,
                33.4128
              ],
              [
                126.2537,
                33.4129
              ],
              [
                126.2537,
                33.4129
              ],
              [
                126.2536,
                33.4129
              ],
              [
                126.2536,
                33.4129
              ],
              [
                126.2536,
                33.413
              ],
              [
                126.2536,
                33.413
              ],
              [
                126.2536,
                33.413
              ],
              [
                126.2536,
                33.413
              ],
              [
                126.2536,
                33.413
              ],
              [
                126.2536,
                33.4131
              ],
              [
                126.2536,
                33.4131
              ],
              [
                126.2536,
                33.4132
              ],
              [
                126.2536,
                33.4132
              ],
              [
                126.2535,
                33.4133
              ],
              [
                126.253,
                33.4156
              ],
              [
                126.253,
                33.4156
              ],
              [
                126.2529,
                33.4156
              ],
              [
                126.2529,
                33.4157
              ],
              [
                126.2529,
                33.4157
              ],
              [
                126.2529,
                33.4157
              ],
              [
                126.2529,
                33.4157
              ],
              [
                126.2529,
                33.4157
              ],
              [
                126.2529,
                33.4158
              ],
              [
                126.2529,
                33.4158
              ],
              [
                126.2529,
                33.4158
              ],
              [
                126.253,
                33.4158
              ],
              [
                126.253,
                33.4158
              ],
              [
                126.253,
                33.4158
              ],
              [
                126.253,
                33.4158
              ],
              [
                126.253,
                33.4158
              ],
              [
                126.253,
                33.4158
              ],
              [
                126.2531,
                33.4158
              ],
              [
                126.2531,
                33.4158
              ],
              [
                126.2533,
                33.4158
              ],
              [
                126.2533,
                33.4158
              ],
              [
                126.2533,
                33.4158
              ],
              [
                126.2533,
                33.4158
              ],
              [
                126.2533,
                33.4158
              ],
              [
                126.2534,
                33.4157
              ],
              [
                126.2534,
                33.4157
              ],
              [
                126.2534,
                33.4157
              ],
              [
                126.2534,
                33.4157
              ],
              [
                126.2534,
                33.4157
              ],
              [
                126.2534,
                33.4157
              ],
              [
                126.2534,
                33.4156
              ],
              [
                126.2534,
                33.4156
              ],
              [
                126.2534,
                33.4156
              ],
              [
                126.2534,
                33.4156
              ],
              [
                126.2534,
                33.4156
              ],
              [
                126.2534,
                33.4156
              ],
              [
                126.2534,
                33.4156
              ],
              [
                126.2533,
                33.4156
              ],
              [
                126.2533,
                33.4156
              ],
              [
                126.2533,
                33.4156
              ],
              [
                126.2533,
                33.4156
              ],
              [
                126.2533,
                33.4156
              ],
              [
                126.2533,
                33.4156
              ],
              [
                126.2533,
                33.4156
              ],
              [
                126.2534,
                33.4151
              ],
              [
                126.2534,
                33.4151
              ],
              [
                126.2537,
                33.4139
              ],
              [
                126.2537,
                33.4138
              ],
              [
                126.2538,
                33.4136
              ],
              [
                126.2538,
                33.4136
              ],
              [
                126.2538,
                33.4136
              ],
              [
                126.2538,
                33.4136
              ],
              [
                126.2538,
                33.4136
              ],
              [
                126.2538,
                33.4135
              ],
              [
                126.2542,
                33.4134
              ],
              [
                126.2558,
                33.4127
              ],
              [
                126.2559,
                33.4127
              ],
              [
                126.2559,
                33.4127
              ],
              [
                126.2559,
                33.4127
              ],
              [
                126.2559,
                33.4127
              ],
              [
                126.2559,
                33.4127
              ],
              [
                126.2579,
                33.4146
              ],
              [
                126.2596,
                33.4162
              ],
              [
                126.2605,
                33.4167
              ],
              [
                126.2618,
                33.4166
              ],
              [
                126.2622,
                33.4164
              ],
              [
                126.2623,
                33.4164
              ],
              [
                126.2623,
                33.4164
              ],
              [
                126.2623,
                33.4164
              ],
              [
                126.2623,
                33.4163
              ],
              [
                126.2623,
                33.4163
              ],
              [
                126.2628,
                33.4167
              ],
              [
                126.2622,
                33.4186
              ],
              [
                126.2619,
                33.4218
              ],
              [
                126.261,
                33.4228
              ],
              [
                126.2607,
                33.4231
              ],
              [
                126.2607,
                33.4231
              ],
              [
                126.2606,
                33.4231
              ],
              [
                126.2606,
                33.4231
              ],
              [
                126.2605,
                33.4231
              ],
              [
                126.2605,
                33.4231
              ],
              [
                126.2605,
                33.4231
              ],
              [
                126.2605,
                33.4231
              ],
              [
                126.2604,
                33.4231
              ],
              [
                126.2604,
                33.4231
              ],
              [
                126.259,
                33.4227
              ],
              [
                126.259,
                33.4227
              ],
              [
                126.259,
                33.4227
              ],
              [
                126.2589,
                33.4227
              ],
              [
                126.2589,
                33.4227
              ],
              [
                126.2589,
                33.4227
              ],
              [
                126.2589,
                33.4227
              ],
              [
                126.2589,
                33.4227
              ],
              [
                126.2588,
                33.4226
              ],
              [
                126.2588,
                33.4226
              ],
              [
                126.2588,
                33.4226
              ],
              [
                126.2588,
                33.4225
              ],
              [
                126.2588,
                33.4225
              ],
              [
                126.2587,
                33.4225
              ],
              [
                126.2587,
                33.4225
              ],
              [
                126.2587,
                33.4225
              ],
              [
                126.2587,
                33.4225
              ],
              [
                126.2585,
                33.4222
              ],
              [
                126.2584,
                33.422
              ],
              [
                126.2583,
                33.4218
              ],
              [
                126.2583,
                33.4218
              ],
              [
                126.2583,
                33.4218
              ],
              [
                126.2582,
                33.4216
              ],
              [
                126.2582,
                33.4216
              ],
              [
                126.2582,
                33.4215
              ],
              [
                126.2582,
                33.4215
              ],
              [
                126.2581,
                33.4214
              ],
              [
                126.2581,
                33.4214
              ],
              [
                126.2581,
                33.4214
              ],
              [
                126.2581,
                33.4213
              ],
              [
                126.2581,
                33.4213
              ],
              [
                126.2581,
                33.4213
              ],
              [
                126.258,
                33.4209
              ],
              [
                126.2579,
                33.4202
              ],
              [
                126.2579,
                33.4202
              ],
              [
                126.2579,
                33.4202
              ],
              [
                126.2579,
                33.4202
              ],
              [
                126.2579,
                33.4201
              ],
              [
                126.2579,
                33.4201
              ],
              [
                126.2579,
                33.4201
              ],
              [
                126.2579,
                33.4201
              ],
              [
                126.2579,
                33.4198
              ],
              [
                126.2579,
                33.4197
              ],
              [
                126.2579,
                33.4197
              ],
              [
                126.2579,
                33.4196
              ],
              [
                126.2579,
                33.4196
              ],
              [
                126.2579,
                33.4196
              ],
              [
                126.2579,
                33.4196
              ],
              [
                126.2579,
                33.4196
              ],
              [
                126.2579,
                33.4194
              ],
              [
                126.2579,
                33.4194
              ],
              [
                126.2579,
                33.4194
              ],
              [
                126.2579,
                33.4194
              ],
              [
                126.258,
                33.419
              ],
              [
                126.258,
                33.419
              ],
              [
                126.258,
                33.419
              ],
              [
                126.258,
                33.419
              ],
              [
                126.258,
                33.4189
              ],
              [
                126.2581,
                33.4186
              ],
              [
                126.2581,
                33.4186
              ],
              [
                126.2581,
                33.4186
              ],
              [
                126.2582,
                33.4186
              ],
              [
                126.2582,
                33.4185
              ],
              [
                126.2582,
                33.4185
              ],
              [
                126.2582,
                33.4185
              ],
              [
                126.2582,
                33.4185
              ],
              [
                126.2582,
                33.4184
              ],
              [
                126.2583,
                33.4184
              ],
              [
                126.2584,
                33.4182
              ],
              [
                126.2585,
                33.4181
              ],
              [
                126.2585,
                33.4181
              ],
              [
                126.2585,
                33.418
              ],
              [
                126.2585,
                33.4179
              ],
              [
                126.2585,
                33.4179
              ],
              [
                126.2578,
                33.4172
              ],
              [
                126.2576,
                33.4171
              ],
              [
                126.2523,
                33.4169
              ],
              [
                126.2534,
                33.4173
              ],
              [
                126.2545,
                33.4173
              ],
              [
                126.2554,
                33.4173
              ],
              [
                126.2562,
                33.4173
              ],
              [
                126.2575,
                33.4173
              ],
              [
                126.2575,
                33.4173
              ],
              [
                126.2575,
                33.4173
              ],
              [
                126.2575,
                33.4173
              ],
              [
                126.2576,
                33.4173
              ],
              [
                126.2576,
                33.4173
              ],
              [
                126.2576,
                33.4173
              ],
              [
                126.2576,
                33.4173
              ],
              [
                126.2578,
                33.4175
              ],
              [
                126.2579,
                33.4176
              ],
              [
                126.2579,
                33.4177
              ],
              [
                126.2579,
                33.4177
              ],
              [
                126.2581,
                33.4179
              ],
              [
                126.2581,
                33.4179
              ],
              [
                126.2581,
                33.4179
              ],
              [
                126.2581,
                33.4179
              ],
              [
                126.2581,
                33.4179
              ],
              [
                126.2581,
                33.4182
              ],
              [
                126.2574,
                33.4207
              ],
              [
                126.2574,
                33.4207
              ],
              [
                126.2574,
                33.4207
              ],
              [
                126.2573,
                33.4207
              ],
              [
                126.2573,
                33.4207
              ],
              [
                126.2573,
                33.4207
              ],
              [
                126.2573,
                33.4207
              ],
              [
                126.2573,
                33.4207
              ],
              [
                126.2573,
                33.4207
              ],
              [
                126.2573,
                33.4207
              ],
              [
                126.2573,
                33.4208
              ],
              [
                126.2572,
                33.4208
              ],
              [
                126.2572,
                33.4208
              ],
              [
                126.2572,
                33.4208
              ],
              [
                126.2571,
                33.4212
              ],
              [
                126.2571,
                33.4212
              ],
              [
                126.257,
                33.4215
              ],
              [
                126.2571,
                33.4217
              ],
              [
                126.2579,
                33.423
              ],
              [
                126.258,
                33.423
              ],
              [
                126.258,
                33.423
              ],
              [
                126.2585,
                33.4232
              ],
              [
                126.2585,
                33.4232
              ],
              [
                126.2585,
                33.4232
              ],
              [
                126.2586,
                33.4232
              ],
              [
                126.2586,
                33.4232
              ],
              [
                126.2586,
                33.4241
              ],
              [
                126.2586,
                33.4241
              ],
              [
                126.2586,
                33.4241
              ],
              [
                126.2586,
                33.4241
              ],
              [
                126.2586,
                33.4241
              ],
              [
                126.2586,
                33.4241
              ],
              [
                126.2589,
                33.4245
              ],
              [
                126.2589,
                33.4245
              ],
              [
                126.2589,
                33.4245
              ],
              [
                126.259,
                33.4245
              ],
              [
                126.2591,
                33.4246
              ],
              [
                126.2598,
                33.425
              ],
              [
                126.2598,
                33.425
              ],
              [
                126.2598,
                33.4251
              ],
              [
                126.2599,
                33.4251
              ],
              [
                126.2599,
                33.4251
              ],
              [
                126.2599,
                33.4251
              ],
              [
                126.2599,
                33.4251
              ],
              [
                126.2599,
                33.4251
              ],
              [
                126.2599,
                33.4251
              ],
              [
                126.26,
                33.4251
              ],
              [
                126.26,
                33.4251
              ],
              [
                126.26,
                33.4251
              ],
              [
                126.26,
                33.4251
              ],
              [
                126.26,
                33.4251
              ],
              [
                126.26,
                33.4251
              ],
              [
                126.2601,
                33.4251
              ],
              [
                126.2601,
                33.4251
              ],
              [
                126.2601,
                33.425
              ],
              [
                126.2601,
                33.425
              ],
              [
                126.2603,
                33.4249
              ],
              [
                126.2604,
                33.4249
              ],
              [
                126.2604,
                33.4249
              ],
              [
                126.2615,
                33.423
              ],
              [
                126.2615,
                33.423
              ],
              [
                126.2615,
                33.423
              ],
              [
                126.2615,
                33.423
              ],
              [
                126.2615,
                33.423
              ],
              [
                126.2617,
                33.4227
              ],
              [
                126.2617,
                33.4227
              ],
              [
                126.2617,
                33.4227
              ],
              [
                126.2617,
                33.4227
              ],
              [
                126.2617,
                33.4227
              ],
              [
                126.2621,
                33.4225
              ],
              [
                126.2621,
                33.4225
              ],
              [
                126.263,
                33.4225
              ],
              [
                126.2642,
                33.4237
              ],
              [
                126.2642,
                33.4238
              ],
              [
                126.2638,
                33.4271
              ],
              [
                126.262,
                33.4323
              ],
              [
                126.262,
                33.4324
              ],
              [
                126.262,
                33.4324
              ],
              [
                126.2614,
                33.4342
              ],
              [
                126.2619,
                33.435
              ],
              [
                126.2631,
                33.4368
              ],
              [
                126.2632,
                33.4369
              ],
              [
                126.2632,
                33.4369
              ],
              [
                126.2632,
                33.4369
              ],
              [
                126.2632,
                33.4369
              ],
              [
                126.2632,
                33.4369
              ],
              [
                126.2639,
                33.4369
              ],
              [
                126.2639,
                33.4369
              ],
              [
                126.264,
                33.4369
              ],
              [
                126.264,
                33.4369
              ],
              [
                126.264,
                33.4369
              ],
              [
                126.264,
                33.4369
              ],
              [
                126.264,
                33.4369
              ],
              [
                126.264,
                33.4369
              ],
              [
                126.264,
                33.4368
              ],
              [
                126.2641,
                33.4363
              ],
              [
                126.2689,
                33.4361
              ],
              [
                126.2731,
                33.4351
              ],
              [
                126.2762,
                33.4399
              ],
              [
                126.2789,
                33.4423
              ],
              [
                126.279,
                33.4423
              ],
              [
                126.2797,
                33.4422
              ],
              [
                126.2823,
                33.4425
              ],
              [
                126.2823,
                33.4425
              ],
              [
                126.2836,
                33.4429
              ],
              [
                126.2838,
                33.4433
              ],
              [
                126.2837,
                33.4435
              ],
              [
                126.2836,
                33.4439
              ],
              [
                126.2836,
                33.4443
              ],
              [
                126.2837,
                33.4444
              ],
              [
                126.2846,
                33.4448
              ],
              [
                126.2848,
                33.4449
              ],
              [
                126.2849,
                33.4449
              ],
              [
                126.2855,
                33.4449
              ],
              [
                126.2855,
                33.4448
              ],
              [
                126.2876,
                33.444
              ],
              [
                126.2882,
                33.4437
              ],
              [
                126.2883,
                33.4436
              ],
              [
                126.2887,
                33.4433
              ],
              [
                126.2887,
                33.4433
              ],
              [
                126.2888,
                33.4432
              ],
              [
                126.2891,
                33.443
              ],
              [
                126.2891,
                33.443
              ],
              [
                126.2895,
                33.443
              ],
              [
                126.2897,
                33.443
              ],
              [
                126.2897,
                33.443
              ],
              [
                126.2921,
                33.4435
              ],
              [
                126.2925,
                33.4436
              ],
              [
                126.2931,
                33.4438
              ],
              [
                126.2931,
                33.4438
              ],
              [
                126.2939,
                33.445
              ],
              [
                126.2939,
                33.445
              ],
              [
                126.2944,
                33.4456
              ],
              [
                126.2967,
                33.4472
              ],
              [
                126.2975,
                33.4474
              ],
              [
                126.2978,
                33.4465
              ],
              [
                126.2996,
                33.4472
              ],
              [
                126.3021,
                33.4489
              ],
              [
                126.3063,
                33.453
              ],
              [
                126.3104,
                33.4599
              ],
              [
                126.3105,
                33.4602
              ],
              [
                126.3103,
                33.4616
              ],
              [
                126.3102,
                33.462
              ],
              [
                126.3102,
                33.4621
              ],
              [
                126.3102,
                33.4621
              ],
              [
                126.31,
                33.4621
              ],
              [
                126.3098,
                33.4621
              ],
              [
                126.3097,
                33.4621
              ],
              [
                126.3088,
                33.4624
              ],
              [
                126.3084,
                33.4627
              ],
              [
                126.3083,
                33.4628
              ],
              [
                126.3082,
                33.4629
              ],
              [
                126.3082,
                33.463
              ],
              [
                126.3077,
                33.4653
              ],
              [
                126.3077,
                33.4658
              ],
              [
                126.3078,
                33.4659
              ],
              [
                126.3078,
                33.466
              ],
              [
                126.3079,
                33.466
              ],
              [
                126.308,
                33.4661
              ],
              [
                126.3119,
                33.4692
              ],
              [
                126.3124,
                33.4696
              ],
              [
                126.3125,
                33.4697
              ],
              [
                126.3127,
                33.4697
              ],
              [
                126.3128,
                33.4698
              ],
              [
                126.3129,
                33.4698
              ],
              [
                126.3135,
                33.4698
              ],
              [
                126.3136,
                33.4698
              ],
              [
                126.3145,
                33.4697
              ],
              [
                126.316,
                33.4694
              ],
              [
                126.3166,
                33.4688
              ],
              [
                126.3191,
                33.4676
              ],
              [
                126.3216,
                33.4665
              ],
              [
                126.3241,
                33.4667
              ],
              [
                126.3265,
                33.4671
              ],
              [
                126.328,
                33.4685
              ],
              [
                126.328,
                33.4686
              ],
              [
                126.3311,
                33.4695
              ],
              [
                126.3314,
                33.4695
              ],
              [
                126.3317,
                33.4695
              ],
              [
                126.3318,
                33.4695
              ],
              [
                126.3321,
                33.4694
              ],
              [
                126.3321,
                33.4694
              ],
              [
                126.3322,
                33.4693
              ],
              [
                126.3326,
                33.4686
              ],
              [
                126.3327,
                33.4681
              ],
              [
                126.3327,
                33.468
              ],
              [
                126.3327,
                33.4679
              ],
              [
                126.3327,
                33.4678
              ],
              [
                126.3327,
                33.4677
              ],
              [
                126.3328,
                33.4676
              ],
              [
                126.3328,
                33.4675
              ],
              [
                126.3329,
                33.4675
              ],
              [
                126.3337,
                33.467
              ],
              [
                126.3337,
                33.467
              ],
              [
                126.3342,
                33.4669
              ],
              [
                126.3342,
                33.4669
              ],
              [
                126.3343,
                33.4669
              ],
              [
                126.3349,
                33.4668
              ],
              [
                126.335,
                33.4668
              ],
              [
                126.3381,
                33.467
              ],
              [
                126.3381,
                33.4671
              ],
              [
                126.3381,
                33.4671
              ],
              [
                126.339,
                33.4679
              ],
              [
                126.3391,
                33.4679
              ],
              [
                126.3396,
                33.4685
              ],
              [
                126.3396,
                33.4686
              ],
              [
                126.3397,
                33.4688
              ],
              [
                126.3398,
                33.4696
              ],
              [
                126.3398,
                33.4699
              ],
              [
                126.3399,
                33.4699
              ],
              [
                126.3404,
                33.4707
              ],
              [
                126.342,
                33.4713
              ],
              [
                126.3463,
                33.4731
              ],
              [
                126.3485,
                33.4733
              ],
              [
                126.3508,
                33.4734
              ],
              [
                126.3521,
                33.475
              ],
              [
                126.3524,
                33.4756
              ],
              [
                126.3527,
                33.4764
              ],
              [
                126.353,
                33.4769
              ],
              [
                126.353,
                33.4769
              ],
              [
                126.3533,
                33.4774
              ],
              [
                126.3533,
                33.4774
              ],
              [
                126.3534,
                33.4775
              ],
              [
                126.3538,
                33.4779
              ],
              [
                126.3567,
                33.479
              ],
              [
                126.357,
                33.4791
              ],
              [
                126.3583,
                33.4796
              ],
              [
                126.3584,
                33.4796
              ],
              [
                126.3585,
                33.4796
              ],
              [
                126.3595,
                33.4798
              ],
              [
                126.3596,
                33.4798
              ],
              [
                126.3597,
                33.4798
              ],
              [
                126.3597,
                33.4798
              ],
              [
                126.3598,
                33.4798
              ],
              [
                126.3605,
                33.4797
              ],
              [
                126.3615,
                33.4794
              ],
              [
                126.3616,
                33.4793
              ],
              [
                126.3616,
                33.4793
              ],
              [
                126.3616,
                33.4793
              ],
              [
                126.3617,
                33.4793
              ],
              [
                126.3617,
                33.4792
              ],
              [
                126.3617,
                33.4792
              ],
              [
                126.3617,
                33.4792
              ],
              [
                126.3617,
                33.4792
              ],
              [
                126.3618,
                33.4792
              ],
              [
                126.3619,
                33.4791
              ],
              [
                126.3621,
                33.4791
              ],
              [
                126.3626,
                33.479
              ],
              [
                126.3638,
                33.4788
              ],
              [
                126.3675,
                33.4784
              ],
              [
                126.3681,
                33.4784
              ],
              [
                126.3682,
                33.4784
              ],
              [
                126.3689,
                33.4784
              ],
              [
                126.3689,
                33.4784
              ],
              [
                126.3689,
                33.4784
              ],
              [
                126.3715,
                33.48
              ],
              [
                126.3721,
                33.4805
              ],
              [
                126.3777,
                33.4843
              ],
              [
                126.3789,
                33.4841
              ],
              [
                126.3794,
                33.484
              ],
              [
                126.3797,
                33.484
              ],
              [
                126.3797,
                33.484
              ],
              [
                126.3797,
                33.484
              ],
              [
                126.3798,
                33.484
              ],
              [
                126.3798,
                33.484
              ],
              [
                126.3801,
                33.4841
              ],
              [
                126.3803,
                33.4842
              ],
              [
                126.3804,
                33.4843
              ],
              [
                126.3814,
                33.4851
              ],
              [
                126.3816,
                33.4853
              ],
              [
                126.3817,
                33.4857
              ],
              [
                126.3817,
                33.4857
              ],
              [
                126.3818,
                33.4862
              ],
              [
                126.3818,
                33.4862
              ],
              [
                126.3818,
                33.4862
              ],
              [
                126.3817,
                33.4863
              ],
              [
                126.3817,
                33.4864
              ],
              [
                126.3817,
                33.4864
              ],
              [
                126.3817,
                33.4864
              ],
              [
                126.3817,
                33.4864
              ],
              [
                126.3818,
                33.4866
              ],
              [
                126.3818,
                33.4866
              ],
              [
                126.3823,
                33.4873
              ],
              [
                126.3825,
                33.4875
              ],
              [
                126.3828,
                33.4878
              ],
              [
                126.3833,
                33.4881
              ],
              [
                126.3857,
                33.4893
              ],
              [
                126.3893,
                33.4898
              ],
              [
                126.3908,
                33.4896
              ],
              [
                126.3913,
                33.4894
              ],
              [
                126.3913,
                33.4894
              ],
              [
                126.3913,
                33.4894
              ],
              [
                126.3913,
                33.4894
              ],
              [
                126.3913,
                33.4894
              ],
              [
                126.3914,
                33.4891
              ],
              [
                126.3924,
                33.4865
              ],
              [
                126.3924,
                33.4865
              ],
              [
                126.3923,
                33.4861
              ],
              [
                126.3926,
                33.4855
              ],
              [
                126.3929,
                33.4852
              ],
              [
                126.3945,
                33.4841
              ],
              [
                126.3945,
                33.4841
              ],
              [
                126.3946,
                33.4841
              ],
              [
                126.3946,
                33.4841
              ],
              [
                126.3947,
                33.4841
              ],
              [
                126.3987,
                33.4834
              ],
              [
                126.3988,
                33.4834
              ],
              [
                126.3988,
                33.4834
              ],
              [
                126.399,
                33.4833
              ],
              [
                126.399,
                33.4833
              ],
              [
                126.3991,
                33.4833
              ],
              [
                126.3992,
                33.4833
              ],
              [
                126.3994,
                33.4833
              ],
              [
                126.3996,
                33.4833
              ],
              [
                126.4006,
                33.4834
              ],
              [
                126.4007,
                33.4834
              ],
              [
                126.4007,
                33.4834
              ],
              [
                126.4007,
                33.4834
              ],
              [
                126.4013,
                33.4839
              ],
              [
                126.4013,
                33.484
              ],
              [
                126.4013,
                33.484
              ],
              [
                126.4013,
                33.484
              ],
              [
                126.4013,
                33.484
              ],
              [
                126.4012,
                33.4843
              ],
              [
                126.4014,
                33.4846
              ],
              [
                126.4017,
                33.4849
              ],
              [
                126.4025,
                33.4856
              ],
              [
                126.4037,
                33.486
              ],
              [
                126.4039,
                33.486
              ],
              [
                126.4039,
                33.486
              ],
              [
                126.404,
                33.486
              ],
              [
                126.404,
                33.486
              ],
              [
                126.4041,
                33.486
              ],
              [
                126.4041,
                33.486
              ],
              [
                126.405,
                33.4855
              ],
              [
                126.4051,
                33.4854
              ],
              [
                126.4051,
                33.4854
              ],
              [
                126.4056,
                33.4851
              ],
              [
                126.4056,
                33.4851
              ],
              [
                126.4056,
                33.4849
              ],
              [
                126.4058,
                33.4849
              ],
              [
                126.4059,
                33.4849
              ],
              [
                126.4061,
                33.4849
              ],
              [
                126.4061,
                33.4849
              ],
              [
                126.4074,
                33.4851
              ],
              [
                126.4076,
                33.4852
              ],
              [
                126.4076,
                33.4852
              ],
              [
                126.4076,
                33.4852
              ],
              [
                126.408,
                33.4858
              ],
              [
                126.4087,
                33.487
              ],
              [
                126.4088,
                33.4871
              ],
              [
                126.4088,
                33.4871
              ],
              [
                126.4085,
                33.488
              ],
              [
                126.4083,
                33.4881
              ],
              [
                126.4089,
                33.4889
              ],
              [
                126.4102,
                33.4899
              ],
              [
                126.4102,
                33.4899
              ],
              [
                126.4102,
                33.4899
              ],
              [
                126.4104,
                33.49
              ],
              [
                126.411,
                33.4902
              ],
              [
                126.411,
                33.4902
              ],
              [
                126.411,
                33.4902
              ],
              [
                126.4147,
                33.4901
              ],
              [
                126.4167,
                33.4898
              ],
              [
                126.419,
                33.49
              ],
              [
                126.4208,
                33.4907
              ],
              [
                126.4209,
                33.4908
              ],
              [
                126.4202,
                33.4912
              ],
              [
                126.4202,
                33.4912
              ],
              [
                126.4201,
                33.4914
              ],
              [
                126.42,
                33.4914
              ],
              [
                126.42,
                33.4914
              ],
              [
                126.42,
                33.4914
              ],
              [
                126.42,
                33.492
              ],
              [
                126.42,
                33.4924
              ],
              [
                126.4218,
                33.4937
              ],
              [
                126.4243,
                33.495
              ],
              [
                126.425,
                33.4953
              ],
              [
                126.427,
                33.4959
              ],
              [
                126.428,
                33.4961
              ],
              [
                126.428,
                33.4961
              ],
              [
                126.428,
                33.4961
              ],
              [
                126.428,
                33.4961
              ],
              [
                126.428,
                33.4961
              ],
              [
                126.428,
                33.4961
              ],
              [
                126.4281,
                33.496
              ],
              [
                126.4281,
                33.496
              ],
              [
                126.4281,
                33.4959
              ],
              [
                126.4281,
                33.4959
              ],
              [
                126.428,
                33.4959
              ],
              [
                126.428,
                33.4959
              ],
              [
                126.4278,
                33.4958
              ],
              [
                126.4278,
                33.4958
              ],
              [
                126.4278,
                33.4958
              ],
              [
                126.4277,
                33.4958
              ],
              [
                126.4277,
                33.4959
              ],
              [
                126.4274,
                33.4958
              ],
              [
                126.4274,
                33.4958
              ],
              [
                126.4266,
                33.4954
              ],
              [
                126.4261,
                33.4951
              ],
              [
                126.4261,
                33.4949
              ],
              [
                126.4261,
                33.4949
              ],
              [
                126.4261,
                33.4947
              ],
              [
                126.4262,
                33.4947
              ],
              [
                126.4262,
                33.4947
              ],
              [
                126.4262,
                33.4947
              ],
              [
                126.4262,
                33.4946
              ],
              [
                126.4263,
                33.4946
              ],
              [
                126.428,
                33.4939
              ],
              [
                126.4281,
                33.4939
              ],
              [
                126.4321,
                33.4942
              ],
              [
                126.4388,
                33.4958
              ],
              [
                126.4389,
                33.4958
              ],
              [
                126.4405,
                33.4961
              ],
              [
                126.4405,
                33.4961
              ],
              [
                126.4406,
                33.4961
              ],
              [
                126.4407,
                33.4962
              ],
              [
                126.4407,
                33.4962
              ],
              [
                126.4429,
                33.4972
              ],
              [
                126.4429,
                33.4972
              ],
              [
                126.443,
                33.4973
              ],
              [
                126.4441,
                33.498
              ],
              [
                126.4451,
                33.4988
              ],
              [
                126.4472,
                33.4982
              ],
              [
                126.4494,
                33.4978
              ],
              [
                126.4496,
                33.4974
              ],
              [
                126.4498,
                33.4973
              ],
              [
                126.4499,
                33.4972
              ],
              [
                126.4513,
                33.4973
              ],
              [
                126.4516,
                33.4973
              ],
              [
                126.4518,
                33.4974
              ],
              [
                126.4521,
                33.4975
              ],
              [
                126.4523,
                33.4976
              ],
              [
                126.4526,
                33.498
              ],
              [
                126.4531,
                33.4985
              ],
              [
                126.4538,
                33.4994
              ],
              [
                126.4539,
                33.4996
              ],
              [
                126.4543,
                33.5005
              ],
              [
                126.4543,
                33.5007
              ],
              [
                126.4543,
                33.5007
              ],
              [
                126.4543,
                33.5007
              ],
              [
                126.4525,
                33.5019
              ],
              [
                126.4518,
                33.5025
              ],
              [
                126.4518,
                33.5025
              ],
              [
                126.4518,
                33.5025
              ],
              [
                126.4518,
                33.5026
              ],
              [
                126.452,
                33.5028
              ],
              [
                126.4535,
                33.5044
              ],
              [
                126.4535,
                33.5044
              ],
              [
                126.4536,
                33.5044
              ],
              [
                126.4536,
                33.5044
              ],
              [
                126.4536,
                33.5044
              ],
              [
                126.4558,
                33.5042
              ],
              [
                126.4559,
                33.5042
              ],
              [
                126.4561,
                33.5039
              ],
              [
                126.4563,
                33.5037
              ],
              [
                126.4564,
                33.5036
              ],
              [
                126.4564,
                33.5036
              ],
              [
                126.4566,
                33.5035
              ],
              [
                126.4569,
                33.5035
              ],
              [
                126.4574,
                33.5036
              ],
              [
                126.4581,
                33.5037
              ],
              [
                126.4601,
                33.5042
              ],
              [
                126.4604,
                33.5045
              ],
              [
                126.4604,
                33.5045
              ],
              [
                126.4606,
                33.505
              ],
              [
                126.4631,
                33.5031
              ],
              [
                126.4635,
                33.507
              ],
              [
                126.4639,
                33.5068
              ],
              [
                126.4646,
                33.5064
              ],
              [
                126.4665,
                33.5056
              ],
              [
                126.467,
                33.5057
              ],
              [
                126.4668,
                33.5068
              ],
              [
                126.4662,
                33.5086
              ],
              [
                126.4691,
                33.5093
              ],
              [
                126.4744,
                33.5097
              ],
              [
                126.4747,
                33.5096
              ],
              [
                126.4754,
                33.5094
              ],
              [
                126.4756,
                33.5094
              ],
              [
                126.4757,
                33.5093
              ],
              [
                126.478,
                33.5092
              ],
              [
                126.4786,
                33.5093
              ],
              [
                126.4834,
                33.5111
              ],
              [
                126.4834,
                33.5111
              ],
              [
                126.4834,
                33.5111
              ],
              [
                126.4836,
                33.5114
              ],
              [
                126.4835,
                33.5116
              ],
              [
                126.4837,
                33.5126
              ],
              [
                126.4854,
                33.5167
              ],
              [
                126.4854,
                33.5168
              ],
              [
                126.4856,
                33.5172
              ],
              [
                126.4858,
                33.5175
              ],
              [
                126.4869,
                33.5183
              ],
              [
                126.4869,
                33.5183
              ],
              [
                126.487,
                33.5184
              ],
              [
                126.487,
                33.5184
              ],
              [
                126.4871,
                33.5184
              ],
              [
                126.489,
                33.5193
              ],
              [
                126.489,
                33.5193
              ],
              [
                126.4897,
                33.5195
              ],
              [
                126.4897,
                33.5195
              ],
              [
                126.4897,
                33.5195
              ],
              [
                126.4897,
                33.5194
              ],
              [
                126.4898,
                33.5194
              ],
              [
                126.4898,
                33.5194
              ],
              [
                126.4898,
                33.5194
              ],
              [
                126.4899,
                33.5193
              ],
              [
                126.4899,
                33.5193
              ],
              [
                126.4899,
                33.5193
              ],
              [
                126.4899,
                33.5193
              ],
              [
                126.4904,
                33.5192
              ],
              [
                126.4904,
                33.5192
              ],
              [
                126.4905,
                33.5192
              ],
              [
                126.4906,
                33.5192
              ],
              [
                126.4907,
                33.5192
              ],
              [
                126.4909,
                33.5193
              ],
              [
                126.4909,
                33.5193
              ],
              [
                126.4911,
                33.5193
              ],
              [
                126.4912,
                33.5193
              ],
              [
                126.4931,
                33.5198
              ],
              [
                126.4931,
                33.5198
              ],
              [
                126.4931,
                33.5198
              ],
              [
                126.4934,
                33.52
              ],
              [
                126.4934,
                33.52
              ],
              [
                126.4936,
                33.5201
              ],
              [
                126.4936,
                33.5201
              ],
              [
                126.4936,
                33.5201
              ],
              [
                126.4936,
                33.5201
              ],
              [
                126.4942,
                33.5209
              ],
              [
                126.495,
                33.5209
              ],
              [
                126.495,
                33.5209
              ],
              [
                126.4967,
                33.5206
              ],
              [
                126.4989,
                33.5201
              ],
              [
                126.4989,
                33.5201
              ],
              [
                126.499,
                33.5201
              ],
              [
                126.499,
                33.5201
              ],
              [
                126.499,
                33.5201
              ],
              [
                126.4993,
                33.5197
              ],
              [
                126.5,
                33.5188
              ],
              [
                126.5001,
                33.5182
              ],
              [
                126.5001,
                33.518
              ],
              [
                126.5001,
                33.518
              ],
              [
                126.5001,
                33.518
              ],
              [
                126.5002,
                33.5178
              ],
              [
                126.5008,
                33.5175
              ],
              [
                126.5009,
                33.5175
              ],
              [
                126.5046,
                33.5169
              ],
              [
                126.5088,
                33.5164
              ],
              [
                126.5138,
                33.516
              ],
              [
                126.5146,
                33.5158
              ],
              [
                126.5163,
                33.5171
              ],
              [
                126.5162,
                33.5172
              ],
              [
                126.5162,
                33.5173
              ],
              [
                126.5162,
                33.518
              ],
              [
                126.5162,
                33.5182
              ],
              [
                126.5162,
                33.5183
              ],
              [
                126.5162,
                33.5184
              ],
              [
                126.5163,
                33.5185
              ],
              [
                126.5164,
                33.5188
              ],
              [
                126.5164,
                33.5189
              ],
              [
                126.5165,
                33.519
              ],
              [
                126.5166,
                33.5191
              ],
              [
                126.5168,
                33.5192
              ],
              [
                126.5169,
                33.5192
              ],
              [
                126.517,
                33.5193
              ],
              [
                126.5172,
                33.5194
              ],
              [
                126.5172,
                33.5194
              ],
              [
                126.5173,
                33.5194
              ],
              [
                126.5175,
                33.5195
              ],
              [
                126.5176,
                33.5195
              ],
              [
                126.5178,
                33.5195
              ],
              [
                126.518,
                33.5195
              ],
              [
                126.5182,
                33.5195
              ],
              [
                126.5183,
                33.5195
              ],
              [
                126.52,
                33.5192
              ],
              [
                126.5226,
                33.5188
              ],
              [
                126.5249,
                33.5185
              ],
              [
                126.5273,
                33.5182
              ],
              [
                126.5295,
                33.5176
              ],
              [
                126.5319,
                33.5174
              ],
              [
                126.5334,
                33.518
              ],
              [
                126.5334,
                33.518
              ],
              [
                126.5334,
                33.518
              ],
              [
                126.5336,
                33.5187
              ],
              [
                126.5336,
                33.5187
              ],
              [
                126.5327,
                33.5196
              ],
              [
                126.5321,
                33.5203
              ],
              [
                126.5313,
                33.521
              ],
              [
                126.5317,
                33.5213
              ],
              [
                126.5318,
                33.5212
              ],
              [
                126.533,
                33.5199
              ],
              [
                126.5333,
                33.5198
              ],
              [
                126.5353,
                33.5198
              ],
              [
                126.536,
                33.5203
              ],
              [
                126.5385,
                33.5219
              ],
              [
                126.542,
                33.5228
              ],
              [
                126.5427,
                33.5229
              ],
              [
                126.5428,
                33.5229
              ],
              [
                126.5428,
                33.5229
              ],
              [
                126.5432,
                33.5238
              ],
              [
                126.5432,
                33.5238
              ],
              [
                126.5431,
                33.5254
              ],
              [
                126.5429,
                33.5274
              ],
              [
                126.5417,
                33.529
              ],
              [
                126.5415,
                33.5293
              ],
              [
                126.5417,
                33.5296
              ],
              [
                126.5436,
                33.5285
              ],
              [
                126.5438,
                33.5284
              ],
              [
                126.5438,
                33.5283
              ],
              [
                126.5439,
                33.5282
              ],
              [
                126.5439,
                33.5282
              ],
              [
                126.5439,
                33.5282
              ],
              [
                126.5439,
                33.5282
              ],
              [
                126.5439,
                33.5281
              ],
              [
                126.544,
                33.5281
              ],
              [
                126.544,
                33.5281
              ],
              [
                126.5443,
                33.5281
              ],
              [
                126.5447,
                33.5279
              ],
              [
                126.5448,
                33.5279
              ],
              [
                126.5462,
                33.5245
              ],
              [
                126.5467,
                33.5244
              ],
              [
                126.5512,
                33.5243
              ],
              [
                126.5534,
                33.5242
              ],
              [
                126.5535,
                33.5234
              ],
              [
                126.5534,
                33.5228
              ],
              [
                126.5534,
                33.5228
              ],
              [
                126.5534,
                33.5228
              ],
              [
                126.55,
                33.5217
              ],
              [
                126.55,
                33.5217
              ],
              [
                126.5498,
                33.5217
              ],
              [
                126.5495,
                33.5216
              ],
              [
                126.5495,
                33.5216
              ],
              [
                126.5494,
                33.5216
              ],
              [
                126.5494,
                33.5216
              ],
              [
                126.5493,
                33.5217
              ],
              [
                126.5492,
                33.5217
              ],
              [
                126.5491,
                33.5217
              ],
              [
                126.549,
                33.5217
              ],
              [
                126.5488,
                33.5218
              ],
              [
                126.5469,
                33.5219
              ],
              [
                126.549,
                33.5206
              ],
              [
                126.55,
                33.5206
              ],
              [
                126.5552,
                33.5211
              ],
              [
                126.5554,
                33.5212
              ],
              [
                126.5574,
                33.5221
              ],
              [
                126.559,
                33.523
              ],
              [
                126.5601,
                33.525
              ],
              [
                126.5612,
                33.5268
              ],
              [
                126.5618,
                33.5275
              ],
              [
                126.5642,
                33.5267
              ],
              [
                126.5641,
                33.5248
              ],
              [
                126.5641,
                33.5248
              ],
              [
                126.5642,
                33.5247
              ],
              [
                126.5642,
                33.5247
              ],
              [
                126.5651,
                33.5243
              ],
              [
                126.5653,
                33.5242
              ],
              [
                126.5653,
                33.5242
              ],
              [
                126.5653,
                33.5242
              ],
              [
                126.5672,
                33.5251
              ],
              [
                126.5692,
                33.527
              ],
              [
                126.5707,
                33.5259
              ],
              [
                126.571,
                33.5258
              ],
              [
                126.571,
                33.5258
              ],
              [
                126.571,
                33.5258
              ],
              [
                126.5733,
                33.5253
              ],
              [
                126.5734,
                33.5253
              ],
              [
                126.5735,
                33.5253
              ],
              [
                126.5736,
                33.5253
              ],
              [
                126.5736,
                33.5253
              ],
              [
                126.5736,
                33.5253
              ],
              [
                126.5737,
                33.5253
              ],
              [
                126.5738,
                33.5253
              ],
              [
                126.5738,
                33.5253
              ],
              [
                126.5739,
                33.5254
              ],
              [
                126.5739,
                33.5254
              ],
              [
                126.5739,
                33.5254
              ],
              [
                126.5739,
                33.5254
              ],
              [
                126.5738,
                33.5255
              ],
              [
                126.5736,
                33.5253
              ],
              [
                126.5735,
                33.5253
              ],
              [
                126.5735,
                33.5253
              ],
              [
                126.5735,
                33.5253
              ],
              [
                126.5735,
                33.5254
              ],
              [
                126.5735,
                33.5254
              ],
              [
                126.5735,
                33.5255
              ],
              [
                126.5735,
                33.5256
              ],
              [
                126.5742,
                33.5275
              ],
              [
                126.5745,
                33.528
              ],
              [
                126.5747,
                33.5281
              ],
              [
                126.5747,
                33.5281
              ],
              [
                126.5748,
                33.5281
              ],
              [
                126.5748,
                33.5281
              ],
              [
                126.5748,
                33.5281
              ],
              [
                126.5768,
                33.5282
              ],
              [
                126.5782,
                33.528
              ],
              [
                126.5782,
                33.528
              ],
              [
                126.5782,
                33.528
              ],
              [
                126.5782,
                33.528
              ],
              [
                126.5782,
                33.528
              ],
              [
                126.5782,
                33.5279
              ],
              [
                126.5783,
                33.5279
              ],
              [
                126.5783,
                33.5279
              ],
              [
                126.5783,
                33.5279
              ],
              [
                126.579,
                33.5275
              ],
              [
                126.579,
                33.5274
              ],
              [
                126.579,
                33.5274
              ],
              [
                126.579,
                33.5274
              ],
              [
                126.5789,
                33.5274
              ],
              [
                126.5789,
                33.5273
              ],
              [
                126.5789,
                33.5273
              ],
              [
                126.5788,
                33.5274
              ],
              [
                126.5788,
                33.5274
              ],
              [
                126.5782,
                33.5278
              ],
              [
                126.5781,
                33.5278
              ],
              [
                126.5781,
                33.5278
              ],
              [
                126.5772,
                33.5279
              ],
              [
                126.5767,
                33.5279
              ],
              [
                126.5766,
                33.5278
              ],
              [
                126.5763,
                33.5272
              ],
              [
                126.5764,
                33.527
              ],
              [
                126.5765,
                33.5268
              ],
              [
                126.5767,
                33.5265
              ],
              [
                126.5768,
                33.5264
              ],
              [
                126.5797,
                33.525
              ],
              [
                126.5849,
                33.5254
              ],
              [
                126.585,
                33.5254
              ],
              [
                126.585,
                33.5254
              ],
              [
                126.5852,
                33.5255
              ],
              [
                126.5856,
                33.5258
              ],
              [
                126.5857,
                33.5258
              ],
              [
                126.5862,
                33.5262
              ],
              [
                126.5866,
                33.5265
              ],
              [
                126.5892,
                33.529
              ],
              [
                126.5892,
                33.5291
              ],
              [
                126.5892,
                33.5291
              ],
              [
                126.5892,
                33.5291
              ],
              [
                126.5892,
                33.5291
              ],
              [
                126.5892,
                33.5292
              ],
              [
                126.5902,
                33.5332
              ],
              [
                126.5967,
                33.5373
              ],
              [
                126.5973,
                33.5377
              ],
              [
                126.5974,
                33.5377
              ],
              [
                126.5975,
                33.5377
              ],
              [
                126.5977,
                33.5377
              ],
              [
                126.5981,
                33.5374
              ],
              [
                126.5987,
                33.5365
              ],
              [
                126.5991,
                33.5367
              ],
              [
                126.5994,
                33.5368
              ],
              [
                126.5996,
                33.5369
              ],
              [
                126.5998,
                33.5369
              ],
              [
                126.6005,
                33.5369
              ],
              [
                126.6006,
                33.5369
              ],
              [
                126.6018,
                33.5362
              ],
              [
                126.6024,
                33.5357
              ],
              [
                126.6031,
                33.535
              ],
              [
                126.6041,
                33.5354
              ],
              [
                126.6059,
                33.5356
              ],
              [
                126.6074,
                33.5358
              ],
              [
                126.6082,
                33.5358
              ],
              [
                126.6119,
                33.5363
              ],
              [
                126.6123,
                33.537
              ],
              [
                126.6128,
                33.5377
              ],
              [
                126.6135,
                33.5381
              ],
              [
                126.6215,
                33.5381
              ],
              [
                126.6259,
                33.5362
              ],
              [
                126.6259,
                33.5362
              ],
              [
                126.6259,
                33.5362
              ],
              [
                126.6259,
                33.5362
              ],
              [
                126.6259,
                33.5362
              ],
              [
                126.626,
                33.5362
              ],
              [
                126.6261,
                33.5362
              ],
              [
                126.6261,
                33.5362
              ],
              [
                126.6261,
                33.5362
              ],
              [
                126.6261,
                33.5362
              ],
              [
                126.6261,
                33.5362
              ],
              [
                126.6262,
                33.5362
              ],
              [
                126.6262,
                33.5362
              ],
              [
                126.6265,
                33.5364
              ],
              [
                126.6266,
                33.5364
              ],
              [
                126.6266,
                33.5364
              ],
              [
                126.6267,
                33.5365
              ],
              [
                126.628,
                33.5375
              ],
              [
                126.6297,
                33.5374
              ],
              [
                126.6302,
                33.5373
              ],
              [
                126.6311,
                33.5369
              ],
              [
                126.6324,
                33.5364
              ],
              [
                126.6345,
                33.536
              ],
              [
                126.6345,
                33.536
              ],
              [
                126.6346,
                33.5361
              ],
              [
                126.6346,
                33.5361
              ],
              [
                126.6356,
                33.5366
              ],
              [
                126.6356,
                33.5366
              ],
              [
                126.6366,
                33.5404
              ],
              [
                126.6366,
                33.5405
              ],
              [
                126.6366,
                33.5405
              ],
              [
                126.6364,
                33.541
              ],
              [
                126.6361,
                33.5412
              ],
              [
                126.6361,
                33.5412
              ],
              [
                126.6347,
                33.5412
              ],
              [
                126.6346,
                33.5411
              ],
              [
                126.6346,
                33.541
              ],
              [
                126.6346,
                33.541
              ],
              [
                126.6345,
                33.541
              ],
              [
                126.6344,
                33.541
              ],
              [
                126.6344,
                33.541
              ],
              [
                126.6344,
                33.5411
              ],
              [
                126.6341,
                33.5417
              ],
              [
                126.634,
                33.542
              ],
              [
                126.6346,
                33.5445
              ],
              [
                126.6349,
                33.5452
              ],
              [
                126.6349,
                33.5452
              ],
              [
                126.635,
                33.5453
              ],
              [
                126.6351,
                33.5453
              ],
              [
                126.6351,
                33.5453
              ],
              [
                126.6367,
                33.5453
              ],
              [
                126.6386,
                33.5453
              ],
              [
                126.6386,
                33.5453
              ],
              [
                126.6391,
                33.5457
              ],
              [
                126.6393,
                33.5459
              ],
              [
                126.6401,
                33.5475
              ],
              [
                126.6399,
                33.5486
              ],
              [
                126.6407,
                33.5501
              ],
              [
                126.6411,
                33.5506
              ],
              [
                126.6421,
                33.5515
              ],
              [
                126.6423,
                33.5516
              ],
              [
                126.6447,
                33.5556
              ],
              [
                126.6456,
                33.5549
              ],
              [
                126.6457,
                33.5549
              ],
              [
                126.6457,
                33.5548
              ],
              [
                126.6457,
                33.5548
              ],
              [
                126.6488,
                33.5532
              ],
              [
                126.6489,
                33.5532
              ],
              [
                126.6489,
                33.5532
              ],
              [
                126.6489,
                33.5532
              ],
              [
                126.649,
                33.5532
              ],
              [
                126.649,
                33.5532
              ],
              [
                126.649,
                33.5532
              ],
              [
                126.649,
                33.5532
              ],
              [
                126.6491,
                33.5533
              ],
              [
                126.6491,
                33.5533
              ],
              [
                126.649,
                33.5533
              ],
              [
                126.649,
                33.5535
              ],
              [
                126.649,
                33.5537
              ],
              [
                126.649,
                33.5538
              ],
              [
                126.6491,
                33.5539
              ],
              [
                126.6491,
                33.5539
              ],
              [
                126.6491,
                33.5539
              ],
              [
                126.6491,
                33.554
              ],
              [
                126.6492,
                33.554
              ],
              [
                126.6493,
                33.554
              ],
              [
                126.6493,
                33.554
              ],
              [
                126.6494,
                33.554
              ],
              [
                126.6494,
                33.554
              ],
              [
                126.6494,
                33.554
              ],
              [
                126.6499,
                33.5533
              ],
              [
                126.649,
                33.5518
              ],
              [
                126.6477,
                33.5495
              ],
              [
                126.6477,
                33.5495
              ],
              [
                126.6476,
                33.5495
              ],
              [
                126.6477,
                33.5494
              ],
              [
                126.6477,
                33.5494
              ],
              [
                126.6477,
                33.5494
              ],
              [
                126.6481,
                33.549
              ],
              [
                126.6481,
                33.549
              ],
              [
                126.6491,
                33.5489
              ],
              [
                126.6495,
                33.5488
              ],
              [
                126.6498,
                33.5488
              ],
              [
                126.65,
                33.5488
              ],
              [
                126.65,
                33.5488
              ],
              [
                126.6502,
                33.5488
              ],
              [
                126.6502,
                33.5488
              ],
              [
                126.6507,
                33.5488
              ],
              [
                126.651,
                33.5489
              ],
              [
                126.6512,
                33.549
              ],
              [
                126.6516,
                33.5493
              ],
              [
                126.6521,
                33.5498
              ],
              [
                126.6525,
                33.5506
              ],
              [
                126.6525,
                33.5517
              ],
              [
                126.6524,
                33.5524
              ],
              [
                126.6524,
                33.5524
              ],
              [
                126.6525,
                33.5525
              ],
              [
                126.6528,
                33.5528
              ],
              [
                126.6529,
                33.5528
              ],
              [
                126.653,
                33.5528
              ],
              [
                126.6533,
                33.5525
              ],
              [
                126.6559,
                33.5503
              ],
              [
                126.6588,
                33.5474
              ],
              [
                126.6612,
                33.5453
              ],
              [
                126.664,
                33.5434
              ],
              [
                126.664,
                33.5434
              ],
              [
                126.6644,
                33.5432
              ],
              [
                126.6652,
                33.5429
              ],
              [
                126.6652,
                33.5429
              ],
              [
                126.6655,
                33.5428
              ],
              [
                126.6655,
                33.5428
              ],
              [
                126.6656,
                33.5428
              ],
              [
                126.6663,
                33.5428
              ],
              [
                126.6668,
                33.5428
              ],
              [
                126.6671,
                33.5428
              ],
              [
                126.6699,
                33.5435
              ],
              [
                126.6734,
                33.5446
              ],
              [
                126.6735,
                33.5446
              ],
              [
                126.6739,
                33.5448
              ],
              [
                126.674,
                33.5448
              ],
              [
                126.674,
                33.5449
              ],
              [
                126.674,
                33.5449
              ],
              [
                126.6741,
                33.5449
              ],
              [
                126.6741,
                33.5449
              ],
              [
                126.6741,
                33.5449
              ],
              [
                126.6742,
                33.545
              ],
              [
                126.6742,
                33.545
              ],
              [
                126.6742,
                33.545
              ],
              [
                126.6743,
                33.545
              ],
              [
                126.6744,
                33.5451
              ],
              [
                126.6743,
                33.5454
              ],
              [
                126.6739,
                33.5461
              ],
              [
                126.6738,
                33.5466
              ],
              [
                126.6744,
                33.5486
              ],
              [
                126.6747,
                33.5492
              ],
              [
                126.6754,
                33.5506
              ],
              [
                126.6754,
                33.5506
              ],
              [
                126.6761,
                33.5514
              ],
              [
                126.6765,
                33.5519
              ],
              [
                126.6766,
                33.5519
              ],
              [
                126.6766,
                33.552
              ],
              [
                126.6766,
                33.552
              ],
              [
                126.6767,
                33.552
              ],
              [
                126.6771,
                33.5522
              ],
              [
                126.6778,
                33.5524
              ],
              [
                126.6779,
                33.5525
              ],
              [
                126.678,
                33.5525
              ],
              [
                126.678,
                33.5525
              ],
              [
                126.678,
                33.5525
              ],
              [
                126.6783,
                33.5525
              ],
              [
                126.6803,
                33.5524
              ],
              [
                126.6803,
                33.5524
              ],
              [
                126.6803,
                33.5524
              ],
              [
                126.6807,
                33.5522
              ],
              [
                126.6809,
                33.5521
              ],
              [
                126.6816,
                33.5508
              ],
              [
                126.6825,
                33.5496
              ],
              [
                126.6826,
                33.5495
              ],
              [
                126.6837,
                33.5484
              ],
              [
                126.6837,
                33.5484
              ],
              [
                126.6837,
                33.5483
              ],
              [
                126.6837,
                33.5483
              ],
              [
                126.6838,
                33.5483
              ],
              [
                126.6838,
                33.5483
              ],
              [
                126.6839,
                33.5483
              ],
              [
                126.6839,
                33.5483
              ],
              [
                126.684,
                33.5482
              ],
              [
                126.684,
                33.5482
              ],
              [
                126.684,
                33.5482
              ],
              [
                126.684,
                33.5482
              ],
              [
                126.684,
                33.5482
              ],
              [
                126.684,
                33.5482
              ],
              [
                126.6891,
                33.5484
              ],
              [
                126.6891,
                33.5484
              ],
              [
                126.6892,
                33.5484
              ],
              [
                126.6892,
                33.5484
              ],
              [
                126.6892,
                33.5484
              ],
              [
                126.6893,
                33.5484
              ],
              [
                126.6894,
                33.5485
              ],
              [
                126.6894,
                33.5485
              ],
              [
                126.6894,
                33.5485
              ],
              [
                126.6895,
                33.5485
              ],
              [
                126.6897,
                33.5485
              ],
              [
                126.6901,
                33.5487
              ],
              [
                126.6902,
                33.5487
              ],
              [
                126.6902,
                33.5487
              ],
              [
                126.6963,
                33.5516
              ],
              [
                126.6978,
                33.5527
              ],
              [
                126.6978,
                33.5527
              ],
              [
                126.6979,
                33.5527
              ],
              [
                126.6993,
                33.553
              ],
              [
                126.7003,
                33.553
              ],
              [
                126.7004,
                33.5529
              ],
              [
                126.7007,
                33.5528
              ],
              [
                126.7008,
                33.5528
              ],
              [
                126.7012,
                33.5528
              ],
              [
                126.7013,
                33.5528
              ],
              [
                126.7013,
                33.5528
              ],
              [
                126.7049,
                33.5531
              ],
              [
                126.705,
                33.5531
              ],
              [
                126.7053,
                33.5532
              ],
              [
                126.7056,
                33.5532
              ],
              [
                126.7057,
                33.5533
              ],
              [
                126.7076,
                33.5541
              ],
              [
                126.7136,
                33.5547
              ],
              [
                126.7139,
                33.5544
              ],
              [
                126.7145,
                33.5537
              ],
              [
                126.7162,
                33.5536
              ],
              [
                126.7162,
                33.5536
              ],
              [
                126.7165,
                33.5536
              ],
              [
                126.7165,
                33.5536
              ],
              [
                126.7165,
                33.5536
              ],
              [
                126.7187,
                33.5558
              ],
              [
                126.7186,
                33.5562
              ],
              [
                126.7192,
                33.5577
              ],
              [
                126.7194,
                33.5579
              ],
              [
                126.7194,
                33.5579
              ],
              [
                126.7194,
                33.558
              ],
              [
                126.7195,
                33.558
              ],
              [
                126.7231,
                33.5578
              ],
              [
                126.7239,
                33.5577
              ],
              [
                126.7239,
                33.5577
              ],
              [
                126.7248,
                33.5578
              ],
              [
                126.7258,
                33.558
              ],
              [
                126.7259,
                33.558
              ],
              [
                126.726,
                33.5581
              ],
              [
                126.7299,
                33.5604
              ],
              [
                126.7299,
                33.5604
              ],
              [
                126.7299,
                33.5604
              ],
              [
                126.7299,
                33.5604
              ],
              [
                126.7299,
                33.5604
              ],
              [
                126.7299,
                33.5604
              ],
              [
                126.7299,
                33.5604
              ],
              [
                126.7299,
                33.5604
              ],
              [
                126.7299,
                33.5607
              ],
              [
                126.7299,
                33.5607
              ],
              [
                126.7299,
                33.5607
              ],
              [
                126.7299,
                33.5607
              ],
              [
                126.7299,
                33.5607
              ],
              [
                126.7299,
                33.5607
              ],
              [
                126.73,
                33.5606
              ],
              [
                126.73,
                33.5606
              ],
              [
                126.731,
                33.5599
              ],
              [
                126.733,
                33.559
              ],
              [
                126.7359,
                33.558
              ],
              [
                126.7371,
                33.5558
              ],
              [
                126.7378,
                33.555
              ],
              [
                126.738,
                33.5548
              ],
              [
                126.7381,
                33.5548
              ],
              [
                126.7381,
                33.5548
              ],
              [
                126.7383,
                33.5547
              ],
              [
                126.7389,
                33.5547
              ],
              [
                126.7389,
                33.5547
              ],
              [
                126.7389,
                33.5547
              ],
              [
                126.7389,
                33.5547
              ],
              [
                126.739,
                33.5547
              ],
              [
                126.739,
                33.5547
              ],
              [
                126.739,
                33.5547
              ],
              [
                126.7391,
                33.5548
              ],
              [
                126.7391,
                33.5548
              ],
              [
                126.7413,
                33.5558
              ],
              [
                126.7413,
                33.5558
              ],
              [
                126.7444,
                33.5559
              ],
              [
                126.7444,
                33.5558
              ],
              [
                126.7444,
                33.5556
              ],
              [
                126.7446,
                33.5555
              ],
              [
                126.7451,
                33.5555
              ],
              [
                126.7453,
                33.5556
              ],
              [
                126.7455,
                33.5557
              ],
              [
                126.7455,
                33.5559
              ],
              [
                126.7455,
                33.5559
              ],
              [
                126.7455,
                33.556
              ],
              [
                126.7453,
                33.5564
              ],
              [
                126.7452,
                33.5567
              ],
              [
                126.7451,
                33.5569
              ],
              [
                126.745,
                33.5572
              ],
              [
                126.7449,
                33.5573
              ],
              [
                126.7448,
                33.5574
              ],
              [
                126.7441,
                33.5578
              ],
              [
                126.7441,
                33.5579
              ],
              [
                126.744,
                33.5579
              ],
              [
                126.7437,
                33.5579
              ],
              [
                126.7435,
                33.5579
              ],
              [
                126.7435,
                33.5579
              ],
              [
                126.7433,
                33.5579
              ],
              [
                126.7427,
                33.5578
              ],
              [
                126.7426,
                33.5577
              ],
              [
                126.7424,
                33.5576
              ],
              [
                126.7424,
                33.5576
              ],
              [
                126.7424,
                33.5576
              ],
              [
                126.7425,
                33.557
              ],
              [
                126.7425,
                33.557
              ],
              [
                126.7424,
                33.557
              ],
              [
                126.7419,
                33.5569
              ],
              [
                126.7419,
                33.5569
              ],
              [
                126.7418,
                33.5569
              ],
              [
                126.7418,
                33.5569
              ],
              [
                126.7417,
                33.557
              ],
              [
                126.7393,
                33.5575
              ],
              [
                126.7394,
                33.558
              ],
              [
                126.7403,
                33.5598
              ],
              [
                126.7418,
                33.5591
              ],
              [
                126.7422,
                33.5584
              ],
              [
                126.7447,
                33.5579
              ],
              [
                126.7451,
                33.5578
              ],
              [
                126.7473,
                33.5577
              ],
              [
                126.7474,
                33.5577
              ],
              [
                126.7474,
                33.5577
              ],
              [
                126.7474,
                33.5577
              ],
              [
                126.7474,
                33.5577
              ],
              [
                126.7475,
                33.5577
              ],
              [
                126.7524,
                33.5587
              ],
              [
                126.7556,
                33.5577
              ],
              [
                126.7555,
                33.5577
              ],
              [
                126.7555,
                33.5574
              ],
              [
                126.7559,
                33.5572
              ],
              [
                126.7572,
                33.557
              ],
              [
                126.7581,
                33.5572
              ],
              [
                126.7615,
                33.5585
              ],
              [
                126.7615,
                33.5586
              ],
              [
                126.7617,
                33.5587
              ],
              [
                126.7619,
                33.5588
              ],
              [
                126.7623,
                33.5597
              ],
              [
                126.7626,
                33.5627
              ],
              [
                126.7622,
                33.5643
              ],
              [
                126.762,
                33.5653
              ],
              [
                126.762,
                33.5654
              ],
              [
                126.762,
                33.5654
              ],
              [
                126.762,
                33.5654
              ],
              [
                126.762,
                33.5654
              ],
              [
                126.7621,
                33.5655
              ],
              [
                126.7621,
                33.5655
              ],
              [
                126.7621,
                33.5655
              ],
              [
                126.7622,
                33.5655
              ],
              [
                126.7622,
                33.5655
              ],
              [
                126.7625,
                33.5656
              ],
              [
                126.7625,
                33.5656
              ],
              [
                126.7654,
                33.566
              ],
              [
                126.7674,
                33.5656
              ],
              [
                126.7686,
                33.5653
              ],
              [
                126.7689,
                33.5651
              ],
              [
                126.7689,
                33.5651
              ],
              [
                126.7689,
                33.5651
              ],
              [
                126.769,
                33.5651
              ],
              [
                126.769,
                33.5651
              ],
              [
                126.769,
                33.565
              ],
              [
                126.769,
                33.565
              ],
              [
                126.7689,
                33.5649
              ],
              [
                126.7688,
                33.5645
              ],
              [
                126.7687,
                33.5644
              ],
              [
                126.7687,
                33.5644
              ],
              [
                126.7687,
                33.5644
              ],
              [
                126.7687,
                33.5644
              ],
              [
                126.7687,
                33.5644
              ],
              [
                126.7686,
                33.5644
              ],
              [
                126.7686,
                33.5644
              ],
              [
                126.7683,
                33.5646
              ],
              [
                126.7681,
                33.5647
              ],
              [
                126.7681,
                33.5647
              ],
              [
                126.7681,
                33.5647
              ],
              [
                126.7678,
                33.5647
              ],
              [
                126.7678,
                33.5647
              ],
              [
                126.7676,
                33.5647
              ],
              [
                126.7676,
                33.5647
              ],
              [
                126.7676,
                33.5647
              ],
              [
                126.7675,
                33.5646
              ],
              [
                126.7675,
                33.5645
              ],
              [
                126.7674,
                33.5645
              ],
              [
                126.7678,
                33.5643
              ],
              [
                126.769,
                33.5642
              ],
              [
                126.7705,
                33.5644
              ],
              [
                126.7717,
                33.5651
              ],
              [
                126.7719,
                33.5657
              ],
              [
                126.7728,
                33.5655
              ],
              [
                126.7729,
                33.5655
              ],
              [
                126.7748,
                33.565
              ],
              [
                126.7755,
                33.5641
              ],
              [
                126.7757,
                33.5632
              ],
              [
                126.7752,
                33.5619
              ],
              [
                126.7749,
                33.5614
              ],
              [
                126.7745,
                33.5612
              ],
              [
                126.7747,
                33.5611
              ],
              [
                126.7754,
                33.5612
              ],
              [
                126.7759,
                33.5613
              ],
              [
                126.7767,
                33.562
              ],
              [
                126.777,
                33.5623
              ],
              [
                126.7788,
                33.5654
              ],
              [
                126.7791,
                33.5661
              ],
              [
                126.7793,
                33.5647
              ],
              [
                126.7812,
                33.5641
              ],
              [
                126.7826,
                33.5647
              ],
              [
                126.7837,
                33.5649
              ],
              [
                126.7841,
                33.5635
              ],
              [
                126.7843,
                33.5626
              ],
              [
                126.7869,
                33.5619
              ],
              [
                126.7895,
                33.5615
              ],
              [
                126.7895,
                33.5615
              ],
              [
                126.7935,
                33.5597
              ],
              [
                126.7953,
                33.5579
              ],
              [
                126.7948,
                33.5577
              ],
              [
                126.7947,
                33.5573
              ],
              [
                126.7947,
                33.5573
              ],
              [
                126.7947,
                33.5572
              ],
              [
                126.7947,
                33.5571
              ],
              [
                126.7947,
                33.5569
              ],
              [
                126.7948,
                33.5568
              ],
              [
                126.7948,
                33.5568
              ],
              [
                126.7963,
                33.5559
              ],
              [
                126.7968,
                33.5556
              ],
              [
                126.7968,
                33.5556
              ],
              [
                126.7976,
                33.5554
              ],
              [
                126.7977,
                33.5554
              ],
              [
                126.7977,
                33.5554
              ],
              [
                126.7981,
                33.5553
              ],
              [
                126.7981,
                33.5553
              ],
              [
                126.7982,
                33.5553
              ],
              [
                126.7982,
                33.5553
              ],
              [
                126.8003,
                33.5556
              ],
              [
                126.8052,
                33.5566
              ],
              [
                126.8088,
                33.5577
              ],
              [
                126.8139,
                33.56
              ],
              [
                126.8139,
                33.56
              ],
              [
                126.814,
                33.5603
              ],
              [
                126.8141,
                33.5603
              ],
              [
                126.8141,
                33.5603
              ],
              [
                126.8141,
                33.5603
              ],
              [
                126.814,
                33.5609
              ],
              [
                126.8139,
                33.5611
              ],
              [
                126.8139,
                33.5611
              ],
              [
                126.8136,
                33.5613
              ],
              [
                126.8136,
                33.5614
              ],
              [
                126.8136,
                33.5614
              ],
              [
                126.8186,
                33.5604
              ],
              [
                126.8232,
                33.5592
              ],
              [
                126.8249,
                33.5587
              ],
              [
                126.8256,
                33.5593
              ],
              [
                126.8276,
                33.5594
              ],
              [
                126.8276,
                33.5594
              ],
              [
                126.8276,
                33.5594
              ],
              [
                126.8276,
                33.5591
              ],
              [
                126.8267,
                33.5566
              ],
              [
                126.8257,
                33.5544
              ],
              [
                126.8269,
                33.5536
              ],
              [
                126.8269,
                33.5536
              ],
              [
                126.8274,
                33.5532
              ],
              [
                126.8285,
                33.5527
              ],
              [
                126.8285,
                33.5527
              ],
              [
                126.8285,
                33.5527
              ],
              [
                126.8286,
                33.5527
              ],
              [
                126.8286,
                33.5527
              ],
              [
                126.8286,
                33.5527
              ],
              [
                126.8286,
                33.5527
              ],
              [
                126.8292,
                33.552
              ],
              [
                126.8294,
                33.5519
              ],
              [
                126.8296,
                33.551
              ],
              [
                126.8296,
                33.551
              ],
              [
                126.8296,
                33.5506
              ],
              [
                126.8291,
                33.5497
              ],
              [
                126.8287,
                33.5491
              ],
              [
                126.8287,
                33.549
              ],
              [
                126.828,
                33.5484
              ],
              [
                126.8277,
                33.5483
              ],
              [
                126.8273,
                33.548
              ],
              [
                126.8273,
                33.548
              ],
              [
                126.8272,
                33.5478
              ],
              [
                126.8272,
                33.5478
              ],
              [
                126.8272,
                33.5478
              ],
              [
                126.8272,
                33.5478
              ],
              [
                126.8272,
                33.5477
              ],
              [
                126.8272,
                33.5477
              ],
              [
                126.8272,
                33.5476
              ],
              [
                126.8286,
                33.5453
              ],
              [
                126.8284,
                33.5446
              ],
              [
                126.8286,
                33.5432
              ],
              [
                126.8286,
                33.5432
              ],
              [
                126.8287,
                33.5432
              ],
              [
                126.8287,
                33.5431
              ],
              [
                126.8287,
                33.5431
              ],
              [
                126.8287,
                33.5431
              ],
              [
                126.8287,
                33.5431
              ],
              [
                126.8287,
                33.5431
              ],
              [
                126.8288,
                33.543
              ],
              [
                126.8288,
                33.543
              ],
              [
                126.8316,
                33.5415
              ],
              [
                126.8345,
                33.5407
              ],
              [
                126.8365,
                33.5394
              ],
              [
                126.8372,
                33.5381
              ],
              [
                126.8407,
                33.5337
              ],
              [
                126.8407,
                33.5337
              ],
              [
                126.8407,
                33.5337
              ],
              [
                126.8408,
                33.5336
              ],
              [
                126.8408,
                33.5336
              ],
              [
                126.8408,
                33.5336
              ],
              [
                126.8409,
                33.5336
              ],
              [
                126.841,
                33.5335
              ],
              [
                126.8411,
                33.5335
              ],
              [
                126.8411,
                33.5335
              ],
              [
                126.842,
                33.5334
              ],
              [
                126.842,
                33.5334
              ],
              [
                126.842,
                33.5334
              ],
              [
                126.842,
                33.5334
              ],
              [
                126.8421,
                33.5334
              ],
              [
                126.8437,
                33.5341
              ],
              [
                126.8493,
                33.5332
              ],
              [
                126.8517,
                33.5322
              ],
              [
                126.8531,
                33.5304
              ],
              [
                126.8549,
                33.5282
              ],
              [
                126.8587,
                33.5255
              ],
              [
                126.8609,
                33.525
              ],
              [
                126.8613,
                33.5249
              ],
              [
                126.8613,
                33.5249
              ],
              [
                126.8623,
                33.5249
              ],
              [
                126.8623,
                33.5249
              ],
              [
                126.864,
                33.5252
              ],
              [
                126.864,
                33.5252
              ],
              [
                126.864,
                33.5252
              ],
              [
                126.8648,
                33.5257
              ],
              [
                126.8661,
                33.5274
              ],
              [
                126.8663,
                33.5276
              ],
              [
                126.8663,
                33.5276
              ],
              [
                126.8663,
                33.5279
              ],
              [
                126.8663,
                33.5279
              ],
              [
                126.8662,
                33.5285
              ],
              [
                126.8662,
                33.5285
              ],
              [
                126.8662,
                33.5285
              ],
              [
                126.8662,
                33.5286
              ],
              [
                126.8661,
                33.5286
              ],
              [
                126.866,
                33.5286
              ],
              [
                126.866,
                33.5286
              ],
              [
                126.866,
                33.5286
              ],
              [
                126.8659,
                33.5286
              ],
              [
                126.8659,
                33.5286
              ],
              [
                126.8659,
                33.5286
              ],
              [
                126.8659,
                33.5286
              ],
              [
                126.8658,
                33.5286
              ],
              [
                126.8658,
                33.5286
              ],
              [
                126.8658,
                33.5286
              ],
              [
                126.8657,
                33.5286
              ],
              [
                126.8657,
                33.5286
              ],
              [
                126.8657,
                33.5286
              ],
              [
                126.8657,
                33.5285
              ],
              [
                126.8657,
                33.5285
              ],
              [
                126.8657,
                33.5285
              ],
              [
                126.8657,
                33.5285
              ],
              [
                126.8657,
                33.5284
              ],
              [
                126.8657,
                33.5284
              ],
              [
                126.8657,
                33.5284
              ],
              [
                126.8657,
                33.5284
              ],
              [
                126.8656,
                33.5284
              ],
              [
                126.8656,
                33.5284
              ],
              [
                126.8656,
                33.5284
              ],
              [
                126.8656,
                33.5284
              ],
              [
                126.8656,
                33.5284
              ],
              [
                126.8654,
                33.5285
              ],
              [
                126.8654,
                33.5285
              ],
              [
                126.8653,
                33.5289
              ],
              [
                126.8654,
                33.529
              ],
              [
                126.8663,
                33.5294
              ],
              [
                126.8714,
                33.5307
              ],
              [
                126.8714,
                33.5307
              ],
              [
                126.8715,
                33.5307
              ],
              [
                126.8721,
                33.5305
              ],
              [
                126.8721,
                33.5305
              ],
              [
                126.8721,
                33.5305
              ],
              [
                126.8722,
                33.5305
              ],
              [
                126.8722,
                33.5305
              ],
              [
                126.8722,
                33.5305
              ],
              [
                126.8723,
                33.5301
              ],
              [
                126.8723,
                33.53
              ],
              [
                126.8813,
                33.5298
              ],
              [
                126.8813,
                33.5298
              ],
              [
                126.8815,
                33.5297
              ],
              [
                126.8815,
                33.5297
              ],
              [
                126.882,
                33.5294
              ],
              [
                126.8821,
                33.5293
              ],
              [
                126.8821,
                33.5293
              ],
              [
                126.8821,
                33.5293
              ],
              [
                126.8824,
                33.5282
              ],
              [
                126.8824,
                33.5272
              ],
              [
                126.8825,
                33.5271
              ],
              [
                126.8827,
                33.527
              ],
              [
                126.8827,
                33.527
              ],
              [
                126.8836,
                33.5268
              ],
              [
                126.8837,
                33.5267
              ],
              [
                126.885,
                33.5272
              ],
              [
                126.8871,
                33.5277
              ],
              [
                126.8888,
                33.5279
              ],
              [
                126.8928,
                33.5269
              ],
              [
                126.8945,
                33.5254
              ],
              [
                126.8945,
                33.5254
              ],
              [
                126.896,
                33.5244
              ],
              [
                126.8963,
                33.5242
              ],
              [
                126.8963,
                33.5242
              ],
              [
                126.9006,
                33.5222
              ],
              [
                126.904,
                33.5214
              ],
              [
                126.9059,
                33.5207
              ],
              [
                126.9057,
                33.5196
              ],
              [
                126.9053,
                33.5197
              ],
              [
                126.9053,
                33.5197
              ],
              [
                126.9043,
                33.5195
              ],
              [
                126.9038,
                33.5194
              ],
              [
                126.9024,
                33.519
              ],
              [
                126.9014,
                33.5184
              ],
              [
                126.9013,
                33.5183
              ],
              [
                126.9013,
                33.5183
              ],
              [
                126.9012,
                33.5182
              ],
              [
                126.9012,
                33.5181
              ],
              [
                126.9011,
                33.5181
              ],
              [
                126.9011,
                33.518
              ],
              [
                126.9008,
                33.5168
              ],
              [
                126.9008,
                33.5168
              ],
              [
                126.9008,
                33.5167
              ],
              [
                126.9008,
                33.5166
              ],
              [
                126.901,
                33.5159
              ],
              [
                126.9011,
                33.5159
              ],
              [
                126.9011,
                33.5158
              ],
              [
                126.9011,
                33.5158
              ],
              [
                126.9011,
                33.5157
              ],
              [
                126.9012,
                33.5157
              ],
              [
                126.9018,
                33.5153
              ]
            ]
          ],
          [
            [
              [
                126.3066,
                33.9025
              ],
              [
                126.3065,
                33.9024
              ],
              [
                126.3065,
                33.9024
              ],
              [
                126.3049,
                33.9029
              ],
              [
                126.3039,
                33.9034
              ],
              [
                126.3037,
                33.9036
              ],
              [
                126.3035,
                33.9037
              ],
              [
                126.3035,
                33.9038
              ],
              [
                126.3035,
                33.904
              ],
              [
                126.3037,
                33.9045
              ],
              [
                126.3038,
                33.9045
              ],
              [
                126.3038,
                33.9046
              ],
              [
                126.3039,
                33.9046
              ],
              [
                126.304,
                33.9046
              ],
              [
                126.304,
                33.9046
              ],
              [
                126.304,
                33.9046
              ],
              [
                126.304,
                33.9046
              ],
              [
                126.3041,
                33.9046
              ],
              [
                126.3042,
                33.9045
              ],
              [
                126.3043,
                33.9045
              ],
              [
                126.3049,
                33.9042
              ],
              [
                126.3051,
                33.9041
              ],
              [
                126.306,
                33.9035
              ],
              [
                126.3068,
                33.9029
              ],
              [
                126.3067,
                33.9027
              ],
              [
                126.3067,
                33.9026
              ],
              [
                126.3067,
                33.9025
              ],
              [
                126.3066,
                33.9025
              ]
            ]
          ],
          [
            [
              [
                126.3444,
                33.9027
              ],
              [
                126.3444,
                33.9027
              ],
              [
                126.3437,
                33.9028
              ],
              [
                126.3437,
                33.9028
              ],
              [
                126.343,
                33.9031
              ],
              [
                126.3429,
                33.9032
              ],
              [
                126.3429,
                33.9032
              ],
              [
                126.3428,
                33.9046
              ],
              [
                126.3428,
                33.9046
              ],
              [
                126.3429,
                33.9058
              ],
              [
                126.3429,
                33.9059
              ],
              [
                126.343,
                33.906
              ],
              [
                126.3433,
                33.9062
              ],
              [
                126.3434,
                33.9063
              ],
              [
                126.3435,
                33.9063
              ],
              [
                126.3437,
                33.9064
              ],
              [
                126.3438,
                33.9064
              ],
              [
                126.3438,
                33.9064
              ],
              [
                126.3439,
                33.9064
              ],
              [
                126.3439,
                33.9064
              ],
              [
                126.344,
                33.9064
              ],
              [
                126.3441,
                33.9064
              ],
              [
                126.3441,
                33.9063
              ],
              [
                126.3443,
                33.9063
              ],
              [
                126.3443,
                33.9062
              ],
              [
                126.3444,
                33.9062
              ],
              [
                126.3445,
                33.9061
              ],
              [
                126.3449,
                33.9057
              ],
              [
                126.345,
                33.9056
              ],
              [
                126.345,
                33.9056
              ],
              [
                126.345,
                33.9055
              ],
              [
                126.345,
                33.9055
              ],
              [
                126.345,
                33.9054
              ],
              [
                126.345,
                33.9054
              ],
              [
                126.3448,
                33.9051
              ],
              [
                126.345,
                33.9037
              ],
              [
                126.3447,
                33.9029
              ],
              [
                126.3446,
                33.9029
              ],
              [
                126.3446,
                33.9028
              ],
              [
                126.3445,
                33.9028
              ],
              [
                126.3444,
                33.9027
              ]
            ]
          ],
          [
            [
              [
                126.3213,
                33.9157
              ],
              [
                126.3258,
                33.915
              ],
              [
                126.3258,
                33.915
              ],
              [
                126.3258,
                33.915
              ],
              [
                126.3259,
                33.915
              ],
              [
                126.3259,
                33.915
              ],
              [
                126.3259,
                33.915
              ],
              [
                126.3259,
                33.915
              ],
              [
                126.3259,
                33.915
              ],
              [
                126.3259,
                33.915
              ],
              [
                126.3259,
                33.915
              ],
              [
                126.3259,
                33.915
              ],
              [
                126.326,
                33.915
              ],
              [
                126.326,
                33.915
              ],
              [
                126.326,
                33.915
              ],
              [
                126.326,
                33.915
              ],
              [
                126.326,
                33.915
              ],
              [
                126.326,
                33.915
              ],
              [
                126.3262,
                33.9149
              ],
              [
                126.3263,
                33.9149
              ],
              [
                126.3263,
                33.9148
              ],
              [
                126.3263,
                33.9148
              ],
              [
                126.3263,
                33.9148
              ],
              [
                126.3263,
                33.9148
              ],
              [
                126.3263,
                33.9148
              ],
              [
                126.3263,
                33.9148
              ],
              [
                126.3263,
                33.9148
              ],
              [
                126.3265,
                33.9144
              ],
              [
                126.327,
                33.9137
              ],
              [
                126.3271,
                33.9134
              ],
              [
                126.3271,
                33.9134
              ],
              [
                126.3271,
                33.9134
              ],
              [
                126.3271,
                33.9134
              ],
              [
                126.3271,
                33.9134
              ],
              [
                126.3271,
                33.9134
              ],
              [
                126.3271,
                33.9134
              ],
              [
                126.3271,
                33.9134
              ],
              [
                126.3268,
                33.912
              ],
              [
                126.3268,
                33.912
              ],
              [
                126.3268,
                33.912
              ],
              [
                126.3267,
                33.912
              ],
              [
                126.3267,
                33.912
              ],
              [
                126.3267,
                33.912
              ],
              [
                126.3267,
                33.9119
              ],
              [
                126.3267,
                33.9119
              ],
              [
                126.3267,
                33.9119
              ],
              [
                126.3267,
                33.9119
              ],
              [
                126.3267,
                33.9119
              ],
              [
                126.3267,
                33.9119
              ],
              [
                126.3267,
                33.9119
              ],
              [
                126.3267,
                33.9119
              ],
              [
                126.3266,
                33.9118
              ],
              [
                126.3266,
                33.9118
              ],
              [
                126.3266,
                33.9118
              ],
              [
                126.3254,
                33.9111
              ],
              [
                126.3253,
                33.9111
              ],
              [
                126.3252,
                33.911
              ],
              [
                126.3251,
                33.911
              ],
              [
                126.3251,
                33.911
              ],
              [
                126.3249,
                33.9107
              ],
              [
                126.3248,
                33.9105
              ],
              [
                126.3249,
                33.9105
              ],
              [
                126.325,
                33.9104
              ],
              [
                126.3254,
                33.9095
              ],
              [
                126.3255,
                33.9095
              ],
              [
                126.3255,
                33.9094
              ],
              [
                126.3255,
                33.9094
              ],
              [
                126.3255,
                33.9094
              ],
              [
                126.3255,
                33.9094
              ],
              [
                126.3255,
                33.9094
              ],
              [
                126.3255,
                33.9094
              ],
              [
                126.3255,
                33.9094
              ],
              [
                126.3255,
                33.9094
              ],
              [
                126.3255,
                33.9093
              ],
              [
                126.3255,
                33.9093
              ],
              [
                126.3255,
                33.9093
              ],
              [
                126.3255,
                33.9093
              ],
              [
                126.3255,
                33.9093
              ],
              [
                126.3255,
                33.9093
              ],
              [
                126.3255,
                33.9093
              ],
              [
                126.3255,
                33.9093
              ],
              [
                126.3255,
                33.9093
              ],
              [
                126.3255,
                33.9092
              ],
              [
                126.3255,
                33.9092
              ],
              [
                126.3255,
                33.9092
              ],
              [
                126.3255,
                33.9092
              ],
              [
                126.3255,
                33.9092
              ],
              [
                126.3255,
                33.9092
              ],
              [
                126.3255,
                33.9092
              ],
              [
                126.3254,
                33.9092
              ],
              [
                126.3254,
                33.9092
              ],
              [
                126.3254,
                33.9092
              ],
              [
                126.3253,
                33.9092
              ],
              [
                126.3251,
                33.9091
              ],
              [
                126.3251,
                33.9091
              ],
              [
                126.325,
                33.9091
              ],
              [
                126.3249,
                33.9091
              ],
              [
                126.3249,
                33.9091
              ],
              [
                126.3249,
                33.9091
              ],
              [
                126.3237,
                33.9091
              ],
              [
                126.3236,
                33.9091
              ],
              [
                126.3236,
                33.9091
              ],
              [
                126.3236,
                33.9091
              ],
              [
                126.3236,
                33.9091
              ],
              [
                126.3236,
                33.9091
              ],
              [
                126.3236,
                33.9091
              ],
              [
                126.3236,
                33.9091
              ],
              [
                126.3236,
                33.9091
              ],
              [
                126.3234,
                33.9092
              ],
              [
                126.3234,
                33.9092
              ],
              [
                126.3234,
                33.9092
              ],
              [
                126.3234,
                33.9092
              ],
              [
                126.3234,
                33.9092
              ],
              [
                126.3234,
                33.9092
              ],
              [
                126.3233,
                33.9094
              ],
              [
                126.3233,
                33.9094
              ],
              [
                126.3233,
                33.9094
              ],
              [
                126.3233,
                33.9094
              ],
              [
                126.3233,
                33.9094
              ],
              [
                126.3233,
                33.9094
              ],
              [
                126.3229,
                33.9107
              ],
              [
                126.3229,
                33.9109
              ],
              [
                126.3233,
                33.9114
              ],
              [
                126.3237,
                33.9118
              ],
              [
                126.323,
                33.9128
              ],
              [
                126.323,
                33.9128
              ],
              [
                126.323,
                33.9128
              ],
              [
                126.323,
                33.9128
              ],
              [
                126.323,
                33.9128
              ],
              [
                126.3228,
                33.9129
              ],
              [
                126.3228,
                33.9129
              ],
              [
                126.3228,
                33.9129
              ],
              [
                126.3227,
                33.9129
              ],
              [
                126.3227,
                33.913
              ],
              [
                126.3227,
                33.913
              ],
              [
                126.3226,
                33.913
              ],
              [
                126.3212,
                33.9144
              ],
              [
                126.3207,
                33.9154
              ],
              [
                126.3207,
                33.9154
              ],
              [
                126.3207,
                33.9154
              ],
              [
                126.3207,
                33.9154
              ],
              [
                126.3207,
                33.9154
              ],
              [
                126.3207,
                33.9155
              ],
              [
                126.3207,
                33.9156
              ],
              [
                126.3207,
                33.9156
              ],
              [
                126.3207,
                33.9156
              ],
              [
                126.3207,
                33.9156
              ],
              [
                126.3207,
                33.9156
              ],
              [
                126.3207,
                33.9156
              ],
              [
                126.3207,
                33.9156
              ],
              [
                126.3208,
                33.9157
              ],
              [
                126.3208,
                33.9157
              ],
              [
                126.3208,
                33.9157
              ],
              [
                126.3209,
                33.9157
              ],
              [
                126.3209,
                33.9157
              ],
              [
                126.3209,
                33.9157
              ],
              [
                126.3211,
                33.9157
              ],
              [
                126.3211,
                33.9157
              ],
              [
                126.3211,
                33.9157
              ],
              [
                126.3211,
                33.9157
              ],
              [
                126.3211,
                33.9157
              ],
              [
                126.3212,
                33.9157
              ],
              [
                126.3212,
                33.9157
              ],
              [
                126.3212,
                33.9157
              ],
              [
                126.3212,
                33.9157
              ],
              [
                126.3212,
                33.9157
              ],
              [
                126.3212,
                33.9157
              ],
              [
                126.3213,
                33.9157
              ],
              [
                126.3213,
                33.9157
              ],
              [
                126.3213,
                33.9157
              ],
              [
                126.3213,
                33.9157
              ],
              [
                126.3213,
                33.9157
              ],
              [
                126.3213,
                33.9157
              ]
            ]
          ],
          [
            [
              [
                126.6373,
                33.9213
              ],
              [
                126.6373,
                33.9213
              ],
              [
                126.6374,
                33.9213
              ],
              [
                126.6383,
                33.9214
              ],
              [
                126.6383,
                33.9214
              ],
              [
                126.6383,
                33.9214
              ],
              [
                126.6383,
                33.9214
              ],
              [
                126.6384,
                33.9214
              ],
              [
                126.6384,
                33.9215
              ],
              [
                126.6384,
                33.9215
              ],
              [
                126.639,
                33.9217
              ],
              [
                126.6396,
                33.9217
              ],
              [
                126.6399,
                33.9217
              ],
              [
                126.6416,
                33.9217
              ],
              [
                126.6417,
                33.9217
              ],
              [
                126.6417,
                33.9217
              ],
              [
                126.6417,
                33.9216
              ],
              [
                126.6418,
                33.9216
              ],
              [
                126.6418,
                33.9216
              ],
              [
                126.6422,
                33.9214
              ],
              [
                126.6423,
                33.9213
              ],
              [
                126.6423,
                33.9213
              ],
              [
                126.6423,
                33.9213
              ],
              [
                126.6424,
                33.9212
              ],
              [
                126.6424,
                33.9212
              ],
              [
                126.6424,
                33.9211
              ],
              [
                126.6424,
                33.9211
              ],
              [
                126.6424,
                33.9203
              ],
              [
                126.6423,
                33.9203
              ],
              [
                126.6423,
                33.9202
              ],
              [
                126.6423,
                33.9202
              ],
              [
                126.6423,
                33.9202
              ],
              [
                126.642,
                33.9199
              ],
              [
                126.642,
                33.9198
              ],
              [
                126.6419,
                33.9198
              ],
              [
                126.6419,
                33.9197
              ],
              [
                126.6417,
                33.9196
              ],
              [
                126.6417,
                33.9196
              ],
              [
                126.6416,
                33.9196
              ],
              [
                126.6416,
                33.9196
              ],
              [
                126.6416,
                33.9195
              ],
              [
                126.6415,
                33.9195
              ],
              [
                126.6415,
                33.9195
              ],
              [
                126.6414,
                33.9195
              ],
              [
                126.6414,
                33.9195
              ],
              [
                126.6413,
                33.9195
              ],
              [
                126.6411,
                33.9194
              ],
              [
                126.6376,
                33.9186
              ],
              [
                126.6362,
                33.9197
              ],
              [
                126.6358,
                33.9202
              ],
              [
                126.6358,
                33.9202
              ],
              [
                126.6356,
                33.9205
              ],
              [
                126.6353,
                33.9211
              ],
              [
                126.6353,
                33.9212
              ],
              [
                126.6352,
                33.9215
              ],
              [
                126.6352,
                33.9215
              ],
              [
                126.6352,
                33.9215
              ],
              [
                126.6353,
                33.9217
              ],
              [
                126.6356,
                33.922
              ],
              [
                126.6357,
                33.922
              ],
              [
                126.6359,
                33.9221
              ],
              [
                126.636,
                33.9221
              ],
              [
                126.636,
                33.9221
              ],
              [
                126.636,
                33.9221
              ],
              [
                126.6361,
                33.9221
              ],
              [
                126.6361,
                33.9221
              ],
              [
                126.6361,
                33.922
              ],
              [
                126.6361,
                33.922
              ],
              [
                126.6366,
                33.9215
              ],
              [
                126.6366,
                33.9215
              ],
              [
                126.6367,
                33.9215
              ],
              [
                126.6368,
                33.9214
              ],
              [
                126.6369,
                33.9214
              ],
              [
                126.6369,
                33.9214
              ],
              [
                126.637,
                33.9214
              ],
              [
                126.637,
                33.9213
              ],
              [
                126.637,
                33.9213
              ],
              [
                126.6371,
                33.9213
              ],
              [
                126.6371,
                33.9213
              ],
              [
                126.6372,
                33.9213
              ],
              [
                126.6373,
                33.9213
              ]
            ]
          ],
          [
            [
              [
                126.3113,
                33.9388
              ],
              [
                126.3112,
                33.9388
              ],
              [
                126.3109,
                33.9388
              ],
              [
                126.3108,
                33.9388
              ],
              [
                126.3108,
                33.9388
              ],
              [
                126.3108,
                33.9388
              ],
              [
                126.3108,
                33.9388
              ],
              [
                126.3107,
                33.9388
              ],
              [
                126.3107,
                33.9388
              ],
              [
                126.3107,
                33.9389
              ],
              [
                126.3099,
                33.9393
              ],
              [
                126.31,
                33.9399
              ],
              [
                126.3101,
                33.9404
              ],
              [
                126.3101,
                33.9404
              ],
              [
                126.3101,
                33.9406
              ],
              [
                126.3102,
                33.9406
              ],
              [
                126.3102,
                33.9406
              ],
              [
                126.3102,
                33.9407
              ],
              [
                126.3102,
                33.9407
              ],
              [
                126.3102,
                33.9407
              ],
              [
                126.3102,
                33.9407
              ],
              [
                126.3103,
                33.9407
              ],
              [
                126.3103,
                33.9407
              ],
              [
                126.3103,
                33.9408
              ],
              [
                126.3103,
                33.9408
              ],
              [
                126.3104,
                33.9408
              ],
              [
                126.3104,
                33.9408
              ],
              [
                126.3105,
                33.9408
              ],
              [
                126.3105,
                33.9408
              ],
              [
                126.3105,
                33.9409
              ],
              [
                126.3107,
                33.9409
              ],
              [
                126.3107,
                33.9409
              ],
              [
                126.3112,
                33.9409
              ],
              [
                126.3112,
                33.9409
              ],
              [
                126.3112,
                33.9409
              ],
              [
                126.3113,
                33.9409
              ],
              [
                126.3113,
                33.9409
              ],
              [
                126.3113,
                33.9409
              ],
              [
                126.3113,
                33.9408
              ],
              [
                126.312,
                33.9408
              ],
              [
                126.3124,
                33.9407
              ],
              [
                126.3124,
                33.9407
              ],
              [
                126.3124,
                33.9407
              ],
              [
                126.3124,
                33.9406
              ],
              [
                126.3125,
                33.9406
              ],
              [
                126.3126,
                33.9405
              ],
              [
                126.3127,
                33.9401
              ],
              [
                126.3128,
                33.9398
              ],
              [
                126.3128,
                33.9398
              ],
              [
                126.3128,
                33.9398
              ],
              [
                126.3128,
                33.9398
              ],
              [
                126.3128,
                33.9397
              ],
              [
                126.3128,
                33.9397
              ],
              [
                126.3128,
                33.9397
              ],
              [
                126.3128,
                33.9397
              ],
              [
                126.3127,
                33.9397
              ],
              [
                126.3127,
                33.9397
              ],
              [
                126.3125,
                33.9395
              ],
              [
                126.3117,
                33.9389
              ],
              [
                126.3117,
                33.9389
              ],
              [
                126.3116,
                33.9389
              ],
              [
                126.3114,
                33.9388
              ],
              [
                126.3113,
                33.9388
              ]
            ]
          ],
          [
            [
              [
                126.3415,
                33.9538
              ],
              [
                126.3404,
                33.9536
              ],
              [
                126.3398,
                33.9537
              ],
              [
                126.3397,
                33.9537
              ],
              [
                126.3386,
                33.9531
              ],
              [
                126.3385,
                33.953
              ],
              [
                126.3384,
                33.9529
              ],
              [
                126.3384,
                33.9529
              ],
              [
                126.3384,
                33.9528
              ],
              [
                126.3383,
                33.9527
              ],
              [
                126.3383,
                33.9527
              ],
              [
                126.3383,
                33.9526
              ],
              [
                126.3383,
                33.9526
              ],
              [
                126.3383,
                33.9526
              ],
              [
                126.3383,
                33.9525
              ],
              [
                126.3383,
                33.9525
              ],
              [
                126.3383,
                33.9524
              ],
              [
                126.3383,
                33.9524
              ],
              [
                126.3384,
                33.9523
              ],
              [
                126.3384,
                33.9523
              ],
              [
                126.339,
                33.9514
              ],
              [
                126.3391,
                33.9513
              ],
              [
                126.3402,
                33.9505
              ],
              [
                126.3403,
                33.9504
              ],
              [
                126.3406,
                33.9504
              ],
              [
                126.3408,
                33.9503
              ],
              [
                126.3418,
                33.95
              ],
              [
                126.3421,
                33.95
              ],
              [
                126.3422,
                33.9499
              ],
              [
                126.3422,
                33.9498
              ],
              [
                126.3426,
                33.9492
              ],
              [
                126.3423,
                33.9474
              ],
              [
                126.3423,
                33.9474
              ],
              [
                126.3423,
                33.9473
              ],
              [
                126.3421,
                33.9467
              ],
              [
                126.342,
                33.9467
              ],
              [
                126.342,
                33.9466
              ],
              [
                126.342,
                33.9466
              ],
              [
                126.342,
                33.9466
              ],
              [
                126.342,
                33.9465
              ],
              [
                126.3419,
                33.9465
              ],
              [
                126.3416,
                33.9463
              ],
              [
                126.3416,
                33.9463
              ],
              [
                126.3411,
                33.9462
              ],
              [
                126.3371,
                33.946
              ],
              [
                126.3328,
                33.9441
              ],
              [
                126.3304,
                33.9445
              ],
              [
                126.3284,
                33.9451
              ],
              [
                126.3273,
                33.9449
              ],
              [
                126.3245,
                33.9409
              ],
              [
                126.3244,
                33.9407
              ],
              [
                126.3243,
                33.9406
              ],
              [
                126.3243,
                33.9405
              ],
              [
                126.3242,
                33.9403
              ],
              [
                126.3242,
                33.94
              ],
              [
                126.3241,
                33.9398
              ],
              [
                126.3241,
                33.9396
              ],
              [
                126.3241,
                33.9389
              ],
              [
                126.3249,
                33.9357
              ],
              [
                126.3249,
                33.9356
              ],
              [
                126.3249,
                33.9356
              ],
              [
                126.325,
                33.9355
              ],
              [
                126.3251,
                33.9353
              ],
              [
                126.3252,
                33.9352
              ],
              [
                126.3253,
                33.9352
              ],
              [
                126.3253,
                33.9351
              ],
              [
                126.3254,
                33.935
              ],
              [
                126.3255,
                33.935
              ],
              [
                126.3256,
                33.935
              ],
              [
                126.3256,
                33.9349
              ],
              [
                126.3257,
                33.9349
              ],
              [
                126.3257,
                33.9349
              ],
              [
                126.3258,
                33.935
              ],
              [
                126.3259,
                33.935
              ],
              [
                126.3259,
                33.935
              ],
              [
                126.326,
                33.935
              ],
              [
                126.3261,
                33.9351
              ],
              [
                126.3263,
                33.9352
              ],
              [
                126.3283,
                33.9352
              ],
              [
                126.3299,
                33.9345
              ],
              [
                126.3305,
                33.9339
              ],
              [
                126.3308,
                33.9332
              ],
              [
                126.3308,
                33.9309
              ],
              [
                126.3308,
                33.9308
              ],
              [
                126.3308,
                33.9308
              ],
              [
                126.3308,
                33.9307
              ],
              [
                126.3307,
                33.9307
              ],
              [
                126.3304,
                33.9305
              ],
              [
                126.3304,
                33.9305
              ],
              [
                126.3303,
                33.9304
              ],
              [
                126.3292,
                33.9301
              ],
              [
                126.329,
                33.9301
              ],
              [
                126.3227,
                33.9299
              ],
              [
                126.3227,
                33.9298
              ],
              [
                126.3226,
                33.9298
              ],
              [
                126.3226,
                33.9299
              ],
              [
                126.3225,
                33.9299
              ],
              [
                126.3225,
                33.9299
              ],
              [
                126.3215,
                33.9301
              ],
              [
                126.3215,
                33.9301
              ],
              [
                126.3214,
                33.9301
              ],
              [
                126.3214,
                33.9301
              ],
              [
                126.3213,
                33.9301
              ],
              [
                126.3211,
                33.9302
              ],
              [
                126.3211,
                33.9303
              ],
              [
                126.3211,
                33.9303
              ],
              [
                126.3207,
                33.9308
              ],
              [
                126.3206,
                33.9309
              ],
              [
                126.3206,
                33.9309
              ],
              [
                126.3201,
                33.9321
              ],
              [
                126.3202,
                33.9323
              ],
              [
                126.3208,
                33.9328
              ],
              [
                126.3202,
                33.934
              ],
              [
                126.32,
                33.9343
              ],
              [
                126.32,
                33.9347
              ],
              [
                126.32,
                33.9347
              ],
              [
                126.32,
                33.935
              ],
              [
                126.3198,
                33.9353
              ],
              [
                126.3195,
                33.9356
              ],
              [
                126.3195,
                33.9357
              ],
              [
                126.3194,
                33.9358
              ],
              [
                126.3188,
                33.936
              ],
              [
                126.3171,
                33.9375
              ],
              [
                126.3171,
                33.9375
              ],
              [
                126.3171,
                33.9375
              ],
              [
                126.3171,
                33.9375
              ],
              [
                126.3171,
                33.9375
              ],
              [
                126.3169,
                33.9383
              ],
              [
                126.3169,
                33.9383
              ],
              [
                126.3169,
                33.9383
              ],
              [
                126.3169,
                33.9383
              ],
              [
                126.3169,
                33.9383
              ],
              [
                126.3169,
                33.9383
              ],
              [
                126.3169,
                33.9383
              ],
              [
                126.3169,
                33.9385
              ],
              [
                126.3169,
                33.9385
              ],
              [
                126.3169,
                33.9385
              ],
              [
                126.317,
                33.9386
              ],
              [
                126.3166,
                33.9395
              ],
              [
                126.3164,
                33.9404
              ],
              [
                126.3166,
                33.941
              ],
              [
                126.3166,
                33.941
              ],
              [
                126.3166,
                33.941
              ],
              [
                126.3166,
                33.941
              ],
              [
                126.3162,
                33.9416
              ],
              [
                126.3162,
                33.9416
              ],
              [
                126.316,
                33.9417
              ],
              [
                126.316,
                33.9417
              ],
              [
                126.3159,
                33.9418
              ],
              [
                126.3159,
                33.9418
              ],
              [
                126.3158,
                33.9418
              ],
              [
                126.3156,
                33.942
              ],
              [
                126.3149,
                33.9422
              ],
              [
                126.3148,
                33.9422
              ],
              [
                126.3146,
                33.9423
              ],
              [
                126.3146,
                33.9423
              ],
              [
                126.3143,
                33.9424
              ],
              [
                126.3142,
                33.9424
              ],
              [
                126.3139,
                33.9426
              ],
              [
                126.3108,
                33.9449
              ],
              [
                126.3107,
                33.945
              ],
              [
                126.3106,
                33.9451
              ],
              [
                126.3105,
                33.9451
              ],
              [
                126.3105,
                33.9452
              ],
              [
                126.3104,
                33.9453
              ],
              [
                126.3104,
                33.9453
              ],
              [
                126.3104,
                33.9455
              ],
              [
                126.3104,
                33.9456
              ],
              [
                126.3104,
                33.9456
              ],
              [
                126.3104,
                33.9456
              ],
              [
                126.3104,
                33.9456
              ],
              [
                126.3105,
                33.9457
              ],
              [
                126.3106,
                33.9457
              ],
              [
                126.3106,
                33.9457
              ],
              [
                126.3107,
                33.9457
              ],
              [
                126.3107,
                33.9457
              ],
              [
                126.3108,
                33.9457
              ],
              [
                126.3108,
                33.9457
              ],
              [
                126.3108,
                33.9457
              ],
              [
                126.3108,
                33.9456
              ],
              [
                126.3108,
                33.9456
              ],
              [
                126.3108,
                33.9455
              ],
              [
                126.3108,
                33.9454
              ],
              [
                126.3108,
                33.9454
              ],
              [
                126.3108,
                33.9454
              ],
              [
                126.3108,
                33.9454
              ],
              [
                126.3108,
                33.9454
              ],
              [
                126.3108,
                33.9453
              ],
              [
                126.3108,
                33.9453
              ],
              [
                126.3108,
                33.9453
              ],
              [
                126.3108,
                33.9452
              ],
              [
                126.3109,
                33.9451
              ],
              [
                126.311,
                33.9451
              ],
              [
                126.3118,
                33.9451
              ],
              [
                126.312,
                33.9452
              ],
              [
                126.3123,
                33.9455
              ],
              [
                126.3123,
                33.9455
              ],
              [
                126.3123,
                33.9455
              ],
              [
                126.3123,
                33.9455
              ],
              [
                126.3123,
                33.9456
              ],
              [
                126.3123,
                33.9456
              ],
              [
                126.3123,
                33.9456
              ],
              [
                126.3123,
                33.9456
              ],
              [
                126.3123,
                33.9456
              ],
              [
                126.3123,
                33.9457
              ],
              [
                126.3123,
                33.9457
              ],
              [
                126.3123,
                33.9458
              ],
              [
                126.3123,
                33.9458
              ],
              [
                126.3123,
                33.9458
              ],
              [
                126.3123,
                33.9458
              ],
              [
                126.3123,
                33.9459
              ],
              [
                126.3123,
                33.9459
              ],
              [
                126.3123,
                33.9459
              ],
              [
                126.3123,
                33.9459
              ],
              [
                126.3123,
                33.9459
              ],
              [
                126.3122,
                33.9459
              ],
              [
                126.3121,
                33.9461
              ],
              [
                126.3121,
                33.9461
              ],
              [
                126.312,
                33.9462
              ],
              [
                126.3109,
                33.9469
              ],
              [
                126.3109,
                33.9469
              ],
              [
                126.3108,
                33.947
              ],
              [
                126.3108,
                33.947
              ],
              [
                126.3106,
                33.947
              ],
              [
                126.3075,
                33.9479
              ],
              [
                126.3063,
                33.9481
              ],
              [
                126.306,
                33.9482
              ],
              [
                126.3055,
                33.9482
              ],
              [
                126.3054,
                33.9482
              ],
              [
                126.3052,
                33.9482
              ],
              [
                126.3051,
                33.9482
              ],
              [
                126.3051,
                33.9482
              ],
              [
                126.3051,
                33.9482
              ],
              [
                126.3051,
                33.9482
              ],
              [
                126.3051,
                33.9482
              ],
              [
                126.3051,
                33.9482
              ],
              [
                126.3051,
                33.9482
              ],
              [
                126.3051,
                33.9482
              ],
              [
                126.3046,
                33.9484
              ],
              [
                126.3046,
                33.9485
              ],
              [
                126.3044,
                33.9486
              ],
              [
                126.3044,
                33.9486
              ],
              [
                126.3043,
                33.9487
              ],
              [
                126.3031,
                33.9499
              ],
              [
                126.3031,
                33.95
              ],
              [
                126.3031,
                33.95
              ],
              [
                126.3031,
                33.9501
              ],
              [
                126.3031,
                33.9501
              ],
              [
                126.3037,
                33.9527
              ],
              [
                126.3038,
                33.9528
              ],
              [
                126.3039,
                33.9531
              ],
              [
                126.304,
                33.9531
              ],
              [
                126.304,
                33.9531
              ],
              [
                126.3044,
                33.9534
              ],
              [
                126.3045,
                33.9534
              ],
              [
                126.3045,
                33.9534
              ],
              [
                126.3045,
                33.9534
              ],
              [
                126.3045,
                33.9534
              ],
              [
                126.3051,
                33.9537
              ],
              [
                126.3057,
                33.9536
              ],
              [
                126.3057,
                33.9536
              ],
              [
                126.3063,
                33.9534
              ],
              [
                126.3063,
                33.9534
              ],
              [
                126.3063,
                33.9534
              ],
              [
                126.3065,
                33.9532
              ],
              [
                126.3066,
                33.9532
              ],
              [
                126.3066,
                33.9532
              ],
              [
                126.3065,
                33.9532
              ],
              [
                126.3066,
                33.9531
              ],
              [
                126.3066,
                33.953
              ],
              [
                126.3066,
                33.953
              ],
              [
                126.3067,
                33.953
              ],
              [
                126.3067,
                33.9529
              ],
              [
                126.3068,
                33.9529
              ],
              [
                126.3068,
                33.9529
              ],
              [
                126.3069,
                33.9528
              ],
              [
                126.307,
                33.9528
              ],
              [
                126.307,
                33.9528
              ],
              [
                126.3095,
                33.9524
              ],
              [
                126.3096,
                33.9524
              ],
              [
                126.3099,
                33.9524
              ],
              [
                126.3107,
                33.9523
              ],
              [
                126.3107,
                33.9523
              ],
              [
                126.3108,
                33.9523
              ],
              [
                126.3108,
                33.9524
              ],
              [
                126.3109,
                33.9524
              ],
              [
                126.311,
                33.9524
              ],
              [
                126.3133,
                33.9537
              ],
              [
                126.3133,
                33.9537
              ],
              [
                126.3133,
                33.9537
              ],
              [
                126.3134,
                33.9539
              ],
              [
                126.3134,
                33.9539
              ],
              [
                126.3134,
                33.9539
              ],
              [
                126.3134,
                33.9539
              ],
              [
                126.3134,
                33.9539
              ],
              [
                126.3134,
                33.9539
              ],
              [
                126.3134,
                33.9541
              ],
              [
                126.3132,
                33.9543
              ],
              [
                126.3132,
                33.9544
              ],
              [
                126.3132,
                33.9544
              ],
              [
                126.3131,
                33.9544
              ],
              [
                126.3131,
                33.9544
              ],
              [
                126.3131,
                33.9544
              ],
              [
                126.313,
                33.9544
              ],
              [
                126.313,
                33.9544
              ],
              [
                126.3129,
                33.9545
              ],
              [
                126.3129,
                33.9545
              ],
              [
                126.3129,
                33.9546
              ],
              [
                126.3134,
                33.9549
              ],
              [
                126.3137,
                33.9549
              ],
              [
                126.3146,
                33.9548
              ],
              [
                126.3161,
                33.9544
              ],
              [
                126.3171,
                33.954
              ],
              [
                126.3187,
                33.9534
              ],
              [
                126.3205,
                33.9527
              ],
              [
                126.3207,
                33.9526
              ],
              [
                126.3207,
                33.9526
              ],
              [
                126.3207,
                33.9526
              ],
              [
                126.3217,
                33.9524
              ],
              [
                126.3253,
                33.9516
              ],
              [
                126.3254,
                33.9516
              ],
              [
                126.3254,
                33.9516
              ],
              [
                126.3258,
                33.9515
              ],
              [
                126.3258,
                33.9515
              ],
              [
                126.3258,
                33.9515
              ],
              [
                126.3259,
                33.9515
              ],
              [
                126.3259,
                33.9515
              ],
              [
                126.326,
                33.9515
              ],
              [
                126.326,
                33.9515
              ],
              [
                126.3261,
                33.9516
              ],
              [
                126.3262,
                33.9516
              ],
              [
                126.3263,
                33.9516
              ],
              [
                126.3263,
                33.9516
              ],
              [
                126.3264,
                33.9516
              ],
              [
                126.3264,
                33.9516
              ],
              [
                126.3266,
                33.9516
              ],
              [
                126.3267,
                33.9517
              ],
              [
                126.3268,
                33.9517
              ],
              [
                126.3268,
                33.9517
              ],
              [
                126.3269,
                33.9517
              ],
              [
                126.3269,
                33.9517
              ],
              [
                126.3272,
                33.9519
              ],
              [
                126.3272,
                33.9519
              ],
              [
                126.3272,
                33.9519
              ],
              [
                126.3273,
                33.9519
              ],
              [
                126.3274,
                33.952
              ],
              [
                126.3306,
                33.9536
              ],
              [
                126.3328,
                33.956
              ],
              [
                126.3359,
                33.9567
              ],
              [
                126.3372,
                33.9569
              ],
              [
                126.338,
                33.9569
              ],
              [
                126.3413,
                33.9557
              ],
              [
                126.342,
                33.9552
              ],
              [
                126.3425,
                33.9545
              ],
              [
                126.3425,
                33.9545
              ],
              [
                126.3415,
                33.9538
              ]
            ]
          ],
          [
            [
              [
                126.3822,
                33.9672
              ],
              [
                126.382,
                33.9671
              ],
              [
                126.3819,
                33.9671
              ],
              [
                126.3815,
                33.9671
              ],
              [
                126.3815,
                33.9671
              ],
              [
                126.3815,
                33.9671
              ],
              [
                126.3815,
                33.9671
              ],
              [
                126.3814,
                33.9671
              ],
              [
                126.3798,
                33.9651
              ],
              [
                126.3784,
                33.9641
              ],
              [
                126.3782,
                33.964
              ],
              [
                126.3781,
                33.9639
              ],
              [
                126.3781,
                33.9639
              ],
              [
                126.3781,
                33.964
              ],
              [
                126.3779,
                33.9641
              ],
              [
                126.3778,
                33.9641
              ],
              [
                126.3778,
                33.9641
              ],
              [
                126.3777,
                33.9642
              ],
              [
                126.3776,
                33.9644
              ],
              [
                126.3776,
                33.9644
              ],
              [
                126.3776,
                33.9657
              ],
              [
                126.3776,
                33.9657
              ],
              [
                126.378,
                33.9664
              ],
              [
                126.3782,
                33.9667
              ],
              [
                126.3782,
                33.9667
              ],
              [
                126.3785,
                33.9669
              ],
              [
                126.3785,
                33.967
              ],
              [
                126.3786,
                33.967
              ],
              [
                126.3786,
                33.967
              ],
              [
                126.3787,
                33.967
              ],
              [
                126.3792,
                33.9673
              ],
              [
                126.3796,
                33.9674
              ],
              [
                126.3796,
                33.9675
              ],
              [
                126.3797,
                33.9676
              ],
              [
                126.3798,
                33.9677
              ],
              [
                126.3805,
                33.9686
              ],
              [
                126.3805,
                33.9686
              ],
              [
                126.3805,
                33.9686
              ],
              [
                126.3805,
                33.9686
              ],
              [
                126.3806,
                33.9686
              ],
              [
                126.3806,
                33.9686
              ],
              [
                126.3806,
                33.9686
              ],
              [
                126.3808,
                33.9686
              ],
              [
                126.3808,
                33.9686
              ],
              [
                126.3808,
                33.9686
              ],
              [
                126.3808,
                33.9685
              ],
              [
                126.3819,
                33.9681
              ],
              [
                126.3823,
                33.968
              ],
              [
                126.3828,
                33.9677
              ],
              [
                126.3829,
                33.9676
              ],
              [
                126.3829,
                33.9676
              ],
              [
                126.3828,
                33.9675
              ],
              [
                126.3827,
                33.9674
              ],
              [
                126.3822,
                33.9672
              ]
            ]
          ],
          [
            [
              [
                126.2819,
                33.971
              ],
              [
                126.2821,
                33.9708
              ],
              [
                126.2827,
                33.9709
              ],
              [
                126.2828,
                33.9709
              ],
              [
                126.2828,
                33.9709
              ],
              [
                126.2829,
                33.9708
              ],
              [
                126.2829,
                33.9708
              ],
              [
                126.283,
                33.9708
              ],
              [
                126.2831,
                33.9708
              ],
              [
                126.2831,
                33.9708
              ],
              [
                126.2835,
                33.9706
              ],
              [
                126.2835,
                33.9705
              ],
              [
                126.284,
                33.9691
              ],
              [
                126.2841,
                33.9679
              ],
              [
                126.2841,
                33.9679
              ],
              [
                126.2841,
                33.9679
              ],
              [
                126.2841,
                33.9678
              ],
              [
                126.2841,
                33.9678
              ],
              [
                126.2841,
                33.9678
              ],
              [
                126.2841,
                33.9678
              ],
              [
                126.2841,
                33.9678
              ],
              [
                126.2841,
                33.9677
              ],
              [
                126.2842,
                33.9677
              ],
              [
                126.2842,
                33.9677
              ],
              [
                126.2842,
                33.9677
              ],
              [
                126.2842,
                33.9677
              ],
              [
                126.2843,
                33.9676
              ],
              [
                126.2845,
                33.9676
              ],
              [
                126.285,
                33.9675
              ],
              [
                126.2924,
                33.966
              ],
              [
                126.2944,
                33.9658
              ],
              [
                126.2944,
                33.9658
              ],
              [
                126.2948,
                33.9657
              ],
              [
                126.2967,
                33.9649
              ],
              [
                126.2994,
                33.9633
              ],
              [
                126.2999,
                33.9628
              ],
              [
                126.3,
                33.9627
              ],
              [
                126.3003,
                33.9622
              ],
              [
                126.3008,
                33.9613
              ],
              [
                126.3008,
                33.9613
              ],
              [
                126.3008,
                33.9613
              ],
              [
                126.3008,
                33.9613
              ],
              [
                126.3008,
                33.9612
              ],
              [
                126.3008,
                33.9612
              ],
              [
                126.3007,
                33.9612
              ],
              [
                126.3007,
                33.9612
              ],
              [
                126.3006,
                33.9611
              ],
              [
                126.3005,
                33.9611
              ],
              [
                126.2977,
                33.962
              ],
              [
                126.2975,
                33.9627
              ],
              [
                126.2973,
                33.9634
              ],
              [
                126.2963,
                33.9637
              ],
              [
                126.2946,
                33.9615
              ],
              [
                126.2964,
                33.9604
              ],
              [
                126.2975,
                33.9602
              ],
              [
                126.2984,
                33.9605
              ],
              [
                126.2986,
                33.9605
              ],
              [
                126.2992,
                33.9603
              ],
              [
                126.3,
                33.9601
              ],
              [
                126.3001,
                33.9601
              ],
              [
                126.3001,
                33.96
              ],
              [
                126.3003,
                33.9599
              ],
              [
                126.3015,
                33.9591
              ],
              [
                126.3019,
                33.9587
              ],
              [
                126.3022,
                33.9583
              ],
              [
                126.3022,
                33.9582
              ],
              [
                126.3022,
                33.9581
              ],
              [
                126.3022,
                33.9581
              ],
              [
                126.3022,
                33.9581
              ],
              [
                126.302,
                33.9578
              ],
              [
                126.3018,
                33.9576
              ],
              [
                126.3015,
                33.9573
              ],
              [
                126.3015,
                33.9573
              ],
              [
                126.3015,
                33.9573
              ],
              [
                126.3015,
                33.9573
              ],
              [
                126.3014,
                33.9574
              ],
              [
                126.3013,
                33.9574
              ],
              [
                126.3013,
                33.9574
              ],
              [
                126.3013,
                33.9574
              ],
              [
                126.3013,
                33.9574
              ],
              [
                126.3008,
                33.9574
              ],
              [
                126.3008,
                33.9574
              ],
              [
                126.3008,
                33.9574
              ],
              [
                126.3008,
                33.9573
              ],
              [
                126.3008,
                33.9573
              ],
              [
                126.3007,
                33.9573
              ],
              [
                126.3007,
                33.9573
              ],
              [
                126.3007,
                33.9573
              ],
              [
                126.3007,
                33.9572
              ],
              [
                126.3006,
                33.9572
              ],
              [
                126.3006,
                33.9572
              ],
              [
                126.3006,
                33.9572
              ],
              [
                126.3006,
                33.9571
              ],
              [
                126.3006,
                33.9571
              ],
              [
                126.3006,
                33.9571
              ],
              [
                126.3006,
                33.9571
              ],
              [
                126.3006,
                33.957
              ],
              [
                126.3005,
                33.957
              ],
              [
                126.3005,
                33.957
              ],
              [
                126.3005,
                33.957
              ],
              [
                126.3005,
                33.9569
              ],
              [
                126.3005,
                33.9569
              ],
              [
                126.3005,
                33.9569
              ],
              [
                126.3005,
                33.9568
              ],
              [
                126.3005,
                33.9568
              ],
              [
                126.3005,
                33.9567
              ],
              [
                126.3005,
                33.9567
              ],
              [
                126.3005,
                33.9567
              ],
              [
                126.3005,
                33.9566
              ],
              [
                126.3005,
                33.9566
              ],
              [
                126.3005,
                33.9566
              ],
              [
                126.3006,
                33.9565
              ],
              [
                126.3006,
                33.9565
              ],
              [
                126.3006,
                33.9565
              ],
              [
                126.3006,
                33.9565
              ],
              [
                126.3006,
                33.9564
              ],
              [
                126.3006,
                33.9564
              ],
              [
                126.3006,
                33.9564
              ],
              [
                126.3006,
                33.9564
              ],
              [
                126.3014,
                33.9555
              ],
              [
                126.3014,
                33.9555
              ],
              [
                126.3026,
                33.9546
              ],
              [
                126.3026,
                33.9546
              ],
              [
                126.3026,
                33.9546
              ],
              [
                126.3027,
                33.9545
              ],
              [
                126.3027,
                33.9545
              ],
              [
                126.3027,
                33.9545
              ],
              [
                126.3027,
                33.9545
              ],
              [
                126.3027,
                33.9545
              ],
              [
                126.3029,
                33.9542
              ],
              [
                126.3029,
                33.9542
              ],
              [
                126.3029,
                33.9542
              ],
              [
                126.3029,
                33.9542
              ],
              [
                126.3029,
                33.9542
              ],
              [
                126.3029,
                33.9542
              ],
              [
                126.3028,
                33.954
              ],
              [
                126.3027,
                33.9539
              ],
              [
                126.3027,
                33.9539
              ],
              [
                126.3026,
                33.9538
              ],
              [
                126.3025,
                33.9537
              ],
              [
                126.3024,
                33.9537
              ],
              [
                126.3023,
                33.9535
              ],
              [
                126.302,
                33.9534
              ],
              [
                126.302,
                33.9534
              ],
              [
                126.3019,
                33.9533
              ],
              [
                126.3019,
                33.9533
              ],
              [
                126.3018,
                33.9531
              ],
              [
                126.3017,
                33.9531
              ],
              [
                126.3017,
                33.9531
              ],
              [
                126.3017,
                33.9531
              ],
              [
                126.3017,
                33.953
              ],
              [
                126.3017,
                33.953
              ],
              [
                126.3018,
                33.9529
              ],
              [
                126.3018,
                33.9528
              ],
              [
                126.3019,
                33.9528
              ],
              [
                126.3019,
                33.9527
              ],
              [
                126.3019,
                33.9527
              ],
              [
                126.3019,
                33.9527
              ],
              [
                126.3019,
                33.9527
              ],
              [
                126.3018,
                33.9525
              ],
              [
                126.3017,
                33.9525
              ],
              [
                126.3017,
                33.9525
              ],
              [
                126.3006,
                33.9519
              ],
              [
                126.3006,
                33.9519
              ],
              [
                126.3006,
                33.9519
              ],
              [
                126.3006,
                33.9519
              ],
              [
                126.3006,
                33.9519
              ],
              [
                126.2992,
                33.9518
              ],
              [
                126.2992,
                33.9518
              ],
              [
                126.2981,
                33.952
              ],
              [
                126.2979,
                33.9521
              ],
              [
                126.2978,
                33.9521
              ],
              [
                126.2972,
                33.9523
              ],
              [
                126.2972,
                33.9524
              ],
              [
                126.2952,
                33.954
              ],
              [
                126.2915,
                33.9559
              ],
              [
                126.2865,
                33.9604
              ],
              [
                126.2855,
                33.9615
              ],
              [
                126.2884,
                33.9622
              ],
              [
                126.2886,
                33.9623
              ],
              [
                126.2891,
                33.9624
              ],
              [
                126.2891,
                33.9624
              ],
              [
                126.2891,
                33.9624
              ],
              [
                126.2891,
                33.9625
              ],
              [
                126.2891,
                33.9625
              ],
              [
                126.2891,
                33.9625
              ],
              [
                126.2891,
                33.9626
              ],
              [
                126.2891,
                33.9626
              ],
              [
                126.2892,
                33.9627
              ],
              [
                126.2892,
                33.9627
              ],
              [
                126.2892,
                33.9627
              ],
              [
                126.2892,
                33.9627
              ],
              [
                126.2892,
                33.9628
              ],
              [
                126.2891,
                33.9629
              ],
              [
                126.2891,
                33.9629
              ],
              [
                126.2891,
                33.9629
              ],
              [
                126.2891,
                33.9629
              ],
              [
                126.2884,
                33.9633
              ],
              [
                126.287,
                33.9639
              ],
              [
                126.286,
                33.9643
              ],
              [
                126.2857,
                33.964
              ],
              [
                126.2854,
                33.9639
              ],
              [
                126.2853,
                33.9639
              ],
              [
                126.2853,
                33.9639
              ],
              [
                126.2852,
                33.9639
              ],
              [
                126.2842,
                33.964
              ],
              [
                126.2842,
                33.964
              ],
              [
                126.2841,
                33.9641
              ],
              [
                126.284,
                33.9641
              ],
              [
                126.2838,
                33.9642
              ],
              [
                126.2838,
                33.9643
              ],
              [
                126.283,
                33.9655
              ],
              [
                126.2813,
                33.9694
              ],
              [
                126.2812,
                33.97
              ],
              [
                126.2812,
                33.97
              ],
              [
                126.2814,
                33.9706
              ],
              [
                126.2814,
                33.9706
              ],
              [
                126.2815,
                33.9708
              ],
              [
                126.2815,
                33.9708
              ],
              [
                126.2816,
                33.9709
              ],
              [
                126.2816,
                33.971
              ],
              [
                126.2818,
                33.971
              ],
              [
                126.2818,
                33.971
              ],
              [
                126.2818,
                33.971
              ],
              [
                126.2819,
                33.971
              ],
              [
                126.2819,
                33.971
              ],
              [
                126.2819,
                33.971
              ]
            ]
          ],
          [
            [
              [
                126.3081,
                33.9732
              ],
              [
                126.3081,
                33.9732
              ],
              [
                126.3081,
                33.9732
              ],
              [
                126.3081,
                33.9732
              ],
              [
                126.308,
                33.9732
              ],
              [
                126.308,
                33.9732
              ],
              [
                126.3065,
                33.9738
              ],
              [
                126.3065,
                33.9738
              ],
              [
                126.3064,
                33.9738
              ],
              [
                126.3059,
                33.9742
              ],
              [
                126.3059,
                33.9742
              ],
              [
                126.3059,
                33.9742
              ],
              [
                126.3059,
                33.9743
              ],
              [
                126.3059,
                33.9743
              ],
              [
                126.3059,
                33.9744
              ],
              [
                126.3059,
                33.9745
              ],
              [
                126.3059,
                33.9745
              ],
              [
                126.3059,
                33.9745
              ],
              [
                126.306,
                33.9748
              ],
              [
                126.306,
                33.9748
              ],
              [
                126.306,
                33.975
              ],
              [
                126.306,
                33.975
              ],
              [
                126.3061,
                33.975
              ],
              [
                126.3063,
                33.9751
              ],
              [
                126.3064,
                33.9751
              ],
              [
                126.3066,
                33.9752
              ],
              [
                126.3067,
                33.9752
              ],
              [
                126.3069,
                33.9751
              ],
              [
                126.3089,
                33.9748
              ],
              [
                126.3089,
                33.9748
              ],
              [
                126.3089,
                33.9748
              ],
              [
                126.3089,
                33.9748
              ],
              [
                126.309,
                33.9748
              ],
              [
                126.309,
                33.9747
              ],
              [
                126.3093,
                33.9745
              ],
              [
                126.3094,
                33.9742
              ],
              [
                126.3094,
                33.9742
              ],
              [
                126.3094,
                33.9742
              ],
              [
                126.3094,
                33.9742
              ],
              [
                126.3088,
                33.9733
              ],
              [
                126.3087,
                33.9732
              ],
              [
                126.3087,
                33.9732
              ],
              [
                126.3087,
                33.9732
              ],
              [
                126.3087,
                33.9732
              ],
              [
                126.3081,
                33.9732
              ]
            ]
          ],
          [
            [
              [
                126.3513,
                33.9829
              ],
              [
                126.3519,
                33.9827
              ],
              [
                126.3523,
                33.9828
              ],
              [
                126.3526,
                33.9829
              ],
              [
                126.3526,
                33.9829
              ],
              [
                126.3526,
                33.9829
              ],
              [
                126.3529,
                33.9829
              ],
              [
                126.3529,
                33.9829
              ],
              [
                126.3529,
                33.9829
              ],
              [
                126.353,
                33.9829
              ],
              [
                126.353,
                33.9829
              ],
              [
                126.353,
                33.9829
              ],
              [
                126.353,
                33.9829
              ],
              [
                126.353,
                33.9829
              ],
              [
                126.353,
                33.9829
              ],
              [
                126.353,
                33.9829
              ],
              [
                126.353,
                33.9829
              ],
              [
                126.353,
                33.9829
              ],
              [
                126.3538,
                33.982
              ],
              [
                126.3532,
                33.9815
              ],
              [
                126.3525,
                33.9811
              ],
              [
                126.3521,
                33.9808
              ],
              [
                126.3513,
                33.9807
              ],
              [
                126.3509,
                33.9807
              ],
              [
                126.3509,
                33.9807
              ],
              [
                126.3509,
                33.9807
              ],
              [
                126.3508,
                33.9807
              ],
              [
                126.3508,
                33.9807
              ],
              [
                126.3508,
                33.9807
              ],
              [
                126.3508,
                33.9807
              ],
              [
                126.3508,
                33.9807
              ],
              [
                126.3508,
                33.9807
              ],
              [
                126.3508,
                33.9807
              ],
              [
                126.3508,
                33.9807
              ],
              [
                126.3508,
                33.9807
              ],
              [
                126.3507,
                33.9807
              ],
              [
                126.3507,
                33.9807
              ],
              [
                126.3507,
                33.9807
              ],
              [
                126.3458,
                33.9816
              ],
              [
                126.3458,
                33.9816
              ],
              [
                126.3458,
                33.9816
              ],
              [
                126.3458,
                33.9816
              ],
              [
                126.3458,
                33.9816
              ],
              [
                126.3458,
                33.9816
              ],
              [
                126.3458,
                33.9817
              ],
              [
                126.3458,
                33.9817
              ],
              [
                126.3458,
                33.9817
              ],
              [
                126.3458,
                33.9817
              ],
              [
                126.3458,
                33.9817
              ],
              [
                126.3455,
                33.9829
              ],
              [
                126.3462,
                33.9846
              ],
              [
                126.3462,
                33.9846
              ],
              [
                126.3462,
                33.9846
              ],
              [
                126.3462,
                33.9846
              ],
              [
                126.3462,
                33.9846
              ],
              [
                126.3462,
                33.9846
              ],
              [
                126.3462,
                33.9847
              ],
              [
                126.3463,
                33.9847
              ],
              [
                126.3463,
                33.9848
              ],
              [
                126.3463,
                33.9848
              ],
              [
                126.3463,
                33.9848
              ],
              [
                126.3463,
                33.9848
              ],
              [
                126.3463,
                33.9848
              ],
              [
                126.3463,
                33.9848
              ],
              [
                126.3466,
                33.985
              ],
              [
                126.3467,
                33.985
              ],
              [
                126.3467,
                33.985
              ],
              [
                126.3467,
                33.985
              ],
              [
                126.3467,
                33.985
              ],
              [
                126.3467,
                33.9851
              ],
              [
                126.3467,
                33.9851
              ],
              [
                126.3467,
                33.9851
              ],
              [
                126.3472,
                33.9851
              ],
              [
                126.3473,
                33.9851
              ],
              [
                126.3473,
                33.9851
              ],
              [
                126.3473,
                33.9851
              ],
              [
                126.3473,
                33.9851
              ],
              [
                126.3473,
                33.9851
              ],
              [
                126.3473,
                33.9851
              ],
              [
                126.3474,
                33.9851
              ],
              [
                126.3474,
                33.9851
              ],
              [
                126.3474,
                33.9851
              ],
              [
                126.3474,
                33.9851
              ],
              [
                126.3476,
                33.9851
              ],
              [
                126.3476,
                33.9851
              ],
              [
                126.3476,
                33.9851
              ],
              [
                126.3476,
                33.9851
              ],
              [
                126.3476,
                33.9851
              ],
              [
                126.3476,
                33.9851
              ],
              [
                126.3476,
                33.9851
              ],
              [
                126.3476,
                33.9851
              ],
              [
                126.3476,
                33.9851
              ],
              [
                126.348,
                33.9848
              ],
              [
                126.3486,
                33.9843
              ],
              [
                126.3495,
                33.9836
              ],
              [
                126.3495,
                33.9836
              ],
              [
                126.3513,
                33.9829
              ],
              [
                126.3513,
                33.9829
              ],
              [
                126.3513,
                33.9829
              ],
              [
                126.3513,
                33.9829
              ]
            ]
          ],
          [
            [
              [
                126.294,
                33.9821
              ],
              [
                126.2939,
                33.982
              ],
              [
                126.2939,
                33.982
              ],
              [
                126.2935,
                33.9821
              ],
              [
                126.2931,
                33.9822
              ],
              [
                126.293,
                33.9822
              ],
              [
                126.293,
                33.9822
              ],
              [
                126.2929,
                33.9824
              ],
              [
                126.2929,
                33.9824
              ],
              [
                126.2929,
                33.9829
              ],
              [
                126.2929,
                33.9829
              ],
              [
                126.2932,
                33.9838
              ],
              [
                126.2932,
                33.9838
              ],
              [
                126.2934,
                33.9843
              ],
              [
                126.2934,
                33.9843
              ],
              [
                126.2934,
                33.9843
              ],
              [
                126.2935,
                33.9844
              ],
              [
                126.2946,
                33.985
              ],
              [
                126.2946,
                33.985
              ],
              [
                126.2947,
                33.985
              ],
              [
                126.2947,
                33.9851
              ],
              [
                126.2947,
                33.9851
              ],
              [
                126.295,
                33.9851
              ],
              [
                126.2952,
                33.9851
              ],
              [
                126.2953,
                33.9851
              ],
              [
                126.2953,
                33.9851
              ],
              [
                126.2954,
                33.9851
              ],
              [
                126.2954,
                33.9851
              ],
              [
                126.2955,
                33.9851
              ],
              [
                126.2956,
                33.985
              ],
              [
                126.2957,
                33.985
              ],
              [
                126.2958,
                33.985
              ],
              [
                126.2958,
                33.9849
              ],
              [
                126.296,
                33.9848
              ],
              [
                126.296,
                33.9848
              ],
              [
                126.296,
                33.9847
              ],
              [
                126.2961,
                33.9847
              ],
              [
                126.2963,
                33.9838
              ],
              [
                126.2963,
                33.9837
              ],
              [
                126.2963,
                33.9836
              ],
              [
                126.2963,
                33.9835
              ],
              [
                126.2963,
                33.9834
              ],
              [
                126.2962,
                33.9834
              ],
              [
                126.2961,
                33.9832
              ],
              [
                126.2957,
                33.9827
              ],
              [
                126.2957,
                33.9827
              ],
              [
                126.2957,
                33.9826
              ],
              [
                126.2956,
                33.9826
              ],
              [
                126.2941,
                33.9821
              ],
              [
                126.294,
                33.9821
              ]
            ]
          ],
          [
            [
              [
                126.3241,
                33.9852
              ],
              [
                126.3232,
                33.9849
              ],
              [
                126.3232,
                33.9849
              ],
              [
                126.323,
                33.9849
              ],
              [
                126.323,
                33.9849
              ],
              [
                126.3205,
                33.986
              ],
              [
                126.3204,
                33.9861
              ],
              [
                126.3204,
                33.9861
              ],
              [
                126.3196,
                33.9867
              ],
              [
                126.3196,
                33.9867
              ],
              [
                126.3172,
                33.989
              ],
              [
                126.3172,
                33.989
              ],
              [
                126.3172,
                33.9891
              ],
              [
                126.3171,
                33.9892
              ],
              [
                126.3171,
                33.9892
              ],
              [
                126.3171,
                33.9892
              ],
              [
                126.3171,
                33.9892
              ],
              [
                126.3172,
                33.9893
              ],
              [
                126.3172,
                33.9892
              ],
              [
                126.3173,
                33.9892
              ],
              [
                126.3173,
                33.9892
              ],
              [
                126.3174,
                33.9892
              ],
              [
                126.3174,
                33.9892
              ],
              [
                126.3175,
                33.9892
              ],
              [
                126.3175,
                33.9892
              ],
              [
                126.3175,
                33.9892
              ],
              [
                126.3176,
                33.9892
              ],
              [
                126.3194,
                33.9892
              ],
              [
                126.3197,
                33.9892
              ],
              [
                126.3204,
                33.9891
              ],
              [
                126.3208,
                33.989
              ],
              [
                126.3216,
                33.9889
              ],
              [
                126.3229,
                33.9885
              ],
              [
                126.3229,
                33.9885
              ],
              [
                126.3235,
                33.9882
              ],
              [
                126.3243,
                33.9869
              ],
              [
                126.3246,
                33.9862
              ],
              [
                126.3246,
                33.9862
              ],
              [
                126.3245,
                33.9857
              ],
              [
                126.3243,
                33.9854
              ],
              [
                126.3242,
                33.9853
              ],
              [
                126.3242,
                33.9852
              ],
              [
                126.3241,
                33.9852
              ],
              [
                126.3241,
                33.9852
              ]
            ]
          ],
          [
            [
              [
                126.2514,
                33.9892
              ],
              [
                126.2513,
                33.9891
              ],
              [
                126.2514,
                33.9891
              ],
              [
                126.2515,
                33.9891
              ],
              [
                126.2515,
                33.9891
              ],
              [
                126.2516,
                33.9891
              ],
              [
                126.252,
                33.989
              ],
              [
                126.252,
                33.9889
              ],
              [
                126.2531,
                33.9874
              ],
              [
                126.2522,
                33.9858
              ],
              [
                126.2522,
                33.9858
              ],
              [
                126.2521,
                33.9857
              ],
              [
                126.2504,
                33.9853
              ],
              [
                126.2462,
                33.9871
              ],
              [
                126.2461,
                33.9871
              ],
              [
                126.246,
                33.9872
              ],
              [
                126.2459,
                33.9873
              ],
              [
                126.2459,
                33.9873
              ],
              [
                126.2459,
                33.9874
              ],
              [
                126.2459,
                33.9874
              ],
              [
                126.246,
                33.9875
              ],
              [
                126.2469,
                33.9885
              ],
              [
                126.2491,
                33.9899
              ],
              [
                126.2497,
                33.9902
              ],
              [
                126.2498,
                33.9902
              ],
              [
                126.25,
                33.9902
              ],
              [
                126.25,
                33.9902
              ],
              [
                126.2501,
                33.9902
              ],
              [
                126.2502,
                33.9902
              ],
              [
                126.2503,
                33.9902
              ],
              [
                126.2504,
                33.9902
              ],
              [
                126.2504,
                33.9902
              ],
              [
                126.2505,
                33.9902
              ],
              [
                126.2505,
                33.9901
              ],
              [
                126.2506,
                33.9901
              ],
              [
                126.2506,
                33.9901
              ],
              [
                126.2511,
                33.9898
              ],
              [
                126.2512,
                33.9897
              ],
              [
                126.2513,
                33.9896
              ],
              [
                126.2513,
                33.9896
              ],
              [
                126.2514,
                33.9893
              ],
              [
                126.2514,
                33.9893
              ],
              [
                126.2514,
                33.9892
              ],
              [
                126.2514,
                33.9892
              ],
              [
                126.2514,
                33.9892
              ]
            ]
          ],
          [
            [
              [
                126.3915,
                33.9956
              ],
              [
                126.3916,
                33.9955
              ],
              [
                126.3918,
                33.9955
              ],
              [
                126.3918,
                33.9955
              ],
              [
                126.3919,
                33.9955
              ],
              [
                126.392,
                33.9955
              ],
              [
                126.3935,
                33.9954
              ],
              [
                126.3936,
                33.9953
              ],
              [
                126.3937,
                33.9953
              ],
              [
                126.3937,
                33.9953
              ],
              [
                126.3937,
                33.9953
              ],
              [
                126.3939,
                33.9944
              ],
              [
                126.3936,
                33.994
              ],
              [
                126.3926,
                33.9937
              ],
              [
                126.3926,
                33.9937
              ],
              [
                126.3926,
                33.9937
              ],
              [
                126.3924,
                33.9937
              ],
              [
                126.3923,
                33.9937
              ],
              [
                126.3923,
                33.9937
              ],
              [
                126.3921,
                33.9938
              ],
              [
                126.392,
                33.9938
              ],
              [
                126.3919,
                33.9939
              ],
              [
                126.3918,
                33.9939
              ],
              [
                126.3913,
                33.9946
              ],
              [
                126.3913,
                33.9953
              ],
              [
                126.3914,
                33.9955
              ],
              [
                126.3914,
                33.9956
              ],
              [
                126.3914,
                33.9956
              ],
              [
                126.3914,
                33.9956
              ],
              [
                126.3914,
                33.9956
              ],
              [
                126.3914,
                33.9956
              ],
              [
                126.3915,
                33.9956
              ]
            ]
          ],
          [
            [
              [
                126.3385,
                34.0112
              ],
              [
                126.3423,
                34.0108
              ],
              [
                126.3429,
                34.0108
              ],
              [
                126.3429,
                34.0108
              ],
              [
                126.343,
                34.0109
              ],
              [
                126.343,
                34.0109
              ],
              [
                126.343,
                34.0109
              ],
              [
                126.343,
                34.0109
              ],
              [
                126.3432,
                34.011
              ],
              [
                126.3447,
                34.0107
              ],
              [
                126.348,
                34.0088
              ],
              [
                126.3494,
                34.008
              ],
              [
                126.3509,
                34.0076
              ],
              [
                126.351,
                34.0076
              ],
              [
                126.3512,
                34.0076
              ],
              [
                126.3515,
                34.0075
              ],
              [
                126.3527,
                34.0068
              ],
              [
                126.3527,
                34.0068
              ],
              [
                126.3528,
                34.0068
              ],
              [
                126.3528,
                34.0067
              ],
              [
                126.353,
                34.0064
              ],
              [
                126.3531,
                34.0062
              ],
              [
                126.3531,
                34.0061
              ],
              [
                126.3531,
                34.006
              ],
              [
                126.353,
                34.0059
              ],
              [
                126.353,
                34.0059
              ],
              [
                126.3522,
                34.0053
              ],
              [
                126.3511,
                34.0048
              ],
              [
                126.3484,
                34.0041
              ],
              [
                126.3469,
                34.0046
              ],
              [
                126.3469,
                34.0047
              ],
              [
                126.3469,
                34.0047
              ],
              [
                126.3469,
                34.0047
              ],
              [
                126.3469,
                34.0047
              ],
              [
                126.3467,
                34.0049
              ],
              [
                126.3459,
                34.0057
              ],
              [
                126.3432,
                34.0075
              ],
              [
                126.343,
                34.0076
              ],
              [
                126.3423,
                34.0079
              ],
              [
                126.3391,
                34.0085
              ],
              [
                126.3366,
                34.0087
              ],
              [
                126.3344,
                34.0087
              ],
              [
                126.3344,
                34.0087
              ],
              [
                126.3343,
                34.0087
              ],
              [
                126.3343,
                34.0087
              ],
              [
                126.3343,
                34.0087
              ],
              [
                126.3342,
                34.0087
              ],
              [
                126.3337,
                34.0089
              ],
              [
                126.3304,
                34.0101
              ],
              [
                126.3304,
                34.0101
              ],
              [
                126.3298,
                34.0105
              ],
              [
                126.3297,
                34.0105
              ],
              [
                126.3297,
                34.0106
              ],
              [
                126.3297,
                34.0108
              ],
              [
                126.3296,
                34.0108
              ],
              [
                126.3297,
                34.0109
              ],
              [
                126.3297,
                34.0109
              ],
              [
                126.3298,
                34.011
              ],
              [
                126.3303,
                34.0114
              ],
              [
                126.3334,
                34.0127
              ],
              [
                126.3334,
                34.0127
              ],
              [
                126.3342,
                34.0128
              ],
              [
                126.3342,
                34.0129
              ],
              [
                126.3343,
                34.0129
              ],
              [
                126.3344,
                34.0129
              ],
              [
                126.3345,
                34.0129
              ],
              [
                126.3347,
                34.0128
              ],
              [
                126.3348,
                34.0128
              ],
              [
                126.3349,
                34.0127
              ],
              [
                126.3355,
                34.0127
              ],
              [
                126.3369,
                34.0123
              ],
              [
                126.3369,
                34.0123
              ],
              [
                126.3369,
                34.0123
              ],
              [
                126.3374,
                34.0121
              ],
              [
                126.3374,
                34.012
              ],
              [
                126.3374,
                34.012
              ],
              [
                126.3374,
                34.012
              ],
              [
                126.3374,
                34.0119
              ],
              [
                126.3385,
                34.0112
              ]
            ]
          ]
        ]
      },
      "properties": {
        "name": "제주시",
        "base_year": "2018",
        "name_eng": "Jeju-si",
        "code": "39010"
      }
    },
    {
      "type": "Feature",
      "geometry": {
        "type": "MultiPolygon",
        "coordinates": [
          [
            [
              [
                126.2679,
                33.1243
              ],
              [
                126.268,
                33.1243
              ],
              [
                126.2681,
                33.1243
              ],
              [
                126.2687,
                33.1242
              ],
              [
                126.2689,
                33.1241
              ],
              [
                126.2695,
                33.1233
              ],
              [
                126.2696,
                33.123
              ],
              [
                126.2697,
                33.1223
              ],
              [
                126.2695,
                33.1216
              ],
              [
                126.2695,
                33.1216
              ],
              [
                126.2695,
                33.1216
              ],
              [
                126.2695,
                33.1216
              ],
              [
                126.2695,
                33.1216
              ],
              [
                126.2695,
                33.1216
              ],
              [
                126.2696,
                33.1199
              ],
              [
                126.2696,
                33.1199
              ],
              [
                126.2696,
                33.1199
              ],
              [
                126.2696,
                33.1199
              ],
              [
                126.2696,
                33.1199
              ],
              [
                126.2697,
                33.1193
              ],
              [
                126.27,
                33.1184
              ],
              [
                126.2702,
                33.118
              ],
              [
                126.2703,
                33.1174
              ],
              [
                126.2704,
                33.1172
              ],
              [
                126.2704,
                33.1166
              ],
              [
                126.2704,
                33.1166
              ],
              [
                126.2704,
                33.1166
              ],
              [
                126.2704,
                33.1165
              ],
              [
                126.2704,
                33.1165
              ],
              [
                126.2703,
                33.1156
              ],
              [
                126.2693,
                33.1132
              ],
              [
                126.2691,
                33.113
              ],
              [
                126.2688,
                33.1125
              ],
              [
                126.2688,
                33.1125
              ],
              [
                126.2688,
                33.1125
              ],
              [
                126.2688,
                33.1125
              ],
              [
                126.2687,
                33.1125
              ],
              [
                126.2687,
                33.1125
              ],
              [
                126.2687,
                33.1125
              ],
              [
                126.2687,
                33.1125
              ],
              [
                126.2687,
                33.1125
              ],
              [
                126.2687,
                33.1125
              ],
              [
                126.2687,
                33.1125
              ],
              [
                126.2687,
                33.1125
              ],
              [
                126.2687,
                33.1125
              ],
              [
                126.2685,
                33.1124
              ],
              [
                126.2685,
                33.1124
              ],
              [
                126.2685,
                33.1124
              ],
              [
                126.2685,
                33.1124
              ],
              [
                126.2685,
                33.1124
              ],
              [
                126.2685,
                33.1124
              ],
              [
                126.2685,
                33.1124
              ],
              [
                126.2685,
                33.1124
              ],
              [
                126.2685,
                33.1124
              ],
              [
                126.2685,
                33.1124
              ],
              [
                126.2679,
                33.1124
              ],
              [
                126.2679,
                33.1124
              ],
              [
                126.2678,
                33.1124
              ],
              [
                126.2678,
                33.1124
              ],
              [
                126.2678,
                33.1124
              ],
              [
                126.2678,
                33.1124
              ],
              [
                126.2678,
                33.1124
              ],
              [
                126.2678,
                33.1124
              ],
              [
                126.2678,
                33.1124
              ],
              [
                126.2678,
                33.1124
              ],
              [
                126.2678,
                33.1124
              ],
              [
                126.2678,
                33.1124
              ],
              [
                126.2678,
                33.1124
              ],
              [
                126.2678,
                33.1124
              ],
              [
                126.2678,
                33.1124
              ],
              [
                126.2678,
                33.1124
              ],
              [
                126.2678,
                33.1124
              ],
              [
                126.2678,
                33.1124
              ],
              [
                126.2676,
                33.1125
              ],
              [
                126.2676,
                33.1125
              ],
              [
                126.2675,
                33.1125
              ],
              [
                126.2675,
                33.1125
              ],
              [
                126.2675,
                33.1125
              ],
              [
                126.267,
                33.1126
              ],
              [
                126.267,
                33.1126
              ],
              [
                126.267,
                33.1126
              ],
              [
                126.267,
                33.1126
              ],
              [
                126.267,
                33.1126
              ],
              [
                126.267,
                33.1126
              ],
              [
                126.267,
                33.1126
              ],
              [
                126.267,
                33.1126
              ],
              [
                126.267,
                33.1126
              ],
              [
                126.267,
                33.1126
              ],
              [
                126.267,
                33.1126
              ],
              [
                126.267,
                33.1126
              ],
              [
                126.267,
                33.1126
              ],
              [
                126.2669,
                33.1126
              ],
              [
                126.2669,
                33.1126
              ],
              [
                126.2669,
                33.1126
              ],
              [
                126.2669,
                33.1126
              ],
              [
                126.2669,
                33.1126
              ],
              [
                126.2669,
                33.1126
              ],
              [
                126.2669,
                33.1126
              ],
              [
                126.2669,
                33.1125
              ],
              [
                126.2669,
                33.1125
              ],
              [
                126.2669,
                33.1125
              ],
              [
                126.2669,
                33.1125
              ],
              [
                126.2669,
                33.1125
              ],
              [
                126.2669,
                33.1125
              ],
              [
                126.2669,
                33.1125
              ],
              [
                126.2669,
                33.1125
              ],
              [
                126.2669,
                33.1125
              ],
              [
                126.2669,
                33.1125
              ],
              [
                126.2668,
                33.1126
              ],
              [
                126.2668,
                33.1126
              ],
              [
                126.2668,
                33.1126
              ],
              [
                126.2668,
                33.1126
              ],
              [
                126.2663,
                33.1129
              ],
              [
                126.2663,
                33.113
              ],
              [
                126.2663,
                33.113
              ],
              [
                126.266,
                33.1135
              ],
              [
                126.2652,
                33.1156
              ],
              [
                126.2648,
                33.1168
              ],
              [
                126.2648,
                33.118
              ],
              [
                126.2648,
                33.118
              ],
              [
                126.2648,
                33.118
              ],
              [
                126.2654,
                33.1193
              ],
              [
                126.266,
                33.12
              ],
              [
                126.2661,
                33.1205
              ],
              [
                126.2661,
                33.1205
              ],
              [
                126.2661,
                33.1205
              ],
              [
                126.2661,
                33.1205
              ],
              [
                126.2661,
                33.1205
              ],
              [
                126.2661,
                33.1205
              ],
              [
                126.2661,
                33.1205
              ],
              [
                126.2662,
                33.1206
              ],
              [
                126.2662,
                33.1206
              ],
              [
                126.2662,
                33.1206
              ],
              [
                126.2662,
                33.1206
              ],
              [
                126.2662,
                33.1206
              ],
              [
                126.2662,
                33.1207
              ],
              [
                126.2662,
                33.1207
              ],
              [
                126.2663,
                33.1209
              ],
              [
                126.2663,
                33.121
              ],
              [
                126.2665,
                33.1218
              ],
              [
                126.2665,
                33.1218
              ],
              [
                126.2665,
                33.1218
              ],
              [
                126.2665,
                33.1218
              ],
              [
                126.2665,
                33.1218
              ],
              [
                126.2664,
                33.1218
              ],
              [
                126.2664,
                33.1218
              ],
              [
                126.2664,
                33.1218
              ],
              [
                126.2664,
                33.1219
              ],
              [
                126.2665,
                33.1221
              ],
              [
                126.2666,
                33.1223
              ],
              [
                126.2667,
                33.1224
              ],
              [
                126.2668,
                33.1224
              ],
              [
                126.2669,
                33.1224
              ],
              [
                126.2669,
                33.1224
              ],
              [
                126.2669,
                33.1224
              ],
              [
                126.267,
                33.1224
              ],
              [
                126.267,
                33.1224
              ],
              [
                126.267,
                33.1224
              ],
              [
                126.267,
                33.1224
              ],
              [
                126.267,
                33.1224
              ],
              [
                126.267,
                33.1224
              ],
              [
                126.267,
                33.1224
              ],
              [
                126.267,
                33.1224
              ],
              [
                126.2672,
                33.1227
              ],
              [
                126.2675,
                33.1232
              ],
              [
                126.2675,
                33.1232
              ],
              [
                126.2675,
                33.1232
              ],
              [
                126.2675,
                33.1232
              ],
              [
                126.2675,
                33.1232
              ],
              [
                126.2675,
                33.1232
              ],
              [
                126.2675,
                33.1232
              ],
              [
                126.2675,
                33.1233
              ],
              [
                126.2675,
                33.1233
              ],
              [
                126.2675,
                33.1233
              ],
              [
                126.2675,
                33.1233
              ],
              [
                126.2675,
                33.1233
              ],
              [
                126.2675,
                33.1233
              ],
              [
                126.2675,
                33.1233
              ],
              [
                126.2675,
                33.1233
              ],
              [
                126.2674,
                33.1236
              ],
              [
                126.2674,
                33.1237
              ],
              [
                126.2674,
                33.1237
              ],
              [
                126.2679,
                33.1239
              ],
              [
                126.2679,
                33.1239
              ],
              [
                126.2679,
                33.1239
              ],
              [
                126.2679,
                33.1239
              ],
              [
                126.2679,
                33.1239
              ],
              [
                126.2679,
                33.1239
              ],
              [
                126.2679,
                33.1239
              ],
              [
                126.2679,
                33.1239
              ],
              [
                126.2679,
                33.1239
              ],
              [
                126.268,
                33.124
              ],
              [
                126.2681,
                33.124
              ],
              [
                126.2681,
                33.124
              ],
              [
                126.2681,
                33.124
              ],
              [
                126.2681,
                33.124
              ],
              [
                126.2681,
                33.124
              ],
              [
                126.2681,
                33.1241
              ],
              [
                126.2681,
                33.1241
              ],
              [
                126.2681,
                33.1241
              ],
              [
                126.2681,
                33.1241
              ],
              [
                126.2681,
                33.1241
              ],
              [
                126.2681,
                33.1241
              ],
              [
                126.2681,
                33.1241
              ],
              [
                126.2681,
                33.1241
              ],
              [
                126.2681,
                33.1241
              ],
              [
                126.268,
                33.1241
              ],
              [
                126.268,
                33.1241
              ],
              [
                126.268,
                33.1241
              ],
              [
                126.268,
                33.1241
              ],
              [
                126.268,
                33.1241
              ],
              [
                126.268,
                33.1241
              ],
              [
                126.268,
                33.1241
              ],
              [
                126.2679,
                33.1241
              ],
              [
                126.2679,
                33.1241
              ],
              [
                126.2679,
                33.1241
              ],
              [
                126.2679,
                33.1241
              ],
              [
                126.2679,
                33.1241
              ],
              [
                126.2679,
                33.1241
              ],
              [
                126.2679,
                33.1241
              ],
              [
                126.2679,
                33.1241
              ],
              [
                126.2679,
                33.1241
              ],
              [
                126.2679,
                33.1241
              ],
              [
                126.2679,
                33.1241
              ],
              [
                126.2679,
                33.1241
              ],
              [
                126.2679,
                33.1242
              ],
              [
                126.2679,
                33.1242
              ],
              [
                126.2679,
                33.1242
              ],
              [
                126.2679,
                33.1242
              ],
              [
                126.2679,
                33.1242
              ],
              [
                126.2679,
                33.1243
              ],
              [
                126.2679,
                33.1243
              ],
              [
                126.2679,
                33.1243
              ],
              [
                126.2679,
                33.1243
              ],
              [
                126.2679,
                33.1243
              ],
              [
                126.2679,
                33.1243
              ],
              [
                126.2679,
                33.1243
              ],
              [
                126.2679,
                33.1243
              ],
              [
                126.2679,
                33.1243
              ],
              [
                126.2679,
                33.1243
              ],
              [
                126.2679,
                33.1243
              ]
            ]
          ],
          [
            [
              [
                126.2706,
                33.176
              ],
              [
                126.2701,
                33.175
              ],
              [
                126.2715,
                33.1755
              ],
              [
                126.2731,
                33.1755
              ],
              [
                126.2733,
                33.1755
              ],
              [
                126.2735,
                33.1755
              ],
              [
                126.2748,
                33.1748
              ],
              [
                126.2786,
                33.1707
              ],
              [
                126.2786,
                33.1706
              ],
              [
                126.2788,
                33.1702
              ],
              [
                126.2793,
                33.1692
              ],
              [
                126.2793,
                33.169
              ],
              [
                126.2794,
                33.1688
              ],
              [
                126.2795,
                33.1687
              ],
              [
                126.2796,
                33.1682
              ],
              [
                126.2798,
                33.1675
              ],
              [
                126.2797,
                33.1673
              ],
              [
                126.2796,
                33.1673
              ],
              [
                126.2795,
                33.1673
              ],
              [
                126.2784,
                33.1672
              ],
              [
                126.2782,
                33.1673
              ],
              [
                126.2777,
                33.1675
              ],
              [
                126.2727,
                33.1655
              ],
              [
                126.2723,
                33.1652
              ],
              [
                126.2721,
                33.165
              ],
              [
                126.2722,
                33.1649
              ],
              [
                126.2729,
                33.1648
              ],
              [
                126.2741,
                33.1645
              ],
              [
                126.2723,
                33.1619
              ],
              [
                126.2722,
                33.1618
              ],
              [
                126.2718,
                33.1616
              ],
              [
                126.2703,
                33.1609
              ],
              [
                126.2702,
                33.1608
              ],
              [
                126.2696,
                33.1608
              ],
              [
                126.2694,
                33.1608
              ],
              [
                126.2692,
                33.1609
              ],
              [
                126.2693,
                33.1609
              ],
              [
                126.2693,
                33.161
              ],
              [
                126.2694,
                33.161
              ],
              [
                126.2696,
                33.1611
              ],
              [
                126.2699,
                33.1613
              ],
              [
                126.27,
                33.1614
              ],
              [
                126.2702,
                33.1616
              ],
              [
                126.2702,
                33.1617
              ],
              [
                126.2702,
                33.1618
              ],
              [
                126.2702,
                33.1619
              ],
              [
                126.2702,
                33.162
              ],
              [
                126.2701,
                33.1624
              ],
              [
                126.27,
                33.1625
              ],
              [
                126.2692,
                33.164
              ],
              [
                126.2678,
                33.1662
              ],
              [
                126.2677,
                33.1664
              ],
              [
                126.2676,
                33.1665
              ],
              [
                126.2674,
                33.1666
              ],
              [
                126.2672,
                33.1667
              ],
              [
                126.267,
                33.1668
              ],
              [
                126.2657,
                33.1671
              ],
              [
                126.265,
                33.1673
              ],
              [
                126.2641,
                33.1674
              ],
              [
                126.2627,
                33.168
              ],
              [
                126.2626,
                33.1681
              ],
              [
                126.2626,
                33.1681
              ],
              [
                126.2624,
                33.1685
              ],
              [
                126.2624,
                33.1686
              ],
              [
                126.2624,
                33.1687
              ],
              [
                126.2625,
                33.1689
              ],
              [
                126.2642,
                33.1711
              ],
              [
                126.2694,
                33.1753
              ],
              [
                126.2706,
                33.176
              ]
            ]
          ],
          [
            [
              [
                126.3143,
                33.2111
              ],
              [
                126.3151,
                33.2105
              ],
              [
                126.3153,
                33.2105
              ],
              [
                126.3153,
                33.2105
              ],
              [
                126.3153,
                33.2105
              ],
              [
                126.3155,
                33.2105
              ],
              [
                126.3155,
                33.2105
              ],
              [
                126.3156,
                33.2105
              ],
              [
                126.3156,
                33.2105
              ],
              [
                126.3158,
                33.2102
              ],
              [
                126.3158,
                33.2102
              ],
              [
                126.3158,
                33.2102
              ],
              [
                126.3157,
                33.2097
              ],
              [
                126.3157,
                33.2096
              ],
              [
                126.3157,
                33.2096
              ],
              [
                126.3157,
                33.2096
              ],
              [
                126.3157,
                33.2095
              ],
              [
                126.3156,
                33.2095
              ],
              [
                126.3156,
                33.2095
              ],
              [
                126.3156,
                33.2095
              ],
              [
                126.3156,
                33.2095
              ],
              [
                126.3141,
                33.2087
              ],
              [
                126.3139,
                33.2088
              ],
              [
                126.3131,
                33.2098
              ],
              [
                126.3131,
                33.2098
              ],
              [
                126.3131,
                33.2098
              ],
              [
                126.3131,
                33.2098
              ],
              [
                126.3131,
                33.2098
              ],
              [
                126.3131,
                33.2099
              ],
              [
                126.3131,
                33.2099
              ],
              [
                126.3131,
                33.2099
              ],
              [
                126.3131,
                33.21
              ],
              [
                126.313,
                33.21
              ],
              [
                126.313,
                33.21
              ],
              [
                126.313,
                33.21
              ],
              [
                126.313,
                33.2101
              ],
              [
                126.313,
                33.2101
              ],
              [
                126.313,
                33.2101
              ],
              [
                126.313,
                33.2114
              ],
              [
                126.313,
                33.2115
              ],
              [
                126.3131,
                33.2115
              ],
              [
                126.3131,
                33.2115
              ],
              [
                126.3131,
                33.2115
              ],
              [
                126.3131,
                33.2115
              ],
              [
                126.3131,
                33.2115
              ],
              [
                126.3132,
                33.2115
              ],
              [
                126.3132,
                33.2115
              ],
              [
                126.3132,
                33.2115
              ],
              [
                126.3132,
                33.2115
              ],
              [
                126.3133,
                33.2115
              ],
              [
                126.3133,
                33.2115
              ],
              [
                126.3133,
                33.2115
              ],
              [
                126.3134,
                33.2115
              ],
              [
                126.3134,
                33.2115
              ],
              [
                126.3138,
                33.2114
              ],
              [
                126.3138,
                33.2114
              ],
              [
                126.3139,
                33.2113
              ],
              [
                126.3139,
                33.2113
              ],
              [
                126.3139,
                33.2113
              ],
              [
                126.3139,
                33.2113
              ],
              [
                126.3143,
                33.2111
              ],
              [
                126.3143,
                33.2111
              ],
              [
                126.3143,
                33.2111
              ],
              [
                126.3143,
                33.2111
              ],
              [
                126.3143,
                33.2111
              ]
            ]
          ],
          [
            [
              [
                126.516,
                33.2204
              ],
              [
                126.5161,
                33.2203
              ],
              [
                126.5163,
                33.2203
              ],
              [
                126.5163,
                33.2203
              ],
              [
                126.5163,
                33.2203
              ],
              [
                126.5164,
                33.2203
              ],
              [
                126.5166,
                33.2202
              ],
              [
                126.5166,
                33.2202
              ],
              [
                126.5183,
                33.219
              ],
              [
                126.5184,
                33.2189
              ],
              [
                126.5188,
                33.2186
              ],
              [
                126.5188,
                33.2185
              ],
              [
                126.5189,
                33.2185
              ],
              [
                126.5189,
                33.2185
              ],
              [
                126.5189,
                33.2184
              ],
              [
                126.5189,
                33.2184
              ],
              [
                126.5189,
                33.2183
              ],
              [
                126.519,
                33.2183
              ],
              [
                126.5191,
                33.2178
              ],
              [
                126.5191,
                33.2172
              ],
              [
                126.5184,
                33.2161
              ],
              [
                126.5184,
                33.2161
              ],
              [
                126.5184,
                33.2161
              ],
              [
                126.5184,
                33.2161
              ],
              [
                126.5168,
                33.2159
              ],
              [
                126.5162,
                33.2159
              ],
              [
                126.5161,
                33.2159
              ],
              [
                126.5157,
                33.216
              ],
              [
                126.5156,
                33.216
              ],
              [
                126.5156,
                33.216
              ],
              [
                126.5148,
                33.2167
              ],
              [
                126.5148,
                33.2167
              ],
              [
                126.5147,
                33.2168
              ],
              [
                126.5147,
                33.2168
              ],
              [
                126.5147,
                33.2169
              ],
              [
                126.5143,
                33.2181
              ],
              [
                126.5143,
                33.2182
              ],
              [
                126.5143,
                33.2184
              ],
              [
                126.5143,
                33.2184
              ],
              [
                126.5143,
                33.2185
              ],
              [
                126.5143,
                33.2185
              ],
              [
                126.5144,
                33.2187
              ],
              [
                126.5144,
                33.2187
              ],
              [
                126.5156,
                33.2203
              ],
              [
                126.5157,
                33.2203
              ],
              [
                126.5157,
                33.2203
              ],
              [
                126.5158,
                33.2204
              ],
              [
                126.5158,
                33.2204
              ],
              [
                126.5159,
                33.2204
              ],
              [
                126.5159,
                33.2204
              ],
              [
                126.516,
                33.2204
              ],
              [
                126.516,
                33.2204
              ],
              [
                126.516,
                33.2204
              ]
            ]
          ],
          [
            [
              [
                126.6562,
                33.2233
              ],
              [
                126.6542,
                33.2227
              ],
              [
                126.6527,
                33.2233
              ],
              [
                126.6522,
                33.2237
              ],
              [
                126.652,
                33.2242
              ],
              [
                126.6521,
                33.2242
              ],
              [
                126.6526,
                33.2262
              ],
              [
                126.6529,
                33.2263
              ],
              [
                126.6562,
                33.2271
              ],
              [
                126.6562,
                33.2271
              ],
              [
                126.6565,
                33.2272
              ],
              [
                126.6566,
                33.2272
              ],
              [
                126.6566,
                33.2272
              ],
              [
                126.6566,
                33.2272
              ],
              [
                126.6567,
                33.2272
              ],
              [
                126.6567,
                33.2272
              ],
              [
                126.6571,
                33.2271
              ],
              [
                126.659,
                33.2261
              ],
              [
                126.659,
                33.2261
              ],
              [
                126.6591,
                33.2259
              ],
              [
                126.6591,
                33.2259
              ],
              [
                126.6591,
                33.2259
              ],
              [
                126.6592,
                33.2256
              ],
              [
                126.6592,
                33.2256
              ],
              [
                126.6592,
                33.2256
              ],
              [
                126.6591,
                33.2253
              ],
              [
                126.6591,
                33.2253
              ],
              [
                126.659,
                33.2253
              ],
              [
                126.6589,
                33.2251
              ],
              [
                126.6589,
                33.2251
              ],
              [
                126.6562,
                33.2233
              ]
            ]
          ],
          [
            [
              [
                126.5674,
                33.2252
              ],
              [
                126.5665,
                33.2252
              ],
              [
                126.5646,
                33.2253
              ],
              [
                126.5645,
                33.2253
              ],
              [
                126.5644,
                33.2253
              ],
              [
                126.5643,
                33.2254
              ],
              [
                126.5643,
                33.2254
              ],
              [
                126.5633,
                33.2261
              ],
              [
                126.5632,
                33.2261
              ],
              [
                126.5632,
                33.2262
              ],
              [
                126.5632,
                33.2262
              ],
              [
                126.5631,
                33.2264
              ],
              [
                126.563,
                33.2267
              ],
              [
                126.563,
                33.2267
              ],
              [
                126.563,
                33.2268
              ],
              [
                126.5631,
                33.2268
              ],
              [
                126.5632,
                33.2273
              ],
              [
                126.5633,
                33.2273
              ],
              [
                126.5633,
                33.2273
              ],
              [
                126.5637,
                33.2276
              ],
              [
                126.5637,
                33.2276
              ],
              [
                126.5639,
                33.2277
              ],
              [
                126.5639,
                33.2277
              ],
              [
                126.565,
                33.2277
              ],
              [
                126.565,
                33.2277
              ],
              [
                126.5652,
                33.2277
              ],
              [
                126.5653,
                33.2277
              ],
              [
                126.5655,
                33.2277
              ],
              [
                126.5666,
                33.2276
              ],
              [
                126.5669,
                33.2276
              ],
              [
                126.5675,
                33.2273
              ],
              [
                126.5682,
                33.227
              ],
              [
                126.5683,
                33.2269
              ],
              [
                126.5684,
                33.2269
              ],
              [
                126.5685,
                33.2268
              ],
              [
                126.5686,
                33.2266
              ],
              [
                126.5686,
                33.2266
              ],
              [
                126.5687,
                33.2265
              ],
              [
                126.5687,
                33.2264
              ],
              [
                126.5687,
                33.2263
              ],
              [
                126.5687,
                33.2263
              ],
              [
                126.5686,
                33.2257
              ],
              [
                126.5684,
                33.2253
              ],
              [
                126.5674,
                33.2252
              ]
            ]
          ],
          [
            [
              [
                126.5999,
                33.2316
              ],
              [
                126.6,
                33.2316
              ],
              [
                126.6001,
                33.2316
              ],
              [
                126.6001,
                33.2317
              ],
              [
                126.6001,
                33.2317
              ],
              [
                126.6001,
                33.2317
              ],
              [
                126.6001,
                33.2317
              ],
              [
                126.6002,
                33.2317
              ],
              [
                126.6002,
                33.2317
              ],
              [
                126.6002,
                33.2317
              ],
              [
                126.6002,
                33.2316
              ],
              [
                126.6002,
                33.2316
              ],
              [
                126.6025,
                33.2299
              ],
              [
                126.6025,
                33.2299
              ],
              [
                126.6026,
                33.2299
              ],
              [
                126.6026,
                33.2299
              ],
              [
                126.6026,
                33.2299
              ],
              [
                126.6026,
                33.2299
              ],
              [
                126.6026,
                33.2298
              ],
              [
                126.6027,
                33.2295
              ],
              [
                126.6027,
                33.2292
              ],
              [
                126.6027,
                33.2292
              ],
              [
                126.6027,
                33.2292
              ],
              [
                126.6027,
                33.2292
              ],
              [
                126.6027,
                33.2292
              ],
              [
                126.6027,
                33.2291
              ],
              [
                126.6026,
                33.2288
              ],
              [
                126.6026,
                33.2288
              ],
              [
                126.6026,
                33.2288
              ],
              [
                126.6026,
                33.2288
              ],
              [
                126.6026,
                33.2288
              ],
              [
                126.6026,
                33.2288
              ],
              [
                126.6026,
                33.2287
              ],
              [
                126.6026,
                33.2287
              ],
              [
                126.6026,
                33.2287
              ],
              [
                126.6026,
                33.2287
              ],
              [
                126.6025,
                33.2287
              ],
              [
                126.6025,
                33.2287
              ],
              [
                126.6025,
                33.2287
              ],
              [
                126.6025,
                33.2287
              ],
              [
                126.6025,
                33.2287
              ],
              [
                126.6025,
                33.2287
              ],
              [
                126.6025,
                33.2286
              ],
              [
                126.6024,
                33.2286
              ],
              [
                126.6024,
                33.2286
              ],
              [
                126.5997,
                33.2281
              ],
              [
                126.5971,
                33.2284
              ],
              [
                126.5965,
                33.2288
              ],
              [
                126.5965,
                33.2288
              ],
              [
                126.5965,
                33.2288
              ],
              [
                126.5964,
                33.2288
              ],
              [
                126.5962,
                33.2302
              ],
              [
                126.5962,
                33.2302
              ],
              [
                126.5963,
                33.2306
              ],
              [
                126.5963,
                33.2307
              ],
              [
                126.5963,
                33.2307
              ],
              [
                126.5964,
                33.2309
              ],
              [
                126.5964,
                33.2309
              ],
              [
                126.5964,
                33.2309
              ],
              [
                126.5966,
                33.2312
              ],
              [
                126.5966,
                33.2312
              ],
              [
                126.5966,
                33.2312
              ],
              [
                126.5966,
                33.2312
              ],
              [
                126.5968,
                33.2313
              ],
              [
                126.5968,
                33.2313
              ],
              [
                126.5979,
                33.232
              ],
              [
                126.5979,
                33.232
              ],
              [
                126.5979,
                33.232
              ],
              [
                126.5979,
                33.232
              ],
              [
                126.598,
                33.2321
              ],
              [
                126.5982,
                33.2321
              ],
              [
                126.5983,
                33.2321
              ],
              [
                126.5983,
                33.2321
              ],
              [
                126.5983,
                33.2321
              ],
              [
                126.5983,
                33.2321
              ],
              [
                126.5983,
                33.2322
              ],
              [
                126.5983,
                33.2322
              ],
              [
                126.5984,
                33.2322
              ],
              [
                126.5984,
                33.2322
              ],
              [
                126.5984,
                33.2322
              ],
              [
                126.5984,
                33.2322
              ],
              [
                126.5985,
                33.2322
              ],
              [
                126.5985,
                33.2322
              ],
              [
                126.5985,
                33.2322
              ],
              [
                126.5985,
                33.2322
              ],
              [
                126.5986,
                33.2322
              ],
              [
                126.5986,
                33.2322
              ],
              [
                126.5986,
                33.2322
              ],
              [
                126.5986,
                33.2322
              ],
              [
                126.5987,
                33.2322
              ],
              [
                126.5987,
                33.2322
              ],
              [
                126.5987,
                33.2321
              ],
              [
                126.5988,
                33.2321
              ],
              [
                126.5988,
                33.2321
              ],
              [
                126.5988,
                33.2321
              ],
              [
                126.5989,
                33.2321
              ],
              [
                126.5989,
                33.2321
              ],
              [
                126.5989,
                33.2321
              ],
              [
                126.5989,
                33.2321
              ],
              [
                126.599,
                33.2321
              ],
              [
                126.599,
                33.2321
              ],
              [
                126.599,
                33.2321
              ],
              [
                126.5998,
                33.2318
              ],
              [
                126.5999,
                33.2318
              ],
              [
                126.5999,
                33.2317
              ],
              [
                126.5999,
                33.2317
              ],
              [
                126.5999,
                33.2317
              ],
              [
                126.5999,
                33.2317
              ],
              [
                126.5999,
                33.2317
              ],
              [
                126.5999,
                33.2317
              ],
              [
                126.5999,
                33.2317
              ],
              [
                126.5999,
                33.2316
              ]
            ]
          ],
          [
            [
              [
                126.9116,
                33.4794
              ],
              [
                126.9116,
                33.4794
              ],
              [
                126.9118,
                33.4794
              ],
              [
                126.9116,
                33.4794
              ]
            ]
          ],
          [
            [
              [
                126.9118,
                33.4794
              ],
              [
                126.9136,
                33.4796
              ],
              [
                126.9136,
                33.4796
              ],
              [
                126.9137,
                33.4796
              ],
              [
                126.914,
                33.4795
              ],
              [
                126.9141,
                33.4794
              ],
              [
                126.9141,
                33.4794
              ],
              [
                126.9142,
                33.4794
              ],
              [
                126.9142,
                33.4794
              ],
              [
                126.9142,
                33.4793
              ],
              [
                126.9142,
                33.4793
              ],
              [
                126.9142,
                33.4793
              ],
              [
                126.9142,
                33.4791
              ],
              [
                126.9142,
                33.4791
              ],
              [
                126.9139,
                33.4782
              ],
              [
                126.9139,
                33.4781
              ],
              [
                126.9131,
                33.4779
              ],
              [
                126.9131,
                33.4779
              ],
              [
                126.913,
                33.4779
              ],
              [
                126.913,
                33.4779
              ],
              [
                126.9128,
                33.4779
              ],
              [
                126.9127,
                33.478
              ],
              [
                126.9127,
                33.478
              ],
              [
                126.9126,
                33.478
              ],
              [
                126.9126,
                33.4781
              ],
              [
                126.9126,
                33.4781
              ],
              [
                126.9127,
                33.4781
              ],
              [
                126.9129,
                33.4783
              ],
              [
                126.913,
                33.4783
              ],
              [
                126.913,
                33.4783
              ],
              [
                126.913,
                33.4783
              ],
              [
                126.9134,
                33.4786
              ],
              [
                126.9139,
                33.4792
              ],
              [
                126.9139,
                33.4792
              ],
              [
                126.9139,
                33.4792
              ],
              [
                126.9139,
                33.4793
              ],
              [
                126.9139,
                33.4793
              ],
              [
                126.9139,
                33.4793
              ],
              [
                126.9139,
                33.4793
              ],
              [
                126.9138,
                33.4794
              ],
              [
                126.9137,
                33.4794
              ],
              [
                126.9136,
                33.4794
              ],
              [
                126.9135,
                33.4794
              ],
              [
                126.9118,
                33.4794
              ],
              [
                126.9118,
                33.4794
              ]
            ]
          ],
          [
            [
              [
                126.9116,
                33.4794
              ],
              [
                126.9099,
                33.479
              ],
              [
                126.9099,
                33.479
              ],
              [
                126.9099,
                33.4789
              ],
              [
                126.9101,
                33.4778
              ],
              [
                126.9101,
                33.4777
              ],
              [
                126.9101,
                33.4777
              ],
              [
                126.9104,
                33.4766
              ],
              [
                126.9105,
                33.4764
              ],
              [
                126.9116,
                33.474
              ],
              [
                126.9116,
                33.4739
              ],
              [
                126.9116,
                33.4739
              ],
              [
                126.9121,
                33.4733
              ],
              [
                126.9122,
                33.4732
              ],
              [
                126.9124,
                33.4731
              ],
              [
                126.9126,
                33.4729
              ],
              [
                126.9128,
                33.4728
              ],
              [
                126.9131,
                33.4727
              ],
              [
                126.9204,
                33.4694
              ],
              [
                126.9204,
                33.4694
              ],
              [
                126.9206,
                33.4694
              ],
              [
                126.9206,
                33.4694
              ],
              [
                126.9208,
                33.4694
              ],
              [
                126.9209,
                33.4695
              ],
              [
                126.921,
                33.4695
              ],
              [
                126.9227,
                33.4706
              ],
              [
                126.9231,
                33.4708
              ],
              [
                126.9248,
                33.472
              ],
              [
                126.925,
                33.4708
              ],
              [
                126.9249,
                33.4689
              ],
              [
                126.9238,
                33.4683
              ],
              [
                126.9238,
                33.4683
              ],
              [
                126.9237,
                33.4683
              ],
              [
                126.9237,
                33.4683
              ],
              [
                126.9237,
                33.4682
              ],
              [
                126.9236,
                33.4682
              ],
              [
                126.9236,
                33.4682
              ],
              [
                126.9235,
                33.4682
              ],
              [
                126.9235,
                33.4682
              ],
              [
                126.9235,
                33.4682
              ],
              [
                126.9235,
                33.4682
              ],
              [
                126.9235,
                33.4681
              ],
              [
                126.9235,
                33.4681
              ],
              [
                126.9235,
                33.4681
              ],
              [
                126.9217,
                33.4657
              ],
              [
                126.9217,
                33.4657
              ],
              [
                126.9217,
                33.4657
              ],
              [
                126.9217,
                33.4657
              ],
              [
                126.9208,
                33.4647
              ],
              [
                126.9208,
                33.4647
              ],
              [
                126.9208,
                33.4647
              ],
              [
                126.9208,
                33.4647
              ],
              [
                126.9208,
                33.4647
              ],
              [
                126.9208,
                33.4647
              ],
              [
                126.9208,
                33.4646
              ],
              [
                126.9209,
                33.4644
              ],
              [
                126.9209,
                33.4643
              ],
              [
                126.9209,
                33.4643
              ],
              [
                126.9209,
                33.4643
              ],
              [
                126.9209,
                33.4643
              ],
              [
                126.9209,
                33.4643
              ],
              [
                126.9209,
                33.4643
              ],
              [
                126.9212,
                33.4642
              ],
              [
                126.9212,
                33.4642
              ],
              [
                126.9212,
                33.4642
              ],
              [
                126.9212,
                33.4642
              ],
              [
                126.9213,
                33.4642
              ],
              [
                126.9213,
                33.4642
              ],
              [
                126.9213,
                33.4642
              ],
              [
                126.9213,
                33.4642
              ],
              [
                126.9213,
                33.4642
              ],
              [
                126.9213,
                33.4643
              ],
              [
                126.9213,
                33.4643
              ],
              [
                126.9213,
                33.4643
              ],
              [
                126.9213,
                33.4643
              ],
              [
                126.9213,
                33.4643
              ],
              [
                126.9213,
                33.4643
              ],
              [
                126.9214,
                33.4643
              ],
              [
                126.9214,
                33.4644
              ],
              [
                126.9214,
                33.4644
              ],
              [
                126.9214,
                33.4644
              ],
              [
                126.9214,
                33.4644
              ],
              [
                126.9216,
                33.4645
              ],
              [
                126.9217,
                33.4645
              ],
              [
                126.9217,
                33.4645
              ],
              [
                126.9217,
                33.4645
              ],
              [
                126.9217,
                33.4645
              ],
              [
                126.9217,
                33.4645
              ],
              [
                126.9218,
                33.4645
              ],
              [
                126.9218,
                33.4645
              ],
              [
                126.9218,
                33.4645
              ],
              [
                126.9218,
                33.4645
              ],
              [
                126.9221,
                33.4645
              ],
              [
                126.9221,
                33.4645
              ],
              [
                126.9221,
                33.4644
              ],
              [
                126.9222,
                33.4644
              ],
              [
                126.9222,
                33.4644
              ],
              [
                126.9222,
                33.4644
              ],
              [
                126.9222,
                33.4644
              ],
              [
                126.9222,
                33.4644
              ],
              [
                126.9223,
                33.4643
              ],
              [
                126.9225,
                33.4638
              ],
              [
                126.9226,
                33.4632
              ],
              [
                126.9221,
                33.4625
              ],
              [
                126.9218,
                33.4611
              ],
              [
                126.9215,
                33.4595
              ],
              [
                126.9226,
                33.4571
              ],
              [
                126.9227,
                33.4567
              ],
              [
                126.9228,
                33.4563
              ],
              [
                126.9233,
                33.4555
              ],
              [
                126.9233,
                33.4555
              ],
              [
                126.9233,
                33.4555
              ],
              [
                126.9233,
                33.4555
              ],
              [
                126.9237,
                33.4555
              ],
              [
                126.9237,
                33.4555
              ],
              [
                126.9238,
                33.4555
              ],
              [
                126.9239,
                33.4555
              ],
              [
                126.9239,
                33.4556
              ],
              [
                126.9239,
                33.4556
              ],
              [
                126.9247,
                33.4559
              ],
              [
                126.9276,
                33.4574
              ],
              [
                126.9277,
                33.4574
              ],
              [
                126.9279,
                33.4576
              ],
              [
                126.9279,
                33.4576
              ],
              [
                126.9281,
                33.4577
              ],
              [
                126.9281,
                33.4578
              ],
              [
                126.9282,
                33.4578
              ],
              [
                126.9285,
                33.4581
              ],
              [
                126.9285,
                33.4581
              ],
              [
                126.9287,
                33.4583
              ],
              [
                126.9287,
                33.4584
              ],
              [
                126.9317,
                33.4639
              ],
              [
                126.9317,
                33.464
              ],
              [
                126.9317,
                33.464
              ],
              [
                126.9318,
                33.4645
              ],
              [
                126.9319,
                33.4645
              ],
              [
                126.9319,
                33.4645
              ],
              [
                126.9319,
                33.4646
              ],
              [
                126.9319,
                33.4646
              ],
              [
                126.9316,
                33.4652
              ],
              [
                126.9314,
                33.4655
              ],
              [
                126.931,
                33.4658
              ],
              [
                126.9305,
                33.4662
              ],
              [
                126.9303,
                33.4662
              ],
              [
                126.9303,
                33.4663
              ],
              [
                126.9302,
                33.4663
              ],
              [
                126.93,
                33.4663
              ],
              [
                126.9299,
                33.4664
              ],
              [
                126.9298,
                33.4664
              ],
              [
                126.9294,
                33.4665
              ],
              [
                126.9293,
                33.4665
              ],
              [
                126.9293,
                33.4665
              ],
              [
                126.9291,
                33.4665
              ],
              [
                126.929,
                33.4665
              ],
              [
                126.929,
                33.4665
              ],
              [
                126.929,
                33.4665
              ],
              [
                126.9279,
                33.4673
              ],
              [
                126.9286,
                33.4699
              ],
              [
                126.9294,
                33.4714
              ],
              [
                126.9297,
                33.472
              ],
              [
                126.929,
                33.4725
              ],
              [
                126.9286,
                33.4729
              ],
              [
                126.9289,
                33.4735
              ],
              [
                126.9295,
                33.4735
              ],
              [
                126.9323,
                33.4736
              ],
              [
                126.9352,
                33.4736
              ],
              [
                126.9355,
                33.4781
              ],
              [
                126.9355,
                33.4781
              ],
              [
                126.9355,
                33.4781
              ],
              [
                126.9355,
                33.4781
              ],
              [
                126.9354,
                33.4781
              ],
              [
                126.9354,
                33.4781
              ],
              [
                126.9354,
                33.4781
              ],
              [
                126.9354,
                33.4781
              ],
              [
                126.9354,
                33.4781
              ],
              [
                126.9354,
                33.4782
              ],
              [
                126.9354,
                33.4782
              ],
              [
                126.9354,
                33.4782
              ],
              [
                126.9354,
                33.4783
              ],
              [
                126.9354,
                33.4783
              ],
              [
                126.9354,
                33.4783
              ],
              [
                126.9354,
                33.4784
              ],
              [
                126.9354,
                33.4784
              ],
              [
                126.9354,
                33.4784
              ],
              [
                126.9354,
                33.4784
              ],
              [
                126.9354,
                33.4784
              ],
              [
                126.9354,
                33.4784
              ],
              [
                126.9355,
                33.4784
              ],
              [
                126.9355,
                33.4784
              ],
              [
                126.9355,
                33.4784
              ],
              [
                126.9355,
                33.4785
              ],
              [
                126.9355,
                33.4785
              ],
              [
                126.9355,
                33.4785
              ],
              [
                126.9355,
                33.4785
              ],
              [
                126.9356,
                33.4785
              ],
              [
                126.9356,
                33.4785
              ],
              [
                126.9357,
                33.4785
              ],
              [
                126.9357,
                33.4785
              ],
              [
                126.9359,
                33.4785
              ],
              [
                126.9359,
                33.4785
              ],
              [
                126.9359,
                33.4785
              ],
              [
                126.9359,
                33.4785
              ],
              [
                126.9359,
                33.4785
              ],
              [
                126.936,
                33.4785
              ],
              [
                126.936,
                33.4785
              ],
              [
                126.936,
                33.4784
              ],
              [
                126.936,
                33.4784
              ],
              [
                126.936,
                33.4784
              ],
              [
                126.936,
                33.4784
              ],
              [
                126.936,
                33.4784
              ],
              [
                126.936,
                33.4784
              ],
              [
                126.936,
                33.4784
              ],
              [
                126.936,
                33.4784
              ],
              [
                126.936,
                33.4783
              ],
              [
                126.936,
                33.4783
              ],
              [
                126.936,
                33.4783
              ],
              [
                126.9361,
                33.4761
              ],
              [
                126.9362,
                33.475
              ],
              [
                126.9361,
                33.4739
              ],
              [
                126.9361,
                33.4738
              ],
              [
                126.9361,
                33.4738
              ],
              [
                126.9361,
                33.4738
              ],
              [
                126.9361,
                33.4737
              ],
              [
                126.9361,
                33.4737
              ],
              [
                126.9361,
                33.4737
              ],
              [
                126.9361,
                33.4736
              ],
              [
                126.9359,
                33.4731
              ],
              [
                126.9359,
                33.4729
              ],
              [
                126.9358,
                33.4729
              ],
              [
                126.9356,
                33.4724
              ],
              [
                126.9358,
                33.4694
              ],
              [
                126.9365,
                33.4644
              ],
              [
                126.9365,
                33.4644
              ],
              [
                126.9365,
                33.4644
              ],
              [
                126.9365,
                33.4644
              ],
              [
                126.9365,
                33.4642
              ],
              [
                126.9365,
                33.4642
              ],
              [
                126.9365,
                33.4642
              ],
              [
                126.9366,
                33.4642
              ],
              [
                126.9366,
                33.4642
              ],
              [
                126.9366,
                33.4641
              ],
              [
                126.9366,
                33.4641
              ],
              [
                126.9366,
                33.4641
              ],
              [
                126.9366,
                33.4641
              ],
              [
                126.9366,
                33.4641
              ],
              [
                126.9368,
                33.464
              ],
              [
                126.9369,
                33.464
              ],
              [
                126.9369,
                33.464
              ],
              [
                126.937,
                33.4639
              ],
              [
                126.937,
                33.4639
              ],
              [
                126.937,
                33.4639
              ],
              [
                126.937,
                33.4639
              ],
              [
                126.937,
                33.4639
              ],
              [
                126.937,
                33.4639
              ],
              [
                126.9371,
                33.4639
              ],
              [
                126.9371,
                33.4639
              ],
              [
                126.9371,
                33.4639
              ],
              [
                126.9371,
                33.4639
              ],
              [
                126.9371,
                33.4639
              ],
              [
                126.9372,
                33.4639
              ],
              [
                126.9372,
                33.4639
              ],
              [
                126.9372,
                33.4639
              ],
              [
                126.9373,
                33.4639
              ],
              [
                126.9373,
                33.464
              ],
              [
                126.9373,
                33.464
              ],
              [
                126.9373,
                33.464
              ],
              [
                126.9373,
                33.464
              ],
              [
                126.9374,
                33.4641
              ],
              [
                126.9389,
                33.4626
              ],
              [
                126.9389,
                33.4626
              ],
              [
                126.9389,
                33.4626
              ],
              [
                126.9389,
                33.4625
              ],
              [
                126.9391,
                33.4621
              ],
              [
                126.9391,
                33.4621
              ],
              [
                126.9391,
                33.4621
              ],
              [
                126.9391,
                33.462
              ],
              [
                126.9391,
                33.462
              ],
              [
                126.9391,
                33.462
              ],
              [
                126.9391,
                33.462
              ],
              [
                126.9392,
                33.4619
              ],
              [
                126.9392,
                33.4619
              ],
              [
                126.9392,
                33.4618
              ],
              [
                126.9392,
                33.4618
              ],
              [
                126.9392,
                33.4618
              ],
              [
                126.9394,
                33.4617
              ],
              [
                126.9394,
                33.4617
              ],
              [
                126.9394,
                33.4617
              ],
              [
                126.9394,
                33.4617
              ],
              [
                126.9394,
                33.4616
              ],
              [
                126.9395,
                33.4616
              ],
              [
                126.9395,
                33.4616
              ],
              [
                126.9395,
                33.4616
              ],
              [
                126.9411,
                33.4613
              ],
              [
                126.9411,
                33.4613
              ],
              [
                126.9411,
                33.4613
              ],
              [
                126.9421,
                33.4611
              ],
              [
                126.9426,
                33.4611
              ],
              [
                126.9427,
                33.4611
              ],
              [
                126.9427,
                33.4611
              ],
              [
                126.9428,
                33.4611
              ],
              [
                126.9428,
                33.4611
              ],
              [
                126.9429,
                33.4611
              ],
              [
                126.9429,
                33.4611
              ],
              [
                126.9429,
                33.4611
              ],
              [
                126.943,
                33.4611
              ],
              [
                126.943,
                33.4611
              ],
              [
                126.943,
                33.4611
              ],
              [
                126.9431,
                33.4611
              ],
              [
                126.9431,
                33.4611
              ],
              [
                126.9432,
                33.4611
              ],
              [
                126.9432,
                33.4611
              ],
              [
                126.9432,
                33.461
              ],
              [
                126.9433,
                33.461
              ],
              [
                126.9433,
                33.461
              ],
              [
                126.9433,
                33.461
              ],
              [
                126.9434,
                33.461
              ],
              [
                126.9435,
                33.4609
              ],
              [
                126.9435,
                33.4609
              ],
              [
                126.9435,
                33.4609
              ],
              [
                126.9436,
                33.4609
              ],
              [
                126.9453,
                33.4596
              ],
              [
                126.9453,
                33.4596
              ],
              [
                126.9464,
                33.4569
              ],
              [
                126.9462,
                33.4562
              ],
              [
                126.9447,
                33.4554
              ],
              [
                126.9446,
                33.4554
              ],
              [
                126.9445,
                33.4554
              ],
              [
                126.9445,
                33.4554
              ],
              [
                126.9445,
                33.4553
              ],
              [
                126.9444,
                33.4553
              ],
              [
                126.9444,
                33.4553
              ],
              [
                126.9443,
                33.4553
              ],
              [
                126.9441,
                33.4552
              ],
              [
                126.9441,
                33.4552
              ],
              [
                126.9441,
                33.4552
              ],
              [
                126.944,
                33.4552
              ],
              [
                126.944,
                33.4552
              ],
              [
                126.9433,
                33.4551
              ],
              [
                126.9424,
                33.4552
              ],
              [
                126.9423,
                33.4552
              ],
              [
                126.9422,
                33.4552
              ],
              [
                126.9422,
                33.4552
              ],
              [
                126.9422,
                33.4552
              ],
              [
                126.9416,
                33.4553
              ],
              [
                126.9408,
                33.4556
              ],
              [
                126.9386,
                33.4567
              ],
              [
                126.9382,
                33.457
              ],
              [
                126.9376,
                33.4575
              ],
              [
                126.9375,
                33.4575
              ],
              [
                126.9375,
                33.4575
              ],
              [
                126.9375,
                33.4575
              ],
              [
                126.9375,
                33.4575
              ],
              [
                126.9361,
                33.4589
              ],
              [
                126.9348,
                33.4605
              ],
              [
                126.9348,
                33.4605
              ],
              [
                126.9348,
                33.4605
              ],
              [
                126.9347,
                33.4606
              ],
              [
                126.9347,
                33.4607
              ],
              [
                126.9347,
                33.4607
              ],
              [
                126.9346,
                33.4608
              ],
              [
                126.9346,
                33.4608
              ],
              [
                126.9346,
                33.4608
              ],
              [
                126.9346,
                33.4608
              ],
              [
                126.9345,
                33.4608
              ],
              [
                126.9344,
                33.4608
              ],
              [
                126.9333,
                33.4606
              ],
              [
                126.9324,
                33.4602
              ],
              [
                126.9323,
                33.4602
              ],
              [
                126.9322,
                33.4602
              ],
              [
                126.9321,
                33.4601
              ],
              [
                126.9321,
                33.4601
              ],
              [
                126.9319,
                33.46
              ],
              [
                126.9316,
                33.4599
              ],
              [
                126.9316,
                33.4599
              ],
              [
                126.9316,
                33.4598
              ],
              [
                126.9313,
                33.4596
              ],
              [
                126.9301,
                33.4588
              ],
              [
                126.9301,
                33.4588
              ],
              [
                126.9301,
                33.4588
              ],
              [
                126.93,
                33.4587
              ],
              [
                126.9299,
                33.4587
              ],
              [
                126.9299,
                33.4586
              ],
              [
                126.9298,
                33.4586
              ],
              [
                126.9298,
                33.4585
              ],
              [
                126.9298,
                33.4585
              ],
              [
                126.9296,
                33.4582
              ],
              [
                126.9295,
                33.4581
              ],
              [
                126.9292,
                33.4577
              ],
              [
                126.9285,
                33.4564
              ],
              [
                126.9285,
                33.4564
              ],
              [
                126.9285,
                33.4563
              ],
              [
                126.9285,
                33.4563
              ],
              [
                126.9285,
                33.4563
              ],
              [
                126.9285,
                33.4563
              ],
              [
                126.9285,
                33.4563
              ],
              [
                126.9285,
                33.4563
              ],
              [
                126.9285,
                33.4563
              ],
              [
                126.9285,
                33.4563
              ],
              [
                126.9285,
                33.4563
              ],
              [
                126.9285,
                33.4563
              ],
              [
                126.9286,
                33.4564
              ],
              [
                126.9288,
                33.4565
              ],
              [
                126.9289,
                33.4566
              ],
              [
                126.929,
                33.4567
              ],
              [
                126.929,
                33.4567
              ],
              [
                126.929,
                33.4567
              ],
              [
                126.929,
                33.4567
              ],
              [
                126.9291,
                33.4568
              ],
              [
                126.9292,
                33.4568
              ],
              [
                126.9292,
                33.4568
              ],
              [
                126.9298,
                33.4571
              ],
              [
                126.9298,
                33.4571
              ],
              [
                126.9298,
                33.4571
              ],
              [
                126.9298,
                33.4571
              ],
              [
                126.9298,
                33.4571
              ],
              [
                126.9298,
                33.4571
              ],
              [
                126.9298,
                33.4571
              ],
              [
                126.9298,
                33.4571
              ],
              [
                126.9301,
                33.4564
              ],
              [
                126.9301,
                33.4564
              ],
              [
                126.9301,
                33.4564
              ],
              [
                126.9301,
                33.4561
              ],
              [
                126.9302,
                33.456
              ],
              [
                126.9302,
                33.456
              ],
              [
                126.9302,
                33.456
              ],
              [
                126.9302,
                33.456
              ],
              [
                126.9301,
                33.456
              ],
              [
                126.9255,
                33.4517
              ],
              [
                126.924,
                33.4505
              ],
              [
                126.924,
                33.4505
              ],
              [
                126.924,
                33.4506
              ],
              [
                126.924,
                33.4506
              ],
              [
                126.924,
                33.4506
              ],
              [
                126.924,
                33.4505
              ],
              [
                126.924,
                33.4505
              ],
              [
                126.9239,
                33.4505
              ],
              [
                126.9239,
                33.4505
              ],
              [
                126.923,
                33.45
              ],
              [
                126.923,
                33.45
              ],
              [
                126.923,
                33.45
              ],
              [
                126.923,
                33.45
              ],
              [
                126.923,
                33.45
              ],
              [
                126.9229,
                33.45
              ],
              [
                126.9229,
                33.4499
              ],
              [
                126.9228,
                33.4498
              ],
              [
                126.9228,
                33.4498
              ],
              [
                126.9228,
                33.4498
              ],
              [
                126.9228,
                33.4498
              ],
              [
                126.9226,
                33.4496
              ],
              [
                126.9226,
                33.4494
              ],
              [
                126.9224,
                33.4489
              ],
              [
                126.9224,
                33.4487
              ],
              [
                126.9218,
                33.4443
              ],
              [
                126.9218,
                33.4438
              ],
              [
                126.9218,
                33.4435
              ],
              [
                126.9218,
                33.4432
              ],
              [
                126.9218,
                33.443
              ],
              [
                126.922,
                33.4425
              ],
              [
                126.9221,
                33.4424
              ],
              [
                126.9222,
                33.4422
              ],
              [
                126.9223,
                33.4422
              ],
              [
                126.9222,
                33.4409
              ],
              [
                126.9222,
                33.4408
              ],
              [
                126.9222,
                33.4408
              ],
              [
                126.9222,
                33.4407
              ],
              [
                126.9222,
                33.4407
              ],
              [
                126.9222,
                33.4407
              ],
              [
                126.9222,
                33.4406
              ],
              [
                126.9222,
                33.4406
              ],
              [
                126.9222,
                33.4406
              ],
              [
                126.9222,
                33.4406
              ],
              [
                126.9222,
                33.4405
              ],
              [
                126.9222,
                33.4404
              ],
              [
                126.9222,
                33.4403
              ],
              [
                126.9222,
                33.4403
              ],
              [
                126.9222,
                33.4402
              ],
              [
                126.9222,
                33.4402
              ],
              [
                126.9222,
                33.4402
              ],
              [
                126.9222,
                33.4402
              ],
              [
                126.9222,
                33.4401
              ],
              [
                126.9222,
                33.44
              ],
              [
                126.9222,
                33.4399
              ],
              [
                126.9222,
                33.4399
              ],
              [
                126.9222,
                33.4399
              ],
              [
                126.9222,
                33.4398
              ],
              [
                126.9222,
                33.4398
              ],
              [
                126.9222,
                33.4398
              ],
              [
                126.9223,
                33.4396
              ],
              [
                126.9223,
                33.4396
              ],
              [
                126.9223,
                33.4396
              ],
              [
                126.9223,
                33.4396
              ],
              [
                126.9252,
                33.4356
              ],
              [
                126.9254,
                33.4354
              ],
              [
                126.9273,
                33.4342
              ],
              [
                126.9273,
                33.4341
              ],
              [
                126.9273,
                33.4341
              ],
              [
                126.9273,
                33.4341
              ],
              [
                126.9273,
                33.4341
              ],
              [
                126.9274,
                33.4341
              ],
              [
                126.93,
                33.4333
              ],
              [
                126.9301,
                33.4333
              ],
              [
                126.9301,
                33.4333
              ],
              [
                126.9301,
                33.4333
              ],
              [
                126.9301,
                33.4333
              ],
              [
                126.9302,
                33.4333
              ],
              [
                126.9302,
                33.4333
              ],
              [
                126.9302,
                33.4333
              ],
              [
                126.9302,
                33.4333
              ],
              [
                126.931,
                33.4333
              ],
              [
                126.9313,
                33.4334
              ],
              [
                126.9315,
                33.4334
              ],
              [
                126.9318,
                33.4333
              ],
              [
                126.9342,
                33.4319
              ],
              [
                126.9361,
                33.4301
              ],
              [
                126.9365,
                33.4297
              ],
              [
                126.9365,
                33.4297
              ],
              [
                126.9365,
                33.4297
              ],
              [
                126.9366,
                33.4296
              ],
              [
                126.9366,
                33.4296
              ],
              [
                126.9366,
                33.4296
              ],
              [
                126.9366,
                33.4296
              ],
              [
                126.9366,
                33.4294
              ],
              [
                126.9366,
                33.4294
              ],
              [
                126.9366,
                33.4294
              ],
              [
                126.9366,
                33.4294
              ],
              [
                126.9366,
                33.4294
              ],
              [
                126.9365,
                33.4292
              ],
              [
                126.9365,
                33.4292
              ],
              [
                126.9365,
                33.4292
              ],
              [
                126.9365,
                33.4292
              ],
              [
                126.9365,
                33.4291
              ],
              [
                126.9354,
                33.4284
              ],
              [
                126.935,
                33.4285
              ],
              [
                126.935,
                33.4285
              ],
              [
                126.935,
                33.4285
              ],
              [
                126.935,
                33.4285
              ],
              [
                126.935,
                33.4285
              ],
              [
                126.935,
                33.4285
              ],
              [
                126.935,
                33.4285
              ],
              [
                126.935,
                33.4285
              ],
              [
                126.935,
                33.4285
              ],
              [
                126.9349,
                33.4285
              ],
              [
                126.9349,
                33.4285
              ],
              [
                126.9349,
                33.4285
              ],
              [
                126.9349,
                33.4285
              ],
              [
                126.9349,
                33.4285
              ],
              [
                126.9348,
                33.4285
              ],
              [
                126.9348,
                33.4285
              ],
              [
                126.9348,
                33.4285
              ],
              [
                126.9345,
                33.4285
              ],
              [
                126.9345,
                33.4284
              ],
              [
                126.9345,
                33.4284
              ],
              [
                126.9345,
                33.4284
              ],
              [
                126.9344,
                33.4284
              ],
              [
                126.9344,
                33.4284
              ],
              [
                126.9344,
                33.4284
              ],
              [
                126.9344,
                33.4284
              ],
              [
                126.9344,
                33.4284
              ],
              [
                126.9343,
                33.4283
              ],
              [
                126.9343,
                33.4283
              ],
              [
                126.9343,
                33.4283
              ],
              [
                126.9343,
                33.4283
              ],
              [
                126.9342,
                33.4282
              ],
              [
                126.9342,
                33.4282
              ],
              [
                126.9342,
                33.4282
              ],
              [
                126.9342,
                33.4282
              ],
              [
                126.9342,
                33.4281
              ],
              [
                126.9342,
                33.4281
              ],
              [
                126.9341,
                33.4281
              ],
              [
                126.933,
                33.4265
              ],
              [
                126.933,
                33.4265
              ],
              [
                126.933,
                33.4265
              ],
              [
                126.933,
                33.4265
              ],
              [
                126.9329,
                33.4264
              ],
              [
                126.932,
                33.4253
              ],
              [
                126.932,
                33.4253
              ],
              [
                126.932,
                33.4253
              ],
              [
                126.9319,
                33.4252
              ],
              [
                126.9319,
                33.4252
              ],
              [
                126.9319,
                33.4252
              ],
              [
                126.9319,
                33.4251
              ],
              [
                126.9319,
                33.4251
              ],
              [
                126.9319,
                33.4251
              ],
              [
                126.9317,
                33.4249
              ],
              [
                126.9311,
                33.4236
              ],
              [
                126.9311,
                33.4236
              ],
              [
                126.9311,
                33.4236
              ],
              [
                126.9311,
                33.4236
              ],
              [
                126.9311,
                33.4235
              ],
              [
                126.9311,
                33.4235
              ],
              [
                126.9311,
                33.4235
              ],
              [
                126.9311,
                33.4235
              ],
              [
                126.9313,
                33.4232
              ],
              [
                126.9313,
                33.4231
              ],
              [
                126.9312,
                33.4227
              ],
              [
                126.9312,
                33.4227
              ],
              [
                126.9312,
                33.4227
              ],
              [
                126.9312,
                33.4227
              ],
              [
                126.9312,
                33.4227
              ],
              [
                126.9311,
                33.4226
              ],
              [
                126.9311,
                33.4226
              ],
              [
                126.9311,
                33.4226
              ],
              [
                126.9311,
                33.4226
              ],
              [
                126.9311,
                33.4226
              ],
              [
                126.9311,
                33.4226
              ],
              [
                126.9311,
                33.4226
              ],
              [
                126.9295,
                33.4226
              ],
              [
                126.9294,
                33.4226
              ],
              [
                126.9294,
                33.4226
              ],
              [
                126.9294,
                33.4226
              ],
              [
                126.9294,
                33.4226
              ],
              [
                126.9231,
                33.4264
              ],
              [
                126.9243,
                33.4287
              ],
              [
                126.9244,
                33.4287
              ],
              [
                126.9244,
                33.4287
              ],
              [
                126.9244,
                33.4287
              ],
              [
                126.9245,
                33.4286
              ],
              [
                126.9247,
                33.4286
              ],
              [
                126.9247,
                33.4286
              ],
              [
                126.9247,
                33.4286
              ],
              [
                126.9247,
                33.4286
              ],
              [
                126.9248,
                33.4286
              ],
              [
                126.9248,
                33.4286
              ],
              [
                126.9248,
                33.4286
              ],
              [
                126.9248,
                33.4286
              ],
              [
                126.9248,
                33.4286
              ],
              [
                126.9253,
                33.429
              ],
              [
                126.9253,
                33.429
              ],
              [
                126.9253,
                33.4291
              ],
              [
                126.9254,
                33.4291
              ],
              [
                126.9254,
                33.4291
              ],
              [
                126.9254,
                33.4291
              ],
              [
                126.9254,
                33.4291
              ],
              [
                126.9255,
                33.4298
              ],
              [
                126.9255,
                33.4298
              ],
              [
                126.9255,
                33.4299
              ],
              [
                126.9256,
                33.4299
              ],
              [
                126.9256,
                33.4299
              ],
              [
                126.9255,
                33.4299
              ],
              [
                126.9255,
                33.4299
              ],
              [
                126.9255,
                33.4304
              ],
              [
                126.9255,
                33.4304
              ],
              [
                126.9255,
                33.4304
              ],
              [
                126.9255,
                33.4305
              ],
              [
                126.9255,
                33.4305
              ],
              [
                126.9255,
                33.4305
              ],
              [
                126.9255,
                33.4306
              ],
              [
                126.9254,
                33.4306
              ],
              [
                126.9254,
                33.4306
              ],
              [
                126.9254,
                33.4307
              ],
              [
                126.9241,
                33.434
              ],
              [
                126.9241,
                33.434
              ],
              [
                126.9241,
                33.4341
              ],
              [
                126.9241,
                33.4341
              ],
              [
                126.9241,
                33.4341
              ],
              [
                126.9241,
                33.4341
              ],
              [
                126.924,
                33.4341
              ],
              [
                126.9239,
                33.4343
              ],
              [
                126.9239,
                33.4343
              ],
              [
                126.9239,
                33.4343
              ],
              [
                126.9239,
                33.4343
              ],
              [
                126.9238,
                33.4343
              ],
              [
                126.9238,
                33.4343
              ],
              [
                126.9238,
                33.4343
              ],
              [
                126.9234,
                33.4345
              ],
              [
                126.9234,
                33.4346
              ],
              [
                126.9233,
                33.4346
              ],
              [
                126.9233,
                33.4346
              ],
              [
                126.9232,
                33.4346
              ],
              [
                126.9232,
                33.4346
              ],
              [
                126.9231,
                33.4346
              ],
              [
                126.9225,
                33.4349
              ],
              [
                126.9219,
                33.435
              ],
              [
                126.9215,
                33.4351
              ],
              [
                126.9211,
                33.4352
              ],
              [
                126.9205,
                33.4352
              ],
              [
                126.9201,
                33.4352
              ],
              [
                126.9201,
                33.4352
              ],
              [
                126.9184,
                33.4349
              ],
              [
                126.9184,
                33.4349
              ],
              [
                126.9184,
                33.4349
              ],
              [
                126.9184,
                33.4349
              ],
              [
                126.9183,
                33.4349
              ],
              [
                126.9183,
                33.4349
              ],
              [
                126.9183,
                33.4349
              ],
              [
                126.9181,
                33.4348
              ],
              [
                126.918,
                33.4348
              ],
              [
                126.918,
                33.4348
              ],
              [
                126.9179,
                33.4348
              ],
              [
                126.9179,
                33.4348
              ],
              [
                126.9179,
                33.4347
              ],
              [
                126.9178,
                33.4347
              ],
              [
                126.9174,
                33.4346
              ],
              [
                126.9164,
                33.4341
              ],
              [
                126.9164,
                33.4341
              ],
              [
                126.9163,
                33.4341
              ],
              [
                126.9163,
                33.4341
              ],
              [
                126.9163,
                33.4341
              ],
              [
                126.9163,
                33.4341
              ],
              [
                126.9162,
                33.4341
              ],
              [
                126.9162,
                33.434
              ],
              [
                126.9162,
                33.434
              ],
              [
                126.9162,
                33.434
              ],
              [
                126.9162,
                33.434
              ],
              [
                126.9161,
                33.434
              ],
              [
                126.9161,
                33.4339
              ],
              [
                126.9161,
                33.4339
              ],
              [
                126.9161,
                33.4339
              ],
              [
                126.9161,
                33.4339
              ],
              [
                126.9153,
                33.4326
              ],
              [
                126.9153,
                33.4326
              ],
              [
                126.9153,
                33.4326
              ],
              [
                126.9153,
                33.4326
              ],
              [
                126.9153,
                33.4326
              ],
              [
                126.9153,
                33.4326
              ],
              [
                126.9153,
                33.4326
              ],
              [
                126.9153,
                33.4325
              ],
              [
                126.9153,
                33.4325
              ],
              [
                126.9153,
                33.4325
              ],
              [
                126.9153,
                33.4325
              ],
              [
                126.9153,
                33.4324
              ],
              [
                126.9153,
                33.4324
              ],
              [
                126.9153,
                33.4324
              ],
              [
                126.9153,
                33.4324
              ],
              [
                126.9153,
                33.4324
              ],
              [
                126.9154,
                33.4324
              ],
              [
                126.9154,
                33.4324
              ],
              [
                126.916,
                33.4313
              ],
              [
                126.9159,
                33.4312
              ],
              [
                126.9159,
                33.4312
              ],
              [
                126.916,
                33.431
              ],
              [
                126.916,
                33.431
              ],
              [
                126.9165,
                33.4291
              ],
              [
                126.9166,
                33.4291
              ],
              [
                126.9178,
                33.4275
              ],
              [
                126.918,
                33.4273
              ],
              [
                126.9172,
                33.4269
              ],
              [
                126.9158,
                33.4257
              ],
              [
                126.9158,
                33.4257
              ],
              [
                126.9158,
                33.4257
              ],
              [
                126.9152,
                33.425
              ],
              [
                126.9143,
                33.424
              ],
              [
                126.9143,
                33.424
              ],
              [
                126.9143,
                33.424
              ],
              [
                126.9142,
                33.4239
              ],
              [
                126.9142,
                33.4238
              ],
              [
                126.9142,
                33.4238
              ],
              [
                126.9142,
                33.4238
              ],
              [
                126.9142,
                33.4238
              ],
              [
                126.9142,
                33.4238
              ],
              [
                126.9142,
                33.4238
              ],
              [
                126.9142,
                33.4237
              ],
              [
                126.9142,
                33.4237
              ],
              [
                126.9142,
                33.4237
              ],
              [
                126.9145,
                33.423
              ],
              [
                126.9146,
                33.4209
              ],
              [
                126.9146,
                33.4208
              ],
              [
                126.9146,
                33.4208
              ],
              [
                126.9146,
                33.4208
              ],
              [
                126.9146,
                33.4208
              ],
              [
                126.9146,
                33.4207
              ],
              [
                126.9145,
                33.4207
              ],
              [
                126.9145,
                33.4207
              ],
              [
                126.9145,
                33.4207
              ],
              [
                126.9133,
                33.4201
              ],
              [
                126.9125,
                33.4194
              ],
              [
                126.9114,
                33.4178
              ],
              [
                126.9114,
                33.4177
              ],
              [
                126.9114,
                33.4177
              ],
              [
                126.9114,
                33.4177
              ],
              [
                126.9114,
                33.4177
              ],
              [
                126.9113,
                33.4155
              ],
              [
                126.9113,
                33.4155
              ],
              [
                126.9113,
                33.4149
              ],
              [
                126.9116,
                33.4135
              ],
              [
                126.9101,
                33.4097
              ],
              [
                126.9083,
                33.4064
              ],
              [
                126.9079,
                33.4061
              ],
              [
                126.9058,
                33.4048
              ],
              [
                126.9046,
                33.4047
              ],
              [
                126.9041,
                33.4042
              ],
              [
                126.9034,
                33.4032
              ],
              [
                126.9027,
                33.4019
              ],
              [
                126.9028,
                33.4018
              ],
              [
                126.9028,
                33.4018
              ],
              [
                126.9032,
                33.4013
              ],
              [
                126.9044,
                33.4008
              ],
              [
                126.9059,
                33.3996
              ],
              [
                126.9076,
                33.3982
              ],
              [
                126.9077,
                33.3982
              ],
              [
                126.9077,
                33.3979
              ],
              [
                126.9069,
                33.3956
              ],
              [
                126.9065,
                33.3935
              ],
              [
                126.9064,
                33.393
              ],
              [
                126.9065,
                33.3915
              ],
              [
                126.9059,
                33.3908
              ],
              [
                126.9048,
                33.3902
              ],
              [
                126.8975,
                33.388
              ],
              [
                126.897,
                33.388
              ],
              [
                126.8961,
                33.3882
              ],
              [
                126.8948,
                33.3881
              ],
              [
                126.894,
                33.388
              ],
              [
                126.8928,
                33.3877
              ],
              [
                126.8928,
                33.3877
              ],
              [
                126.8907,
                33.3863
              ],
              [
                126.8898,
                33.3856
              ],
              [
                126.8893,
                33.385
              ],
              [
                126.8882,
                33.3844
              ],
              [
                126.8851,
                33.3838
              ],
              [
                126.8835,
                33.3835
              ],
              [
                126.8819,
                33.3819
              ],
              [
                126.8819,
                33.3813
              ],
              [
                126.8819,
                33.381
              ],
              [
                126.8818,
                33.3799
              ],
              [
                126.8816,
                33.3794
              ],
              [
                126.8785,
                33.3764
              ],
              [
                126.8771,
                33.3754
              ],
              [
                126.8768,
                33.3753
              ],
              [
                126.8767,
                33.3753
              ],
              [
                126.8765,
                33.3751
              ],
              [
                126.8765,
                33.3751
              ],
              [
                126.8765,
                33.3751
              ],
              [
                126.8765,
                33.3751
              ],
              [
                126.8765,
                33.3751
              ],
              [
                126.8765,
                33.3751
              ],
              [
                126.8757,
                33.3744
              ],
              [
                126.8757,
                33.3744
              ],
              [
                126.8755,
                33.3741
              ],
              [
                126.8754,
                33.3741
              ],
              [
                126.8754,
                33.3741
              ],
              [
                126.8754,
                33.3741
              ],
              [
                126.8754,
                33.3741
              ],
              [
                126.8754,
                33.3741
              ],
              [
                126.8754,
                33.3741
              ],
              [
                126.8754,
                33.3741
              ],
              [
                126.8754,
                33.374
              ],
              [
                126.8753,
                33.3739
              ],
              [
                126.8753,
                33.3739
              ],
              [
                126.8753,
                33.3739
              ],
              [
                126.8753,
                33.3739
              ],
              [
                126.8753,
                33.3739
              ],
              [
                126.8753,
                33.3738
              ],
              [
                126.8752,
                33.3738
              ],
              [
                126.8752,
                33.3738
              ],
              [
                126.8752,
                33.3737
              ],
              [
                126.8752,
                33.3737
              ],
              [
                126.8752,
                33.3737
              ],
              [
                126.8752,
                33.3737
              ],
              [
                126.8752,
                33.3737
              ],
              [
                126.8752,
                33.3737
              ],
              [
                126.8751,
                33.3734
              ],
              [
                126.8751,
                33.3734
              ],
              [
                126.8751,
                33.3734
              ],
              [
                126.8751,
                33.3733
              ],
              [
                126.8742,
                33.3729
              ],
              [
                126.873,
                33.3719
              ],
              [
                126.873,
                33.3719
              ],
              [
                126.873,
                33.3719
              ],
              [
                126.873,
                33.3719
              ],
              [
                126.8729,
                33.3719
              ],
              [
                126.8729,
                33.3719
              ],
              [
                126.8729,
                33.3719
              ],
              [
                126.8729,
                33.3719
              ],
              [
                126.8728,
                33.3719
              ],
              [
                126.8728,
                33.372
              ],
              [
                126.8728,
                33.372
              ],
              [
                126.8728,
                33.372
              ],
              [
                126.8728,
                33.372
              ],
              [
                126.8726,
                33.3721
              ],
              [
                126.8726,
                33.3722
              ],
              [
                126.8722,
                33.3723
              ],
              [
                126.8715,
                33.3723
              ],
              [
                126.8715,
                33.3723
              ],
              [
                126.8715,
                33.3723
              ],
              [
                126.8715,
                33.3723
              ],
              [
                126.8715,
                33.3723
              ],
              [
                126.8713,
                33.3722
              ],
              [
                126.8707,
                33.371
              ],
              [
                126.8708,
                33.3709
              ],
              [
                126.8715,
                33.3709
              ],
              [
                126.8717,
                33.3709
              ],
              [
                126.872,
                33.3712
              ],
              [
                126.8727,
                33.3713
              ],
              [
                126.8727,
                33.3713
              ],
              [
                126.8727,
                33.3713
              ],
              [
                126.8727,
                33.3713
              ],
              [
                126.8727,
                33.3713
              ],
              [
                126.8728,
                33.3713
              ],
              [
                126.8728,
                33.3713
              ],
              [
                126.8731,
                33.3712
              ],
              [
                126.8735,
                33.371
              ],
              [
                126.8736,
                33.3708
              ],
              [
                126.8735,
                33.3682
              ],
              [
                126.8734,
                33.3681
              ],
              [
                126.8725,
                33.3669
              ],
              [
                126.8724,
                33.3669
              ],
              [
                126.8724,
                33.3669
              ],
              [
                126.8724,
                33.3669
              ],
              [
                126.8724,
                33.3669
              ],
              [
                126.8724,
                33.3669
              ],
              [
                126.8724,
                33.3669
              ],
              [
                126.8721,
                33.3666
              ],
              [
                126.8721,
                33.3666
              ],
              [
                126.8721,
                33.3666
              ],
              [
                126.8721,
                33.3666
              ],
              [
                126.8721,
                33.3666
              ],
              [
                126.8721,
                33.3666
              ],
              [
                126.8721,
                33.3665
              ],
              [
                126.8721,
                33.3665
              ],
              [
                126.8721,
                33.3665
              ],
              [
                126.8721,
                33.3665
              ],
              [
                126.8721,
                33.3665
              ],
              [
                126.8721,
                33.3665
              ],
              [
                126.8721,
                33.3665
              ],
              [
                126.8721,
                33.3665
              ],
              [
                126.8721,
                33.3665
              ],
              [
                126.8721,
                33.3665
              ],
              [
                126.8721,
                33.3664
              ],
              [
                126.8721,
                33.3664
              ],
              [
                126.8721,
                33.3664
              ],
              [
                126.8721,
                33.3664
              ],
              [
                126.8721,
                33.3664
              ],
              [
                126.8722,
                33.3664
              ],
              [
                126.8722,
                33.3664
              ],
              [
                126.8722,
                33.3664
              ],
              [
                126.8722,
                33.3663
              ],
              [
                126.8722,
                33.3663
              ],
              [
                126.8722,
                33.3663
              ],
              [
                126.8722,
                33.3663
              ],
              [
                126.8722,
                33.3663
              ],
              [
                126.8722,
                33.3662
              ],
              [
                126.8722,
                33.3662
              ],
              [
                126.8722,
                33.3662
              ],
              [
                126.8722,
                33.3662
              ],
              [
                126.8723,
                33.3662
              ],
              [
                126.8723,
                33.3662
              ],
              [
                126.8723,
                33.3662
              ],
              [
                126.8723,
                33.3662
              ],
              [
                126.8724,
                33.3661
              ],
              [
                126.8718,
                33.3657
              ],
              [
                126.8705,
                33.3652
              ],
              [
                126.8687,
                33.3646
              ],
              [
                126.8677,
                33.3641
              ],
              [
                126.8677,
                33.3641
              ],
              [
                126.8677,
                33.3641
              ],
              [
                126.8676,
                33.364
              ],
              [
                126.8674,
                33.3638
              ],
              [
                126.8674,
                33.3638
              ],
              [
                126.8674,
                33.3638
              ],
              [
                126.8674,
                33.3638
              ],
              [
                126.8674,
                33.3628
              ],
              [
                126.8674,
                33.3628
              ],
              [
                126.8675,
                33.3624
              ],
              [
                126.8683,
                33.3627
              ],
              [
                126.869,
                33.3624
              ],
              [
                126.8691,
                33.3624
              ],
              [
                126.8691,
                33.3624
              ],
              [
                126.8691,
                33.3623
              ],
              [
                126.8692,
                33.3623
              ],
              [
                126.8692,
                33.3623
              ],
              [
                126.8692,
                33.3623
              ],
              [
                126.8693,
                33.3623
              ],
              [
                126.8694,
                33.3622
              ],
              [
                126.8694,
                33.3622
              ],
              [
                126.8694,
                33.3622
              ],
              [
                126.8695,
                33.362
              ],
              [
                126.8695,
                33.362
              ],
              [
                126.8697,
                33.3618
              ],
              [
                126.8697,
                33.3618
              ],
              [
                126.8694,
                33.3612
              ],
              [
                126.8694,
                33.3611
              ],
              [
                126.8692,
                33.3611
              ],
              [
                126.8692,
                33.3611
              ],
              [
                126.8692,
                33.361
              ],
              [
                126.8692,
                33.361
              ],
              [
                126.8692,
                33.361
              ],
              [
                126.8692,
                33.3611
              ],
              [
                126.8692,
                33.3611
              ],
              [
                126.8692,
                33.3611
              ],
              [
                126.8691,
                33.3611
              ],
              [
                126.8691,
                33.3611
              ],
              [
                126.8691,
                33.3611
              ],
              [
                126.8691,
                33.3611
              ],
              [
                126.8691,
                33.3611
              ],
              [
                126.8691,
                33.3611
              ],
              [
                126.8691,
                33.3611
              ],
              [
                126.869,
                33.3612
              ],
              [
                126.869,
                33.3612
              ],
              [
                126.869,
                33.3612
              ],
              [
                126.869,
                33.3612
              ],
              [
                126.8689,
                33.3613
              ],
              [
                126.8688,
                33.3613
              ],
              [
                126.8688,
                33.3613
              ],
              [
                126.8687,
                33.3612
              ],
              [
                126.8687,
                33.3612
              ],
              [
                126.8687,
                33.3612
              ],
              [
                126.8679,
                33.361
              ],
              [
                126.8679,
                33.3609
              ],
              [
                126.8679,
                33.3609
              ],
              [
                126.8679,
                33.3609
              ],
              [
                126.8679,
                33.3609
              ],
              [
                126.8679,
                33.3609
              ],
              [
                126.8679,
                33.3609
              ],
              [
                126.8679,
                33.3609
              ],
              [
                126.8679,
                33.3608
              ],
              [
                126.8679,
                33.3608
              ],
              [
                126.8679,
                33.3608
              ],
              [
                126.8679,
                33.3608
              ],
              [
                126.8679,
                33.3607
              ],
              [
                126.8679,
                33.3607
              ],
              [
                126.8681,
                33.3602
              ],
              [
                126.8682,
                33.3588
              ],
              [
                126.8682,
                33.3588
              ],
              [
                126.8683,
                33.3587
              ],
              [
                126.8683,
                33.3587
              ],
              [
                126.8683,
                33.3586
              ],
              [
                126.8683,
                33.3586
              ],
              [
                126.8684,
                33.3586
              ],
              [
                126.8684,
                33.3585
              ],
              [
                126.8691,
                33.3574
              ],
              [
                126.8691,
                33.3574
              ],
              [
                126.8691,
                33.3573
              ],
              [
                126.8691,
                33.3573
              ],
              [
                126.8688,
                33.3556
              ],
              [
                126.8686,
                33.3544
              ],
              [
                126.8686,
                33.3544
              ],
              [
                126.8684,
                33.354
              ],
              [
                126.8679,
                33.3533
              ],
              [
                126.8641,
                33.3486
              ],
              [
                126.8632,
                33.3478
              ],
              [
                126.8623,
                33.3475
              ],
              [
                126.8616,
                33.3474
              ],
              [
                126.8603,
                33.3472
              ],
              [
                126.8599,
                33.3469
              ],
              [
                126.859,
                33.345
              ],
              [
                126.859,
                33.3435
              ],
              [
                126.8592,
                33.3419
              ],
              [
                126.8589,
                33.3415
              ],
              [
                126.8589,
                33.3415
              ],
              [
                126.8589,
                33.3415
              ],
              [
                126.8589,
                33.3416
              ],
              [
                126.8589,
                33.3418
              ],
              [
                126.8589,
                33.3418
              ],
              [
                126.8588,
                33.3418
              ],
              [
                126.8576,
                33.3428
              ],
              [
                126.8574,
                33.3429
              ],
              [
                126.8574,
                33.3429
              ],
              [
                126.8574,
                33.3429
              ],
              [
                126.8573,
                33.3429
              ],
              [
                126.8573,
                33.3429
              ],
              [
                126.8573,
                33.3429
              ],
              [
                126.8573,
                33.3429
              ],
              [
                126.8572,
                33.3428
              ],
              [
                126.8572,
                33.3428
              ],
              [
                126.857,
                33.3427
              ],
              [
                126.857,
                33.3427
              ],
              [
                126.857,
                33.3427
              ],
              [
                126.857,
                33.3427
              ],
              [
                126.857,
                33.3427
              ],
              [
                126.857,
                33.3427
              ],
              [
                126.857,
                33.3426
              ],
              [
                126.857,
                33.3426
              ],
              [
                126.857,
                33.3426
              ],
              [
                126.857,
                33.3426
              ],
              [
                126.857,
                33.3426
              ],
              [
                126.8563,
                33.3407
              ],
              [
                126.857,
                33.3402
              ],
              [
                126.8569,
                33.3387
              ],
              [
                126.8567,
                33.3382
              ],
              [
                126.8566,
                33.3381
              ],
              [
                126.8565,
                33.338
              ],
              [
                126.8565,
                33.338
              ],
              [
                126.8562,
                33.338
              ],
              [
                126.8559,
                33.3381
              ],
              [
                126.8556,
                33.3381
              ],
              [
                126.8536,
                33.3379
              ],
              [
                126.8523,
                33.3372
              ],
              [
                126.8514,
                33.3365
              ],
              [
                126.8514,
                33.3365
              ],
              [
                126.8514,
                33.3365
              ],
              [
                126.8514,
                33.3365
              ],
              [
                126.8514,
                33.3365
              ],
              [
                126.8514,
                33.3365
              ],
              [
                126.8514,
                33.3365
              ],
              [
                126.8514,
                33.3364
              ],
              [
                126.8514,
                33.3364
              ],
              [
                126.8514,
                33.3364
              ],
              [
                126.8514,
                33.3364
              ],
              [
                126.8511,
                33.3358
              ],
              [
                126.8511,
                33.3357
              ],
              [
                126.8511,
                33.3357
              ],
              [
                126.8511,
                33.3357
              ],
              [
                126.8511,
                33.3357
              ],
              [
                126.8508,
                33.3356
              ],
              [
                126.8507,
                33.3356
              ],
              [
                126.8507,
                33.3356
              ],
              [
                126.8507,
                33.3356
              ],
              [
                126.8507,
                33.3356
              ],
              [
                126.8507,
                33.3356
              ],
              [
                126.8507,
                33.3356
              ],
              [
                126.8506,
                33.3356
              ],
              [
                126.8506,
                33.3356
              ],
              [
                126.8506,
                33.3356
              ],
              [
                126.8506,
                33.3356
              ],
              [
                126.85,
                33.3361
              ],
              [
                126.8496,
                33.3367
              ],
              [
                126.8483,
                33.336
              ],
              [
                126.8483,
                33.336
              ],
              [
                126.8482,
                33.336
              ],
              [
                126.8443,
                33.333
              ],
              [
                126.8442,
                33.333
              ],
              [
                126.8442,
                33.3329
              ],
              [
                126.8442,
                33.3329
              ],
              [
                126.8442,
                33.3329
              ],
              [
                126.8442,
                33.3329
              ],
              [
                126.8441,
                33.3329
              ],
              [
                126.8441,
                33.3329
              ],
              [
                126.8441,
                33.3329
              ],
              [
                126.8441,
                33.3329
              ],
              [
                126.844,
                33.3328
              ],
              [
                126.844,
                33.3328
              ],
              [
                126.844,
                33.3328
              ],
              [
                126.8439,
                33.3325
              ],
              [
                126.8436,
                33.3311
              ],
              [
                126.8434,
                33.3301
              ],
              [
                126.8432,
                33.3286
              ],
              [
                126.8432,
                33.3286
              ],
              [
                126.8432,
                33.3286
              ],
              [
                126.8432,
                33.3286
              ],
              [
                126.8432,
                33.3285
              ],
              [
                126.8432,
                33.3285
              ],
              [
                126.8432,
                33.3285
              ],
              [
                126.8432,
                33.3285
              ],
              [
                126.8432,
                33.3284
              ],
              [
                126.8432,
                33.3284
              ],
              [
                126.8433,
                33.3283
              ],
              [
                126.8434,
                33.3281
              ],
              [
                126.8434,
                33.3281
              ],
              [
                126.8434,
                33.328
              ],
              [
                126.8434,
                33.328
              ],
              [
                126.8448,
                33.3255
              ],
              [
                126.8454,
                33.3254
              ],
              [
                126.8456,
                33.3254
              ],
              [
                126.8467,
                33.3256
              ],
              [
                126.8472,
                33.3256
              ],
              [
                126.849,
                33.3256
              ],
              [
                126.8494,
                33.3256
              ],
              [
                126.8496,
                33.3254
              ],
              [
                126.8499,
                33.325
              ],
              [
                126.8499,
                33.325
              ],
              [
                126.8499,
                33.3249
              ],
              [
                126.8499,
                33.3249
              ],
              [
                126.8491,
                33.3239
              ],
              [
                126.8483,
                33.3234
              ],
              [
                126.8479,
                33.3232
              ],
              [
                126.8484,
                33.32
              ],
              [
                126.8484,
                33.3196
              ],
              [
                126.8484,
                33.3196
              ],
              [
                126.8478,
                33.3194
              ],
              [
                126.8475,
                33.3193
              ],
              [
                126.8475,
                33.3193
              ],
              [
                126.8475,
                33.3194
              ],
              [
                126.8474,
                33.3195
              ],
              [
                126.8474,
                33.3195
              ],
              [
                126.8474,
                33.3195
              ],
              [
                126.8474,
                33.3195
              ],
              [
                126.8474,
                33.3195
              ],
              [
                126.8474,
                33.3196
              ],
              [
                126.8474,
                33.3196
              ],
              [
                126.8474,
                33.3196
              ],
              [
                126.8474,
                33.3196
              ],
              [
                126.8473,
                33.3197
              ],
              [
                126.847,
                33.32
              ],
              [
                126.847,
                33.32
              ],
              [
                126.8469,
                33.32
              ],
              [
                126.8469,
                33.32
              ],
              [
                126.8469,
                33.32
              ],
              [
                126.8468,
                33.32
              ],
              [
                126.8468,
                33.32
              ],
              [
                126.8468,
                33.32
              ],
              [
                126.8467,
                33.32
              ],
              [
                126.8465,
                33.32
              ],
              [
                126.8465,
                33.32
              ],
              [
                126.8464,
                33.32
              ],
              [
                126.8464,
                33.32
              ],
              [
                126.8437,
                33.319
              ],
              [
                126.8435,
                33.3189
              ],
              [
                126.8435,
                33.3188
              ],
              [
                126.8435,
                33.3188
              ],
              [
                126.8435,
                33.3188
              ],
              [
                126.8435,
                33.3188
              ],
              [
                126.8431,
                33.318
              ],
              [
                126.8406,
                33.3155
              ],
              [
                126.8382,
                33.3132
              ],
              [
                126.8382,
                33.3129
              ],
              [
                126.8381,
                33.3124
              ],
              [
                126.8374,
                33.3114
              ],
              [
                126.8374,
                33.3113
              ],
              [
                126.8374,
                33.3113
              ],
              [
                126.8373,
                33.3113
              ],
              [
                126.8367,
                33.3108
              ],
              [
                126.8367,
                33.3108
              ],
              [
                126.8366,
                33.3108
              ],
              [
                126.8366,
                33.3108
              ],
              [
                126.8366,
                33.3108
              ],
              [
                126.8365,
                33.3108
              ],
              [
                126.8365,
                33.3107
              ],
              [
                126.8365,
                33.3107
              ],
              [
                126.8365,
                33.3107
              ],
              [
                126.8365,
                33.3107
              ],
              [
                126.8364,
                33.3107
              ],
              [
                126.8364,
                33.3107
              ],
              [
                126.8364,
                33.3107
              ],
              [
                126.8364,
                33.3107
              ],
              [
                126.8364,
                33.3108
              ],
              [
                126.8364,
                33.3108
              ],
              [
                126.8363,
                33.3108
              ],
              [
                126.8363,
                33.3108
              ],
              [
                126.8363,
                33.3108
              ],
              [
                126.8362,
                33.3109
              ],
              [
                126.8362,
                33.3109
              ],
              [
                126.8356,
                33.3099
              ],
              [
                126.8356,
                33.3099
              ],
              [
                126.8357,
                33.3098
              ],
              [
                126.8358,
                33.3098
              ],
              [
                126.8358,
                33.3098
              ],
              [
                126.836,
                33.3095
              ],
              [
                126.836,
                33.3095
              ],
              [
                126.8359,
                33.3095
              ],
              [
                126.8358,
                33.309
              ],
              [
                126.8358,
                33.3089
              ],
              [
                126.8356,
                33.3089
              ],
              [
                126.8347,
                33.3088
              ],
              [
                126.834,
                33.3088
              ],
              [
                126.8338,
                33.3089
              ],
              [
                126.8338,
                33.3089
              ],
              [
                126.8338,
                33.3088
              ],
              [
                126.8321,
                33.3082
              ],
              [
                126.8321,
                33.3082
              ],
              [
                126.8316,
                33.3079
              ],
              [
                126.8315,
                33.3079
              ],
              [
                126.8315,
                33.3079
              ],
              [
                126.8301,
                33.3066
              ],
              [
                126.8279,
                33.3062
              ],
              [
                126.8225,
                33.3053
              ],
              [
                126.8217,
                33.3055
              ],
              [
                126.8208,
                33.3059
              ],
              [
                126.8208,
                33.3059
              ],
              [
                126.8208,
                33.3059
              ],
              [
                126.8205,
                33.3061
              ],
              [
                126.8205,
                33.3062
              ],
              [
                126.8204,
                33.3064
              ],
              [
                126.8203,
                33.3065
              ],
              [
                126.8203,
                33.3066
              ],
              [
                126.8203,
                33.3066
              ],
              [
                126.8203,
                33.3066
              ],
              [
                126.8203,
                33.3066
              ],
              [
                126.8203,
                33.3066
              ],
              [
                126.8204,
                33.3067
              ],
              [
                126.8193,
                33.3075
              ],
              [
                126.8164,
                33.3077
              ],
              [
                126.8162,
                33.3076
              ],
              [
                126.8159,
                33.3075
              ],
              [
                126.8159,
                33.3075
              ],
              [
                126.8122,
                33.3054
              ],
              [
                126.8113,
                33.3048
              ],
              [
                126.8118,
                33.3041
              ],
              [
                126.8118,
                33.3041
              ],
              [
                126.8118,
                33.3041
              ],
              [
                126.8118,
                33.3041
              ],
              [
                126.8118,
                33.3041
              ],
              [
                126.8118,
                33.3041
              ],
              [
                126.8118,
                33.3041
              ],
              [
                126.8118,
                33.3039
              ],
              [
                126.8118,
                33.3038
              ],
              [
                126.8118,
                33.3038
              ],
              [
                126.8118,
                33.3038
              ],
              [
                126.8118,
                33.3038
              ],
              [
                126.8115,
                33.3034
              ],
              [
                126.8115,
                33.3034
              ],
              [
                126.8113,
                33.3033
              ],
              [
                126.8113,
                33.3033
              ],
              [
                126.8113,
                33.3032
              ],
              [
                126.8085,
                33.3019
              ],
              [
                126.8078,
                33.3018
              ],
              [
                126.8077,
                33.3018
              ],
              [
                126.8077,
                33.3018
              ],
              [
                126.807,
                33.3019
              ],
              [
                126.807,
                33.3019
              ],
              [
                126.807,
                33.302
              ],
              [
                126.807,
                33.302
              ],
              [
                126.807,
                33.302
              ],
              [
                126.8067,
                33.3023
              ],
              [
                126.8053,
                33.3041
              ],
              [
                126.8053,
                33.3046
              ],
              [
                126.8056,
                33.3056
              ],
              [
                126.8039,
                33.3046
              ],
              [
                126.8039,
                33.3046
              ],
              [
                126.8039,
                33.3046
              ],
              [
                126.8038,
                33.3046
              ],
              [
                126.8038,
                33.3046
              ],
              [
                126.8034,
                33.3044
              ],
              [
                126.8033,
                33.3044
              ],
              [
                126.8033,
                33.3044
              ],
              [
                126.8033,
                33.3044
              ],
              [
                126.8033,
                33.3044
              ],
              [
                126.8033,
                33.3044
              ],
              [
                126.8033,
                33.3044
              ],
              [
                126.8033,
                33.3043
              ],
              [
                126.8031,
                33.3037
              ],
              [
                126.803,
                33.3032
              ],
              [
                126.8009,
                33.3028
              ],
              [
                126.7984,
                33.3028
              ],
              [
                126.7962,
                33.3036
              ],
              [
                126.7957,
                33.3038
              ],
              [
                126.7921,
                33.3029
              ],
              [
                126.7918,
                33.3027
              ],
              [
                126.7911,
                33.303
              ],
              [
                126.7899,
                33.3036
              ],
              [
                126.7893,
                33.3039
              ],
              [
                126.7881,
                33.3045
              ],
              [
                126.7853,
                33.3059
              ],
              [
                126.7833,
                33.3057
              ],
              [
                126.7787,
                33.3069
              ],
              [
                126.7779,
                33.3068
              ],
              [
                126.7779,
                33.3068
              ],
              [
                126.7778,
                33.3068
              ],
              [
                126.7773,
                33.3065
              ],
              [
                126.7772,
                33.3065
              ],
              [
                126.7767,
                33.3062
              ],
              [
                126.7767,
                33.3061
              ],
              [
                126.7767,
                33.3061
              ],
              [
                126.7767,
                33.3061
              ],
              [
                126.7766,
                33.3061
              ],
              [
                126.7766,
                33.3061
              ],
              [
                126.7766,
                33.3061
              ],
              [
                126.7765,
                33.3059
              ],
              [
                126.7758,
                33.3051
              ],
              [
                126.7736,
                33.3016
              ],
              [
                126.7728,
                33.3008
              ],
              [
                126.7725,
                33.3005
              ],
              [
                126.7716,
                33.3002
              ],
              [
                126.7706,
                33.3001
              ],
              [
                126.7686,
                33.2995
              ],
              [
                126.7662,
                33.2985
              ],
              [
                126.765,
                33.295
              ],
              [
                126.7646,
                33.2925
              ],
              [
                126.7645,
                33.2923
              ],
              [
                126.7647,
                33.2919
              ],
              [
                126.7647,
                33.2919
              ],
              [
                126.7647,
                33.2919
              ],
              [
                126.7647,
                33.2919
              ],
              [
                126.7613,
                33.2917
              ],
              [
                126.7613,
                33.2917
              ],
              [
                126.7613,
                33.2917
              ],
              [
                126.7613,
                33.2917
              ],
              [
                126.7613,
                33.2917
              ],
              [
                126.7613,
                33.2917
              ],
              [
                126.7612,
                33.2917
              ],
              [
                126.7598,
                33.2911
              ],
              [
                126.7577,
                33.2886
              ],
              [
                126.757,
                33.2877
              ],
              [
                126.7527,
                33.2856
              ],
              [
                126.7505,
                33.285
              ],
              [
                126.7497,
                33.2827
              ],
              [
                126.7486,
                33.2807
              ],
              [
                126.7458,
                33.2788
              ],
              [
                126.7453,
                33.2785
              ],
              [
                126.7428,
                33.2777
              ],
              [
                126.7425,
                33.2777
              ],
              [
                126.7425,
                33.2777
              ],
              [
                126.7425,
                33.2776
              ],
              [
                126.7398,
                33.2774
              ],
              [
                126.7398,
                33.2775
              ],
              [
                126.739,
                33.2778
              ],
              [
                126.7383,
                33.2783
              ],
              [
                126.7383,
                33.2783
              ],
              [
                126.7383,
                33.2783
              ],
              [
                126.7378,
                33.2793
              ],
              [
                126.7355,
                33.2812
              ],
              [
                126.7355,
                33.2812
              ],
              [
                126.7354,
                33.2813
              ],
              [
                126.7352,
                33.2813
              ],
              [
                126.7352,
                33.2814
              ],
              [
                126.7351,
                33.2814
              ],
              [
                126.7351,
                33.2814
              ],
              [
                126.7334,
                33.2816
              ],
              [
                126.7334,
                33.2816
              ],
              [
                126.7333,
                33.2816
              ],
              [
                126.7329,
                33.2815
              ],
              [
                126.7329,
                33.2815
              ],
              [
                126.7329,
                33.2815
              ],
              [
                126.7328,
                33.2814
              ],
              [
                126.7327,
                33.2814
              ],
              [
                126.7327,
                33.2812
              ],
              [
                126.7326,
                33.2812
              ],
              [
                126.7325,
                33.2809
              ],
              [
                126.7324,
                33.2808
              ],
              [
                126.7324,
                33.2807
              ],
              [
                126.7324,
                33.2807
              ],
              [
                126.7313,
                33.2785
              ],
              [
                126.7265,
                33.2795
              ],
              [
                126.7265,
                33.2795
              ],
              [
                126.7264,
                33.2795
              ],
              [
                126.7264,
                33.2794
              ],
              [
                126.7259,
                33.2793
              ],
              [
                126.7236,
                33.2786
              ],
              [
                126.7234,
                33.2786
              ],
              [
                126.7231,
                33.2784
              ],
              [
                126.7232,
                33.2782
              ],
              [
                126.7232,
                33.2781
              ],
              [
                126.7232,
                33.2781
              ],
              [
                126.7224,
                33.2765
              ],
              [
                126.7213,
                33.276
              ],
              [
                126.7213,
                33.276
              ],
              [
                126.7212,
                33.276
              ],
              [
                126.7212,
                33.276
              ],
              [
                126.7197,
                33.2768
              ],
              [
                126.7149,
                33.2764
              ],
              [
                126.7148,
                33.2764
              ],
              [
                126.7134,
                33.2762
              ],
              [
                126.7122,
                33.2751
              ],
              [
                126.7105,
                33.2745
              ],
              [
                126.7085,
                33.2739
              ],
              [
                126.7077,
                33.2739
              ],
              [
                126.7067,
                33.2739
              ],
              [
                126.7055,
                33.2736
              ],
              [
                126.7054,
                33.2736
              ],
              [
                126.7024,
                33.2725
              ],
              [
                126.7018,
                33.2722
              ],
              [
                126.7012,
                33.2718
              ],
              [
                126.7004,
                33.2714
              ],
              [
                126.6995,
                33.271
              ],
              [
                126.6976,
                33.2707
              ],
              [
                126.6916,
                33.2698
              ],
              [
                126.6879,
                33.2696
              ],
              [
                126.6858,
                33.2694
              ],
              [
                126.6833,
                33.2696
              ],
              [
                126.6822,
                33.2704
              ],
              [
                126.681,
                33.2708
              ],
              [
                126.6785,
                33.2707
              ],
              [
                126.6784,
                33.2707
              ],
              [
                126.6784,
                33.2706
              ],
              [
                126.6784,
                33.2706
              ],
              [
                126.6783,
                33.2706
              ],
              [
                126.678,
                33.2704
              ],
              [
                126.678,
                33.2704
              ],
              [
                126.6779,
                33.27
              ],
              [
                126.6779,
                33.27
              ],
              [
                126.6779,
                33.27
              ],
              [
                126.6782,
                33.2691
              ],
              [
                126.6782,
                33.2691
              ],
              [
                126.6783,
                33.269
              ],
              [
                126.6781,
                33.2682
              ],
              [
                126.6776,
                33.267
              ],
              [
                126.677,
                33.2671
              ],
              [
                126.6751,
                33.2683
              ],
              [
                126.6744,
                33.2693
              ],
              [
                126.6729,
                33.2698
              ],
              [
                126.671,
                33.2706
              ],
              [
                126.6704,
                33.2708
              ],
              [
                126.6691,
                33.271
              ],
              [
                126.6649,
                33.2702
              ],
              [
                126.6628,
                33.2728
              ],
              [
                126.6628,
                33.2728
              ],
              [
                126.6628,
                33.273
              ],
              [
                126.6626,
                33.2737
              ],
              [
                126.6624,
                33.2739
              ],
              [
                126.6624,
                33.274
              ],
              [
                126.6623,
                33.274
              ],
              [
                126.6623,
                33.274
              ],
              [
                126.6622,
                33.274
              ],
              [
                126.6622,
                33.274
              ],
              [
                126.6621,
                33.2741
              ],
              [
                126.662,
                33.2741
              ],
              [
                126.662,
                33.2741
              ],
              [
                126.6619,
                33.2741
              ],
              [
                126.6611,
                33.2742
              ],
              [
                126.661,
                33.2742
              ],
              [
                126.6609,
                33.2742
              ],
              [
                126.6608,
                33.2742
              ],
              [
                126.6606,
                33.2742
              ],
              [
                126.6599,
                33.2742
              ],
              [
                126.6596,
                33.2742
              ],
              [
                126.6591,
                33.2741
              ],
              [
                126.659,
                33.2741
              ],
              [
                126.659,
                33.2741
              ],
              [
                126.6589,
                33.2741
              ],
              [
                126.6588,
                33.2741
              ],
              [
                126.6588,
                33.274
              ],
              [
                126.6582,
                33.2739
              ],
              [
                126.658,
                33.2737
              ],
              [
                126.6579,
                33.2734
              ],
              [
                126.6579,
                33.2733
              ],
              [
                126.6579,
                33.2733
              ],
              [
                126.6579,
                33.2732
              ],
              [
                126.6579,
                33.2732
              ],
              [
                126.658,
                33.2732
              ],
              [
                126.6584,
                33.2729
              ],
              [
                126.6588,
                33.2728
              ],
              [
                126.6607,
                33.2689
              ],
              [
                126.6578,
                33.2685
              ],
              [
                126.6577,
                33.2685
              ],
              [
                126.6546,
                33.2685
              ],
              [
                126.6498,
                33.2684
              ],
              [
                126.6496,
                33.2685
              ],
              [
                126.6496,
                33.2685
              ],
              [
                126.6495,
                33.2685
              ],
              [
                126.6495,
                33.2685
              ],
              [
                126.6495,
                33.2685
              ],
              [
                126.6487,
                33.2686
              ],
              [
                126.6486,
                33.2686
              ],
              [
                126.6482,
                33.2685
              ],
              [
                126.6481,
                33.2685
              ],
              [
                126.6459,
                33.2675
              ],
              [
                126.6432,
                33.2663
              ],
              [
                126.6423,
                33.2659
              ],
              [
                126.6422,
                33.2659
              ],
              [
                126.6421,
                33.2659
              ],
              [
                126.6421,
                33.2658
              ],
              [
                126.6421,
                33.2658
              ],
              [
                126.642,
                33.2658
              ],
              [
                126.6419,
                33.2657
              ],
              [
                126.6419,
                33.2656
              ],
              [
                126.6419,
                33.2656
              ],
              [
                126.6419,
                33.2656
              ],
              [
                126.6415,
                33.2636
              ],
              [
                126.6415,
                33.2636
              ],
              [
                126.6416,
                33.2632
              ],
              [
                126.6425,
                33.2634
              ],
              [
                126.6436,
                33.2619
              ],
              [
                126.6436,
                33.2617
              ],
              [
                126.6435,
                33.2614
              ],
              [
                126.6435,
                33.2614
              ],
              [
                126.6435,
                33.2614
              ],
              [
                126.6423,
                33.2599
              ],
              [
                126.6423,
                33.2599
              ],
              [
                126.6423,
                33.2599
              ],
              [
                126.6423,
                33.2599
              ],
              [
                126.6423,
                33.2598
              ],
              [
                126.6423,
                33.2598
              ],
              [
                126.6422,
                33.2598
              ],
              [
                126.6422,
                33.2598
              ],
              [
                126.6422,
                33.2598
              ],
              [
                126.6422,
                33.2598
              ],
              [
                126.6422,
                33.2598
              ],
              [
                126.6422,
                33.2598
              ],
              [
                126.6422,
                33.2598
              ],
              [
                126.6422,
                33.2598
              ],
              [
                126.6422,
                33.2598
              ],
              [
                126.6422,
                33.2598
              ],
              [
                126.6421,
                33.2598
              ],
              [
                126.6413,
                33.2596
              ],
              [
                126.6406,
                33.2595
              ],
              [
                126.6399,
                33.2592
              ],
              [
                126.6396,
                33.2589
              ],
              [
                126.6396,
                33.2589
              ],
              [
                126.6396,
                33.2589
              ],
              [
                126.6396,
                33.2589
              ],
              [
                126.6396,
                33.2589
              ],
              [
                126.6396,
                33.2589
              ],
              [
                126.6396,
                33.2589
              ],
              [
                126.6396,
                33.2588
              ],
              [
                126.6396,
                33.2588
              ],
              [
                126.6396,
                33.2588
              ],
              [
                126.64,
                33.2585
              ],
              [
                126.6404,
                33.2581
              ],
              [
                126.6406,
                33.2575
              ],
              [
                126.6406,
                33.2573
              ],
              [
                126.6402,
                33.257
              ],
              [
                126.6402,
                33.257
              ],
              [
                126.6402,
                33.257
              ],
              [
                126.6402,
                33.257
              ],
              [
                126.6402,
                33.257
              ],
              [
                126.6402,
                33.257
              ],
              [
                126.6401,
                33.257
              ],
              [
                126.6378,
                33.2567
              ],
              [
                126.6363,
                33.2568
              ],
              [
                126.6343,
                33.2559
              ],
              [
                126.6343,
                33.2559
              ],
              [
                126.6343,
                33.2559
              ],
              [
                126.6343,
                33.2559
              ],
              [
                126.6343,
                33.2558
              ],
              [
                126.6342,
                33.2557
              ],
              [
                126.6338,
                33.2551
              ],
              [
                126.6336,
                33.2547
              ],
              [
                126.6336,
                33.2546
              ],
              [
                126.6336,
                33.2544
              ],
              [
                126.6336,
                33.2544
              ],
              [
                126.6336,
                33.2544
              ],
              [
                126.6336,
                33.2544
              ],
              [
                126.6336,
                33.2544
              ],
              [
                126.6336,
                33.2544
              ],
              [
                126.6336,
                33.2544
              ],
              [
                126.6336,
                33.2544
              ],
              [
                126.6335,
                33.2544
              ],
              [
                126.6335,
                33.2544
              ],
              [
                126.6335,
                33.2544
              ],
              [
                126.6335,
                33.2544
              ],
              [
                126.6335,
                33.2544
              ],
              [
                126.6335,
                33.2543
              ],
              [
                126.6335,
                33.2543
              ],
              [
                126.6335,
                33.2543
              ],
              [
                126.6334,
                33.2543
              ],
              [
                126.6334,
                33.2543
              ],
              [
                126.633,
                33.254
              ],
              [
                126.633,
                33.254
              ],
              [
                126.633,
                33.254
              ],
              [
                126.633,
                33.254
              ],
              [
                126.6331,
                33.254
              ],
              [
                126.6331,
                33.254
              ],
              [
                126.6331,
                33.254
              ],
              [
                126.6331,
                33.2539
              ],
              [
                126.6331,
                33.2539
              ],
              [
                126.6331,
                33.2539
              ],
              [
                126.6331,
                33.2539
              ],
              [
                126.6331,
                33.2539
              ],
              [
                126.6331,
                33.2539
              ],
              [
                126.6331,
                33.2539
              ],
              [
                126.6331,
                33.2539
              ],
              [
                126.6329,
                33.2537
              ],
              [
                126.6329,
                33.2537
              ],
              [
                126.6329,
                33.2536
              ],
              [
                126.6322,
                33.2535
              ],
              [
                126.6322,
                33.2535
              ],
              [
                126.6319,
                33.2535
              ],
              [
                126.6318,
                33.2535
              ],
              [
                126.6315,
                33.2536
              ],
              [
                126.6314,
                33.2536
              ],
              [
                126.6314,
                33.2536
              ],
              [
                126.6314,
                33.2536
              ],
              [
                126.6314,
                33.2536
              ],
              [
                126.6314,
                33.2536
              ],
              [
                126.6314,
                33.2536
              ],
              [
                126.6314,
                33.2536
              ],
              [
                126.6314,
                33.2537
              ],
              [
                126.6314,
                33.2537
              ],
              [
                126.6313,
                33.2538
              ],
              [
                126.6313,
                33.2539
              ],
              [
                126.6312,
                33.254
              ],
              [
                126.6308,
                33.2544
              ],
              [
                126.6308,
                33.2544
              ],
              [
                126.6308,
                33.2544
              ],
              [
                126.6308,
                33.2544
              ],
              [
                126.6308,
                33.2544
              ],
              [
                126.6308,
                33.2544
              ],
              [
                126.6308,
                33.2544
              ],
              [
                126.6308,
                33.2544
              ],
              [
                126.6308,
                33.2544
              ],
              [
                126.6308,
                33.2544
              ],
              [
                126.6307,
                33.2544
              ],
              [
                126.6307,
                33.2544
              ],
              [
                126.6307,
                33.2544
              ],
              [
                126.6307,
                33.2544
              ],
              [
                126.6307,
                33.2544
              ],
              [
                126.6307,
                33.2544
              ],
              [
                126.6307,
                33.2544
              ],
              [
                126.6307,
                33.2544
              ],
              [
                126.6307,
                33.2544
              ],
              [
                126.6306,
                33.2545
              ],
              [
                126.6305,
                33.2545
              ],
              [
                126.6305,
                33.2545
              ],
              [
                126.6305,
                33.2545
              ],
              [
                126.6304,
                33.2545
              ],
              [
                126.6303,
                33.2545
              ],
              [
                126.6288,
                33.2543
              ],
              [
                126.6288,
                33.2543
              ],
              [
                126.6288,
                33.2543
              ],
              [
                126.6288,
                33.2543
              ],
              [
                126.6288,
                33.2543
              ],
              [
                126.6288,
                33.2543
              ],
              [
                126.6288,
                33.2543
              ],
              [
                126.6288,
                33.2543
              ],
              [
                126.6288,
                33.2543
              ],
              [
                126.6288,
                33.2543
              ],
              [
                126.6286,
                33.2542
              ],
              [
                126.6285,
                33.2541
              ],
              [
                126.6285,
                33.2541
              ],
              [
                126.6285,
                33.2541
              ],
              [
                126.6284,
                33.254
              ],
              [
                126.6284,
                33.254
              ],
              [
                126.6284,
                33.254
              ],
              [
                126.6284,
                33.254
              ],
              [
                126.6284,
                33.254
              ],
              [
                126.6284,
                33.254
              ],
              [
                126.6284,
                33.254
              ],
              [
                126.6284,
                33.254
              ],
              [
                126.6284,
                33.254
              ],
              [
                126.6283,
                33.2539
              ],
              [
                126.6283,
                33.2539
              ],
              [
                126.6283,
                33.2539
              ],
              [
                126.6283,
                33.2539
              ],
              [
                126.6283,
                33.2539
              ],
              [
                126.6283,
                33.2539
              ],
              [
                126.6283,
                33.2538
              ],
              [
                126.6283,
                33.2538
              ],
              [
                126.6283,
                33.2538
              ],
              [
                126.6283,
                33.2538
              ],
              [
                126.6283,
                33.2538
              ],
              [
                126.6283,
                33.2538
              ],
              [
                126.6284,
                33.2537
              ],
              [
                126.6284,
                33.2537
              ],
              [
                126.6284,
                33.2537
              ],
              [
                126.6284,
                33.2537
              ],
              [
                126.6284,
                33.2536
              ],
              [
                126.6284,
                33.2536
              ],
              [
                126.6284,
                33.2535
              ],
              [
                126.6284,
                33.2535
              ],
              [
                126.6284,
                33.2535
              ],
              [
                126.6284,
                33.2535
              ],
              [
                126.6285,
                33.2535
              ],
              [
                126.6285,
                33.2535
              ],
              [
                126.6285,
                33.2535
              ],
              [
                126.6285,
                33.2535
              ],
              [
                126.6285,
                33.2535
              ],
              [
                126.6289,
                33.2525
              ],
              [
                126.6287,
                33.2522
              ],
              [
                126.6282,
                33.2516
              ],
              [
                126.6279,
                33.2513
              ],
              [
                126.6277,
                33.2512
              ],
              [
                126.6277,
                33.2512
              ],
              [
                126.6276,
                33.2511
              ],
              [
                126.6276,
                33.2511
              ],
              [
                126.6275,
                33.2511
              ],
              [
                126.6275,
                33.2511
              ],
              [
                126.6275,
                33.2511
              ],
              [
                126.6274,
                33.2511
              ],
              [
                126.627,
                33.2511
              ],
              [
                126.6264,
                33.251
              ],
              [
                126.625,
                33.2512
              ],
              [
                126.625,
                33.2512
              ],
              [
                126.625,
                33.2512
              ],
              [
                126.6245,
                33.2512
              ],
              [
                126.6245,
                33.2512
              ],
              [
                126.6245,
                33.2512
              ],
              [
                126.6244,
                33.2512
              ],
              [
                126.6244,
                33.2512
              ],
              [
                126.6244,
                33.2512
              ],
              [
                126.6244,
                33.2512
              ],
              [
                126.6244,
                33.2512
              ],
              [
                126.6244,
                33.2512
              ],
              [
                126.6243,
                33.2511
              ],
              [
                126.6243,
                33.2511
              ],
              [
                126.6241,
                33.251
              ],
              [
                126.6241,
                33.251
              ],
              [
                126.6198,
                33.2497
              ],
              [
                126.6198,
                33.2497
              ],
              [
                126.6197,
                33.2497
              ],
              [
                126.6197,
                33.2497
              ],
              [
                126.6197,
                33.2496
              ],
              [
                126.6197,
                33.2496
              ],
              [
                126.6197,
                33.2495
              ],
              [
                126.6197,
                33.2495
              ],
              [
                126.6191,
                33.2452
              ],
              [
                126.6191,
                33.2448
              ],
              [
                126.6191,
                33.2448
              ],
              [
                126.6191,
                33.2447
              ],
              [
                126.6193,
                33.2442
              ],
              [
                126.6194,
                33.2442
              ],
              [
                126.6194,
                33.2441
              ],
              [
                126.6194,
                33.2441
              ],
              [
                126.6195,
                33.2441
              ],
              [
                126.6196,
                33.2441
              ],
              [
                126.6196,
                33.2441
              ],
              [
                126.6198,
                33.2441
              ],
              [
                126.6199,
                33.2441
              ],
              [
                126.6199,
                33.2434
              ],
              [
                126.6199,
                33.2434
              ],
              [
                126.6199,
                33.2432
              ],
              [
                126.6197,
                33.2429
              ],
              [
                126.6196,
                33.2429
              ],
              [
                126.6196,
                33.2428
              ],
              [
                126.6188,
                33.242
              ],
              [
                126.6183,
                33.2415
              ],
              [
                126.6178,
                33.2413
              ],
              [
                126.6142,
                33.2399
              ],
              [
                126.614,
                33.2399
              ],
              [
                126.6127,
                33.2399
              ],
              [
                126.6123,
                33.2399
              ],
              [
                126.6114,
                33.2397
              ],
              [
                126.6106,
                33.2395
              ],
              [
                126.6106,
                33.2395
              ],
              [
                126.6106,
                33.2395
              ],
              [
                126.6065,
                33.2382
              ],
              [
                126.6051,
                33.2387
              ],
              [
                126.6051,
                33.2387
              ],
              [
                126.6049,
                33.2387
              ],
              [
                126.6048,
                33.2387
              ],
              [
                126.6048,
                33.2387
              ],
              [
                126.6047,
                33.2387
              ],
              [
                126.6046,
                33.2386
              ],
              [
                126.6046,
                33.2386
              ],
              [
                126.6032,
                33.2379
              ],
              [
                126.6012,
                33.2359
              ],
              [
                126.5999,
                33.2345
              ],
              [
                126.5988,
                33.2344
              ],
              [
                126.5941,
                33.2366
              ],
              [
                126.5914,
                33.2384
              ],
              [
                126.5916,
                33.2403
              ],
              [
                126.5913,
                33.241
              ],
              [
                126.5858,
                33.2436
              ],
              [
                126.585,
                33.2437
              ],
              [
                126.5846,
                33.2438
              ],
              [
                126.5846,
                33.2438
              ],
              [
                126.5846,
                33.2438
              ],
              [
                126.5846,
                33.2438
              ],
              [
                126.5846,
                33.2438
              ],
              [
                126.5846,
                33.2437
              ],
              [
                126.5845,
                33.2437
              ],
              [
                126.5845,
                33.2437
              ],
              [
                126.5845,
                33.2437
              ],
              [
                126.5845,
                33.2437
              ],
              [
                126.5845,
                33.2436
              ],
              [
                126.5845,
                33.2436
              ],
              [
                126.5844,
                33.2433
              ],
              [
                126.5842,
                33.243
              ],
              [
                126.5842,
                33.243
              ],
              [
                126.5842,
                33.243
              ],
              [
                126.5842,
                33.243
              ],
              [
                126.5842,
                33.2429
              ],
              [
                126.5842,
                33.2429
              ],
              [
                126.5842,
                33.2429
              ],
              [
                126.5841,
                33.2428
              ],
              [
                126.5841,
                33.2428
              ],
              [
                126.584,
                33.2428
              ],
              [
                126.584,
                33.2428
              ],
              [
                126.5832,
                33.2423
              ],
              [
                126.5832,
                33.2423
              ],
              [
                126.5827,
                33.2422
              ],
              [
                126.5827,
                33.2422
              ],
              [
                126.5826,
                33.2422
              ],
              [
                126.581,
                33.2429
              ],
              [
                126.5805,
                33.2432
              ],
              [
                126.5798,
                33.2438
              ],
              [
                126.5795,
                33.244
              ],
              [
                126.578,
                33.2448
              ],
              [
                126.578,
                33.2448
              ],
              [
                126.5779,
                33.2448
              ],
              [
                126.5779,
                33.2448
              ],
              [
                126.5779,
                33.2448
              ],
              [
                126.5779,
                33.2448
              ],
              [
                126.5779,
                33.2448
              ],
              [
                126.5778,
                33.2448
              ],
              [
                126.5778,
                33.2448
              ],
              [
                126.5778,
                33.2448
              ],
              [
                126.5778,
                33.2448
              ],
              [
                126.5778,
                33.2448
              ],
              [
                126.5776,
                33.2448
              ],
              [
                126.5776,
                33.2448
              ],
              [
                126.5776,
                33.2448
              ],
              [
                126.5769,
                33.2448
              ],
              [
                126.5769,
                33.2448
              ],
              [
                126.5769,
                33.2448
              ],
              [
                126.5726,
                33.2443
              ],
              [
                126.5726,
                33.2443
              ],
              [
                126.5726,
                33.2443
              ],
              [
                126.5726,
                33.2443
              ],
              [
                126.5726,
                33.2443
              ],
              [
                126.5726,
                33.2443
              ],
              [
                126.5725,
                33.2443
              ],
              [
                126.5718,
                33.2443
              ],
              [
                126.5718,
                33.2443
              ],
              [
                126.5718,
                33.2443
              ],
              [
                126.5706,
                33.244
              ],
              [
                126.5706,
                33.244
              ],
              [
                126.5702,
                33.2438
              ],
              [
                126.5702,
                33.2438
              ],
              [
                126.5702,
                33.2438
              ],
              [
                126.5701,
                33.2438
              ],
              [
                126.5701,
                33.2437
              ],
              [
                126.5691,
                33.2432
              ],
              [
                126.5691,
                33.2432
              ],
              [
                126.569,
                33.2432
              ],
              [
                126.569,
                33.2431
              ],
              [
                126.5689,
                33.243
              ],
              [
                126.5688,
                33.243
              ],
              [
                126.5688,
                33.243
              ],
              [
                126.5688,
                33.243
              ],
              [
                126.5688,
                33.243
              ],
              [
                126.5688,
                33.243
              ],
              [
                126.5688,
                33.243
              ],
              [
                126.5688,
                33.243
              ],
              [
                126.5673,
                33.2399
              ],
              [
                126.5673,
                33.2399
              ],
              [
                126.5673,
                33.2399
              ],
              [
                126.5673,
                33.2399
              ],
              [
                126.5674,
                33.2398
              ],
              [
                126.5676,
                33.2395
              ],
              [
                126.568,
                33.2392
              ],
              [
                126.5689,
                33.2383
              ],
              [
                126.5693,
                33.238
              ],
              [
                126.5709,
                33.2364
              ],
              [
                126.571,
                33.2363
              ],
              [
                126.571,
                33.2363
              ],
              [
                126.5711,
                33.2362
              ],
              [
                126.5711,
                33.2361
              ],
              [
                126.5712,
                33.236
              ],
              [
                126.5712,
                33.236
              ],
              [
                126.5712,
                33.236
              ],
              [
                126.5712,
                33.2359
              ],
              [
                126.5711,
                33.2357
              ],
              [
                126.5711,
                33.2355
              ],
              [
                126.5711,
                33.2354
              ],
              [
                126.5711,
                33.2354
              ],
              [
                126.571,
                33.2353
              ],
              [
                126.571,
                33.2353
              ],
              [
                126.571,
                33.2353
              ],
              [
                126.5678,
                33.2328
              ],
              [
                126.5678,
                33.2328
              ],
              [
                126.5676,
                33.2327
              ],
              [
                126.5676,
                33.2327
              ],
              [
                126.5675,
                33.2327
              ],
              [
                126.5674,
                33.2327
              ],
              [
                126.5673,
                33.2327
              ],
              [
                126.5672,
                33.2327
              ],
              [
                126.5671,
                33.2328
              ],
              [
                126.5671,
                33.2328
              ],
              [
                126.5671,
                33.2329
              ],
              [
                126.5671,
                33.2329
              ],
              [
                126.5671,
                33.2329
              ],
              [
                126.5671,
                33.233
              ],
              [
                126.5671,
                33.233
              ],
              [
                126.5675,
                33.2336
              ],
              [
                126.5702,
                33.2357
              ],
              [
                126.5674,
                33.2382
              ],
              [
                126.5674,
                33.2382
              ],
              [
                126.5674,
                33.2382
              ],
              [
                126.5669,
                33.238
              ],
              [
                126.5667,
                33.238
              ],
              [
                126.5656,
                33.2376
              ],
              [
                126.5656,
                33.2376
              ],
              [
                126.5656,
                33.2376
              ],
              [
                126.5647,
                33.2379
              ],
              [
                126.5617,
                33.2399
              ],
              [
                126.5611,
                33.2405
              ],
              [
                126.5609,
                33.2407
              ],
              [
                126.5609,
                33.2407
              ],
              [
                126.5608,
                33.2411
              ],
              [
                126.561,
                33.2418
              ],
              [
                126.561,
                33.243
              ],
              [
                126.561,
                33.243
              ],
              [
                126.561,
                33.243
              ],
              [
                126.5609,
                33.243
              ],
              [
                126.5609,
                33.243
              ],
              [
                126.5609,
                33.243
              ],
              [
                126.5603,
                33.2424
              ],
              [
                126.5596,
                33.2416
              ],
              [
                126.5592,
                33.241
              ],
              [
                126.5591,
                33.2388
              ],
              [
                126.5592,
                33.2387
              ],
              [
                126.5592,
                33.2387
              ],
              [
                126.5592,
                33.2386
              ],
              [
                126.5592,
                33.2386
              ],
              [
                126.5596,
                33.2382
              ],
              [
                126.5601,
                33.2375
              ],
              [
                126.5629,
                33.2383
              ],
              [
                126.5635,
                33.2375
              ],
              [
                126.5642,
                33.2362
              ],
              [
                126.5642,
                33.2347
              ],
              [
                126.5638,
                33.2348
              ],
              [
                126.5618,
                33.2349
              ],
              [
                126.5594,
                33.2363
              ],
              [
                126.5592,
                33.2368
              ],
              [
                126.5597,
                33.2371
              ],
              [
                126.5586,
                33.2383
              ],
              [
                126.5586,
                33.2383
              ],
              [
                126.5579,
                33.239
              ],
              [
                126.5578,
                33.2391
              ],
              [
                126.5578,
                33.2391
              ],
              [
                126.5577,
                33.2391
              ],
              [
                126.5577,
                33.2391
              ],
              [
                126.5574,
                33.2391
              ],
              [
                126.5574,
                33.2391
              ],
              [
                126.5573,
                33.2391
              ],
              [
                126.5573,
                33.2391
              ],
              [
                126.5563,
                33.2389
              ],
              [
                126.5561,
                33.2389
              ],
              [
                126.5556,
                33.2387
              ],
              [
                126.5555,
                33.2387
              ],
              [
                126.555,
                33.2387
              ],
              [
                126.5544,
                33.2389
              ],
              [
                126.5544,
                33.2389
              ],
              [
                126.5522,
                33.2402
              ],
              [
                126.5515,
                33.2408
              ],
              [
                126.5515,
                33.2409
              ],
              [
                126.5509,
                33.2412
              ],
              [
                126.5509,
                33.2413
              ],
              [
                126.5508,
                33.2413
              ],
              [
                126.5508,
                33.2413
              ],
              [
                126.5507,
                33.2413
              ],
              [
                126.5505,
                33.2413
              ],
              [
                126.5504,
                33.2412
              ],
              [
                126.5503,
                33.2412
              ],
              [
                126.5502,
                33.2412
              ],
              [
                126.5498,
                33.2409
              ],
              [
                126.5483,
                33.2393
              ],
              [
                126.5455,
                33.2395
              ],
              [
                126.5449,
                33.2398
              ],
              [
                126.5444,
                33.2392
              ],
              [
                126.5441,
                33.2389
              ],
              [
                126.5436,
                33.2387
              ],
              [
                126.5436,
                33.2386
              ],
              [
                126.5436,
                33.2386
              ],
              [
                126.5435,
                33.2386
              ],
              [
                126.5435,
                33.2386
              ],
              [
                126.5435,
                33.2386
              ],
              [
                126.5434,
                33.2386
              ],
              [
                126.5434,
                33.2387
              ],
              [
                126.5434,
                33.2387
              ],
              [
                126.5433,
                33.2387
              ],
              [
                126.5433,
                33.2388
              ],
              [
                126.5433,
                33.2389
              ],
              [
                126.5433,
                33.2389
              ],
              [
                126.5433,
                33.239
              ],
              [
                126.5433,
                33.239
              ],
              [
                126.5433,
                33.2391
              ],
              [
                126.5428,
                33.2399
              ],
              [
                126.5428,
                33.2399
              ],
              [
                126.5428,
                33.2399
              ],
              [
                126.5426,
                33.2401
              ],
              [
                126.5425,
                33.2401
              ],
              [
                126.5424,
                33.2402
              ],
              [
                126.5408,
                33.2413
              ],
              [
                126.5408,
                33.2414
              ],
              [
                126.5402,
                33.2416
              ],
              [
                126.54,
                33.2416
              ],
              [
                126.5397,
                33.2416
              ],
              [
                126.5394,
                33.2416
              ],
              [
                126.5392,
                33.2415
              ],
              [
                126.5392,
                33.2415
              ],
              [
                126.5389,
                33.2415
              ],
              [
                126.5388,
                33.2415
              ],
              [
                126.5387,
                33.2414
              ],
              [
                126.5361,
                33.2402
              ],
              [
                126.5359,
                33.2401
              ],
              [
                126.5332,
                33.2391
              ],
              [
                126.5305,
                33.2394
              ],
              [
                126.5281,
                33.2398
              ],
              [
                126.5279,
                33.2398
              ],
              [
                126.5213,
                33.2409
              ],
              [
                126.5213,
                33.2409
              ],
              [
                126.5212,
                33.2409
              ],
              [
                126.5209,
                33.2409
              ],
              [
                126.5209,
                33.2409
              ],
              [
                126.5209,
                33.2409
              ],
              [
                126.5208,
                33.2409
              ],
              [
                126.5208,
                33.2408
              ],
              [
                126.5205,
                33.2407
              ],
              [
                126.5205,
                33.2406
              ],
              [
                126.5205,
                33.2406
              ],
              [
                126.5205,
                33.2406
              ],
              [
                126.5205,
                33.2406
              ],
              [
                126.5205,
                33.2405
              ],
              [
                126.5205,
                33.2402
              ],
              [
                126.5205,
                33.2402
              ],
              [
                126.5206,
                33.24
              ],
              [
                126.5206,
                33.24
              ],
              [
                126.5206,
                33.2399
              ],
              [
                126.5203,
                33.2386
              ],
              [
                126.5203,
                33.2386
              ],
              [
                126.5189,
                33.2371
              ],
              [
                126.5184,
                33.2368
              ],
              [
                126.5177,
                33.2368
              ],
              [
                126.5154,
                33.2362
              ],
              [
                126.5138,
                33.2344
              ],
              [
                126.5133,
                33.2329
              ],
              [
                126.5129,
                33.2326
              ],
              [
                126.5129,
                33.2326
              ],
              [
                126.5117,
                33.2317
              ],
              [
                126.5114,
                33.2314
              ],
              [
                126.5112,
                33.2312
              ],
              [
                126.5109,
                33.2309
              ],
              [
                126.5109,
                33.2308
              ],
              [
                126.5109,
                33.2308
              ],
              [
                126.5109,
                33.2308
              ],
              [
                126.5109,
                33.2308
              ],
              [
                126.5109,
                33.2308
              ],
              [
                126.5109,
                33.2307
              ],
              [
                126.5109,
                33.2307
              ],
              [
                126.5109,
                33.2307
              ],
              [
                126.5109,
                33.2307
              ],
              [
                126.5109,
                33.2307
              ],
              [
                126.5108,
                33.2306
              ],
              [
                126.5105,
                33.2304
              ],
              [
                126.5105,
                33.2304
              ],
              [
                126.5105,
                33.2304
              ],
              [
                126.5086,
                33.2297
              ],
              [
                126.5069,
                33.2297
              ],
              [
                126.5062,
                33.2297
              ],
              [
                126.5059,
                33.2298
              ],
              [
                126.5056,
                33.2299
              ],
              [
                126.5055,
                33.2301
              ],
              [
                126.5052,
                33.2309
              ],
              [
                126.5041,
                33.2302
              ],
              [
                126.5041,
                33.2301
              ],
              [
                126.5041,
                33.2301
              ],
              [
                126.4986,
                33.2292
              ],
              [
                126.4979,
                33.2295
              ],
              [
                126.4976,
                33.2299
              ],
              [
                126.4976,
                33.2299
              ],
              [
                126.4975,
                33.2303
              ],
              [
                126.4976,
                33.2303
              ],
              [
                126.4976,
                33.2304
              ],
              [
                126.4976,
                33.2304
              ],
              [
                126.4976,
                33.2304
              ],
              [
                126.4976,
                33.2305
              ],
              [
                126.4977,
                33.2305
              ],
              [
                126.4977,
                33.2305
              ],
              [
                126.4978,
                33.2306
              ],
              [
                126.4978,
                33.2306
              ],
              [
                126.4979,
                33.2308
              ],
              [
                126.4978,
                33.2312
              ],
              [
                126.4976,
                33.2314
              ],
              [
                126.4975,
                33.2316
              ],
              [
                126.4975,
                33.2316
              ],
              [
                126.4975,
                33.2317
              ],
              [
                126.4973,
                33.2318
              ],
              [
                126.4972,
                33.2319
              ],
              [
                126.4971,
                33.2319
              ],
              [
                126.497,
                33.232
              ],
              [
                126.497,
                33.232
              ],
              [
                126.4969,
                33.2321
              ],
              [
                126.4968,
                33.2321
              ],
              [
                126.4964,
                33.2322
              ],
              [
                126.4913,
                33.2325
              ],
              [
                126.4913,
                33.2325
              ],
              [
                126.4913,
                33.2325
              ],
              [
                126.4913,
                33.2325
              ],
              [
                126.4913,
                33.2325
              ],
              [
                126.491,
                33.2314
              ],
              [
                126.4894,
                33.2312
              ],
              [
                126.4865,
                33.2304
              ],
              [
                126.4857,
                33.2301
              ],
              [
                126.4832,
                33.2282
              ],
              [
                126.4795,
                33.2279
              ],
              [
                126.4772,
                33.2277
              ],
              [
                126.4764,
                33.2263
              ],
              [
                126.4778,
                33.2238
              ],
              [
                126.4778,
                33.2238
              ],
              [
                126.4778,
                33.2238
              ],
              [
                126.4778,
                33.2237
              ],
              [
                126.4778,
                33.2237
              ],
              [
                126.4778,
                33.2237
              ],
              [
                126.4757,
                33.2232
              ],
              [
                126.4755,
                33.2231
              ],
              [
                126.4755,
                33.2231
              ],
              [
                126.4729,
                33.223
              ],
              [
                126.4728,
                33.223
              ],
              [
                126.4728,
                33.223
              ],
              [
                126.4728,
                33.223
              ],
              [
                126.4728,
                33.223
              ],
              [
                126.4713,
                33.2238
              ],
              [
                126.4712,
                33.2238
              ],
              [
                126.471,
                33.2242
              ],
              [
                126.47,
                33.2255
              ],
              [
                126.4693,
                33.2264
              ],
              [
                126.4669,
                33.2285
              ],
              [
                126.4647,
                33.2297
              ],
              [
                126.4615,
                33.2313
              ],
              [
                126.4627,
                33.2331
              ],
              [
                126.4627,
                33.2331
              ],
              [
                126.4627,
                33.2331
              ],
              [
                126.4628,
                33.2332
              ],
              [
                126.4628,
                33.2332
              ],
              [
                126.4629,
                33.2333
              ],
              [
                126.4629,
                33.2333
              ],
              [
                126.4629,
                33.2336
              ],
              [
                126.463,
                33.2338
              ],
              [
                126.4629,
                33.2342
              ],
              [
                126.4627,
                33.2354
              ],
              [
                126.4624,
                33.2364
              ],
              [
                126.4624,
                33.2365
              ],
              [
                126.462,
                33.2373
              ],
              [
                126.462,
                33.2374
              ],
              [
                126.462,
                33.2374
              ],
              [
                126.462,
                33.2375
              ],
              [
                126.4607,
                33.2388
              ],
              [
                126.4607,
                33.2389
              ],
              [
                126.4607,
                33.2389
              ],
              [
                126.4606,
                33.2389
              ],
              [
                126.4605,
                33.239
              ],
              [
                126.4605,
                33.2391
              ],
              [
                126.4604,
                33.2391
              ],
              [
                126.4604,
                33.2391
              ],
              [
                126.4602,
                33.2393
              ],
              [
                126.4601,
                33.2393
              ],
              [
                126.4601,
                33.2394
              ],
              [
                126.46,
                33.2394
              ],
              [
                126.46,
                33.2394
              ],
              [
                126.46,
                33.2394
              ],
              [
                126.4599,
                33.2394
              ],
              [
                126.4599,
                33.2394
              ],
              [
                126.4599,
                33.2394
              ],
              [
                126.4599,
                33.2394
              ],
              [
                126.4599,
                33.2394
              ],
              [
                126.4591,
                33.2393
              ],
              [
                126.4578,
                33.24
              ],
              [
                126.4576,
                33.2404
              ],
              [
                126.4571,
                33.2412
              ],
              [
                126.457,
                33.2407
              ],
              [
                126.457,
                33.2407
              ],
              [
                126.4569,
                33.2407
              ],
              [
                126.4568,
                33.2405
              ],
              [
                126.4568,
                33.2404
              ],
              [
                126.4568,
                33.2404
              ],
              [
                126.4567,
                33.2404
              ],
              [
                126.4565,
                33.2401
              ],
              [
                126.4565,
                33.2401
              ],
              [
                126.4564,
                33.2401
              ],
              [
                126.4564,
                33.2401
              ],
              [
                126.4561,
                33.2401
              ],
              [
                126.456,
                33.24
              ],
              [
                126.456,
                33.24
              ],
              [
                126.456,
                33.24
              ],
              [
                126.456,
                33.24
              ],
              [
                126.4559,
                33.2401
              ],
              [
                126.4559,
                33.2401
              ],
              [
                126.4559,
                33.2401
              ],
              [
                126.4552,
                33.2402
              ],
              [
                126.4552,
                33.2402
              ],
              [
                126.4552,
                33.2403
              ],
              [
                126.4552,
                33.2403
              ],
              [
                126.4549,
                33.2405
              ],
              [
                126.4549,
                33.2405
              ],
              [
                126.4549,
                33.2406
              ],
              [
                126.4549,
                33.2406
              ],
              [
                126.4549,
                33.2406
              ],
              [
                126.455,
                33.2406
              ],
              [
                126.4542,
                33.2411
              ],
              [
                126.452,
                33.2415
              ],
              [
                126.4519,
                33.2415
              ],
              [
                126.4519,
                33.2415
              ],
              [
                126.4519,
                33.2415
              ],
              [
                126.4518,
                33.2415
              ],
              [
                126.4518,
                33.2415
              ],
              [
                126.4518,
                33.2415
              ],
              [
                126.4518,
                33.2415
              ],
              [
                126.4517,
                33.2415
              ],
              [
                126.4516,
                33.2415
              ],
              [
                126.4501,
                33.2411
              ],
              [
                126.45,
                33.2411
              ],
              [
                126.4499,
                33.2411
              ],
              [
                126.4499,
                33.2411
              ],
              [
                126.4499,
                33.2411
              ],
              [
                126.4498,
                33.2411
              ],
              [
                126.4498,
                33.2411
              ],
              [
                126.4498,
                33.2411
              ],
              [
                126.4498,
                33.2411
              ],
              [
                126.4497,
                33.241
              ],
              [
                126.4497,
                33.241
              ],
              [
                126.4497,
                33.241
              ],
              [
                126.4496,
                33.241
              ],
              [
                126.4495,
                33.2409
              ],
              [
                126.4495,
                33.2409
              ],
              [
                126.4495,
                33.2409
              ],
              [
                126.4492,
                33.2405
              ],
              [
                126.4492,
                33.2404
              ],
              [
                126.4492,
                33.2404
              ],
              [
                126.4492,
                33.2404
              ],
              [
                126.4492,
                33.2404
              ],
              [
                126.4492,
                33.2404
              ],
              [
                126.449,
                33.2401
              ],
              [
                126.449,
                33.24
              ],
              [
                126.4489,
                33.24
              ],
              [
                126.4489,
                33.2399
              ],
              [
                126.4489,
                33.2399
              ],
              [
                126.4487,
                33.2398
              ],
              [
                126.4484,
                33.2396
              ],
              [
                126.4484,
                33.2396
              ],
              [
                126.4484,
                33.2396
              ],
              [
                126.4476,
                33.2392
              ],
              [
                126.4476,
                33.2392
              ],
              [
                126.4424,
                33.2372
              ],
              [
                126.4424,
                33.2372
              ],
              [
                126.4423,
                33.2372
              ],
              [
                126.4423,
                33.2371
              ],
              [
                126.4422,
                33.2371
              ],
              [
                126.4421,
                33.2371
              ],
              [
                126.4421,
                33.2371
              ],
              [
                126.442,
                33.2371
              ],
              [
                126.442,
                33.2371
              ],
              [
                126.442,
                33.2372
              ],
              [
                126.4391,
                33.2379
              ],
              [
                126.4392,
                33.2381
              ],
              [
                126.4392,
                33.2388
              ],
              [
                126.4392,
                33.2389
              ],
              [
                126.4391,
                33.2389
              ],
              [
                126.4391,
                33.2389
              ],
              [
                126.439,
                33.239
              ],
              [
                126.4389,
                33.239
              ],
              [
                126.4385,
                33.239
              ],
              [
                126.4383,
                33.239
              ],
              [
                126.4382,
                33.239
              ],
              [
                126.4381,
                33.239
              ],
              [
                126.4351,
                33.2364
              ],
              [
                126.4341,
                33.2349
              ],
              [
                126.4293,
                33.2352
              ],
              [
                126.427,
                33.2357
              ],
              [
                126.4241,
                33.237
              ],
              [
                126.4231,
                33.2379
              ],
              [
                126.4231,
                33.238
              ],
              [
                126.423,
                33.238
              ],
              [
                126.423,
                33.2381
              ],
              [
                126.423,
                33.2382
              ],
              [
                126.4231,
                33.2382
              ],
              [
                126.4223,
                33.2394
              ],
              [
                126.4203,
                33.2415
              ],
              [
                126.4182,
                33.2435
              ],
              [
                126.4181,
                33.2436
              ],
              [
                126.4131,
                33.2446
              ],
              [
                126.413,
                33.2446
              ],
              [
                126.4127,
                33.2446
              ],
              [
                126.4126,
                33.2446
              ],
              [
                126.4125,
                33.2446
              ],
              [
                126.4124,
                33.2446
              ],
              [
                126.4104,
                33.2447
              ],
              [
                126.4102,
                33.2447
              ],
              [
                126.4101,
                33.2447
              ],
              [
                126.4088,
                33.2446
              ],
              [
                126.4086,
                33.2446
              ],
              [
                126.4084,
                33.2445
              ],
              [
                126.4082,
                33.2445
              ],
              [
                126.4081,
                33.2444
              ],
              [
                126.4079,
                33.2444
              ],
              [
                126.4055,
                33.2432
              ],
              [
                126.3985,
                33.2403
              ],
              [
                126.3949,
                33.2378
              ],
              [
                126.3947,
                33.2378
              ],
              [
                126.394,
                33.2377
              ],
              [
                126.3931,
                33.2377
              ],
              [
                126.3909,
                33.2371
              ],
              [
                126.3865,
                33.2345
              ],
              [
                126.3826,
                33.2335
              ],
              [
                126.3825,
                33.2335
              ],
              [
                126.3825,
                33.2335
              ],
              [
                126.3822,
                33.2338
              ],
              [
                126.3822,
                33.2338
              ],
              [
                126.3822,
                33.2338
              ],
              [
                126.3822,
                33.2338
              ],
              [
                126.3821,
                33.2338
              ],
              [
                126.3813,
                33.234
              ],
              [
                126.3813,
                33.234
              ],
              [
                126.3812,
                33.2341
              ],
              [
                126.3811,
                33.2341
              ],
              [
                126.3811,
                33.2341
              ],
              [
                126.3811,
                33.2341
              ],
              [
                126.3808,
                33.2341
              ],
              [
                126.3808,
                33.2341
              ],
              [
                126.3807,
                33.2341
              ],
              [
                126.3807,
                33.2341
              ],
              [
                126.3797,
                33.234
              ],
              [
                126.3796,
                33.234
              ],
              [
                126.3796,
                33.234
              ],
              [
                126.3796,
                33.234
              ],
              [
                126.3795,
                33.2339
              ],
              [
                126.3794,
                33.2339
              ],
              [
                126.3794,
                33.2339
              ],
              [
                126.3794,
                33.2339
              ],
              [
                126.3759,
                33.2337
              ],
              [
                126.3754,
                33.2336
              ],
              [
                126.3733,
                33.2318
              ],
              [
                126.3733,
                33.2318
              ],
              [
                126.3732,
                33.2318
              ],
              [
                126.3732,
                33.2317
              ],
              [
                126.3732,
                33.2317
              ],
              [
                126.3731,
                33.2315
              ],
              [
                126.373,
                33.2314
              ],
              [
                126.3729,
                33.2311
              ],
              [
                126.3728,
                33.2308
              ],
              [
                126.3728,
                33.2304
              ],
              [
                126.3728,
                33.2304
              ],
              [
                126.3728,
                33.2304
              ],
              [
                126.3729,
                33.2297
              ],
              [
                126.3704,
                33.2293
              ],
              [
                126.3693,
                33.2296
              ],
              [
                126.3692,
                33.2296
              ],
              [
                126.3692,
                33.2296
              ],
              [
                126.3689,
                33.2297
              ],
              [
                126.3689,
                33.2297
              ],
              [
                126.3686,
                33.2298
              ],
              [
                126.3686,
                33.2299
              ],
              [
                126.3686,
                33.2299
              ],
              [
                126.3686,
                33.2299
              ],
              [
                126.3686,
                33.2299
              ],
              [
                126.3686,
                33.2299
              ],
              [
                126.3686,
                33.23
              ],
              [
                126.3685,
                33.23
              ],
              [
                126.3685,
                33.23
              ],
              [
                126.3685,
                33.23
              ],
              [
                126.3685,
                33.23
              ],
              [
                126.3686,
                33.23
              ],
              [
                126.3686,
                33.2301
              ],
              [
                126.3686,
                33.2301
              ],
              [
                126.3686,
                33.2301
              ],
              [
                126.3686,
                33.23
              ],
              [
                126.3688,
                33.23
              ],
              [
                126.3691,
                33.23
              ],
              [
                126.3691,
                33.23
              ],
              [
                126.3691,
                33.23
              ],
              [
                126.3691,
                33.23
              ],
              [
                126.3691,
                33.23
              ],
              [
                126.3691,
                33.23
              ],
              [
                126.3691,
                33.23
              ],
              [
                126.3691,
                33.23
              ],
              [
                126.3688,
                33.2305
              ],
              [
                126.3682,
                33.2313
              ],
              [
                126.3682,
                33.2314
              ],
              [
                126.3682,
                33.2314
              ],
              [
                126.3681,
                33.2314
              ],
              [
                126.3681,
                33.2314
              ],
              [
                126.3681,
                33.2314
              ],
              [
                126.3681,
                33.2314
              ],
              [
                126.368,
                33.2315
              ],
              [
                126.368,
                33.2315
              ],
              [
                126.368,
                33.2315
              ],
              [
                126.368,
                33.2315
              ],
              [
                126.3679,
                33.2315
              ],
              [
                126.3679,
                33.2315
              ],
              [
                126.3679,
                33.2315
              ],
              [
                126.3679,
                33.2315
              ],
              [
                126.3678,
                33.2315
              ],
              [
                126.3678,
                33.2315
              ],
              [
                126.3678,
                33.2315
              ],
              [
                126.3678,
                33.2315
              ],
              [
                126.3677,
                33.2315
              ],
              [
                126.3672,
                33.2313
              ],
              [
                126.3671,
                33.2313
              ],
              [
                126.3671,
                33.2313
              ],
              [
                126.3671,
                33.2313
              ],
              [
                126.3671,
                33.2313
              ],
              [
                126.3671,
                33.2313
              ],
              [
                126.3668,
                33.231
              ],
              [
                126.3668,
                33.231
              ],
              [
                126.3668,
                33.231
              ],
              [
                126.3666,
                33.2306
              ],
              [
                126.3666,
                33.2302
              ],
              [
                126.3667,
                33.2298
              ],
              [
                126.3669,
                33.2295
              ],
              [
                126.3669,
                33.2295
              ],
              [
                126.3669,
                33.2295
              ],
              [
                126.3669,
                33.2295
              ],
              [
                126.3669,
                33.2295
              ],
              [
                126.3669,
                33.2295
              ],
              [
                126.367,
                33.2295
              ],
              [
                126.367,
                33.2295
              ],
              [
                126.367,
                33.2295
              ],
              [
                126.367,
                33.2295
              ],
              [
                126.3671,
                33.2295
              ],
              [
                126.3671,
                33.2295
              ],
              [
                126.3671,
                33.2295
              ],
              [
                126.3671,
                33.2295
              ],
              [
                126.3671,
                33.2295
              ],
              [
                126.3671,
                33.2295
              ],
              [
                126.3671,
                33.2294
              ],
              [
                126.3671,
                33.2294
              ],
              [
                126.3671,
                33.2294
              ],
              [
                126.3667,
                33.229
              ],
              [
                126.3667,
                33.2289
              ],
              [
                126.3667,
                33.2289
              ],
              [
                126.3667,
                33.2289
              ],
              [
                126.3667,
                33.2289
              ],
              [
                126.3667,
                33.2289
              ],
              [
                126.3666,
                33.2289
              ],
              [
                126.3666,
                33.2289
              ],
              [
                126.3666,
                33.2289
              ],
              [
                126.3666,
                33.229
              ],
              [
                126.3656,
                33.2295
              ],
              [
                126.3655,
                33.2295
              ],
              [
                126.3651,
                33.2298
              ],
              [
                126.3651,
                33.2298
              ],
              [
                126.3651,
                33.2298
              ],
              [
                126.3651,
                33.2298
              ],
              [
                126.365,
                33.2298
              ],
              [
                126.365,
                33.2299
              ],
              [
                126.3634,
                33.2317
              ],
              [
                126.3626,
                33.2338
              ],
              [
                126.3622,
                33.2352
              ],
              [
                126.3621,
                33.236
              ],
              [
                126.3624,
                33.237
              ],
              [
                126.3623,
                33.237
              ],
              [
                126.3618,
                33.2371
              ],
              [
                126.3617,
                33.2371
              ],
              [
                126.3617,
                33.2371
              ],
              [
                126.3617,
                33.2371
              ],
              [
                126.3605,
                33.2363
              ],
              [
                126.3603,
                33.2363
              ],
              [
                126.3603,
                33.2363
              ],
              [
                126.3603,
                33.2363
              ],
              [
                126.3602,
                33.2363
              ],
              [
                126.3602,
                33.2363
              ],
              [
                126.3602,
                33.2362
              ],
              [
                126.3602,
                33.2362
              ],
              [
                126.3602,
                33.2362
              ],
              [
                126.3602,
                33.2354
              ],
              [
                126.3606,
                33.235
              ],
              [
                126.3609,
                33.2348
              ],
              [
                126.3609,
                33.2348
              ],
              [
                126.3609,
                33.2348
              ],
              [
                126.361,
                33.2348
              ],
              [
                126.361,
                33.2348
              ],
              [
                126.3611,
                33.2347
              ],
              [
                126.3611,
                33.2347
              ],
              [
                126.3611,
                33.2347
              ],
              [
                126.3611,
                33.2347
              ],
              [
                126.3611,
                33.2346
              ],
              [
                126.3611,
                33.2346
              ],
              [
                126.3611,
                33.2346
              ],
              [
                126.3611,
                33.2346
              ],
              [
                126.3604,
                33.2343
              ],
              [
                126.3604,
                33.2342
              ],
              [
                126.3603,
                33.2342
              ],
              [
                126.3603,
                33.2342
              ],
              [
                126.3586,
                33.2344
              ],
              [
                126.3586,
                33.2344
              ],
              [
                126.3586,
                33.2344
              ],
              [
                126.3579,
                33.2347
              ],
              [
                126.3579,
                33.2347
              ],
              [
                126.3579,
                33.2347
              ],
              [
                126.3579,
                33.2347
              ],
              [
                126.3579,
                33.2347
              ],
              [
                126.358,
                33.235
              ],
              [
                126.358,
                33.235
              ],
              [
                126.3581,
                33.2351
              ],
              [
                126.3581,
                33.2351
              ],
              [
                126.3581,
                33.2351
              ],
              [
                126.3581,
                33.2351
              ],
              [
                126.3581,
                33.2351
              ],
              [
                126.3581,
                33.2351
              ],
              [
                126.3582,
                33.2352
              ],
              [
                126.3582,
                33.2352
              ],
              [
                126.3582,
                33.2352
              ],
              [
                126.3582,
                33.2352
              ],
              [
                126.3582,
                33.2352
              ],
              [
                126.3582,
                33.2352
              ],
              [
                126.3583,
                33.2352
              ],
              [
                126.3583,
                33.2352
              ],
              [
                126.3583,
                33.2353
              ],
              [
                126.3583,
                33.2353
              ],
              [
                126.3584,
                33.2353
              ],
              [
                126.3584,
                33.2353
              ],
              [
                126.3584,
                33.2353
              ],
              [
                126.3559,
                33.2361
              ],
              [
                126.3537,
                33.2354
              ],
              [
                126.3509,
                33.2347
              ],
              [
                126.3499,
                33.2345
              ],
              [
                126.3499,
                33.2345
              ],
              [
                126.3499,
                33.2345
              ],
              [
                126.3496,
                33.2346
              ],
              [
                126.3496,
                33.2346
              ],
              [
                126.3496,
                33.2346
              ],
              [
                126.3487,
                33.2351
              ],
              [
                126.3487,
                33.2351
              ],
              [
                126.3487,
                33.2351
              ],
              [
                126.3484,
                33.2354
              ],
              [
                126.3484,
                33.2354
              ],
              [
                126.3483,
                33.2354
              ],
              [
                126.347,
                33.2362
              ],
              [
                126.347,
                33.2362
              ],
              [
                126.3464,
                33.2363
              ],
              [
                126.3442,
                33.2363
              ],
              [
                126.3442,
                33.236
              ],
              [
                126.3436,
                33.2352
              ],
              [
                126.3436,
                33.2351
              ],
              [
                126.3435,
                33.2351
              ],
              [
                126.3435,
                33.2351
              ],
              [
                126.3435,
                33.2351
              ],
              [
                126.3435,
                33.2351
              ],
              [
                126.3435,
                33.2351
              ],
              [
                126.3434,
                33.2351
              ],
              [
                126.3434,
                33.235
              ],
              [
                126.3434,
                33.235
              ],
              [
                126.3434,
                33.235
              ],
              [
                126.3433,
                33.235
              ],
              [
                126.3433,
                33.235
              ],
              [
                126.3433,
                33.235
              ],
              [
                126.3433,
                33.235
              ],
              [
                126.3409,
                33.2349
              ],
              [
                126.3407,
                33.2349
              ],
              [
                126.3388,
                33.2355
              ],
              [
                126.3336,
                33.2339
              ],
              [
                126.3293,
                33.2318
              ],
              [
                126.3278,
                33.2318
              ],
              [
                126.3278,
                33.2324
              ],
              [
                126.3291,
                33.2324
              ],
              [
                126.3354,
                33.2348
              ],
              [
                126.3341,
                33.2389
              ],
              [
                126.3339,
                33.2393
              ],
              [
                126.3337,
                33.2395
              ],
              [
                126.3333,
                33.2397
              ],
              [
                126.3323,
                33.2402
              ],
              [
                126.3315,
                33.2406
              ],
              [
                126.3313,
                33.2407
              ],
              [
                126.3308,
                33.2409
              ],
              [
                126.3307,
                33.2409
              ],
              [
                126.3306,
                33.2409
              ],
              [
                126.3277,
                33.2408
              ],
              [
                126.3261,
                33.2404
              ],
              [
                126.3207,
                33.2388
              ],
              [
                126.3207,
                33.2388
              ],
              [
                126.3204,
                33.2386
              ],
              [
                126.3198,
                33.2383
              ],
              [
                126.3183,
                33.2376
              ],
              [
                126.3167,
                33.2366
              ],
              [
                126.3164,
                33.2364
              ],
              [
                126.3163,
                33.2363
              ],
              [
                126.3162,
                33.2362
              ],
              [
                126.3159,
                33.2357
              ],
              [
                126.315,
                33.233
              ],
              [
                126.315,
                33.2329
              ],
              [
                126.3125,
                33.2325
              ],
              [
                126.3118,
                33.2323
              ],
              [
                126.3118,
                33.2323
              ],
              [
                126.3118,
                33.2322
              ],
              [
                126.3117,
                33.2322
              ],
              [
                126.3117,
                33.2322
              ],
              [
                126.3117,
                33.2322
              ],
              [
                126.3116,
                33.2322
              ],
              [
                126.3116,
                33.2321
              ],
              [
                126.3116,
                33.2321
              ],
              [
                126.3116,
                33.2321
              ],
              [
                126.3116,
                33.2321
              ],
              [
                126.3115,
                33.2321
              ],
              [
                126.3114,
                33.232
              ],
              [
                126.3114,
                33.2319
              ],
              [
                126.3113,
                33.2319
              ],
              [
                126.3113,
                33.2319
              ],
              [
                126.3113,
                33.2319
              ],
              [
                126.3113,
                33.2319
              ],
              [
                126.3113,
                33.2319
              ],
              [
                126.3098,
                33.2299
              ],
              [
                126.3098,
                33.2296
              ],
              [
                126.3099,
                33.2294
              ],
              [
                126.3099,
                33.2293
              ],
              [
                126.31,
                33.2293
              ],
              [
                126.31,
                33.2293
              ],
              [
                126.31,
                33.2293
              ],
              [
                126.31,
                33.2292
              ],
              [
                126.31,
                33.2292
              ],
              [
                126.31,
                33.2291
              ],
              [
                126.31,
                33.2291
              ],
              [
                126.31,
                33.2291
              ],
              [
                126.31,
                33.2291
              ],
              [
                126.31,
                33.2285
              ],
              [
                126.3099,
                33.2283
              ],
              [
                126.3098,
                33.2279
              ],
              [
                126.3094,
                33.227
              ],
              [
                126.3087,
                33.2264
              ],
              [
                126.3087,
                33.2264
              ],
              [
                126.3086,
                33.2264
              ],
              [
                126.3086,
                33.2264
              ],
              [
                126.3064,
                33.2259
              ],
              [
                126.3064,
                33.2259
              ],
              [
                126.3063,
                33.2259
              ],
              [
                126.3063,
                33.226
              ],
              [
                126.3062,
                33.226
              ],
              [
                126.3062,
                33.226
              ],
              [
                126.3062,
                33.2261
              ],
              [
                126.3061,
                33.2261
              ],
              [
                126.3061,
                33.2262
              ],
              [
                126.3061,
                33.2262
              ],
              [
                126.3064,
                33.2268
              ],
              [
                126.3065,
                33.2269
              ],
              [
                126.3065,
                33.2269
              ],
              [
                126.3073,
                33.2271
              ],
              [
                126.3074,
                33.2272
              ],
              [
                126.3074,
                33.2272
              ],
              [
                126.3075,
                33.2271
              ],
              [
                126.3075,
                33.2271
              ],
              [
                126.3078,
                33.2272
              ],
              [
                126.3086,
                33.2275
              ],
              [
                126.3086,
                33.2276
              ],
              [
                126.3086,
                33.2278
              ],
              [
                126.3082,
                33.2279
              ],
              [
                126.307,
                33.2282
              ],
              [
                126.3066,
                33.2281
              ],
              [
                126.3061,
                33.2279
              ],
              [
                126.3024,
                33.2266
              ],
              [
                126.3024,
                33.2266
              ],
              [
                126.302,
                33.2264
              ],
              [
                126.302,
                33.2264
              ],
              [
                126.3019,
                33.2263
              ],
              [
                126.3019,
                33.2263
              ],
              [
                126.3017,
                33.2263
              ],
              [
                126.3017,
                33.2262
              ],
              [
                126.3017,
                33.2262
              ],
              [
                126.3017,
                33.2262
              ],
              [
                126.3016,
                33.2262
              ],
              [
                126.3016,
                33.2262
              ],
              [
                126.3016,
                33.2262
              ],
              [
                126.3016,
                33.2262
              ],
              [
                126.3016,
                33.2261
              ],
              [
                126.3014,
                33.226
              ],
              [
                126.3013,
                33.2259
              ],
              [
                126.2984,
                33.223
              ],
              [
                126.2984,
                33.223
              ],
              [
                126.2982,
                33.2229
              ],
              [
                126.2982,
                33.2229
              ],
              [
                126.2981,
                33.2229
              ],
              [
                126.2981,
                33.2228
              ],
              [
                126.2981,
                33.2228
              ],
              [
                126.2981,
                33.2228
              ],
              [
                126.298,
                33.2228
              ],
              [
                126.298,
                33.2228
              ],
              [
                126.298,
                33.2228
              ],
              [
                126.298,
                33.2227
              ],
              [
                126.298,
                33.2227
              ],
              [
                126.298,
                33.2227
              ],
              [
                126.298,
                33.2227
              ],
              [
                126.2979,
                33.2227
              ],
              [
                126.2979,
                33.2226
              ],
              [
                126.2979,
                33.2226
              ],
              [
                126.2979,
                33.2226
              ],
              [
                126.2979,
                33.2226
              ],
              [
                126.2979,
                33.2226
              ],
              [
                126.2976,
                33.222
              ],
              [
                126.2975,
                33.222
              ],
              [
                126.2963,
                33.2191
              ],
              [
                126.2965,
                33.2177
              ],
              [
                126.2952,
                33.2157
              ],
              [
                126.295,
                33.2137
              ],
              [
                126.295,
                33.2137
              ],
              [
                126.295,
                33.2137
              ],
              [
                126.295,
                33.2136
              ],
              [
                126.2948,
                33.2133
              ],
              [
                126.2948,
                33.2133
              ],
              [
                126.2948,
                33.2133
              ],
              [
                126.2948,
                33.2132
              ],
              [
                126.2942,
                33.2124
              ],
              [
                126.2942,
                33.2124
              ],
              [
                126.2934,
                33.212
              ],
              [
                126.2934,
                33.212
              ],
              [
                126.2934,
                33.212
              ],
              [
                126.2932,
                33.212
              ],
              [
                126.2932,
                33.212
              ],
              [
                126.2932,
                33.212
              ],
              [
                126.2932,
                33.212
              ],
              [
                126.2931,
                33.212
              ],
              [
                126.2931,
                33.212
              ],
              [
                126.2931,
                33.212
              ],
              [
                126.2931,
                33.212
              ],
              [
                126.2931,
                33.212
              ],
              [
                126.2931,
                33.2121
              ],
              [
                126.293,
                33.2121
              ],
              [
                126.293,
                33.2121
              ],
              [
                126.293,
                33.2121
              ],
              [
                126.293,
                33.2121
              ],
              [
                126.293,
                33.2121
              ],
              [
                126.293,
                33.2121
              ],
              [
                126.2929,
                33.2121
              ],
              [
                126.2929,
                33.2121
              ],
              [
                126.2929,
                33.2121
              ],
              [
                126.2928,
                33.2119
              ],
              [
                126.2927,
                33.2119
              ],
              [
                126.2927,
                33.2118
              ],
              [
                126.2927,
                33.2118
              ],
              [
                126.2927,
                33.2118
              ],
              [
                126.2927,
                33.2118
              ],
              [
                126.2925,
                33.2112
              ],
              [
                126.2925,
                33.2112
              ],
              [
                126.2913,
                33.2073
              ],
              [
                126.2913,
                33.2073
              ],
              [
                126.2908,
                33.2067
              ],
              [
                126.2906,
                33.2062
              ],
              [
                126.2903,
                33.2057
              ],
              [
                126.2903,
                33.2056
              ],
              [
                126.2903,
                33.2054
              ],
              [
                126.2902,
                33.2053
              ],
              [
                126.2903,
                33.2047
              ],
              [
                126.2903,
                33.2045
              ],
              [
                126.2903,
                33.2043
              ],
              [
                126.2903,
                33.2042
              ],
              [
                126.2904,
                33.2041
              ],
              [
                126.2904,
                33.204
              ],
              [
                126.2905,
                33.2039
              ],
              [
                126.2906,
                33.2037
              ],
              [
                126.2907,
                33.2036
              ],
              [
                126.2912,
                33.2034
              ],
              [
                126.2913,
                33.2035
              ],
              [
                126.2914,
                33.2035
              ],
              [
                126.2915,
                33.2034
              ],
              [
                126.293,
                33.2028
              ],
              [
                126.2931,
                33.2028
              ],
              [
                126.2931,
                33.2028
              ],
              [
                126.2931,
                33.2028
              ],
              [
                126.2931,
                33.2027
              ],
              [
                126.2933,
                33.2024
              ],
              [
                126.2949,
                33.198
              ],
              [
                126.2949,
                33.1979
              ],
              [
                126.2949,
                33.1976
              ],
              [
                126.2948,
                33.1973
              ],
              [
                126.2948,
                33.1971
              ],
              [
                126.2947,
                33.1969
              ],
              [
                126.2946,
                33.1968
              ],
              [
                126.2945,
                33.1967
              ],
              [
                126.2945,
                33.1967
              ],
              [
                126.2915,
                33.1954
              ],
              [
                126.2913,
                33.1954
              ],
              [
                126.291,
                33.1953
              ],
              [
                126.2909,
                33.1953
              ],
              [
                126.29,
                33.1951
              ],
              [
                126.29,
                33.1951
              ],
              [
                126.2899,
                33.1951
              ],
              [
                126.2899,
                33.1951
              ],
              [
                126.2897,
                33.1952
              ],
              [
                126.2897,
                33.1952
              ],
              [
                126.288,
                33.1958
              ],
              [
                126.2879,
                33.1959
              ],
              [
                126.2874,
                33.1961
              ],
              [
                126.2866,
                33.1967
              ],
              [
                126.2864,
                33.1969
              ],
              [
                126.2864,
                33.197
              ],
              [
                126.2863,
                33.1972
              ],
              [
                126.2862,
                33.1973
              ],
              [
                126.2855,
                33.1992
              ],
              [
                126.2854,
                33.1993
              ],
              [
                126.2854,
                33.1994
              ],
              [
                126.2854,
                33.1995
              ],
              [
                126.2854,
                33.1996
              ],
              [
                126.2854,
                33.1997
              ],
              [
                126.2855,
                33.1999
              ],
              [
                126.2854,
                33.2003
              ],
              [
                126.2854,
                33.2004
              ],
              [
                126.2853,
                33.2005
              ],
              [
                126.2851,
                33.2005
              ],
              [
                126.285,
                33.2005
              ],
              [
                126.2849,
                33.2005
              ],
              [
                126.2776,
                33.1993
              ],
              [
                126.2771,
                33.1992
              ],
              [
                126.2771,
                33.1992
              ],
              [
                126.2756,
                33.1985
              ],
              [
                126.2755,
                33.1984
              ],
              [
                126.2754,
                33.1983
              ],
              [
                126.2754,
                33.1982
              ],
              [
                126.2755,
                33.1981
              ],
              [
                126.2756,
                33.1979
              ],
              [
                126.2758,
                33.1977
              ],
              [
                126.2759,
                33.1977
              ],
              [
                126.2766,
                33.1972
              ],
              [
                126.2768,
                33.1971
              ],
              [
                126.277,
                33.1971
              ],
              [
                126.2771,
                33.1971
              ],
              [
                126.2772,
                33.197
              ],
              [
                126.2772,
                33.197
              ],
              [
                126.2772,
                33.1969
              ],
              [
                126.2772,
                33.1969
              ],
              [
                126.2771,
                33.1966
              ],
              [
                126.277,
                33.1965
              ],
              [
                126.2764,
                33.1959
              ],
              [
                126.2762,
                33.1957
              ],
              [
                126.2722,
                33.1941
              ],
              [
                126.2709,
                33.1941
              ],
              [
                126.2707,
                33.1942
              ],
              [
                126.2704,
                33.1942
              ],
              [
                126.2659,
                33.1958
              ],
              [
                126.2643,
                33.1965
              ],
              [
                126.2616,
                33.199
              ],
              [
                126.261,
                33.1997
              ],
              [
                126.261,
                33.1998
              ],
              [
                126.261,
                33.1998
              ],
              [
                126.261,
                33.2004
              ],
              [
                126.2611,
                33.2004
              ],
              [
                126.2611,
                33.2004
              ],
              [
                126.2611,
                33.2005
              ],
              [
                126.2611,
                33.2005
              ],
              [
                126.2611,
                33.2005
              ],
              [
                126.2619,
                33.2014
              ],
              [
                126.263,
                33.2015
              ],
              [
                126.2631,
                33.2015
              ],
              [
                126.2633,
                33.2015
              ],
              [
                126.2633,
                33.2015
              ],
              [
                126.2634,
                33.2015
              ],
              [
                126.2634,
                33.2015
              ],
              [
                126.2635,
                33.2015
              ],
              [
                126.2635,
                33.2015
              ],
              [
                126.2635,
                33.2015
              ],
              [
                126.2635,
                33.2015
              ],
              [
                126.2636,
                33.2015
              ],
              [
                126.2636,
                33.2015
              ],
              [
                126.2636,
                33.2016
              ],
              [
                126.2638,
                33.2019
              ],
              [
                126.264,
                33.2023
              ],
              [
                126.264,
                33.2023
              ],
              [
                126.264,
                33.2024
              ],
              [
                126.264,
                33.2024
              ],
              [
                126.2641,
                33.2024
              ],
              [
                126.2641,
                33.2024
              ],
              [
                126.264,
                33.2027
              ],
              [
                126.264,
                33.2027
              ],
              [
                126.264,
                33.2027
              ],
              [
                126.264,
                33.2028
              ],
              [
                126.264,
                33.2028
              ],
              [
                126.264,
                33.2028
              ],
              [
                126.264,
                33.2028
              ],
              [
                126.264,
                33.2028
              ],
              [
                126.2646,
                33.2052
              ],
              [
                126.2646,
                33.2055
              ],
              [
                126.2646,
                33.2055
              ],
              [
                126.264,
                33.2072
              ],
              [
                126.2632,
                33.2094
              ],
              [
                126.2623,
                33.2103
              ],
              [
                126.2619,
                33.2107
              ],
              [
                126.2618,
                33.2107
              ],
              [
                126.2618,
                33.2107
              ],
              [
                126.2618,
                33.2107
              ],
              [
                126.2617,
                33.2108
              ],
              [
                126.2617,
                33.2108
              ],
              [
                126.2616,
                33.2108
              ],
              [
                126.2616,
                33.2108
              ],
              [
                126.2615,
                33.2108
              ],
              [
                126.2615,
                33.2109
              ],
              [
                126.2615,
                33.2109
              ],
              [
                126.2615,
                33.2109
              ],
              [
                126.2614,
                33.2109
              ],
              [
                126.2614,
                33.2109
              ],
              [
                126.2613,
                33.2109
              ],
              [
                126.2611,
                33.2109
              ],
              [
                126.2611,
                33.2109
              ],
              [
                126.2611,
                33.2109
              ],
              [
                126.261,
                33.2109
              ],
              [
                126.261,
                33.2109
              ],
              [
                126.2609,
                33.2109
              ],
              [
                126.2609,
                33.2109
              ],
              [
                126.2609,
                33.2109
              ],
              [
                126.2608,
                33.2109
              ],
              [
                126.2604,
                33.2109
              ],
              [
                126.2604,
                33.2109
              ],
              [
                126.2603,
                33.2109
              ],
              [
                126.2603,
                33.2109
              ],
              [
                126.2603,
                33.2109
              ],
              [
                126.2602,
                33.2109
              ],
              [
                126.2602,
                33.2109
              ],
              [
                126.2602,
                33.2109
              ],
              [
                126.2602,
                33.2109
              ],
              [
                126.2601,
                33.2109
              ],
              [
                126.2601,
                33.2109
              ],
              [
                126.2601,
                33.2109
              ],
              [
                126.256,
                33.2105
              ],
              [
                126.2556,
                33.2098
              ],
              [
                126.2556,
                33.2098
              ],
              [
                126.2556,
                33.2098
              ],
              [
                126.2556,
                33.2098
              ],
              [
                126.2556,
                33.2097
              ],
              [
                126.2557,
                33.2096
              ],
              [
                126.2566,
                33.2077
              ],
              [
                126.2568,
                33.2076
              ],
              [
                126.2578,
                33.2071
              ],
              [
                126.259,
                33.2071
              ],
              [
                126.259,
                33.2071
              ],
              [
                126.259,
                33.2071
              ],
              [
                126.259,
                33.2071
              ],
              [
                126.2591,
                33.2072
              ],
              [
                126.2592,
                33.2072
              ],
              [
                126.2595,
                33.2072
              ],
              [
                126.2596,
                33.2072
              ],
              [
                126.2596,
                33.2072
              ],
              [
                126.2596,
                33.2072
              ],
              [
                126.2596,
                33.2072
              ],
              [
                126.2596,
                33.2072
              ],
              [
                126.2596,
                33.2068
              ],
              [
                126.2596,
                33.2068
              ],
              [
                126.2596,
                33.2068
              ],
              [
                126.2596,
                33.2068
              ],
              [
                126.2596,
                33.2068
              ],
              [
                126.2596,
                33.2068
              ],
              [
                126.2578,
                33.2067
              ],
              [
                126.2578,
                33.2067
              ],
              [
                126.2574,
                33.2069
              ],
              [
                126.2565,
                33.2074
              ],
              [
                126.2564,
                33.2074
              ],
              [
                126.2562,
                33.2078
              ],
              [
                126.2547,
                33.2112
              ],
              [
                126.2517,
                33.2156
              ],
              [
                126.2509,
                33.2164
              ],
              [
                126.2499,
                33.2184
              ],
              [
                126.2504,
                33.2185
              ],
              [
                126.2505,
                33.2186
              ],
              [
                126.2506,
                33.2186
              ],
              [
                126.2506,
                33.2186
              ],
              [
                126.2506,
                33.2186
              ],
              [
                126.2506,
                33.2187
              ],
              [
                126.2506,
                33.2187
              ],
              [
                126.2509,
                33.2192
              ],
              [
                126.2511,
                33.2196
              ],
              [
                126.2511,
                33.2196
              ],
              [
                126.2511,
                33.2196
              ],
              [
                126.2504,
                33.2202
              ],
              [
                126.25,
                33.2202
              ],
              [
                126.2497,
                33.22
              ],
              [
                126.2478,
                33.2178
              ],
              [
                126.2454,
                33.2196
              ],
              [
                126.2454,
                33.2196
              ],
              [
                126.2451,
                33.2199
              ],
              [
                126.2451,
                33.2199
              ],
              [
                126.245,
                33.2199
              ],
              [
                126.245,
                33.2199
              ],
              [
                126.245,
                33.2199
              ],
              [
                126.245,
                33.2199
              ],
              [
                126.245,
                33.2199
              ],
              [
                126.2449,
                33.22
              ],
              [
                126.2431,
                33.2208
              ],
              [
                126.2428,
                33.2209
              ],
              [
                126.2423,
                33.221
              ],
              [
                126.241,
                33.2215
              ],
              [
                126.2404,
                33.2223
              ],
              [
                126.2404,
                33.2224
              ],
              [
                126.2404,
                33.2228
              ],
              [
                126.2403,
                33.2233
              ],
              [
                126.2404,
                33.2236
              ],
              [
                126.2404,
                33.2238
              ],
              [
                126.2403,
                33.2244
              ],
              [
                126.2402,
                33.2246
              ],
              [
                126.2402,
                33.2246
              ],
              [
                126.2399,
                33.2257
              ],
              [
                126.2387,
                33.2269
              ],
              [
                126.2387,
                33.2269
              ],
              [
                126.2387,
                33.227
              ],
              [
                126.2386,
                33.227
              ],
              [
                126.2386,
                33.227
              ],
              [
                126.2386,
                33.227
              ],
              [
                126.2386,
                33.227
              ],
              [
                126.2385,
                33.2271
              ],
              [
                126.236,
                33.2301
              ],
              [
                126.2348,
                33.2328
              ],
              [
                126.2338,
                33.2347
              ],
              [
                126.2337,
                33.2348
              ],
              [
                126.2337,
                33.2348
              ],
              [
                126.2337,
                33.2348
              ],
              [
                126.2337,
                33.2348
              ],
              [
                126.2336,
                33.2349
              ],
              [
                126.2336,
                33.2349
              ],
              [
                126.2336,
                33.2349
              ],
              [
                126.2336,
                33.2349
              ],
              [
                126.2335,
                33.2349
              ],
              [
                126.233,
                33.2353
              ],
              [
                126.233,
                33.2353
              ],
              [
                126.233,
                33.2353
              ],
              [
                126.233,
                33.2353
              ],
              [
                126.233,
                33.2353
              ],
              [
                126.2329,
                33.2353
              ],
              [
                126.2329,
                33.2353
              ],
              [
                126.2329,
                33.2353
              ],
              [
                126.2329,
                33.2353
              ],
              [
                126.2329,
                33.2353
              ],
              [
                126.2298,
                33.2359
              ],
              [
                126.2292,
                33.236
              ],
              [
                126.2289,
                33.2359
              ],
              [
                126.2286,
                33.2359
              ],
              [
                126.2276,
                33.2365
              ],
              [
                126.2273,
                33.2367
              ],
              [
                126.227,
                33.2369
              ],
              [
                126.227,
                33.2369
              ],
              [
                126.2269,
                33.237
              ],
              [
                126.226,
                33.2392
              ],
              [
                126.2222,
                33.2407
              ],
              [
                126.2221,
                33.2409
              ],
              [
                126.2201,
                33.2424
              ],
              [
                126.2198,
                33.2427
              ],
              [
                126.2196,
                33.2428
              ],
              [
                126.2193,
                33.2429
              ],
              [
                126.2157,
                33.2431
              ],
              [
                126.2157,
                33.2431
              ],
              [
                126.2157,
                33.2431
              ],
              [
                126.2155,
                33.2431
              ],
              [
                126.2154,
                33.2431
              ],
              [
                126.2154,
                33.243
              ],
              [
                126.2154,
                33.243
              ],
              [
                126.2154,
                33.243
              ],
              [
                126.2141,
                33.2426
              ],
              [
                126.2101,
                33.243
              ],
              [
                126.2025,
                33.2455
              ],
              [
                126.1943,
                33.2509
              ],
              [
                126.1941,
                33.2512
              ],
              [
                126.1941,
                33.2518
              ],
              [
                126.1939,
                33.2526
              ],
              [
                126.1932,
                33.2533
              ],
              [
                126.1926,
                33.2537
              ],
              [
                126.192,
                33.2542
              ],
              [
                126.1868,
                33.2568
              ],
              [
                126.1823,
                33.2597
              ],
              [
                126.1813,
                33.2608
              ],
              [
                126.1813,
                33.2608
              ],
              [
                126.1813,
                33.2609
              ],
              [
                126.1808,
                33.2618
              ],
              [
                126.1806,
                33.2624
              ],
              [
                126.1805,
                33.2628
              ],
              [
                126.1805,
                33.2641
              ],
              [
                126.1804,
                33.2645
              ],
              [
                126.18,
                33.2658
              ],
              [
                126.179,
                33.2677
              ],
              [
                126.179,
                33.2677
              ],
              [
                126.1789,
                33.2679
              ],
              [
                126.1789,
                33.268
              ],
              [
                126.1789,
                33.268
              ],
              [
                126.1782,
                33.2686
              ],
              [
                126.1782,
                33.2686
              ],
              [
                126.1778,
                33.2689
              ],
              [
                126.1777,
                33.269
              ],
              [
                126.1746,
                33.2713
              ],
              [
                126.1722,
                33.2728
              ],
              [
                126.169,
                33.275
              ],
              [
                126.169,
                33.275
              ],
              [
                126.169,
                33.2751
              ],
              [
                126.169,
                33.2751
              ],
              [
                126.1689,
                33.2752
              ],
              [
                126.1688,
                33.2759
              ],
              [
                126.1688,
                33.2766
              ],
              [
                126.1692,
                33.2785
              ],
              [
                126.1691,
                33.28
              ],
              [
                126.169,
                33.281
              ],
              [
                126.1687,
                33.2826
              ],
              [
                126.169,
                33.2827
              ],
              [
                126.1694,
                33.2829
              ],
              [
                126.1719,
                33.2853
              ],
              [
                126.172,
                33.2854
              ],
              [
                126.1721,
                33.2855
              ],
              [
                126.1721,
                33.2858
              ],
              [
                126.172,
                33.2861
              ],
              [
                126.1719,
                33.2861
              ],
              [
                126.1718,
                33.2862
              ],
              [
                126.1716,
                33.2863
              ],
              [
                126.1711,
                33.2865
              ],
              [
                126.1709,
                33.2866
              ],
              [
                126.1707,
                33.2867
              ],
              [
                126.1706,
                33.2868
              ],
              [
                126.1706,
                33.2868
              ],
              [
                126.1705,
                33.2872
              ],
              [
                126.1705,
                33.2875
              ],
              [
                126.1705,
                33.2875
              ],
              [
                126.1705,
                33.2876
              ],
              [
                126.1705,
                33.2876
              ],
              [
                126.171,
                33.2884
              ],
              [
                126.1711,
                33.2885
              ],
              [
                126.1712,
                33.2886
              ],
              [
                126.1714,
                33.2887
              ],
              [
                126.1715,
                33.2888
              ],
              [
                126.1715,
                33.2888
              ],
              [
                126.1751,
                33.2905
              ],
              [
                126.1769,
                33.2908
              ],
              [
                126.1772,
                33.2909
              ],
              [
                126.1775,
                33.2908
              ],
              [
                126.18,
                33.2902
              ],
              [
                126.1859,
                33.2915
              ],
              [
                126.1875,
                33.292
              ],
              [
                126.1917,
                33.2937
              ],
              [
                126.1917,
                33.2939
              ],
              [
                126.1919,
                33.2958
              ],
              [
                126.1919,
                33.2959
              ],
              [
                126.1918,
                33.2961
              ],
              [
                126.1917,
                33.2962
              ],
              [
                126.1917,
                33.2962
              ],
              [
                126.1916,
                33.2964
              ],
              [
                126.1916,
                33.297
              ],
              [
                126.1917,
                33.2974
              ],
              [
                126.192,
                33.2984
              ],
              [
                126.1926,
                33.2982
              ],
              [
                126.1996,
                33.2964
              ],
              [
                126.2036,
                33.295
              ],
              [
                126.207,
                33.2933
              ],
              [
                126.2117,
                33.2919
              ],
              [
                126.215,
                33.2903
              ],
              [
                126.2221,
                33.2871
              ],
              [
                126.2229,
                33.2869
              ],
              [
                126.2234,
                33.2868
              ],
              [
                126.2235,
                33.2867
              ],
              [
                126.2237,
                33.2867
              ],
              [
                126.2238,
                33.2867
              ],
              [
                126.2244,
                33.2866
              ],
              [
                126.2253,
                33.2863
              ],
              [
                126.2289,
                33.285
              ],
              [
                126.2293,
                33.2849
              ],
              [
                126.2298,
                33.2847
              ],
              [
                126.2301,
                33.2844
              ],
              [
                126.2303,
                33.2842
              ],
              [
                126.2385,
                33.2766
              ],
              [
                126.2387,
                33.2764
              ],
              [
                126.2392,
                33.276
              ],
              [
                126.2425,
                33.274
              ],
              [
                126.243,
                33.2737
              ],
              [
                126.2443,
                33.273
              ],
              [
                126.2444,
                33.273
              ],
              [
                126.2444,
                33.273
              ],
              [
                126.2447,
                33.273
              ],
              [
                126.2443,
                33.2748
              ],
              [
                126.244,
                33.2759
              ],
              [
                126.2439,
                33.2761
              ],
              [
                126.2436,
                33.2764
              ],
              [
                126.2433,
                33.2768
              ],
              [
                126.2432,
                33.2771
              ],
              [
                126.243,
                33.2774
              ],
              [
                126.243,
                33.278
              ],
              [
                126.2428,
                33.2832
              ],
              [
                126.2428,
                33.2835
              ],
              [
                126.2428,
                33.2838
              ],
              [
                126.2429,
                33.2842
              ],
              [
                126.243,
                33.2843
              ],
              [
                126.245,
                33.2883
              ],
              [
                126.2456,
                33.2883
              ],
              [
                126.2465,
                33.2883
              ],
              [
                126.2468,
                33.2884
              ],
              [
                126.2498,
                33.2905
              ],
              [
                126.253,
                33.2928
              ],
              [
                126.2533,
                33.2929
              ],
              [
                126.2613,
                33.2951
              ],
              [
                126.2691,
                33.2969
              ],
              [
                126.2721,
                33.2975
              ],
              [
                126.2738,
                33.2977
              ],
              [
                126.2766,
                33.2985
              ],
              [
                126.2778,
                33.2989
              ],
              [
                126.2791,
                33.2995
              ],
              [
                126.2793,
                33.2996
              ],
              [
                126.2796,
                33.3
              ],
              [
                126.2797,
                33.3006
              ],
              [
                126.2797,
                33.3013
              ],
              [
                126.28,
                33.3019
              ],
              [
                126.2801,
                33.302
              ],
              [
                126.2807,
                33.3024
              ],
              [
                126.2821,
                33.3032
              ],
              [
                126.2825,
                33.3034
              ],
              [
                126.2845,
                33.3038
              ],
              [
                126.2856,
                33.3039
              ],
              [
                126.2864,
                33.3043
              ],
              [
                126.2872,
                33.3056
              ],
              [
                126.2873,
                33.3058
              ],
              [
                126.2874,
                33.3071
              ],
              [
                126.2902,
                33.309
              ],
              [
                126.2924,
                33.3105
              ],
              [
                126.2924,
                33.3105
              ],
              [
                126.293,
                33.3116
              ],
              [
                126.2939,
                33.3149
              ],
              [
                126.2953,
                33.319
              ],
              [
                126.2964,
                33.3219
              ],
              [
                126.3002,
                33.3225
              ],
              [
                126.3005,
                33.3227
              ],
              [
                126.3036,
                33.3243
              ],
              [
                126.3037,
                33.3247
              ],
              [
                126.3042,
                33.3254
              ],
              [
                126.3059,
                33.3267
              ],
              [
                126.3087,
                33.3256
              ],
              [
                126.3093,
                33.3255
              ],
              [
                126.3103,
                33.3258
              ],
              [
                126.3111,
                33.3262
              ],
              [
                126.3118,
                33.3269
              ],
              [
                126.3183,
                33.3274
              ],
              [
                126.3193,
                33.3272
              ],
              [
                126.32,
                33.3268
              ],
              [
                126.3203,
                33.3264
              ],
              [
                126.3206,
                33.3261
              ],
              [
                126.321,
                33.3257
              ],
              [
                126.3215,
                33.3256
              ],
              [
                126.322,
                33.3256
              ],
              [
                126.3226,
                33.3258
              ],
              [
                126.3234,
                33.3263
              ],
              [
                126.3238,
                33.3266
              ],
              [
                126.3245,
                33.3275
              ],
              [
                126.3254,
                33.3284
              ],
              [
                126.3266,
                33.3298
              ],
              [
                126.3293,
                33.3328
              ],
              [
                126.3294,
                33.3328
              ],
              [
                126.3307,
                33.334
              ],
              [
                126.3328,
                33.3357
              ],
              [
                126.3352,
                33.3377
              ],
              [
                126.337,
                33.3401
              ],
              [
                126.3397,
                33.3433
              ],
              [
                126.3402,
                33.3436
              ],
              [
                126.3416,
                33.3436
              ],
              [
                126.3451,
                33.3427
              ],
              [
                126.3469,
                33.3419
              ],
              [
                126.3483,
                33.3412
              ],
              [
                126.3495,
                33.3409
              ],
              [
                126.352,
                33.3407
              ],
              [
                126.3549,
                33.3408
              ],
              [
                126.3562,
                33.3409
              ],
              [
                126.3563,
                33.3409
              ],
              [
                126.3564,
                33.3409
              ],
              [
                126.3578,
                33.3412
              ],
              [
                126.3578,
                33.3412
              ],
              [
                126.3588,
                33.3415
              ],
              [
                126.3643,
                33.3413
              ],
              [
                126.3655,
                33.3412
              ],
              [
                126.367,
                33.3412
              ],
              [
                126.3675,
                33.3411
              ],
              [
                126.3682,
                33.3413
              ],
              [
                126.3687,
                33.3414
              ],
              [
                126.3692,
                33.3416
              ],
              [
                126.3701,
                33.3424
              ],
              [
                126.3703,
                33.3426
              ],
              [
                126.3706,
                33.3437
              ],
              [
                126.372,
                33.3451
              ],
              [
                126.3738,
                33.3457
              ],
              [
                126.3753,
                33.3468
              ],
              [
                126.3753,
                33.3468
              ],
              [
                126.3759,
                33.3469
              ],
              [
                126.3806,
                33.3465
              ],
              [
                126.3813,
                33.3465
              ],
              [
                126.3822,
                33.3463
              ],
              [
                126.385,
                33.3457
              ],
              [
                126.3861,
                33.345
              ],
              [
                126.3878,
                33.3451
              ],
              [
                126.3888,
                33.3449
              ],
              [
                126.3896,
                33.3446
              ],
              [
                126.3901,
                33.3445
              ],
              [
                126.3916,
                33.3436
              ],
              [
                126.3941,
                33.344
              ],
              [
                126.3952,
                33.3442
              ],
              [
                126.3965,
                33.3447
              ],
              [
                126.4007,
                33.3447
              ],
              [
                126.4021,
                33.3445
              ],
              [
                126.4029,
                33.3436
              ],
              [
                126.4031,
                33.3434
              ],
              [
                126.4039,
                33.343
              ],
              [
                126.4059,
                33.3433
              ],
              [
                126.4071,
                33.3436
              ],
              [
                126.4087,
                33.3424
              ],
              [
                126.4091,
                33.3421
              ],
              [
                126.4102,
                33.3421
              ],
              [
                126.4114,
                33.3423
              ],
              [
                126.4145,
                33.3425
              ],
              [
                126.4176,
                33.3427
              ],
              [
                126.4235,
                33.3418
              ],
              [
                126.4287,
                33.3416
              ],
              [
                126.4318,
                33.3412
              ],
              [
                126.4326,
                33.3411
              ],
              [
                126.4318,
                33.3423
              ],
              [
                126.4325,
                33.3445
              ],
              [
                126.4327,
                33.3449
              ],
              [
                126.4332,
                33.3449
              ],
              [
                126.4336,
                33.345
              ],
              [
                126.4364,
                33.3466
              ],
              [
                126.4371,
                33.3473
              ],
              [
                126.4372,
                33.3476
              ],
              [
                126.4376,
                33.3487
              ],
              [
                126.4377,
                33.3494
              ],
              [
                126.4378,
                33.3505
              ],
              [
                126.4376,
                33.3516
              ],
              [
                126.4374,
                33.3525
              ],
              [
                126.437,
                33.3532
              ],
              [
                126.437,
                33.3539
              ],
              [
                126.437,
                33.3546
              ],
              [
                126.437,
                33.3548
              ],
              [
                126.4372,
                33.3551
              ],
              [
                126.4377,
                33.3555
              ],
              [
                126.4383,
                33.3561
              ],
              [
                126.4385,
                33.3563
              ],
              [
                126.4393,
                33.3567
              ],
              [
                126.4419,
                33.3577
              ],
              [
                126.4456,
                33.3589
              ],
              [
                126.4481,
                33.3593
              ],
              [
                126.4507,
                33.359
              ],
              [
                126.4514,
                33.3588
              ],
              [
                126.4525,
                33.3586
              ],
              [
                126.4567,
                33.3585
              ],
              [
                126.4602,
                33.3587
              ],
              [
                126.464,
                33.3599
              ],
              [
                126.4657,
                33.36
              ],
              [
                126.4668,
                33.3597
              ],
              [
                126.4709,
                33.3584
              ],
              [
                126.4741,
                33.357
              ],
              [
                126.4767,
                33.3574
              ],
              [
                126.4783,
                33.3582
              ],
              [
                126.4819,
                33.3595
              ],
              [
                126.4823,
                33.3596
              ],
              [
                126.4827,
                33.3597
              ],
              [
                126.4833,
                33.3596
              ],
              [
                126.4837,
                33.3594
              ],
              [
                126.4839,
                33.3593
              ],
              [
                126.4842,
                33.3591
              ],
              [
                126.4865,
                33.3573
              ],
              [
                126.4869,
                33.3568
              ],
              [
                126.4873,
                33.3559
              ],
              [
                126.4873,
                33.3554
              ],
              [
                126.4874,
                33.3551
              ],
              [
                126.4888,
                33.355
              ],
              [
                126.4904,
                33.355
              ],
              [
                126.4911,
                33.3555
              ],
              [
                126.494,
                33.3572
              ],
              [
                126.4983,
                33.3595
              ],
              [
                126.4991,
                33.3598
              ],
              [
                126.5006,
                33.3597
              ],
              [
                126.5011,
                33.3596
              ],
              [
                126.5027,
                33.3594
              ],
              [
                126.5052,
                33.3588
              ],
              [
                126.506,
                33.3585
              ],
              [
                126.5066,
                33.358
              ],
              [
                126.5077,
                33.3581
              ],
              [
                126.5082,
                33.3584
              ],
              [
                126.5087,
                33.3587
              ],
              [
                126.5094,
                33.3594
              ],
              [
                126.51,
                33.36
              ],
              [
                126.5105,
                33.3605
              ],
              [
                126.5111,
                33.361
              ],
              [
                126.5143,
                33.3612
              ],
              [
                126.5197,
                33.3607
              ],
              [
                126.5239,
                33.3618
              ],
              [
                126.5255,
                33.3626
              ],
              [
                126.5269,
                33.363
              ],
              [
                126.5284,
                33.3625
              ],
              [
                126.5295,
                33.3617
              ],
              [
                126.53,
                33.3625
              ],
              [
                126.5324,
                33.3631
              ],
              [
                126.5347,
                33.3632
              ],
              [
                126.5361,
                33.364
              ],
              [
                126.5375,
                33.3651
              ],
              [
                126.5407,
                33.3672
              ],
              [
                126.5425,
                33.3675
              ],
              [
                126.5439,
                33.3681
              ],
              [
                126.5445,
                33.3686
              ],
              [
                126.5473,
                33.3703
              ],
              [
                126.5515,
                33.3726
              ],
              [
                126.5537,
                33.3737
              ],
              [
                126.5539,
                33.3736
              ],
              [
                126.5542,
                33.3735
              ],
              [
                126.5546,
                33.3733
              ],
              [
                126.5547,
                33.3732
              ],
              [
                126.5554,
                33.3727
              ],
              [
                126.5558,
                33.3724
              ],
              [
                126.5561,
                33.3723
              ],
              [
                126.5574,
                33.372
              ],
              [
                126.5579,
                33.3721
              ],
              [
                126.5597,
                33.3732
              ],
              [
                126.5616,
                33.3724
              ],
              [
                126.5649,
                33.3717
              ],
              [
                126.5667,
                33.3717
              ],
              [
                126.5672,
                33.3716
              ],
              [
                126.5692,
                33.3716
              ],
              [
                126.5723,
                33.3718
              ],
              [
                126.5748,
                33.372
              ],
              [
                126.5752,
                33.3722
              ],
              [
                126.5762,
                33.3725
              ],
              [
                126.5774,
                33.3729
              ],
              [
                126.579,
                33.3732
              ],
              [
                126.5797,
                33.3734
              ],
              [
                126.5821,
                33.3738
              ],
              [
                126.5868,
                33.3742
              ],
              [
                126.5893,
                33.3743
              ],
              [
                126.5925,
                33.3755
              ],
              [
                126.5952,
                33.3765
              ],
              [
                126.5964,
                33.3771
              ],
              [
                126.5977,
                33.3781
              ],
              [
                126.5985,
                33.3785
              ],
              [
                126.6053,
                33.3816
              ],
              [
                126.6069,
                33.3822
              ],
              [
                126.6099,
                33.3827
              ],
              [
                126.612,
                33.3829
              ],
              [
                126.613,
                33.3829
              ],
              [
                126.6141,
                33.3829
              ],
              [
                126.6168,
                33.3831
              ],
              [
                126.6176,
                33.3832
              ],
              [
                126.6187,
                33.3837
              ],
              [
                126.6193,
                33.3842
              ],
              [
                126.6202,
                33.3848
              ],
              [
                126.6202,
                33.3849
              ],
              [
                126.6212,
                33.3852
              ],
              [
                126.6214,
                33.3851
              ],
              [
                126.622,
                33.3849
              ],
              [
                126.6224,
                33.3847
              ],
              [
                126.623,
                33.3844
              ],
              [
                126.6231,
                33.3843
              ],
              [
                126.6249,
                33.385
              ],
              [
                126.6251,
                33.3863
              ],
              [
                126.6252,
                33.3871
              ],
              [
                126.6252,
                33.3876
              ],
              [
                126.6253,
                33.3883
              ],
              [
                126.6263,
                33.3902
              ],
              [
                126.6279,
                33.3915
              ],
              [
                126.6291,
                33.3923
              ],
              [
                126.6298,
                33.3926
              ],
              [
                126.6308,
                33.3931
              ],
              [
                126.6336,
                33.3939
              ],
              [
                126.6338,
                33.3933
              ],
              [
                126.6344,
                33.3929
              ],
              [
                126.6356,
                33.3926
              ],
              [
                126.6419,
                33.3938
              ],
              [
                126.6439,
                33.3939
              ],
              [
                126.6459,
                33.3939
              ],
              [
                126.6487,
                33.394
              ],
              [
                126.6524,
                33.3946
              ],
              [
                126.6527,
                33.3947
              ],
              [
                126.6531,
                33.3949
              ],
              [
                126.6534,
                33.3951
              ],
              [
                126.6535,
                33.3966
              ],
              [
                126.6546,
                33.399
              ],
              [
                126.655,
                33.3994
              ],
              [
                126.6555,
                33.3996
              ],
              [
                126.656,
                33.3995
              ],
              [
                126.6574,
                33.3997
              ],
              [
                126.659,
                33.4005
              ],
              [
                126.6598,
                33.4014
              ],
              [
                126.6605,
                33.402
              ],
              [
                126.6617,
                33.4022
              ],
              [
                126.6643,
                33.4022
              ],
              [
                126.6663,
                33.4013
              ],
              [
                126.6669,
                33.4009
              ],
              [
                126.6679,
                33.4004
              ],
              [
                126.6683,
                33.4002
              ],
              [
                126.6691,
                33.4003
              ],
              [
                126.6694,
                33.4004
              ],
              [
                126.6762,
                33.4049
              ],
              [
                126.6827,
                33.4095
              ],
              [
                126.6857,
                33.4117
              ],
              [
                126.6877,
                33.4133
              ],
              [
                126.6898,
                33.4142
              ],
              [
                126.6949,
                33.4167
              ],
              [
                126.697,
                33.4178
              ],
              [
                126.6977,
                33.4182
              ],
              [
                126.6998,
                33.4192
              ],
              [
                126.7014,
                33.4199
              ],
              [
                126.7024,
                33.4202
              ],
              [
                126.7047,
                33.4208
              ],
              [
                126.7091,
                33.4219
              ],
              [
                126.7105,
                33.4219
              ],
              [
                126.7115,
                33.4219
              ],
              [
                126.7115,
                33.4219
              ],
              [
                126.7129,
                33.4219
              ],
              [
                126.7151,
                33.4219
              ],
              [
                126.7168,
                33.4219
              ],
              [
                126.7173,
                33.4219
              ],
              [
                126.7258,
                33.4243
              ],
              [
                126.729,
                33.4255
              ],
              [
                126.7316,
                33.4266
              ],
              [
                126.7318,
                33.4267
              ],
              [
                126.7334,
                33.4244
              ],
              [
                126.7343,
                33.4237
              ],
              [
                126.7343,
                33.4237
              ],
              [
                126.7351,
                33.4232
              ],
              [
                126.7365,
                33.4224
              ],
              [
                126.7387,
                33.4211
              ],
              [
                126.7401,
                33.4206
              ],
              [
                126.7414,
                33.4203
              ],
              [
                126.7492,
                33.4196
              ],
              [
                126.752,
                33.4198
              ],
              [
                126.756,
                33.4202
              ],
              [
                126.7581,
                33.4207
              ],
              [
                126.7608,
                33.4213
              ],
              [
                126.7613,
                33.4215
              ],
              [
                126.7622,
                33.4219
              ],
              [
                126.7667,
                33.4243
              ],
              [
                126.7683,
                33.4252
              ],
              [
                126.7688,
                33.4255
              ],
              [
                126.7698,
                33.4261
              ],
              [
                126.77,
                33.4263
              ],
              [
                126.7704,
                33.4265
              ],
              [
                126.7753,
                33.4303
              ],
              [
                126.7756,
                33.4306
              ],
              [
                126.7769,
                33.432
              ],
              [
                126.778,
                33.4331
              ],
              [
                126.7825,
                33.4344
              ],
              [
                126.7827,
                33.4346
              ],
              [
                126.7835,
                33.4349
              ],
              [
                126.7857,
                33.4376
              ],
              [
                126.7867,
                33.4389
              ],
              [
                126.787,
                33.4395
              ],
              [
                126.7878,
                33.4409
              ],
              [
                126.7886,
                33.4414
              ],
              [
                126.7906,
                33.4414
              ],
              [
                126.7915,
                33.4414
              ],
              [
                126.7929,
                33.4414
              ],
              [
                126.7933,
                33.4413
              ],
              [
                126.7941,
                33.4412
              ],
              [
                126.795,
                33.441
              ],
              [
                126.7957,
                33.4407
              ],
              [
                126.7961,
                33.4406
              ],
              [
                126.7962,
                33.4405
              ],
              [
                126.7963,
                33.4404
              ],
              [
                126.7964,
                33.4403
              ],
              [
                126.7967,
                33.4402
              ],
              [
                126.7969,
                33.4401
              ],
              [
                126.7972,
                33.44
              ],
              [
                126.7982,
                33.4398
              ],
              [
                126.7989,
                33.4396
              ],
              [
                126.7992,
                33.4396
              ],
              [
                126.7993,
                33.4396
              ],
              [
                126.8003,
                33.4399
              ],
              [
                126.8017,
                33.4406
              ],
              [
                126.8018,
                33.441
              ],
              [
                126.8018,
                33.4411
              ],
              [
                126.8025,
                33.4423
              ],
              [
                126.8039,
                33.4432
              ],
              [
                126.8042,
                33.4434
              ],
              [
                126.8046,
                33.4435
              ],
              [
                126.8059,
                33.444
              ],
              [
                126.8069,
                33.4443
              ],
              [
                126.8081,
                33.4445
              ],
              [
                126.809,
                33.4446
              ],
              [
                126.8105,
                33.4448
              ],
              [
                126.8147,
                33.4459
              ],
              [
                126.8173,
                33.4467
              ],
              [
                126.8217,
                33.4467
              ],
              [
                126.8221,
                33.4467
              ],
              [
                126.8222,
                33.4468
              ],
              [
                126.8224,
                33.4473
              ],
              [
                126.824,
                33.4512
              ],
              [
                126.8255,
                33.4532
              ],
              [
                126.8262,
                33.4532
              ],
              [
                126.8295,
                33.4536
              ],
              [
                126.83,
                33.454
              ],
              [
                126.8311,
                33.4546
              ],
              [
                126.8334,
                33.4562
              ],
              [
                126.8367,
                33.4581
              ],
              [
                126.8371,
                33.4584
              ],
              [
                126.8407,
                33.46
              ],
              [
                126.8444,
                33.4613
              ],
              [
                126.8463,
                33.462
              ],
              [
                126.8465,
                33.4621
              ],
              [
                126.8467,
                33.4621
              ],
              [
                126.8481,
                33.4622
              ],
              [
                126.8505,
                33.4624
              ],
              [
                126.8519,
                33.4625
              ],
              [
                126.8542,
                33.4631
              ],
              [
                126.8547,
                33.4633
              ],
              [
                126.8569,
                33.4658
              ],
              [
                126.857,
                33.4659
              ],
              [
                126.8569,
                33.4661
              ],
              [
                126.8569,
                33.4662
              ],
              [
                126.8569,
                33.4662
              ],
              [
                126.8576,
                33.4669
              ],
              [
                126.8584,
                33.4672
              ],
              [
                126.859,
                33.4675
              ],
              [
                126.8616,
                33.4681
              ],
              [
                126.8618,
                33.4682
              ],
              [
                126.8629,
                33.4684
              ],
              [
                126.8636,
                33.4684
              ],
              [
                126.8676,
                33.47
              ],
              [
                126.8711,
                33.4724
              ],
              [
                126.8726,
                33.4749
              ],
              [
                126.8726,
                33.475
              ],
              [
                126.8738,
                33.4755
              ],
              [
                126.8739,
                33.4756
              ],
              [
                126.8742,
                33.4756
              ],
              [
                126.8743,
                33.4756
              ],
              [
                126.8749,
                33.4756
              ],
              [
                126.8771,
                33.4756
              ],
              [
                126.8773,
                33.4756
              ],
              [
                126.8775,
                33.4756
              ],
              [
                126.8815,
                33.4771
              ],
              [
                126.8818,
                33.4774
              ],
              [
                126.8819,
                33.4775
              ],
              [
                126.882,
                33.4778
              ],
              [
                126.8822,
                33.4781
              ],
              [
                126.8823,
                33.4784
              ],
              [
                126.8824,
                33.4787
              ],
              [
                126.8837,
                33.48
              ],
              [
                126.8845,
                33.4807
              ],
              [
                126.8854,
                33.4805
              ],
              [
                126.8888,
                33.4802
              ],
              [
                126.8897,
                33.4806
              ],
              [
                126.893,
                33.4817
              ],
              [
                126.894,
                33.4819
              ],
              [
                126.8941,
                33.4819
              ],
              [
                126.8947,
                33.4818
              ],
              [
                126.8948,
                33.4818
              ],
              [
                126.8949,
                33.4818
              ],
              [
                126.8949,
                33.4817
              ],
              [
                126.895,
                33.4817
              ],
              [
                126.8951,
                33.4817
              ],
              [
                126.8952,
                33.4817
              ],
              [
                126.8961,
                33.4819
              ],
              [
                126.8972,
                33.4821
              ],
              [
                126.8974,
                33.4823
              ],
              [
                126.8976,
                33.4824
              ],
              [
                126.8976,
                33.4824
              ],
              [
                126.8982,
                33.483
              ],
              [
                126.9019,
                33.4825
              ],
              [
                126.9019,
                33.4825
              ],
              [
                126.9019,
                33.4824
              ],
              [
                126.9019,
                33.4823
              ],
              [
                126.9019,
                33.4818
              ],
              [
                126.9019,
                33.4818
              ],
              [
                126.902,
                33.4818
              ],
              [
                126.902,
                33.4818
              ],
              [
                126.902,
                33.4817
              ],
              [
                126.9024,
                33.4812
              ],
              [
                126.9025,
                33.481
              ],
              [
                126.9025,
                33.481
              ],
              [
                126.9035,
                33.4799
              ],
              [
                126.9036,
                33.4798
              ],
              [
                126.9037,
                33.4796
              ],
              [
                126.9038,
                33.4795
              ],
              [
                126.904,
                33.4794
              ],
              [
                126.9041,
                33.4794
              ],
              [
                126.9042,
                33.4793
              ],
              [
                126.9044,
                33.4792
              ],
              [
                126.9045,
                33.4792
              ],
              [
                126.9046,
                33.4792
              ],
              [
                126.9049,
                33.4791
              ],
              [
                126.9081,
                33.4784
              ],
              [
                126.9082,
                33.4783
              ],
              [
                126.9084,
                33.4785
              ],
              [
                126.9085,
                33.4785
              ],
              [
                126.9088,
                33.4788
              ],
              [
                126.909,
                33.4789
              ],
              [
                126.9108,
                33.4793
              ],
              [
                126.9116,
                33.4794
              ]
            ]
          ]
        ]
      },
      "properties": {
        "name": "서귀포시",
        "base_year": "2018",
        "name_eng": "Seogwipo-si",
        "code": "39020"
      }
    }
  ]
}
