{
  "type": "FeatureCollection",
  "features": [
    {
      "type": "Feature",
      "geometry": {
        "type": "MultiPolygon",
        "coordinates": [
          [
            [
              [
                126.9747,
                37.6298
              ],
              [
                126.975,
                37.629
              ],
              [
                126.9762,
                37.6291
              ],
              [
                126.9784,
                37.6293
              ],
              [
                126.9795,
                37.6289
              ],
              [
                126.9799,
                37.6286
              ],
              [
                126.98,
                37.6285
              ],
              [
                126.98,
                37.6283
              ],
              [
                126.9796,
                37.6264
              ],
              [
                126.9809,
                37.6254
              ],
              [
                126.9817,
                37.6245
              ],
              [
                126.9818,
                37.6243
              ],
              [
                126.9831,
                37.6221
              ],
              [
                126.9837,
                37.6212
              ],
              [
                126.9836,
                37.621
              ],
              [
                126.9832,
                37.6202
              ],
              [
                126.9832,
                37.6192
              ],
              [
                126.9837,
                37.6178
              ],
              [
                126.9845,
                37.616
              ],
              [
                126.9859,
                37.6122
              ],
              [
                126.9858,
                37.6109
              ],
              [
                126.9859,
                37.6095
              ],
              [
                126.9862,
                37.6077
              ],
              [
                126.9868,
                37.6061
              ],
              [
                126.9868,
                37.6046
              ],
              [
                126.9867,
                37.604
              ],
              [
                126.9859,
                37.6036
              ],
              [
                126.9826,
                37.6022
              ],
              [
                126.9807,
                37.6016
              ],
              [
                126.9788,
                37.601
              ],
              [
                126.9785,
                37.601
              ],
              [
                126.9784,
                37.6009
              ],
              [
                126.9783,
                37.6008
              ],
              [
                126.9777,
                37.6002
              ],
              [
                126.9775,
                37.5996
              ],
              [
                126.9772,
                37.5986
              ],
              [
                126.9767,
                37.5979
              ],
              [
                126.9771,
                37.5977
              ],
              [
                126.9787,
                37.5966
              ],
              [
                126.9791,
                37.5964
              ],
              [
                126.9815,
                37.5953
              ],
              [
                126.9829,
                37.5948
              ],
              [
                126.9838,
                37.5944
              ],
              [
                126.9843,
                37.5944
              ],
              [
                126.9845,
                37.5944
              ],
              [
                126.9846,
                37.5944
              ],
              [
                126.9846,
                37.5944
              ],
              [
                126.9846,
                37.5944
              ],
              [
                126.9847,
                37.5944
              ],
              [
                126.9847,
                37.5944
              ],
              [
                126.9848,
                37.5945
              ],
              [
                126.9849,
                37.5945
              ],
              [
                126.9851,
                37.5945
              ],
              [
                126.9854,
                37.5944
              ],
              [
                126.9858,
                37.5943
              ],
              [
                126.9885,
                37.5919
              ],
              [
                126.9889,
                37.5916
              ],
              [
                126.9891,
                37.5914
              ],
              [
                126.9891,
                37.5914
              ],
              [
                126.9896,
                37.5914
              ],
              [
                126.9937,
                37.5915
              ],
              [
                126.9974,
                37.5922
              ],
              [
                126.9985,
                37.5925
              ],
              [
                127.0018,
                37.5912
              ],
              [
                127.0041,
                37.5877
              ],
              [
                127.0066,
                37.5855
              ],
              [
                127.0086,
                37.5805
              ],
              [
                127.0105,
                37.5803
              ],
              [
                127.0111,
                37.581
              ],
              [
                127.0112,
                37.5811
              ],
              [
                127.0117,
                37.5815
              ],
              [
                127.0118,
                37.5816
              ],
              [
                127.0121,
                37.5816
              ],
              [
                127.0122,
                37.5816
              ],
              [
                127.0124,
                37.5815
              ],
              [
                127.0125,
                37.5815
              ],
              [
                127.0126,
                37.5814
              ],
              [
                127.0127,
                37.5814
              ],
              [
                127.0129,
                37.5814
              ],
              [
                127.0131,
                37.5814
              ],
              [
                127.0132,
                37.5815
              ],
              [
                127.0141,
                37.5818
              ],
              [
                127.0147,
                37.5823
              ],
              [
                127.0148,
                37.5823
              ],
              [
                127.0149,
                37.5822
              ],
              [
                127.0164,
                37.5819
              ],
              [
                127.0167,
                37.5817
              ],
              [
                127.0183,
                37.579
              ],
              [
                127.0183,
                37.579
              ],
              [
                127.0188,
                37.5775
              ],
              [
                127.0218,
                37.5789
              ],
              [
                127.0231,
                37.578
              ],
              [
                127.0234,
                37.5719
              ],
              [
                127.0231,
                37.572
              ],
              [
                127.019,
                37.571
              ],
              [
                127.0173,
                37.5701
              ],
              [
                127.01,
                37.5698
              ],
              [
                127.0098,
                37.5698
              ],
              [
                127.0067,
                37.5696
              ],
              [
                127.0033,
                37.5696
              ],
              [
                127.0017,
                37.5695
              ],
              [
                127,
                37.5692
              ],
              [
                126.9998,
                37.5692
              ],
              [
                126.9992,
                37.5691
              ],
              [
                126.9989,
                37.569
              ],
              [
                126.9987,
                37.569
              ],
              [
                126.9985,
                37.5689
              ],
              [
                126.9982,
                37.5689
              ],
              [
                126.998,
                37.5688
              ],
              [
                126.9973,
                37.5688
              ],
              [
                126.9968,
                37.5687
              ],
              [
                126.9965,
                37.5687
              ],
              [
                126.9962,
                37.5686
              ],
              [
                126.9909,
                37.5682
              ],
              [
                126.9902,
                37.5681
              ],
              [
                126.99,
                37.5681
              ],
              [
                126.9896,
                37.5681
              ],
              [
                126.9896,
                37.5681
              ],
              [
                126.9895,
                37.5681
              ],
              [
                126.9889,
                37.5681
              ],
              [
                126.9889,
                37.5681
              ],
              [
                126.9889,
                37.5681
              ],
              [
                126.9884,
                37.5681
              ],
              [
                126.9882,
                37.5681
              ],
              [
                126.9882,
                37.5681
              ],
              [
                126.9866,
                37.5682
              ],
              [
                126.9797,
                37.569
              ],
              [
                126.9776,
                37.5693
              ],
              [
                126.9757,
                37.5694
              ],
              [
                126.9691,
                37.5682
              ],
              [
                126.9667,
                37.5658
              ],
              [
                126.9657,
                37.5668
              ],
              [
                126.9594,
                37.573
              ],
              [
                126.9549,
                37.5771
              ],
              [
                126.9536,
                37.5787
              ],
              [
                126.9536,
                37.5788
              ],
              [
                126.9572,
                37.5799
              ],
              [
                126.9576,
                37.5823
              ],
              [
                126.958,
                37.5841
              ],
              [
                126.958,
                37.5844
              ],
              [
                126.9579,
                37.5847
              ],
              [
                126.9578,
                37.5849
              ],
              [
                126.9578,
                37.585
              ],
              [
                126.9578,
                37.585
              ],
              [
                126.9578,
                37.5851
              ],
              [
                126.9575,
                37.586
              ],
              [
                126.9574,
                37.5871
              ],
              [
                126.9574,
                37.5891
              ],
              [
                126.9575,
                37.5901
              ],
              [
                126.9578,
                37.5926
              ],
              [
                126.9585,
                37.5942
              ],
              [
                126.959,
                37.5948
              ],
              [
                126.959,
                37.5951
              ],
              [
                126.9583,
                37.5978
              ],
              [
                126.958,
                37.5982
              ],
              [
                126.9577,
                37.5984
              ],
              [
                126.9573,
                37.5985
              ],
              [
                126.9565,
                37.5988
              ],
              [
                126.9563,
                37.5989
              ],
              [
                126.9541,
                37.5991
              ],
              [
                126.9534,
                37.5995
              ],
              [
                126.9526,
                37.6012
              ],
              [
                126.9525,
                37.6016
              ],
              [
                126.9524,
                37.6025
              ],
              [
                126.9536,
                37.6045
              ],
              [
                126.9538,
                37.6047
              ],
              [
                126.9539,
                37.6048
              ],
              [
                126.9525,
                37.6067
              ],
              [
                126.9522,
                37.6069
              ],
              [
                126.9506,
                37.6084
              ],
              [
                126.9503,
                37.6091
              ],
              [
                126.9504,
                37.6106
              ],
              [
                126.9498,
                37.6117
              ],
              [
                126.9499,
                37.6117
              ],
              [
                126.9505,
                37.6129
              ],
              [
                126.9507,
                37.6135
              ],
              [
                126.9508,
                37.6138
              ],
              [
                126.9507,
                37.6155
              ],
              [
                126.9505,
                37.6161
              ],
              [
                126.9499,
                37.6187
              ],
              [
                126.9489,
                37.6233
              ],
              [
                126.949,
                37.6243
              ],
              [
                126.9497,
                37.6253
              ],
              [
                126.9498,
                37.6255
              ],
              [
                126.9505,
                37.6264
              ],
              [
                126.9556,
                37.6283
              ],
              [
                126.9584,
                37.6295
              ],
              [
                126.9601,
                37.6298
              ],
              [
                126.9671,
                37.6307
              ],
              [
                126.973,
                37.6324
              ],
              [
                126.9754,
                37.6317
              ],
              [
                126.9754,
                37.6317
              ],
              [
                126.9751,
                37.6312
              ],
              [
                126.9747,
                37.6298
              ]
            ]
          ]
        ]
      },
      "properties": {
        "name": "종로구",
        "base_year": "2018",
        "name_eng": "Jongno-gu",
        "code": "11010"
      }
    },
    {
      "type": "Feature",
      "geometry": {
        "type": "MultiPolygon",
        "coordinates": [
          [
            [
              [
                127.0234,
                37.5719
              ],
              [
                127.0236,
                37.5652
              ],
              [
                127.0268,
                37.565
              ],
              [
                127.0268,
                37.5643
              ],
              [
                127.0267,
                37.5638
              ],
              [
                127.0266,
                37.5637
              ],
              [
                127.0266,
                37.5636
              ],
              [
                127.0265,
                37.5634
              ],
              [
                127.0261,
                37.5629
              ],
              [
                127.0259,
                37.5626
              ],
              [
                127.0234,
                37.5607
              ],
              [
                127.0229,
                37.5579
              ],
              [
                127.0196,
                37.5573
              ],
              [
                127.0194,
                37.5574
              ],
              [
                127.0181,
                37.5569
              ],
              [
                127.0178,
                37.5566
              ],
              [
                127.0177,
                37.5565
              ],
              [
                127.0176,
                37.5564
              ],
              [
                127.0173,
                37.5559
              ],
              [
                127.017,
                37.5541
              ],
              [
                127.0163,
                37.553
              ],
              [
                127.0132,
                37.5501
              ],
              [
                127.0131,
                37.5501
              ],
              [
                127.0126,
                37.5496
              ],
              [
                127.0106,
                37.5483
              ],
              [
                127.0097,
                37.5479
              ],
              [
                127.0093,
                37.5475
              ],
              [
                127.0092,
                37.5473
              ],
              [
                127.0091,
                37.5471
              ],
              [
                127.0082,
                37.545
              ],
              [
                127.009,
                37.5441
              ],
              [
                127.0084,
                37.544
              ],
              [
                127.0078,
                37.5439
              ],
              [
                127.0073,
                37.5439
              ],
              [
                127.0073,
                37.5439
              ],
              [
                127.006,
                37.5451
              ],
              [
                127.005,
                37.5462
              ],
              [
                127.005,
                37.5462
              ],
              [
                127.005,
                37.5462
              ],
              [
                127.0053,
                37.5473
              ],
              [
                127.0057,
                37.5477
              ],
              [
                127.0043,
                37.5502
              ],
              [
                127.0029,
                37.5496
              ],
              [
                127.0028,
                37.5496
              ],
              [
                127.0028,
                37.5496
              ],
              [
                127.0028,
                37.5496
              ],
              [
                127.0027,
                37.5496
              ],
              [
                127.0008,
                37.5499
              ],
              [
                126.9989,
                37.5498
              ],
              [
                126.9983,
                37.5497
              ],
              [
                126.9983,
                37.5497
              ],
              [
                126.9977,
                37.5494
              ],
              [
                126.9974,
                37.5492
              ],
              [
                126.9967,
                37.5485
              ],
              [
                126.9968,
                37.5482
              ],
              [
                126.9967,
                37.548
              ],
              [
                126.9967,
                37.5478
              ],
              [
                126.9964,
                37.5474
              ],
              [
                126.9956,
                37.5473
              ],
              [
                126.9952,
                37.5472
              ],
              [
                126.9952,
                37.5472
              ],
              [
                126.9952,
                37.5472
              ],
              [
                126.9933,
                37.5489
              ],
              [
                126.9923,
                37.5501
              ],
              [
                126.9877,
                37.5515
              ],
              [
                126.9854,
                37.5537
              ],
              [
                126.9846,
                37.5531
              ],
              [
                126.9846,
                37.5531
              ],
              [
                126.984,
                37.553
              ],
              [
                126.984,
                37.553
              ],
              [
                126.9787,
                37.5532
              ],
              [
                126.9787,
                37.5538
              ],
              [
                126.9764,
                37.5531
              ],
              [
                126.9764,
                37.5531
              ],
              [
                126.9758,
                37.5534
              ],
              [
                126.9758,
                37.5534
              ],
              [
                126.9718,
                37.5542
              ],
              [
                126.9718,
                37.5542
              ],
              [
                126.9718,
                37.5542
              ],
              [
                126.9717,
                37.5541
              ],
              [
                126.9717,
                37.5541
              ],
              [
                126.9717,
                37.5541
              ],
              [
                126.9716,
                37.5541
              ],
              [
                126.9716,
                37.5541
              ],
              [
                126.9714,
                37.554
              ],
              [
                126.9714,
                37.554
              ],
              [
                126.9714,
                37.554
              ],
              [
                126.9713,
                37.554
              ],
              [
                126.9713,
                37.554
              ],
              [
                126.9711,
                37.5539
              ],
              [
                126.9711,
                37.5539
              ],
              [
                126.971,
                37.5539
              ],
              [
                126.971,
                37.5539
              ],
              [
                126.9708,
                37.5539
              ],
              [
                126.9708,
                37.5539
              ],
              [
                126.9708,
                37.5539
              ],
              [
                126.9706,
                37.5539
              ],
              [
                126.9706,
                37.5539
              ],
              [
                126.9706,
                37.5539
              ],
              [
                126.9704,
                37.5539
              ],
              [
                126.9704,
                37.5539
              ],
              [
                126.9704,
                37.5539
              ],
              [
                126.9702,
                37.5539
              ],
              [
                126.9702,
                37.5539
              ],
              [
                126.9702,
                37.5539
              ],
              [
                126.97,
                37.554
              ],
              [
                126.97,
                37.554
              ],
              [
                126.97,
                37.554
              ],
              [
                126.9699,
                37.554
              ],
              [
                126.9699,
                37.554
              ],
              [
                126.9698,
                37.554
              ],
              [
                126.9698,
                37.554
              ],
              [
                126.9698,
                37.554
              ],
              [
                126.9697,
                37.5541
              ],
              [
                126.9697,
                37.5541
              ],
              [
                126.9693,
                37.5543
              ],
              [
                126.9692,
                37.5549
              ],
              [
                126.9692,
                37.5557
              ],
              [
                126.9666,
                37.5544
              ],
              [
                126.9634,
                37.5523
              ],
              [
                126.9624,
                37.5516
              ],
              [
                126.9622,
                37.5533
              ],
              [
                126.9634,
                37.5568
              ],
              [
                126.9634,
                37.557
              ],
              [
                126.9634,
                37.557
              ],
              [
                126.9631,
                37.5581
              ],
              [
                126.9621,
                37.5585
              ],
              [
                126.9619,
                37.5585
              ],
              [
                126.9618,
                37.5584
              ],
              [
                126.9616,
                37.5584
              ],
              [
                126.9617,
                37.559
              ],
              [
                126.9618,
                37.559
              ],
              [
                126.9621,
                37.5591
              ],
              [
                126.9633,
                37.5592
              ],
              [
                126.964,
                37.5595
              ],
              [
                126.964,
                37.5595
              ],
              [
                126.964,
                37.5595
              ],
              [
                126.9646,
                37.5598
              ],
              [
                126.9651,
                37.5601
              ],
              [
                126.9656,
                37.5604
              ],
              [
                126.9659,
                37.5606
              ],
              [
                126.9661,
                37.5608
              ],
              [
                126.9662,
                37.5608
              ],
              [
                126.9664,
                37.5609
              ],
              [
                126.9667,
                37.5612
              ],
              [
                126.9668,
                37.5613
              ],
              [
                126.9674,
                37.5615
              ],
              [
                126.9695,
                37.562
              ],
              [
                126.9667,
                37.5658
              ],
              [
                126.9691,
                37.5682
              ],
              [
                126.9757,
                37.5694
              ],
              [
                126.9776,
                37.5693
              ],
              [
                126.9797,
                37.569
              ],
              [
                126.9866,
                37.5682
              ],
              [
                126.9882,
                37.5681
              ],
              [
                126.9882,
                37.5681
              ],
              [
                126.9884,
                37.5681
              ],
              [
                126.9889,
                37.5681
              ],
              [
                126.9889,
                37.5681
              ],
              [
                126.9889,
                37.5681
              ],
              [
                126.9895,
                37.5681
              ],
              [
                126.9896,
                37.5681
              ],
              [
                126.9896,
                37.5681
              ],
              [
                126.99,
                37.5681
              ],
              [
                126.9902,
                37.5681
              ],
              [
                126.9909,
                37.5682
              ],
              [
                126.9962,
                37.5686
              ],
              [
                126.9965,
                37.5687
              ],
              [
                126.9968,
                37.5687
              ],
              [
                126.9973,
                37.5688
              ],
              [
                126.998,
                37.5688
              ],
              [
                126.9982,
                37.5689
              ],
              [
                126.9985,
                37.5689
              ],
              [
                126.9987,
                37.569
              ],
              [
                126.9989,
                37.569
              ],
              [
                126.9992,
                37.5691
              ],
              [
                126.9998,
                37.5692
              ],
              [
                127,
                37.5692
              ],
              [
                127.0017,
                37.5695
              ],
              [
                127.0033,
                37.5696
              ],
              [
                127.0067,
                37.5696
              ],
              [
                127.0098,
                37.5698
              ],
              [
                127.01,
                37.5698
              ],
              [
                127.0173,
                37.5701
              ],
              [
                127.019,
                37.571
              ],
              [
                127.0231,
                37.572
              ],
              [
                127.0234,
                37.5719
              ],
              [
                127.0234,
                37.5719
              ]
            ]
          ]
        ]
      },
      "properties": {
        "name": "중구",
        "base_year": "2018",
        "name_eng": "Jung-gu",
        "code": "11020"
      }
    },
    {
      "type": "Feature",
      "geometry": {
        "type": "MultiPolygon",
        "coordinates": [
          [
            [
              [
                126.9706,
                37.5539
              ],
              [
                126.9706,
                37.5539
              ],
              [
                126.9708,
                37.5539
              ],
              [
                126.9708,
                37.5539
              ],
              [
                126.9708,
                37.5539
              ],
              [
                126.971,
                37.5539
              ],
              [
                126.971,
                37.5539
              ],
              [
                126.9711,
                37.5539
              ],
              [
                126.9711,
                37.5539
              ],
              [
                126.9713,
                37.554
              ],
              [
                126.9713,
                37.554
              ],
              [
                126.9714,
                37.554
              ],
              [
                126.9714,
                37.554
              ],
              [
                126.9714,
                37.554
              ],
              [
                126.9716,
                37.5541
              ],
              [
                126.9716,
                37.5541
              ],
              [
                126.9717,
                37.5541
              ],
              [
                126.9717,
                37.5541
              ],
              [
                126.9717,
                37.5541
              ],
              [
                126.9718,
                37.5542
              ],
              [
                126.9718,
                37.5542
              ],
              [
                126.9718,
                37.5542
              ],
              [
                126.9758,
                37.5534
              ],
              [
                126.9758,
                37.5534
              ],
              [
                126.9764,
                37.5531
              ],
              [
                126.9764,
                37.5531
              ],
              [
                126.9787,
                37.5538
              ],
              [
                126.9787,
                37.5532
              ],
              [
                126.984,
                37.553
              ],
              [
                126.984,
                37.553
              ],
              [
                126.9846,
                37.5531
              ],
              [
                126.9846,
                37.5531
              ],
              [
                126.9854,
                37.5537
              ],
              [
                126.9877,
                37.5515
              ],
              [
                126.9923,
                37.5501
              ],
              [
                126.9933,
                37.5489
              ],
              [
                126.9952,
                37.5472
              ],
              [
                126.9952,
                37.5472
              ],
              [
                126.9952,
                37.5472
              ],
              [
                126.9956,
                37.5473
              ],
              [
                126.9964,
                37.5474
              ],
              [
                126.9967,
                37.5478
              ],
              [
                126.9967,
                37.548
              ],
              [
                126.9968,
                37.5482
              ],
              [
                126.9967,
                37.5485
              ],
              [
                126.9974,
                37.5492
              ],
              [
                126.9977,
                37.5494
              ],
              [
                126.9983,
                37.5497
              ],
              [
                126.9983,
                37.5497
              ],
              [
                126.9989,
                37.5498
              ],
              [
                127.0008,
                37.5499
              ],
              [
                127.0027,
                37.5496
              ],
              [
                127.0028,
                37.5496
              ],
              [
                127.0028,
                37.5496
              ],
              [
                127.0028,
                37.5496
              ],
              [
                127.0029,
                37.5496
              ],
              [
                127.0043,
                37.5502
              ],
              [
                127.0057,
                37.5477
              ],
              [
                127.0053,
                37.5473
              ],
              [
                127.005,
                37.5462
              ],
              [
                127.005,
                37.5462
              ],
              [
                127.005,
                37.5462
              ],
              [
                127.006,
                37.5451
              ],
              [
                127.0073,
                37.5439
              ],
              [
                127.0073,
                37.5439
              ],
              [
                127.0078,
                37.5439
              ],
              [
                127.0084,
                37.544
              ],
              [
                127.009,
                37.5441
              ],
              [
                127.0087,
                37.542
              ],
              [
                127.0087,
                37.5419
              ],
              [
                127.0088,
                37.5416
              ],
              [
                127.0093,
                37.54
              ],
              [
                127.0096,
                37.5396
              ],
              [
                127.0098,
                37.5395
              ],
              [
                127.0099,
                37.5394
              ],
              [
                127.0115,
                37.539
              ],
              [
                127.0132,
                37.5389
              ],
              [
                127.015,
                37.5385
              ],
              [
                127.0173,
                37.5377
              ],
              [
                127.0175,
                37.5377
              ],
              [
                127.0174,
                37.534
              ],
              [
                127.0155,
                37.5324
              ],
              [
                127.0149,
                37.5322
              ],
              [
                127.0121,
                37.5293
              ],
              [
                127.0086,
                37.5256
              ],
              [
                127.0077,
                37.5247
              ],
              [
                127.0032,
                37.5212
              ],
              [
                127.0032,
                37.5212
              ],
              [
                127.0025,
                37.5207
              ],
              [
                126.9974,
                37.5174
              ],
              [
                126.9958,
                37.5164
              ],
              [
                126.9907,
                37.5131
              ],
              [
                126.9903,
                37.5126
              ],
              [
                126.9898,
                37.512
              ],
              [
                126.9881,
                37.5098
              ],
              [
                126.9877,
                37.5093
              ],
              [
                126.9862,
                37.5074
              ],
              [
                126.9855,
                37.5065
              ],
              [
                126.9855,
                37.5065
              ],
              [
                126.9838,
                37.5065
              ],
              [
                126.9832,
                37.5065
              ],
              [
                126.9824,
                37.5065
              ],
              [
                126.9804,
                37.5065
              ],
              [
                126.9787,
                37.5066
              ],
              [
                126.9741,
                37.5075
              ],
              [
                126.9703,
                37.5089
              ],
              [
                126.9703,
                37.5089
              ],
              [
                126.9701,
                37.509
              ],
              [
                126.9701,
                37.509
              ],
              [
                126.969,
                37.5093
              ],
              [
                126.9689,
                37.5093
              ],
              [
                126.9675,
                37.5097
              ],
              [
                126.9669,
                37.5099
              ],
              [
                126.9668,
                37.5099
              ],
              [
                126.9657,
                37.5104
              ],
              [
                126.965,
                37.5108
              ],
              [
                126.965,
                37.5108
              ],
              [
                126.9631,
                37.5122
              ],
              [
                126.9619,
                37.5131
              ],
              [
                126.957,
                37.5151
              ],
              [
                126.9499,
                37.5175
              ],
              [
                126.9499,
                37.5234
              ],
              [
                126.9499,
                37.527
              ],
              [
                126.9494,
                37.5276
              ],
              [
                126.9492,
                37.5278
              ],
              [
                126.9488,
                37.5284
              ],
              [
                126.9483,
                37.529
              ],
              [
                126.9482,
                37.5292
              ],
              [
                126.9474,
                37.5302
              ],
              [
                126.9472,
                37.5306
              ],
              [
                126.9446,
                37.5338
              ],
              [
                126.9448,
                37.5345
              ],
              [
                126.9449,
                37.5346
              ],
              [
                126.9451,
                37.535
              ],
              [
                126.946,
                37.5355
              ],
              [
                126.9463,
                37.5357
              ],
              [
                126.9464,
                37.5357
              ],
              [
                126.9464,
                37.5357
              ],
              [
                126.9467,
                37.5355
              ],
              [
                126.9473,
                37.5353
              ],
              [
                126.9509,
                37.5362
              ],
              [
                126.9513,
                37.5363
              ],
              [
                126.9534,
                37.5375
              ],
              [
                126.9546,
                37.5391
              ],
              [
                126.9552,
                37.5392
              ],
              [
                126.9553,
                37.5392
              ],
              [
                126.9557,
                37.5395
              ],
              [
                126.9567,
                37.5406
              ],
              [
                126.9566,
                37.5408
              ],
              [
                126.9575,
                37.544
              ],
              [
                126.9578,
                37.5452
              ],
              [
                126.9579,
                37.5455
              ],
              [
                126.9614,
                37.5475
              ],
              [
                126.9629,
                37.5487
              ],
              [
                126.9633,
                37.5486
              ],
              [
                126.9635,
                37.5502
              ],
              [
                126.9624,
                37.5516
              ],
              [
                126.9634,
                37.5523
              ],
              [
                126.9666,
                37.5544
              ],
              [
                126.9692,
                37.5557
              ],
              [
                126.9692,
                37.5549
              ],
              [
                126.9693,
                37.5543
              ],
              [
                126.9697,
                37.5541
              ],
              [
                126.9697,
                37.5541
              ],
              [
                126.9698,
                37.554
              ],
              [
                126.9698,
                37.554
              ],
              [
                126.9698,
                37.554
              ],
              [
                126.9699,
                37.554
              ],
              [
                126.9699,
                37.554
              ],
              [
                126.97,
                37.554
              ],
              [
                126.97,
                37.554
              ],
              [
                126.97,
                37.554
              ],
              [
                126.9702,
                37.5539
              ],
              [
                126.9702,
                37.5539
              ],
              [
                126.9702,
                37.5539
              ],
              [
                126.9704,
                37.5539
              ],
              [
                126.9704,
                37.5539
              ],
              [
                126.9704,
                37.5539
              ],
              [
                126.9706,
                37.5539
              ],
              [
                126.9706,
                37.5539
              ]
            ]
          ]
        ]
      },
      "properties": {
        "name": "용산구",
        "base_year": "2018",
        "name_eng": "Yongsan-gu",
        "code": "11030"
      }
    },
    {
      "type": "Feature",
      "geometry": {
        "type": "MultiPolygon",
        "coordinates": [
          [
            [
              [
                127.0432,
                37.5724
              ],
              [
                127.0449,
                37.5717
              ],
              [
                127.048,
                37.5704
              ],
              [
                127.0482,
                37.5702
              ],
              [
                127.0484,
                37.5701
              ],
              [
                127.0485,
                37.57
              ],
              [
                127.0486,
                37.5699
              ],
              [
                127.0486,
                37.5699
              ],
              [
                127.0488,
                37.5698
              ],
              [
                127.055,
                37.5652
              ],
              [
                127.0578,
                37.563
              ],
              [
                127.0588,
                37.5623
              ],
              [
                127.0595,
                37.5622
              ],
              [
                127.0645,
                37.5615
              ],
              [
                127.0709,
                37.5606
              ],
              [
                127.0711,
                37.5606
              ],
              [
                127.072,
                37.5601
              ],
              [
                127.0724,
                37.56
              ],
              [
                127.0737,
                37.5594
              ],
              [
                127.0727,
                37.5577
              ],
              [
                127.0675,
                37.5483
              ],
              [
                127.0675,
                37.5483
              ],
              [
                127.064,
                37.5422
              ],
              [
                127.0629,
                37.5402
              ],
              [
                127.0615,
                37.5377
              ],
              [
                127.0601,
                37.5353
              ],
              [
                127.06,
                37.535
              ],
              [
                127.0596,
                37.5345
              ],
              [
                127.0596,
                37.5343
              ],
              [
                127.0595,
                37.5342
              ],
              [
                127.0593,
                37.5338
              ],
              [
                127.0586,
                37.5326
              ],
              [
                127.0579,
                37.5314
              ],
              [
                127.0575,
                37.5306
              ],
              [
                127.0573,
                37.5302
              ],
              [
                127.0562,
                37.5283
              ],
              [
                127.0537,
                37.5296
              ],
              [
                127.0521,
                37.5306
              ],
              [
                127.0517,
                37.5309
              ],
              [
                127.0515,
                37.531
              ],
              [
                127.051,
                37.5313
              ],
              [
                127.0489,
                37.5325
              ],
              [
                127.0466,
                37.5339
              ],
              [
                127.046,
                37.5342
              ],
              [
                127.0457,
                37.5343
              ],
              [
                127.0453,
                37.5344
              ],
              [
                127.0404,
                37.5358
              ],
              [
                127.0396,
                37.5358
              ],
              [
                127.0392,
                37.5358
              ],
              [
                127.0377,
                37.5358
              ],
              [
                127.0358,
                37.5358
              ],
              [
                127.0233,
                37.5358
              ],
              [
                127.0212,
                37.5358
              ],
              [
                127.0174,
                37.534
              ],
              [
                127.0175,
                37.5377
              ],
              [
                127.0173,
                37.5377
              ],
              [
                127.015,
                37.5385
              ],
              [
                127.0132,
                37.5389
              ],
              [
                127.0115,
                37.539
              ],
              [
                127.0099,
                37.5394
              ],
              [
                127.0098,
                37.5395
              ],
              [
                127.0096,
                37.5396
              ],
              [
                127.0093,
                37.54
              ],
              [
                127.0088,
                37.5416
              ],
              [
                127.0087,
                37.5419
              ],
              [
                127.0087,
                37.542
              ],
              [
                127.009,
                37.5441
              ],
              [
                127.0082,
                37.545
              ],
              [
                127.0091,
                37.5471
              ],
              [
                127.0092,
                37.5473
              ],
              [
                127.0093,
                37.5475
              ],
              [
                127.0097,
                37.5479
              ],
              [
                127.0106,
                37.5483
              ],
              [
                127.0126,
                37.5496
              ],
              [
                127.0131,
                37.5501
              ],
              [
                127.0132,
                37.5501
              ],
              [
                127.0163,
                37.553
              ],
              [
                127.017,
                37.5541
              ],
              [
                127.0173,
                37.5559
              ],
              [
                127.0176,
                37.5564
              ],
              [
                127.0177,
                37.5565
              ],
              [
                127.0178,
                37.5566
              ],
              [
                127.0181,
                37.5569
              ],
              [
                127.0194,
                37.5574
              ],
              [
                127.0196,
                37.5573
              ],
              [
                127.0229,
                37.5579
              ],
              [
                127.0234,
                37.5607
              ],
              [
                127.0259,
                37.5626
              ],
              [
                127.0261,
                37.5629
              ],
              [
                127.0265,
                37.5634
              ],
              [
                127.0266,
                37.5636
              ],
              [
                127.0266,
                37.5637
              ],
              [
                127.0267,
                37.5638
              ],
              [
                127.0268,
                37.5643
              ],
              [
                127.0268,
                37.565
              ],
              [
                127.0236,
                37.5652
              ],
              [
                127.0234,
                37.5719
              ],
              [
                127.0252,
                37.5708
              ],
              [
                127.0262,
                37.5712
              ],
              [
                127.0262,
                37.5712
              ],
              [
                127.0262,
                37.5712
              ],
              [
                127.0265,
                37.5712
              ],
              [
                127.0272,
                37.5709
              ],
              [
                127.0273,
                37.5709
              ],
              [
                127.0277,
                37.5704
              ],
              [
                127.0279,
                37.5704
              ],
              [
                127.0283,
                37.5703
              ],
              [
                127.0288,
                37.5701
              ],
              [
                127.0288,
                37.5701
              ],
              [
                127.0289,
                37.5701
              ],
              [
                127.0289,
                37.5701
              ],
              [
                127.0289,
                37.5701
              ],
              [
                127.029,
                37.5701
              ],
              [
                127.0291,
                37.5701
              ],
              [
                127.0291,
                37.5701
              ],
              [
                127.0295,
                37.57
              ],
              [
                127.0299,
                37.5699
              ],
              [
                127.03,
                37.5699
              ],
              [
                127.0301,
                37.5698
              ],
              [
                127.0303,
                37.5698
              ],
              [
                127.0303,
                37.5698
              ],
              [
                127.0304,
                37.5698
              ],
              [
                127.0306,
                37.5698
              ],
              [
                127.0309,
                37.5698
              ],
              [
                127.031,
                37.5698
              ],
              [
                127.031,
                37.5698
              ],
              [
                127.0312,
                37.5698
              ],
              [
                127.0313,
                37.5698
              ],
              [
                127.0313,
                37.5698
              ],
              [
                127.0313,
                37.5698
              ],
              [
                127.0314,
                37.5698
              ],
              [
                127.0315,
                37.5699
              ],
              [
                127.0316,
                37.5699
              ],
              [
                127.0319,
                37.57
              ],
              [
                127.032,
                37.57
              ],
              [
                127.0322,
                37.5701
              ],
              [
                127.0342,
                37.5714
              ],
              [
                127.0347,
                37.5716
              ],
              [
                127.0351,
                37.5718
              ],
              [
                127.0351,
                37.5718
              ],
              [
                127.0353,
                37.5719
              ],
              [
                127.0353,
                37.5719
              ],
              [
                127.0355,
                37.5719
              ],
              [
                127.0355,
                37.5719
              ],
              [
                127.0356,
                37.572
              ],
              [
                127.0357,
                37.572
              ],
              [
                127.0357,
                37.572
              ],
              [
                127.0358,
                37.572
              ],
              [
                127.0359,
                37.5721
              ],
              [
                127.0359,
                37.5721
              ],
              [
                127.036,
                37.5721
              ],
              [
                127.0361,
                37.5721
              ],
              [
                127.0362,
                37.5722
              ],
              [
                127.0363,
                37.5722
              ],
              [
                127.0363,
                37.5722
              ],
              [
                127.0363,
                37.5722
              ],
              [
                127.0366,
                37.5722
              ],
              [
                127.0367,
                37.5722
              ],
              [
                127.0368,
                37.5722
              ],
              [
                127.037,
                37.5723
              ],
              [
                127.0371,
                37.5723
              ],
              [
                127.0376,
                37.5723
              ],
              [
                127.0378,
                37.5723
              ],
              [
                127.0381,
                37.5723
              ],
              [
                127.04,
                37.573
              ],
              [
                127.0426,
                37.5727
              ],
              [
                127.0432,
                37.5724
              ]
            ]
          ]
        ]
      },
      "properties": {
        "name": "성동구",
        "base_year": "2018",
        "name_eng": "Seongdong-gu",
        "code": "11040"
      }
    },
    {
      "type": "Feature",
      "geometry": {
        "type": "MultiPolygon",
        "coordinates": [
          [
            [
              [
                127.1039,
                37.5705
              ],
              [
                127.1027,
                37.5671
              ],
              [
                127.1017,
                37.5634
              ],
              [
                127.1012,
                37.5616
              ],
              [
                127.1012,
                37.5613
              ],
              [
                127.1011,
                37.5611
              ],
              [
                127.1011,
                37.561
              ],
              [
                127.1013,
                37.5605
              ],
              [
                127.1014,
                37.5603
              ],
              [
                127.1015,
                37.56
              ],
              [
                127.1017,
                37.5597
              ],
              [
                127.1018,
                37.5596
              ],
              [
                127.1019,
                37.5595
              ],
              [
                127.1022,
                37.5593
              ],
              [
                127.1049,
                37.5564
              ],
              [
                127.1054,
                37.5563
              ],
              [
                127.1054,
                37.5563
              ],
              [
                127.106,
                37.5564
              ],
              [
                127.1064,
                37.5565
              ],
              [
                127.1071,
                37.5571
              ],
              [
                127.11,
                37.5583
              ],
              [
                127.1117,
                37.5587
              ],
              [
                127.113,
                37.5588
              ],
              [
                127.1152,
                37.5568
              ],
              [
                127.1146,
                37.5554
              ],
              [
                127.1145,
                37.555
              ],
              [
                127.1142,
                37.5543
              ],
              [
                127.1141,
                37.5541
              ],
              [
                127.1141,
                37.5541
              ],
              [
                127.1115,
                37.5504
              ],
              [
                127.1115,
                37.5486
              ],
              [
                127.1115,
                37.5469
              ],
              [
                127.1106,
                37.5456
              ],
              [
                127.1102,
                37.545
              ],
              [
                127.1095,
                37.5436
              ],
              [
                127.1092,
                37.5432
              ],
              [
                127.1092,
                37.5432
              ],
              [
                127.1083,
                37.5414
              ],
              [
                127.1041,
                37.5381
              ],
              [
                127.102,
                37.5364
              ],
              [
                127.0943,
                37.5303
              ],
              [
                127.0913,
                37.528
              ],
              [
                127.0898,
                37.5268
              ],
              [
                127.0875,
                37.5257
              ],
              [
                127.0856,
                37.5248
              ],
              [
                127.08,
                37.5229
              ],
              [
                127.077,
                37.5225
              ],
              [
                127.0769,
                37.5225
              ],
              [
                127.0743,
                37.5229
              ],
              [
                127.0724,
                37.5233
              ],
              [
                127.0675,
                37.5246
              ],
              [
                127.0654,
                37.5251
              ],
              [
                127.0642,
                37.5255
              ],
              [
                127.0562,
                37.5283
              ],
              [
                127.0573,
                37.5302
              ],
              [
                127.0575,
                37.5306
              ],
              [
                127.0579,
                37.5314
              ],
              [
                127.0586,
                37.5326
              ],
              [
                127.0593,
                37.5338
              ],
              [
                127.0595,
                37.5342
              ],
              [
                127.0596,
                37.5343
              ],
              [
                127.0596,
                37.5345
              ],
              [
                127.06,
                37.535
              ],
              [
                127.0601,
                37.5353
              ],
              [
                127.0615,
                37.5377
              ],
              [
                127.0629,
                37.5402
              ],
              [
                127.064,
                37.5422
              ],
              [
                127.0675,
                37.5483
              ],
              [
                127.0675,
                37.5483
              ],
              [
                127.0727,
                37.5577
              ],
              [
                127.0737,
                37.5594
              ],
              [
                127.0724,
                37.56
              ],
              [
                127.074,
                37.5644
              ],
              [
                127.0741,
                37.5647
              ],
              [
                127.0758,
                37.5666
              ],
              [
                127.0782,
                37.5719
              ],
              [
                127.0801,
                37.5717
              ],
              [
                127.0861,
                37.5708
              ],
              [
                127.0882,
                37.5708
              ],
              [
                127.0882,
                37.5706
              ],
              [
                127.0883,
                37.5705
              ],
              [
                127.0884,
                37.5702
              ],
              [
                127.0885,
                37.5702
              ],
              [
                127.0905,
                37.5697
              ],
              [
                127.0938,
                37.5706
              ],
              [
                127.0956,
                37.5706
              ],
              [
                127.0994,
                37.5727
              ],
              [
                127.1007,
                37.5736
              ],
              [
                127.1009,
                37.5738
              ],
              [
                127.1017,
                37.5724
              ],
              [
                127.1031,
                37.5723
              ],
              [
                127.1037,
                37.5719
              ],
              [
                127.1037,
                37.5719
              ],
              [
                127.1042,
                37.5714
              ],
              [
                127.1039,
                37.5705
              ]
            ]
          ]
        ]
      },
      "properties": {
        "name": "광진구",
        "base_year": "2018",
        "name_eng": "Gwangjin-gu",
        "code": "11050"
      }
    },
    {
      "type": "Feature",
      "geometry": {
        "type": "MultiPolygon",
        "coordinates": [
          [
            [
              [
                127.0725,
                37.6002
              ],
              [
                127.072,
                37.5996
              ],
              [
                127.072,
                37.5996
              ],
              [
                127.072,
                37.5996
              ],
              [
                127.0719,
                37.5995
              ],
              [
                127.0718,
                37.5994
              ],
              [
                127.0715,
                37.5991
              ],
              [
                127.0712,
                37.5988
              ],
              [
                127.0707,
                37.5985
              ],
              [
                127.0694,
                37.5953
              ],
              [
                127.0705,
                37.5925
              ],
              [
                127.0705,
                37.5925
              ],
              [
                127.0706,
                37.5909
              ],
              [
                127.0716,
                37.588
              ],
              [
                127.0722,
                37.585
              ],
              [
                127.0753,
                37.581
              ],
              [
                127.0758,
                37.5809
              ],
              [
                127.0759,
                37.5808
              ],
              [
                127.076,
                37.5807
              ],
              [
                127.076,
                37.5806
              ],
              [
                127.0761,
                37.5805
              ],
              [
                127.0761,
                37.5804
              ],
              [
                127.0762,
                37.5803
              ],
              [
                127.0762,
                37.5802
              ],
              [
                127.0763,
                37.58
              ],
              [
                127.0763,
                37.5799
              ],
              [
                127.0764,
                37.5798
              ],
              [
                127.0764,
                37.5797
              ],
              [
                127.0764,
                37.5796
              ],
              [
                127.0764,
                37.5794
              ],
              [
                127.0765,
                37.5793
              ],
              [
                127.0769,
                37.5762
              ],
              [
                127.0777,
                37.5724
              ],
              [
                127.0782,
                37.5719
              ],
              [
                127.0782,
                37.5719
              ],
              [
                127.0758,
                37.5666
              ],
              [
                127.0741,
                37.5647
              ],
              [
                127.074,
                37.5644
              ],
              [
                127.0724,
                37.56
              ],
              [
                127.072,
                37.5601
              ],
              [
                127.0711,
                37.5606
              ],
              [
                127.0709,
                37.5606
              ],
              [
                127.0645,
                37.5615
              ],
              [
                127.0595,
                37.5622
              ],
              [
                127.0588,
                37.5623
              ],
              [
                127.0578,
                37.563
              ],
              [
                127.055,
                37.5652
              ],
              [
                127.0488,
                37.5698
              ],
              [
                127.0486,
                37.5699
              ],
              [
                127.0486,
                37.5699
              ],
              [
                127.0485,
                37.57
              ],
              [
                127.0484,
                37.5701
              ],
              [
                127.0482,
                37.5702
              ],
              [
                127.048,
                37.5704
              ],
              [
                127.0449,
                37.5717
              ],
              [
                127.0432,
                37.5724
              ],
              [
                127.0426,
                37.5727
              ],
              [
                127.04,
                37.573
              ],
              [
                127.0381,
                37.5723
              ],
              [
                127.0378,
                37.5723
              ],
              [
                127.0376,
                37.5723
              ],
              [
                127.0371,
                37.5723
              ],
              [
                127.037,
                37.5723
              ],
              [
                127.0368,
                37.5722
              ],
              [
                127.0367,
                37.5722
              ],
              [
                127.0366,
                37.5722
              ],
              [
                127.0363,
                37.5722
              ],
              [
                127.0363,
                37.5722
              ],
              [
                127.0363,
                37.5722
              ],
              [
                127.0362,
                37.5722
              ],
              [
                127.0361,
                37.5721
              ],
              [
                127.036,
                37.5721
              ],
              [
                127.0359,
                37.5721
              ],
              [
                127.0359,
                37.5721
              ],
              [
                127.0358,
                37.572
              ],
              [
                127.0357,
                37.572
              ],
              [
                127.0357,
                37.572
              ],
              [
                127.0356,
                37.572
              ],
              [
                127.0355,
                37.5719
              ],
              [
                127.0355,
                37.5719
              ],
              [
                127.0353,
                37.5719
              ],
              [
                127.0353,
                37.5719
              ],
              [
                127.0351,
                37.5718
              ],
              [
                127.0351,
                37.5718
              ],
              [
                127.0347,
                37.5716
              ],
              [
                127.0342,
                37.5714
              ],
              [
                127.0322,
                37.5701
              ],
              [
                127.032,
                37.57
              ],
              [
                127.0319,
                37.57
              ],
              [
                127.0316,
                37.5699
              ],
              [
                127.0315,
                37.5699
              ],
              [
                127.0314,
                37.5698
              ],
              [
                127.0313,
                37.5698
              ],
              [
                127.0313,
                37.5698
              ],
              [
                127.0313,
                37.5698
              ],
              [
                127.0312,
                37.5698
              ],
              [
                127.031,
                37.5698
              ],
              [
                127.031,
                37.5698
              ],
              [
                127.0309,
                37.5698
              ],
              [
                127.0306,
                37.5698
              ],
              [
                127.0304,
                37.5698
              ],
              [
                127.0303,
                37.5698
              ],
              [
                127.0303,
                37.5698
              ],
              [
                127.0301,
                37.5698
              ],
              [
                127.03,
                37.5699
              ],
              [
                127.0299,
                37.5699
              ],
              [
                127.0295,
                37.57
              ],
              [
                127.0291,
                37.5701
              ],
              [
                127.0291,
                37.5701
              ],
              [
                127.029,
                37.5701
              ],
              [
                127.0289,
                37.5701
              ],
              [
                127.0289,
                37.5701
              ],
              [
                127.0289,
                37.5701
              ],
              [
                127.0288,
                37.5701
              ],
              [
                127.0288,
                37.5701
              ],
              [
                127.0283,
                37.5703
              ],
              [
                127.0279,
                37.5704
              ],
              [
                127.0277,
                37.5704
              ],
              [
                127.0273,
                37.5709
              ],
              [
                127.0272,
                37.5709
              ],
              [
                127.0265,
                37.5712
              ],
              [
                127.0262,
                37.5712
              ],
              [
                127.0262,
                37.5712
              ],
              [
                127.0262,
                37.5712
              ],
              [
                127.0252,
                37.5708
              ],
              [
                127.0234,
                37.5719
              ],
              [
                127.0234,
                37.5719
              ],
              [
                127.0231,
                37.578
              ],
              [
                127.0244,
                37.5792
              ],
              [
                127.0295,
                37.5827
              ],
              [
                127.031,
                37.5844
              ],
              [
                127.0352,
                37.5886
              ],
              [
                127.0353,
                37.5887
              ],
              [
                127.0355,
                37.589
              ],
              [
                127.0356,
                37.5891
              ],
              [
                127.0359,
                37.5895
              ],
              [
                127.0363,
                37.5901
              ],
              [
                127.0363,
                37.5903
              ],
              [
                127.0363,
                37.5904
              ],
              [
                127.0362,
                37.5911
              ],
              [
                127.0362,
                37.5912
              ],
              [
                127.0388,
                37.5913
              ],
              [
                127.0411,
                37.5956
              ],
              [
                127.043,
                37.597
              ],
              [
                127.0473,
                37.5961
              ],
              [
                127.0474,
                37.5965
              ],
              [
                127.0503,
                37.6006
              ],
              [
                127.051,
                37.6012
              ],
              [
                127.0512,
                37.6012
              ],
              [
                127.0513,
                37.6011
              ],
              [
                127.0521,
                37.6001
              ],
              [
                127.0534,
                37.6004
              ],
              [
                127.0601,
                37.6021
              ],
              [
                127.0608,
                37.6035
              ],
              [
                127.0615,
                37.6045
              ],
              [
                127.0618,
                37.6048
              ],
              [
                127.0622,
                37.6051
              ],
              [
                127.0623,
                37.6052
              ],
              [
                127.0624,
                37.6052
              ],
              [
                127.0631,
                37.6052
              ],
              [
                127.0655,
                37.6055
              ],
              [
                127.066,
                37.6056
              ],
              [
                127.067,
                37.6062
              ],
              [
                127.0679,
                37.6068
              ],
              [
                127.0679,
                37.6076
              ],
              [
                127.0679,
                37.6078
              ],
              [
                127.0688,
                37.609
              ],
              [
                127.0694,
                37.609
              ],
              [
                127.0711,
                37.6076
              ],
              [
                127.0711,
                37.6074
              ],
              [
                127.0711,
                37.6073
              ],
              [
                127.0711,
                37.6071
              ],
              [
                127.0711,
                37.607
              ],
              [
                127.0712,
                37.6064
              ],
              [
                127.0714,
                37.6054
              ],
              [
                127.0715,
                37.6046
              ],
              [
                127.0717,
                37.6044
              ],
              [
                127.0717,
                37.6043
              ],
              [
                127.0718,
                37.604
              ],
              [
                127.0719,
                37.6038
              ],
              [
                127.0721,
                37.6034
              ],
              [
                127.0721,
                37.6034
              ],
              [
                127.0723,
                37.6032
              ],
              [
                127.0724,
                37.6029
              ],
              [
                127.0729,
                37.6013
              ],
              [
                127.0729,
                37.6013
              ],
              [
                127.0729,
                37.6011
              ],
              [
                127.0728,
                37.601
              ],
              [
                127.0728,
                37.6009
              ],
              [
                127.0728,
                37.6008
              ],
              [
                127.0727,
                37.6006
              ],
              [
                127.0725,
                37.6003
              ],
              [
                127.0725,
                37.6002
              ]
            ]
          ]
        ]
      },
      "properties": {
        "name": "동대문구",
        "base_year": "2018",
        "name_eng": "Dongdaemun-gu",
        "code": "11060"
      }
    },
    {
      "type": "Feature",
      "geometry": {
        "type": "MultiPolygon",
        "coordinates": [
          [
            [
              [
                127.115,
                37.6195
              ],
              [
                127.1162,
                37.6189
              ],
              [
                127.1173,
                37.6167
              ],
              [
                127.117,
                37.6165
              ],
              [
                127.1169,
                37.6163
              ],
              [
                127.1167,
                37.616
              ],
              [
                127.1167,
                37.6157
              ],
              [
                127.1168,
                37.615
              ],
              [
                127.1171,
                37.614
              ],
              [
                127.1174,
                37.6122
              ],
              [
                127.1173,
                37.6112
              ],
              [
                127.1169,
                37.6095
              ],
              [
                127.1167,
                37.6088
              ],
              [
                127.1181,
                37.6055
              ],
              [
                127.1181,
                37.6054
              ],
              [
                127.1181,
                37.6049
              ],
              [
                127.118,
                37.6046
              ],
              [
                127.1156,
                37.6017
              ],
              [
                127.1141,
                37.6001
              ],
              [
                127.1145,
                37.5991
              ],
              [
                127.1155,
                37.5977
              ],
              [
                127.1157,
                37.5973
              ],
              [
                127.1164,
                37.5962
              ],
              [
                127.1169,
                37.5955
              ],
              [
                127.1167,
                37.594
              ],
              [
                127.1157,
                37.5936
              ],
              [
                127.1155,
                37.5936
              ],
              [
                127.1155,
                37.5935
              ],
              [
                127.1154,
                37.5935
              ],
              [
                127.115,
                37.5935
              ],
              [
                127.1145,
                37.5934
              ],
              [
                127.1143,
                37.5934
              ],
              [
                127.1137,
                37.5934
              ],
              [
                127.1133,
                37.5933
              ],
              [
                127.1124,
                37.5919
              ],
              [
                127.1102,
                37.5874
              ],
              [
                127.1099,
                37.586
              ],
              [
                127.1097,
                37.5852
              ],
              [
                127.1094,
                37.5841
              ],
              [
                127.109,
                37.5834
              ],
              [
                127.1074,
                37.5825
              ],
              [
                127.1053,
                37.5816
              ],
              [
                127.1034,
                37.5806
              ],
              [
                127.1031,
                37.5802
              ],
              [
                127.1029,
                37.5799
              ],
              [
                127.1029,
                37.5798
              ],
              [
                127.103,
                37.5789
              ],
              [
                127.1023,
                37.578
              ],
              [
                127.102,
                37.5776
              ],
              [
                127.1011,
                37.5761
              ],
              [
                127.1009,
                37.5742
              ],
              [
                127.1009,
                37.5738
              ],
              [
                127.1007,
                37.5736
              ],
              [
                127.0994,
                37.5727
              ],
              [
                127.0956,
                37.5706
              ],
              [
                127.0938,
                37.5706
              ],
              [
                127.0905,
                37.5697
              ],
              [
                127.0885,
                37.5702
              ],
              [
                127.0884,
                37.5702
              ],
              [
                127.0883,
                37.5705
              ],
              [
                127.0882,
                37.5706
              ],
              [
                127.0882,
                37.5708
              ],
              [
                127.0861,
                37.5708
              ],
              [
                127.0801,
                37.5717
              ],
              [
                127.0782,
                37.5719
              ],
              [
                127.0782,
                37.5719
              ],
              [
                127.0777,
                37.5724
              ],
              [
                127.0769,
                37.5762
              ],
              [
                127.0765,
                37.5793
              ],
              [
                127.0764,
                37.5794
              ],
              [
                127.0764,
                37.5796
              ],
              [
                127.0764,
                37.5797
              ],
              [
                127.0764,
                37.5798
              ],
              [
                127.0763,
                37.5799
              ],
              [
                127.0763,
                37.58
              ],
              [
                127.0762,
                37.5802
              ],
              [
                127.0762,
                37.5803
              ],
              [
                127.0761,
                37.5804
              ],
              [
                127.0761,
                37.5805
              ],
              [
                127.076,
                37.5806
              ],
              [
                127.076,
                37.5807
              ],
              [
                127.0759,
                37.5808
              ],
              [
                127.0758,
                37.5809
              ],
              [
                127.0753,
                37.581
              ],
              [
                127.0722,
                37.585
              ],
              [
                127.0716,
                37.588
              ],
              [
                127.0706,
                37.5909
              ],
              [
                127.0705,
                37.5925
              ],
              [
                127.0705,
                37.5925
              ],
              [
                127.0694,
                37.5953
              ],
              [
                127.0707,
                37.5985
              ],
              [
                127.0712,
                37.5988
              ],
              [
                127.0715,
                37.5991
              ],
              [
                127.0718,
                37.5994
              ],
              [
                127.0719,
                37.5995
              ],
              [
                127.072,
                37.5996
              ],
              [
                127.072,
                37.5996
              ],
              [
                127.072,
                37.5996
              ],
              [
                127.0725,
                37.6002
              ],
              [
                127.0725,
                37.6003
              ],
              [
                127.0727,
                37.6006
              ],
              [
                127.0728,
                37.6008
              ],
              [
                127.0728,
                37.6009
              ],
              [
                127.0728,
                37.601
              ],
              [
                127.0729,
                37.6011
              ],
              [
                127.0729,
                37.6013
              ],
              [
                127.0729,
                37.6013
              ],
              [
                127.0724,
                37.6029
              ],
              [
                127.0723,
                37.6032
              ],
              [
                127.0721,
                37.6034
              ],
              [
                127.0721,
                37.6034
              ],
              [
                127.0719,
                37.6038
              ],
              [
                127.0718,
                37.604
              ],
              [
                127.0717,
                37.6043
              ],
              [
                127.0717,
                37.6044
              ],
              [
                127.0715,
                37.6046
              ],
              [
                127.0714,
                37.6054
              ],
              [
                127.0712,
                37.6064
              ],
              [
                127.0711,
                37.607
              ],
              [
                127.0711,
                37.6071
              ],
              [
                127.0711,
                37.6073
              ],
              [
                127.0711,
                37.6074
              ],
              [
                127.0711,
                37.6076
              ],
              [
                127.0714,
                37.6103
              ],
              [
                127.0717,
                37.6135
              ],
              [
                127.0717,
                37.6136
              ],
              [
                127.0716,
                37.6138
              ],
              [
                127.0711,
                37.6148
              ],
              [
                127.0701,
                37.6154
              ],
              [
                127.0702,
                37.6154
              ],
              [
                127.0742,
                37.6168
              ],
              [
                127.0758,
                37.6173
              ],
              [
                127.0817,
                37.6192
              ],
              [
                127.0861,
                37.6203
              ],
              [
                127.0897,
                37.6195
              ],
              [
                127.0928,
                37.6182
              ],
              [
                127.0932,
                37.618
              ],
              [
                127.0936,
                37.6181
              ],
              [
                127.0944,
                37.619
              ],
              [
                127.0988,
                37.6204
              ],
              [
                127.1009,
                37.6194
              ],
              [
                127.1017,
                37.6195
              ],
              [
                127.1049,
                37.6201
              ],
              [
                127.1056,
                37.6204
              ],
              [
                127.1113,
                37.6207
              ],
              [
                127.1121,
                37.6203
              ],
              [
                127.115,
                37.6195
              ]
            ]
          ]
        ]
      },
      "properties": {
        "name": "중랑구",
        "base_year": "2018",
        "name_eng": "Jungnang-gu",
        "code": "11070"
      }
    },
    {
      "type": "Feature",
      "geometry": {
        "type": "MultiPolygon",
        "coordinates": [
          [
            [
              [
                126.9954,
                37.6302
              ],
              [
                126.9965,
                37.6291
              ],
              [
                126.9968,
                37.6287
              ],
              [
                126.9993,
                37.6262
              ],
              [
                127.0002,
                37.6258
              ],
              [
                127.0052,
                37.624
              ],
              [
                127.0079,
                37.624
              ],
              [
                127.0079,
                37.624
              ],
              [
                127.0079,
                37.6238
              ],
              [
                127.0078,
                37.6229
              ],
              [
                127.0076,
                37.6223
              ],
              [
                127.0074,
                37.6214
              ],
              [
                127.0072,
                37.621
              ],
              [
                127.0072,
                37.6209
              ],
              [
                127.0072,
                37.6205
              ],
              [
                127.0077,
                37.6196
              ],
              [
                127.0086,
                37.6186
              ],
              [
                127.0102,
                37.6168
              ],
              [
                127.011,
                37.6163
              ],
              [
                127.0124,
                37.6159
              ],
              [
                127.0134,
                37.6156
              ],
              [
                127.0138,
                37.6154
              ],
              [
                127.0138,
                37.6154
              ],
              [
                127.0142,
                37.6151
              ],
              [
                127.0142,
                37.6151
              ],
              [
                127.0145,
                37.6147
              ],
              [
                127.0169,
                37.6148
              ],
              [
                127.0175,
                37.6146
              ],
              [
                127.0195,
                37.6133
              ],
              [
                127.0204,
                37.6126
              ],
              [
                127.0204,
                37.6126
              ],
              [
                127.0207,
                37.6125
              ],
              [
                127.0219,
                37.6123
              ],
              [
                127.0222,
                37.6114
              ],
              [
                127.0267,
                37.6127
              ],
              [
                127.0302,
                37.6124
              ],
              [
                127.0304,
                37.6091
              ],
              [
                127.0372,
                37.6127
              ],
              [
                127.0398,
                37.6156
              ],
              [
                127.0423,
                37.6175
              ],
              [
                127.0439,
                37.6186
              ],
              [
                127.044,
                37.6187
              ],
              [
                127.0447,
                37.6194
              ],
              [
                127.0447,
                37.6195
              ],
              [
                127.0452,
                37.6204
              ],
              [
                127.0452,
                37.6205
              ],
              [
                127.0457,
                37.6214
              ],
              [
                127.0457,
                37.6214
              ],
              [
                127.0461,
                37.6219
              ],
              [
                127.0465,
                37.6223
              ],
              [
                127.0466,
                37.6224
              ],
              [
                127.0467,
                37.6224
              ],
              [
                127.0469,
                37.6226
              ],
              [
                127.0476,
                37.6231
              ],
              [
                127.0477,
                37.6231
              ],
              [
                127.0478,
                37.6232
              ],
              [
                127.0497,
                37.6243
              ],
              [
                127.0537,
                37.6205
              ],
              [
                127.0538,
                37.6204
              ],
              [
                127.0539,
                37.6203
              ],
              [
                127.054,
                37.6201
              ],
              [
                127.0541,
                37.6201
              ],
              [
                127.0543,
                37.6199
              ],
              [
                127.0544,
                37.6198
              ],
              [
                127.0544,
                37.6198
              ],
              [
                127.0574,
                37.6175
              ],
              [
                127.0612,
                37.6148
              ],
              [
                127.0615,
                37.6146
              ],
              [
                127.0615,
                37.6146
              ],
              [
                127.0618,
                37.6145
              ],
              [
                127.062,
                37.6144
              ],
              [
                127.062,
                37.6144
              ],
              [
                127.0621,
                37.6144
              ],
              [
                127.0623,
                37.6143
              ],
              [
                127.0632,
                37.6143
              ],
              [
                127.0658,
                37.615
              ],
              [
                127.0701,
                37.6154
              ],
              [
                127.0711,
                37.6148
              ],
              [
                127.0716,
                37.6138
              ],
              [
                127.0717,
                37.6136
              ],
              [
                127.0717,
                37.6135
              ],
              [
                127.0714,
                37.6103
              ],
              [
                127.0711,
                37.6076
              ],
              [
                127.0694,
                37.609
              ],
              [
                127.0688,
                37.609
              ],
              [
                127.0679,
                37.6078
              ],
              [
                127.0679,
                37.6076
              ],
              [
                127.0679,
                37.6068
              ],
              [
                127.067,
                37.6062
              ],
              [
                127.066,
                37.6056
              ],
              [
                127.0655,
                37.6055
              ],
              [
                127.0631,
                37.6052
              ],
              [
                127.0624,
                37.6052
              ],
              [
                127.0623,
                37.6052
              ],
              [
                127.0622,
                37.6051
              ],
              [
                127.0618,
                37.6048
              ],
              [
                127.0615,
                37.6045
              ],
              [
                127.0608,
                37.6035
              ],
              [
                127.0601,
                37.6021
              ],
              [
                127.0534,
                37.6004
              ],
              [
                127.0521,
                37.6001
              ],
              [
                127.0513,
                37.6011
              ],
              [
                127.0512,
                37.6012
              ],
              [
                127.051,
                37.6012
              ],
              [
                127.0503,
                37.6006
              ],
              [
                127.0474,
                37.5965
              ],
              [
                127.0473,
                37.5961
              ],
              [
                127.043,
                37.597
              ],
              [
                127.0411,
                37.5956
              ],
              [
                127.0388,
                37.5913
              ],
              [
                127.0362,
                37.5912
              ],
              [
                127.0362,
                37.5911
              ],
              [
                127.0363,
                37.5904
              ],
              [
                127.0363,
                37.5903
              ],
              [
                127.0363,
                37.5901
              ],
              [
                127.0359,
                37.5895
              ],
              [
                127.0356,
                37.5891
              ],
              [
                127.0355,
                37.589
              ],
              [
                127.0353,
                37.5887
              ],
              [
                127.0352,
                37.5886
              ],
              [
                127.031,
                37.5844
              ],
              [
                127.0295,
                37.5827
              ],
              [
                127.0244,
                37.5792
              ],
              [
                127.0231,
                37.578
              ],
              [
                127.0218,
                37.5789
              ],
              [
                127.0188,
                37.5775
              ],
              [
                127.0183,
                37.579
              ],
              [
                127.0183,
                37.579
              ],
              [
                127.0167,
                37.5817
              ],
              [
                127.0164,
                37.5819
              ],
              [
                127.0149,
                37.5822
              ],
              [
                127.0148,
                37.5823
              ],
              [
                127.0147,
                37.5823
              ],
              [
                127.0141,
                37.5818
              ],
              [
                127.0132,
                37.5815
              ],
              [
                127.0131,
                37.5814
              ],
              [
                127.0129,
                37.5814
              ],
              [
                127.0127,
                37.5814
              ],
              [
                127.0126,
                37.5814
              ],
              [
                127.0125,
                37.5815
              ],
              [
                127.0124,
                37.5815
              ],
              [
                127.0122,
                37.5816
              ],
              [
                127.0121,
                37.5816
              ],
              [
                127.0118,
                37.5816
              ],
              [
                127.0117,
                37.5815
              ],
              [
                127.0112,
                37.5811
              ],
              [
                127.0111,
                37.581
              ],
              [
                127.0105,
                37.5803
              ],
              [
                127.0086,
                37.5805
              ],
              [
                127.0066,
                37.5855
              ],
              [
                127.0041,
                37.5877
              ],
              [
                127.0018,
                37.5912
              ],
              [
                126.9985,
                37.5925
              ],
              [
                126.9974,
                37.5922
              ],
              [
                126.9937,
                37.5915
              ],
              [
                126.9896,
                37.5914
              ],
              [
                126.9891,
                37.5914
              ],
              [
                126.9891,
                37.5914
              ],
              [
                126.9889,
                37.5916
              ],
              [
                126.9885,
                37.5919
              ],
              [
                126.9858,
                37.5943
              ],
              [
                126.9854,
                37.5944
              ],
              [
                126.9851,
                37.5945
              ],
              [
                126.9849,
                37.5945
              ],
              [
                126.9848,
                37.5945
              ],
              [
                126.9847,
                37.5944
              ],
              [
                126.9847,
                37.5944
              ],
              [
                126.9846,
                37.5944
              ],
              [
                126.9846,
                37.5944
              ],
              [
                126.9846,
                37.5944
              ],
              [
                126.9845,
                37.5944
              ],
              [
                126.9843,
                37.5944
              ],
              [
                126.9838,
                37.5944
              ],
              [
                126.9829,
                37.5948
              ],
              [
                126.9815,
                37.5953
              ],
              [
                126.9791,
                37.5964
              ],
              [
                126.9787,
                37.5966
              ],
              [
                126.9771,
                37.5977
              ],
              [
                126.9767,
                37.5979
              ],
              [
                126.9772,
                37.5986
              ],
              [
                126.9775,
                37.5996
              ],
              [
                126.9777,
                37.6002
              ],
              [
                126.9783,
                37.6008
              ],
              [
                126.9784,
                37.6009
              ],
              [
                126.9785,
                37.601
              ],
              [
                126.9788,
                37.601
              ],
              [
                126.9807,
                37.6016
              ],
              [
                126.9826,
                37.6022
              ],
              [
                126.9859,
                37.6036
              ],
              [
                126.9867,
                37.604
              ],
              [
                126.9868,
                37.6046
              ],
              [
                126.9868,
                37.6061
              ],
              [
                126.9862,
                37.6077
              ],
              [
                126.9859,
                37.6095
              ],
              [
                126.9858,
                37.6109
              ],
              [
                126.9859,
                37.6122
              ],
              [
                126.9845,
                37.616
              ],
              [
                126.9837,
                37.6178
              ],
              [
                126.9832,
                37.6192
              ],
              [
                126.9832,
                37.6202
              ],
              [
                126.9836,
                37.621
              ],
              [
                126.9837,
                37.6212
              ],
              [
                126.9831,
                37.6221
              ],
              [
                126.9818,
                37.6243
              ],
              [
                126.9817,
                37.6245
              ],
              [
                126.9809,
                37.6254
              ],
              [
                126.9796,
                37.6264
              ],
              [
                126.98,
                37.6283
              ],
              [
                126.98,
                37.6285
              ],
              [
                126.9799,
                37.6286
              ],
              [
                126.9795,
                37.6289
              ],
              [
                126.9784,
                37.6293
              ],
              [
                126.9762,
                37.6291
              ],
              [
                126.975,
                37.629
              ],
              [
                126.9747,
                37.6298
              ],
              [
                126.9751,
                37.6312
              ],
              [
                126.9754,
                37.6317
              ],
              [
                126.977,
                37.633
              ],
              [
                126.9825,
                37.6358
              ],
              [
                126.984,
                37.6364
              ],
              [
                126.9842,
                37.6363
              ],
              [
                126.9854,
                37.636
              ],
              [
                126.9859,
                37.6358
              ],
              [
                126.9895,
                37.634
              ],
              [
                126.9941,
                37.6311
              ],
              [
                126.9954,
                37.6302
              ]
            ]
          ]
        ]
      },
      "properties": {
        "name": "성북구",
        "base_year": "2018",
        "name_eng": "Seongbuk-gu",
        "code": "11080"
      }
    },
    {
      "type": "Feature",
      "geometry": {
        "type": "MultiPolygon",
        "coordinates": [
          [
            [
              [
                127.0179,
                37.6708
              ],
              [
                127.0182,
                37.6707
              ],
              [
                127.0187,
                37.6709
              ],
              [
                127.0187,
                37.6705
              ],
              [
                127.0184,
                37.6689
              ],
              [
                127.018,
                37.6686
              ],
              [
                127.0176,
                37.6683
              ],
              [
                127.0171,
                37.6681
              ],
              [
                127.0166,
                37.6679
              ],
              [
                127.0162,
                37.6674
              ],
              [
                127.0158,
                37.667
              ],
              [
                127.0155,
                37.6661
              ],
              [
                127.0154,
                37.6658
              ],
              [
                127.0153,
                37.6656
              ],
              [
                127.0153,
                37.664
              ],
              [
                127.0153,
                37.6636
              ],
              [
                127.0159,
                37.6628
              ],
              [
                127.0162,
                37.6625
              ],
              [
                127.0166,
                37.6622
              ],
              [
                127.0169,
                37.6622
              ],
              [
                127.0165,
                37.6617
              ],
              [
                127.0162,
                37.6614
              ],
              [
                127.016,
                37.6614
              ],
              [
                127.0159,
                37.6613
              ],
              [
                127.0155,
                37.6613
              ],
              [
                127.0153,
                37.6614
              ],
              [
                127.0152,
                37.6614
              ],
              [
                127.0149,
                37.6616
              ],
              [
                127.0149,
                37.6616
              ],
              [
                127.0146,
                37.661
              ],
              [
                127.0144,
                37.6604
              ],
              [
                127.014,
                37.6592
              ],
              [
                127.0127,
                37.6534
              ],
              [
                127.0126,
                37.6529
              ],
              [
                127.0125,
                37.6522
              ],
              [
                127.0125,
                37.6518
              ],
              [
                127.0129,
                37.6507
              ],
              [
                127.0131,
                37.6505
              ],
              [
                127.0151,
                37.6493
              ],
              [
                127.0155,
                37.6491
              ],
              [
                127.0165,
                37.6489
              ],
              [
                127.0173,
                37.6487
              ],
              [
                127.0178,
                37.6486
              ],
              [
                127.0182,
                37.6486
              ],
              [
                127.0186,
                37.6487
              ],
              [
                127.0188,
                37.6487
              ],
              [
                127.0188,
                37.6488
              ],
              [
                127.019,
                37.6488
              ],
              [
                127.0192,
                37.6488
              ],
              [
                127.0196,
                37.6489
              ],
              [
                127.0197,
                37.649
              ],
              [
                127.0202,
                37.6491
              ],
              [
                127.0206,
                37.6491
              ],
              [
                127.0209,
                37.649
              ],
              [
                127.0212,
                37.649
              ],
              [
                127.0214,
                37.6489
              ],
              [
                127.0247,
                37.6473
              ],
              [
                127.0252,
                37.6466
              ],
              [
                127.0253,
                37.6464
              ],
              [
                127.0309,
                37.6429
              ],
              [
                127.0309,
                37.6429
              ],
              [
                127.0309,
                37.6429
              ],
              [
                127.0317,
                37.6424
              ],
              [
                127.0319,
                37.6422
              ],
              [
                127.0324,
                37.6418
              ],
              [
                127.0326,
                37.6416
              ],
              [
                127.0328,
                37.6414
              ],
              [
                127.0328,
                37.6414
              ],
              [
                127.033,
                37.641
              ],
              [
                127.0332,
                37.6408
              ],
              [
                127.0333,
                37.6406
              ],
              [
                127.0334,
                37.6404
              ],
              [
                127.0336,
                37.64
              ],
              [
                127.0339,
                37.6392
              ],
              [
                127.034,
                37.639
              ],
              [
                127.0341,
                37.6388
              ],
              [
                127.0341,
                37.6388
              ],
              [
                127.0345,
                37.638
              ],
              [
                127.0346,
                37.6378
              ],
              [
                127.0348,
                37.6376
              ],
              [
                127.0351,
                37.6373
              ],
              [
                127.0351,
                37.6373
              ],
              [
                127.0352,
                37.6372
              ],
              [
                127.0354,
                37.6372
              ],
              [
                127.0358,
                37.637
              ],
              [
                127.036,
                37.637
              ],
              [
                127.0361,
                37.637
              ],
              [
                127.0364,
                37.6369
              ],
              [
                127.0375,
                37.6364
              ],
              [
                127.0386,
                37.6337
              ],
              [
                127.0418,
                37.6308
              ],
              [
                127.0424,
                37.6305
              ],
              [
                127.0426,
                37.6306
              ],
              [
                127.0438,
                37.6294
              ],
              [
                127.0439,
                37.6293
              ],
              [
                127.0443,
                37.629
              ],
              [
                127.0444,
                37.6289
              ],
              [
                127.0449,
                37.6287
              ],
              [
                127.0451,
                37.6285
              ],
              [
                127.0453,
                37.6285
              ],
              [
                127.0456,
                37.6283
              ],
              [
                127.0461,
                37.6281
              ],
              [
                127.0464,
                37.6279
              ],
              [
                127.0468,
                37.6277
              ],
              [
                127.0471,
                37.6275
              ],
              [
                127.0476,
                37.6271
              ],
              [
                127.0487,
                37.6259
              ],
              [
                127.0497,
                37.6243
              ],
              [
                127.0478,
                37.6232
              ],
              [
                127.0477,
                37.6231
              ],
              [
                127.0476,
                37.6231
              ],
              [
                127.0469,
                37.6226
              ],
              [
                127.0467,
                37.6224
              ],
              [
                127.0466,
                37.6224
              ],
              [
                127.0465,
                37.6223
              ],
              [
                127.0461,
                37.6219
              ],
              [
                127.0457,
                37.6214
              ],
              [
                127.0457,
                37.6214
              ],
              [
                127.0452,
                37.6205
              ],
              [
                127.0452,
                37.6204
              ],
              [
                127.0447,
                37.6195
              ],
              [
                127.0447,
                37.6194
              ],
              [
                127.044,
                37.6187
              ],
              [
                127.0439,
                37.6186
              ],
              [
                127.0423,
                37.6175
              ],
              [
                127.0398,
                37.6156
              ],
              [
                127.0372,
                37.6127
              ],
              [
                127.0304,
                37.6091
              ],
              [
                127.0302,
                37.6124
              ],
              [
                127.0267,
                37.6127
              ],
              [
                127.0222,
                37.6114
              ],
              [
                127.0219,
                37.6123
              ],
              [
                127.0207,
                37.6125
              ],
              [
                127.0204,
                37.6126
              ],
              [
                127.0204,
                37.6126
              ],
              [
                127.0195,
                37.6133
              ],
              [
                127.0175,
                37.6146
              ],
              [
                127.0169,
                37.6148
              ],
              [
                127.0145,
                37.6147
              ],
              [
                127.0142,
                37.6151
              ],
              [
                127.0142,
                37.6151
              ],
              [
                127.0138,
                37.6154
              ],
              [
                127.0138,
                37.6154
              ],
              [
                127.0134,
                37.6156
              ],
              [
                127.0124,
                37.6159
              ],
              [
                127.011,
                37.6163
              ],
              [
                127.0102,
                37.6168
              ],
              [
                127.0086,
                37.6186
              ],
              [
                127.0077,
                37.6196
              ],
              [
                127.0072,
                37.6205
              ],
              [
                127.0072,
                37.6209
              ],
              [
                127.0072,
                37.621
              ],
              [
                127.0074,
                37.6214
              ],
              [
                127.0076,
                37.6223
              ],
              [
                127.0078,
                37.6229
              ],
              [
                127.0079,
                37.6238
              ],
              [
                127.0079,
                37.624
              ],
              [
                127.0079,
                37.624
              ],
              [
                127.0052,
                37.624
              ],
              [
                127.0002,
                37.6258
              ],
              [
                126.9993,
                37.6262
              ],
              [
                126.9968,
                37.6287
              ],
              [
                126.9965,
                37.6291
              ],
              [
                126.9954,
                37.6302
              ],
              [
                126.9941,
                37.6311
              ],
              [
                126.9895,
                37.634
              ],
              [
                126.9859,
                37.6358
              ],
              [
                126.9854,
                37.636
              ],
              [
                126.9842,
                37.6363
              ],
              [
                126.9859,
                37.6406
              ],
              [
                126.9843,
                37.6416
              ],
              [
                126.9838,
                37.6421
              ],
              [
                126.9832,
                37.6437
              ],
              [
                126.9846,
                37.6453
              ],
              [
                126.9849,
                37.6457
              ],
              [
                126.9851,
                37.6459
              ],
              [
                126.9846,
                37.6476
              ],
              [
                126.9839,
                37.6496
              ],
              [
                126.9825,
                37.6505
              ],
              [
                126.981,
                37.6527
              ],
              [
                126.9804,
                37.6538
              ],
              [
                126.9799,
                37.6548
              ],
              [
                126.9797,
                37.656
              ],
              [
                126.9812,
                37.6565
              ],
              [
                126.9812,
                37.6565
              ],
              [
                126.9829,
                37.6564
              ],
              [
                126.986,
                37.6589
              ],
              [
                126.9865,
                37.6594
              ],
              [
                126.9865,
                37.6595
              ],
              [
                126.9873,
                37.6606
              ],
              [
                126.9872,
                37.6608
              ],
              [
                126.9873,
                37.6612
              ],
              [
                126.9874,
                37.6616
              ],
              [
                126.9878,
                37.6636
              ],
              [
                126.988,
                37.664
              ],
              [
                126.9883,
                37.6644
              ],
              [
                126.9888,
                37.6645
              ],
              [
                126.9895,
                37.6645
              ],
              [
                126.9895,
                37.6645
              ],
              [
                126.9895,
                37.6645
              ],
              [
                126.99,
                37.6645
              ],
              [
                126.9922,
                37.6652
              ],
              [
                126.9927,
                37.6655
              ],
              [
                126.994,
                37.6668
              ],
              [
                126.9941,
                37.667
              ],
              [
                126.994,
                37.6673
              ],
              [
                126.9936,
                37.6678
              ],
              [
                126.9938,
                37.6702
              ],
              [
                126.9941,
                37.6728
              ],
              [
                126.994,
                37.6749
              ],
              [
                126.9932,
                37.6777
              ],
              [
                126.9929,
                37.6788
              ],
              [
                126.9922,
                37.6796
              ],
              [
                126.9935,
                37.6801
              ],
              [
                126.9941,
                37.6803
              ],
              [
                126.9967,
                37.6824
              ],
              [
                126.997,
                37.6826
              ],
              [
                127.0037,
                37.6847
              ],
              [
                127.0046,
                37.6851
              ],
              [
                127.0087,
                37.6844
              ],
              [
                127.0086,
                37.6839
              ],
              [
                127.0087,
                37.6823
              ],
              [
                127.0089,
                37.6806
              ],
              [
                127.0094,
                37.6796
              ],
              [
                127.0101,
                37.6794
              ],
              [
                127.0114,
                37.6792
              ],
              [
                127.014,
                37.6758
              ],
              [
                127.0162,
                37.6739
              ],
              [
                127.017,
                37.6726
              ],
              [
                127.0179,
                37.6708
              ]
            ]
          ]
        ]
      },
      "properties": {
        "name": "강북구",
        "base_year": "2018",
        "name_eng": "Gangbuk-gu",
        "code": "11090"
      }
    },
    {
      "type": "Feature",
      "geometry": {
        "type": "MultiPolygon",
        "coordinates": [
          [
            [
              [
                127.0221,
                37.6997
              ],
              [
                127.0253,
                37.6996
              ],
              [
                127.0269,
                37.7003
              ],
              [
                127.027,
                37.7011
              ],
              [
                127.0277,
                37.7009
              ],
              [
                127.029,
                37.6997
              ],
              [
                127.0293,
                37.6993
              ],
              [
                127.0296,
                37.6982
              ],
              [
                127.0297,
                37.6978
              ],
              [
                127.0297,
                37.6963
              ],
              [
                127.0302,
                37.6952
              ],
              [
                127.031,
                37.6936
              ],
              [
                127.0324,
                37.6918
              ],
              [
                127.0358,
                37.6924
              ],
              [
                127.0368,
                37.6926
              ],
              [
                127.0379,
                37.6933
              ],
              [
                127.04,
                37.6947
              ],
              [
                127.0411,
                37.6953
              ],
              [
                127.0418,
                37.6954
              ],
              [
                127.0431,
                37.6952
              ],
              [
                127.0448,
                37.6929
              ],
              [
                127.0451,
                37.6924
              ],
              [
                127.0486,
                37.6941
              ],
              [
                127.0488,
                37.6933
              ],
              [
                127.0498,
                37.6892
              ],
              [
                127.0498,
                37.688
              ],
              [
                127.05,
                37.6876
              ],
              [
                127.0506,
                37.6865
              ],
              [
                127.0509,
                37.6862
              ],
              [
                127.0511,
                37.6861
              ],
              [
                127.0514,
                37.6859
              ],
              [
                127.0518,
                37.6858
              ],
              [
                127.0518,
                37.6857
              ],
              [
                127.0519,
                37.6856
              ],
              [
                127.052,
                37.6853
              ],
              [
                127.0521,
                37.6851
              ],
              [
                127.0522,
                37.685
              ],
              [
                127.0522,
                37.685
              ],
              [
                127.0523,
                37.6846
              ],
              [
                127.0523,
                37.6844
              ],
              [
                127.0524,
                37.6843
              ],
              [
                127.0523,
                37.684
              ],
              [
                127.0523,
                37.6837
              ],
              [
                127.0522,
                37.6834
              ],
              [
                127.0522,
                37.683
              ],
              [
                127.0521,
                37.6829
              ],
              [
                127.0507,
                37.6797
              ],
              [
                127.0491,
                37.6757
              ],
              [
                127.0487,
                37.6745
              ],
              [
                127.0483,
                37.6723
              ],
              [
                127.0483,
                37.6722
              ],
              [
                127.0482,
                37.6712
              ],
              [
                127.0485,
                37.6692
              ],
              [
                127.0489,
                37.6676
              ],
              [
                127.0508,
                37.6649
              ],
              [
                127.0516,
                37.664
              ],
              [
                127.0517,
                37.6633
              ],
              [
                127.0517,
                37.6619
              ],
              [
                127.0518,
                37.6606
              ],
              [
                127.0534,
                37.6575
              ],
              [
                127.0534,
                37.6575
              ],
              [
                127.054,
                37.6553
              ],
              [
                127.054,
                37.6546
              ],
              [
                127.0541,
                37.6545
              ],
              [
                127.054,
                37.6537
              ],
              [
                127.0537,
                37.6521
              ],
              [
                127.0537,
                37.652
              ],
              [
                127.0538,
                37.6511
              ],
              [
                127.0538,
                37.6511
              ],
              [
                127.0539,
                37.6506
              ],
              [
                127.054,
                37.6505
              ],
              [
                127.054,
                37.6504
              ],
              [
                127.0542,
                37.6502
              ],
              [
                127.0542,
                37.6501
              ],
              [
                127.0544,
                37.6499
              ],
              [
                127.0545,
                37.6497
              ],
              [
                127.0546,
                37.6496
              ],
              [
                127.0546,
                37.6496
              ],
              [
                127.0547,
                37.6494
              ],
              [
                127.0552,
                37.6486
              ],
              [
                127.0554,
                37.6482
              ],
              [
                127.0555,
                37.6482
              ],
              [
                127.0557,
                37.6474
              ],
              [
                127.0558,
                37.6472
              ],
              [
                127.0558,
                37.647
              ],
              [
                127.0559,
                37.6467
              ],
              [
                127.0559,
                37.6466
              ],
              [
                127.0559,
                37.6466
              ],
              [
                127.0559,
                37.6464
              ],
              [
                127.0558,
                37.646
              ],
              [
                127.0557,
                37.6454
              ],
              [
                127.0557,
                37.6448
              ],
              [
                127.0556,
                37.6446
              ],
              [
                127.0556,
                37.6446
              ],
              [
                127.0556,
                37.6444
              ],
              [
                127.0553,
                37.6438
              ],
              [
                127.0552,
                37.6436
              ],
              [
                127.0552,
                37.6435
              ],
              [
                127.0551,
                37.6434
              ],
              [
                127.055,
                37.6424
              ],
              [
                127.055,
                37.642
              ],
              [
                127.0551,
                37.6418
              ],
              [
                127.0551,
                37.6414
              ],
              [
                127.0551,
                37.6413
              ],
              [
                127.0558,
                37.6406
              ],
              [
                127.0548,
                37.6402
              ],
              [
                127.0547,
                37.6401
              ],
              [
                127.0547,
                37.6402
              ],
              [
                127.0544,
                37.6404
              ],
              [
                127.0538,
                37.6409
              ],
              [
                127.0536,
                37.6411
              ],
              [
                127.0534,
                37.6413
              ],
              [
                127.0533,
                37.6413
              ],
              [
                127.053,
                37.6416
              ],
              [
                127.053,
                37.6417
              ],
              [
                127.0529,
                37.6417
              ],
              [
                127.0529,
                37.6418
              ],
              [
                127.0524,
                37.6425
              ],
              [
                127.0523,
                37.6426
              ],
              [
                127.0522,
                37.6429
              ],
              [
                127.052,
                37.6433
              ],
              [
                127.0514,
                37.6448
              ],
              [
                127.0511,
                37.6449
              ],
              [
                127.0505,
                37.6448
              ],
              [
                127.0478,
                37.6414
              ],
              [
                127.0468,
                37.6397
              ],
              [
                127.0465,
                37.6391
              ],
              [
                127.045,
                37.6365
              ],
              [
                127.0451,
                37.6363
              ],
              [
                127.0451,
                37.636
              ],
              [
                127.045,
                37.6357
              ],
              [
                127.0442,
                37.634
              ],
              [
                127.044,
                37.6336
              ],
              [
                127.0439,
                37.6335
              ],
              [
                127.0435,
                37.6331
              ],
              [
                127.043,
                37.6328
              ],
              [
                127.0428,
                37.6327
              ],
              [
                127.0427,
                37.6326
              ],
              [
                127.0417,
                37.6315
              ],
              [
                127.0426,
                37.6306
              ],
              [
                127.0424,
                37.6305
              ],
              [
                127.0418,
                37.6308
              ],
              [
                127.0386,
                37.6337
              ],
              [
                127.0375,
                37.6364
              ],
              [
                127.0364,
                37.6369
              ],
              [
                127.0361,
                37.637
              ],
              [
                127.036,
                37.637
              ],
              [
                127.0358,
                37.637
              ],
              [
                127.0354,
                37.6372
              ],
              [
                127.0352,
                37.6372
              ],
              [
                127.0351,
                37.6373
              ],
              [
                127.0351,
                37.6373
              ],
              [
                127.0348,
                37.6376
              ],
              [
                127.0346,
                37.6378
              ],
              [
                127.0345,
                37.638
              ],
              [
                127.0341,
                37.6388
              ],
              [
                127.0341,
                37.6388
              ],
              [
                127.034,
                37.639
              ],
              [
                127.0339,
                37.6392
              ],
              [
                127.0336,
                37.64
              ],
              [
                127.0334,
                37.6404
              ],
              [
                127.0333,
                37.6406
              ],
              [
                127.0332,
                37.6408
              ],
              [
                127.033,
                37.641
              ],
              [
                127.0328,
                37.6414
              ],
              [
                127.0328,
                37.6414
              ],
              [
                127.0326,
                37.6416
              ],
              [
                127.0324,
                37.6418
              ],
              [
                127.0319,
                37.6422
              ],
              [
                127.0317,
                37.6424
              ],
              [
                127.0309,
                37.6429
              ],
              [
                127.0309,
                37.6429
              ],
              [
                127.0309,
                37.6429
              ],
              [
                127.0253,
                37.6464
              ],
              [
                127.0252,
                37.6466
              ],
              [
                127.0247,
                37.6473
              ],
              [
                127.0214,
                37.6489
              ],
              [
                127.0212,
                37.649
              ],
              [
                127.0209,
                37.649
              ],
              [
                127.0206,
                37.6491
              ],
              [
                127.0202,
                37.6491
              ],
              [
                127.0197,
                37.649
              ],
              [
                127.0196,
                37.6489
              ],
              [
                127.0192,
                37.6488
              ],
              [
                127.019,
                37.6488
              ],
              [
                127.0188,
                37.6488
              ],
              [
                127.0188,
                37.6487
              ],
              [
                127.0186,
                37.6487
              ],
              [
                127.0182,
                37.6486
              ],
              [
                127.0178,
                37.6486
              ],
              [
                127.0173,
                37.6487
              ],
              [
                127.0165,
                37.6489
              ],
              [
                127.0155,
                37.6491
              ],
              [
                127.0151,
                37.6493
              ],
              [
                127.0131,
                37.6505
              ],
              [
                127.0129,
                37.6507
              ],
              [
                127.0125,
                37.6518
              ],
              [
                127.0125,
                37.6522
              ],
              [
                127.0126,
                37.6529
              ],
              [
                127.0127,
                37.6534
              ],
              [
                127.014,
                37.6592
              ],
              [
                127.0144,
                37.6604
              ],
              [
                127.0146,
                37.661
              ],
              [
                127.0149,
                37.6616
              ],
              [
                127.0149,
                37.6616
              ],
              [
                127.0152,
                37.6614
              ],
              [
                127.0153,
                37.6614
              ],
              [
                127.0155,
                37.6613
              ],
              [
                127.0159,
                37.6613
              ],
              [
                127.016,
                37.6614
              ],
              [
                127.0162,
                37.6614
              ],
              [
                127.0165,
                37.6617
              ],
              [
                127.0169,
                37.6622
              ],
              [
                127.0166,
                37.6622
              ],
              [
                127.0162,
                37.6625
              ],
              [
                127.0159,
                37.6628
              ],
              [
                127.0153,
                37.6636
              ],
              [
                127.0153,
                37.664
              ],
              [
                127.0153,
                37.6656
              ],
              [
                127.0154,
                37.6658
              ],
              [
                127.0155,
                37.6661
              ],
              [
                127.0158,
                37.667
              ],
              [
                127.0162,
                37.6674
              ],
              [
                127.0166,
                37.6679
              ],
              [
                127.0171,
                37.6681
              ],
              [
                127.0176,
                37.6683
              ],
              [
                127.018,
                37.6686
              ],
              [
                127.0184,
                37.6689
              ],
              [
                127.0187,
                37.6705
              ],
              [
                127.0187,
                37.6709
              ],
              [
                127.0182,
                37.6707
              ],
              [
                127.0179,
                37.6708
              ],
              [
                127.017,
                37.6726
              ],
              [
                127.0162,
                37.6739
              ],
              [
                127.014,
                37.6758
              ],
              [
                127.0114,
                37.6792
              ],
              [
                127.0101,
                37.6794
              ],
              [
                127.0094,
                37.6796
              ],
              [
                127.0089,
                37.6806
              ],
              [
                127.0087,
                37.6823
              ],
              [
                127.0086,
                37.6839
              ],
              [
                127.0087,
                37.6844
              ],
              [
                127.0085,
                37.6852
              ],
              [
                127.0084,
                37.6854
              ],
              [
                127.0083,
                37.6901
              ],
              [
                127.0097,
                37.6934
              ],
              [
                127.0097,
                37.6967
              ],
              [
                127.0097,
                37.6967
              ],
              [
                127.0121,
                37.6974
              ],
              [
                127.0139,
                37.6988
              ],
              [
                127.015,
                37.7004
              ],
              [
                127.015,
                37.7005
              ],
              [
                127.0154,
                37.7015
              ],
              [
                127.0198,
                37.701
              ],
              [
                127.0221,
                37.6997
              ]
            ]
          ]
        ]
      },
      "properties": {
        "name": "도봉구",
        "base_year": "2018",
        "name_eng": "Dobong-gu",
        "code": "11100"
      }
    },
    {
      "type": "Feature",
      "geometry": {
        "type": "MultiPolygon",
        "coordinates": [
          [
            [
              [
                127.0838,
                37.6943
              ],
              [
                127.0839,
                37.6928
              ],
              [
                127.0839,
                37.6918
              ],
              [
                127.085,
                37.6905
              ],
              [
                127.0852,
                37.6904
              ],
              [
                127.0885,
                37.6899
              ],
              [
                127.0906,
                37.6896
              ],
              [
                127.0924,
                37.6899
              ],
              [
                127.093,
                37.69
              ],
              [
                127.0951,
                37.6894
              ],
              [
                127.096,
                37.6891
              ],
              [
                127.0961,
                37.6878
              ],
              [
                127.0963,
                37.6872
              ],
              [
                127.0964,
                37.6863
              ],
              [
                127.0964,
                37.6856
              ],
              [
                127.0958,
                37.6846
              ],
              [
                127.0943,
                37.6834
              ],
              [
                127.0929,
                37.6816
              ],
              [
                127.0919,
                37.6792
              ],
              [
                127.0919,
                37.6787
              ],
              [
                127.0922,
                37.678
              ],
              [
                127.0925,
                37.6776
              ],
              [
                127.0926,
                37.6775
              ],
              [
                127.094,
                37.6756
              ],
              [
                127.0964,
                37.6697
              ],
              [
                127.0962,
                37.6688
              ],
              [
                127.095,
                37.6676
              ],
              [
                127.0946,
                37.6662
              ],
              [
                127.0947,
                37.6649
              ],
              [
                127.0954,
                37.6639
              ],
              [
                127.0941,
                37.6633
              ],
              [
                127.0922,
                37.6608
              ],
              [
                127.0912,
                37.6593
              ],
              [
                127.0911,
                37.6582
              ],
              [
                127.0916,
                37.6578
              ],
              [
                127.0924,
                37.6555
              ],
              [
                127.0929,
                37.6545
              ],
              [
                127.0936,
                37.6533
              ],
              [
                127.0939,
                37.653
              ],
              [
                127.094,
                37.6527
              ],
              [
                127.094,
                37.6525
              ],
              [
                127.094,
                37.6524
              ],
              [
                127.094,
                37.6523
              ],
              [
                127.0933,
                37.6506
              ],
              [
                127.0925,
                37.6497
              ],
              [
                127.0927,
                37.6486
              ],
              [
                127.0944,
                37.645
              ],
              [
                127.0946,
                37.6446
              ],
              [
                127.0976,
                37.644
              ],
              [
                127.0989,
                37.644
              ],
              [
                127.1016,
                37.6448
              ],
              [
                127.1028,
                37.6452
              ],
              [
                127.1029,
                37.6454
              ],
              [
                127.1039,
                37.6455
              ],
              [
                127.1041,
                37.6455
              ],
              [
                127.1066,
                37.6454
              ],
              [
                127.1077,
                37.645
              ],
              [
                127.1079,
                37.6447
              ],
              [
                127.1093,
                37.6429
              ],
              [
                127.1099,
                37.6425
              ],
              [
                127.1113,
                37.6424
              ],
              [
                127.1114,
                37.6421
              ],
              [
                127.1118,
                37.6407
              ],
              [
                127.1111,
                37.6399
              ],
              [
                127.1109,
                37.6383
              ],
              [
                127.1116,
                37.638
              ],
              [
                127.1116,
                37.638
              ],
              [
                127.1116,
                37.638
              ],
              [
                127.1116,
                37.638
              ],
              [
                127.1116,
                37.638
              ],
              [
                127.1125,
                37.6365
              ],
              [
                127.1122,
                37.6326
              ],
              [
                127.1116,
                37.6315
              ],
              [
                127.1114,
                37.6312
              ],
              [
                127.1108,
                37.6308
              ],
              [
                127.1089,
                37.6293
              ],
              [
                127.106,
                37.6273
              ],
              [
                127.1043,
                37.6233
              ],
              [
                127.1041,
                37.6217
              ],
              [
                127.1049,
                37.6216
              ],
              [
                127.1054,
                37.6209
              ],
              [
                127.1057,
                37.6204
              ],
              [
                127.1056,
                37.6204
              ],
              [
                127.1049,
                37.6201
              ],
              [
                127.1017,
                37.6195
              ],
              [
                127.1009,
                37.6194
              ],
              [
                127.0988,
                37.6204
              ],
              [
                127.0944,
                37.619
              ],
              [
                127.0936,
                37.6181
              ],
              [
                127.0932,
                37.618
              ],
              [
                127.0928,
                37.6182
              ],
              [
                127.0897,
                37.6195
              ],
              [
                127.0861,
                37.6203
              ],
              [
                127.0817,
                37.6192
              ],
              [
                127.0758,
                37.6173
              ],
              [
                127.0742,
                37.6168
              ],
              [
                127.0702,
                37.6154
              ],
              [
                127.0701,
                37.6154
              ],
              [
                127.0658,
                37.615
              ],
              [
                127.0632,
                37.6143
              ],
              [
                127.0623,
                37.6143
              ],
              [
                127.0621,
                37.6144
              ],
              [
                127.062,
                37.6144
              ],
              [
                127.062,
                37.6144
              ],
              [
                127.0618,
                37.6145
              ],
              [
                127.0615,
                37.6146
              ],
              [
                127.0615,
                37.6146
              ],
              [
                127.0612,
                37.6148
              ],
              [
                127.0574,
                37.6175
              ],
              [
                127.0544,
                37.6198
              ],
              [
                127.0544,
                37.6198
              ],
              [
                127.0543,
                37.6199
              ],
              [
                127.0541,
                37.6201
              ],
              [
                127.054,
                37.6201
              ],
              [
                127.0539,
                37.6203
              ],
              [
                127.0538,
                37.6204
              ],
              [
                127.0537,
                37.6205
              ],
              [
                127.0497,
                37.6243
              ],
              [
                127.0487,
                37.6259
              ],
              [
                127.0476,
                37.6271
              ],
              [
                127.0471,
                37.6275
              ],
              [
                127.0468,
                37.6277
              ],
              [
                127.0464,
                37.6279
              ],
              [
                127.0461,
                37.6281
              ],
              [
                127.0456,
                37.6283
              ],
              [
                127.0453,
                37.6285
              ],
              [
                127.0451,
                37.6285
              ],
              [
                127.0449,
                37.6287
              ],
              [
                127.0444,
                37.6289
              ],
              [
                127.0443,
                37.629
              ],
              [
                127.0439,
                37.6293
              ],
              [
                127.0438,
                37.6294
              ],
              [
                127.0426,
                37.6306
              ],
              [
                127.0417,
                37.6315
              ],
              [
                127.0427,
                37.6326
              ],
              [
                127.0428,
                37.6327
              ],
              [
                127.043,
                37.6328
              ],
              [
                127.0435,
                37.6331
              ],
              [
                127.0439,
                37.6335
              ],
              [
                127.044,
                37.6336
              ],
              [
                127.0442,
                37.634
              ],
              [
                127.045,
                37.6357
              ],
              [
                127.0451,
                37.636
              ],
              [
                127.0451,
                37.6363
              ],
              [
                127.045,
                37.6365
              ],
              [
                127.0465,
                37.6391
              ],
              [
                127.0468,
                37.6397
              ],
              [
                127.0478,
                37.6414
              ],
              [
                127.0505,
                37.6448
              ],
              [
                127.0511,
                37.6449
              ],
              [
                127.0514,
                37.6448
              ],
              [
                127.052,
                37.6433
              ],
              [
                127.0522,
                37.6429
              ],
              [
                127.0523,
                37.6426
              ],
              [
                127.0524,
                37.6425
              ],
              [
                127.0529,
                37.6418
              ],
              [
                127.0529,
                37.6417
              ],
              [
                127.053,
                37.6417
              ],
              [
                127.053,
                37.6416
              ],
              [
                127.0533,
                37.6413
              ],
              [
                127.0534,
                37.6413
              ],
              [
                127.0536,
                37.6411
              ],
              [
                127.0538,
                37.6409
              ],
              [
                127.0544,
                37.6404
              ],
              [
                127.0547,
                37.6402
              ],
              [
                127.0547,
                37.6401
              ],
              [
                127.0548,
                37.6402
              ],
              [
                127.0558,
                37.6406
              ],
              [
                127.0551,
                37.6413
              ],
              [
                127.0551,
                37.6414
              ],
              [
                127.0551,
                37.6418
              ],
              [
                127.055,
                37.642
              ],
              [
                127.055,
                37.6424
              ],
              [
                127.0551,
                37.6434
              ],
              [
                127.0552,
                37.6435
              ],
              [
                127.0552,
                37.6436
              ],
              [
                127.0553,
                37.6438
              ],
              [
                127.0556,
                37.6444
              ],
              [
                127.0556,
                37.6446
              ],
              [
                127.0556,
                37.6446
              ],
              [
                127.0557,
                37.6448
              ],
              [
                127.0557,
                37.6454
              ],
              [
                127.0558,
                37.646
              ],
              [
                127.0559,
                37.6464
              ],
              [
                127.0559,
                37.6466
              ],
              [
                127.0559,
                37.6466
              ],
              [
                127.0559,
                37.6467
              ],
              [
                127.0558,
                37.647
              ],
              [
                127.0558,
                37.6472
              ],
              [
                127.0557,
                37.6474
              ],
              [
                127.0555,
                37.6482
              ],
              [
                127.0554,
                37.6482
              ],
              [
                127.0552,
                37.6486
              ],
              [
                127.0547,
                37.6494
              ],
              [
                127.0546,
                37.6496
              ],
              [
                127.0546,
                37.6496
              ],
              [
                127.0545,
                37.6497
              ],
              [
                127.0544,
                37.6499
              ],
              [
                127.0542,
                37.6501
              ],
              [
                127.0542,
                37.6502
              ],
              [
                127.054,
                37.6504
              ],
              [
                127.054,
                37.6505
              ],
              [
                127.0539,
                37.6506
              ],
              [
                127.0538,
                37.6511
              ],
              [
                127.0538,
                37.6511
              ],
              [
                127.0537,
                37.652
              ],
              [
                127.0537,
                37.6521
              ],
              [
                127.054,
                37.6537
              ],
              [
                127.0541,
                37.6545
              ],
              [
                127.054,
                37.6546
              ],
              [
                127.054,
                37.6553
              ],
              [
                127.0534,
                37.6575
              ],
              [
                127.0534,
                37.6575
              ],
              [
                127.0518,
                37.6606
              ],
              [
                127.0517,
                37.6619
              ],
              [
                127.0517,
                37.6633
              ],
              [
                127.0516,
                37.664
              ],
              [
                127.0508,
                37.6649
              ],
              [
                127.0489,
                37.6676
              ],
              [
                127.0485,
                37.6692
              ],
              [
                127.0482,
                37.6712
              ],
              [
                127.0483,
                37.6722
              ],
              [
                127.0483,
                37.6723
              ],
              [
                127.0487,
                37.6745
              ],
              [
                127.0491,
                37.6757
              ],
              [
                127.0507,
                37.6797
              ],
              [
                127.0521,
                37.6829
              ],
              [
                127.0522,
                37.683
              ],
              [
                127.0522,
                37.6834
              ],
              [
                127.0523,
                37.6837
              ],
              [
                127.0523,
                37.684
              ],
              [
                127.0524,
                37.6843
              ],
              [
                127.0523,
                37.6844
              ],
              [
                127.0523,
                37.6846
              ],
              [
                127.0522,
                37.685
              ],
              [
                127.0522,
                37.685
              ],
              [
                127.0521,
                37.6851
              ],
              [
                127.052,
                37.6853
              ],
              [
                127.0519,
                37.6856
              ],
              [
                127.0518,
                37.6857
              ],
              [
                127.0518,
                37.6858
              ],
              [
                127.0518,
                37.6871
              ],
              [
                127.0521,
                37.6873
              ],
              [
                127.0521,
                37.6874
              ],
              [
                127.0522,
                37.6874
              ],
              [
                127.0547,
                37.6887
              ],
              [
                127.0561,
                37.6892
              ],
              [
                127.0582,
                37.6897
              ],
              [
                127.0584,
                37.6897
              ],
              [
                127.0597,
                37.6903
              ],
              [
                127.0622,
                37.6928
              ],
              [
                127.0624,
                37.693
              ],
              [
                127.0624,
                37.6931
              ],
              [
                127.0624,
                37.6935
              ],
              [
                127.0626,
                37.6942
              ],
              [
                127.0627,
                37.6947
              ],
              [
                127.0631,
                37.6948
              ],
              [
                127.0634,
                37.6949
              ],
              [
                127.0663,
                37.6944
              ],
              [
                127.0685,
                37.694
              ],
              [
                127.0692,
                37.6937
              ],
              [
                127.0709,
                37.6937
              ],
              [
                127.0709,
                37.6937
              ],
              [
                127.0727,
                37.6938
              ],
              [
                127.0731,
                37.694
              ],
              [
                127.0734,
                37.6941
              ],
              [
                127.0738,
                37.6945
              ],
              [
                127.0739,
                37.6946
              ],
              [
                127.0745,
                37.695
              ],
              [
                127.0749,
                37.6952
              ],
              [
                127.0782,
                37.696
              ],
              [
                127.0811,
                37.6961
              ],
              [
                127.0838,
                37.6943
              ]
            ]
          ]
        ]
      },
      "properties": {
        "name": "노원구",
        "base_year": "2018",
        "name_eng": "Nowon-gu",
        "code": "11110"
      }
    },
    {
      "type": "Feature",
      "geometry": {
        "type": "MultiPolygon",
        "coordinates": [
          [
            [
              [
                126.9517,
                37.6549
              ],
              [
                126.9519,
                37.6549
              ],
              [
                126.9532,
                37.6549
              ],
              [
                126.954,
                37.655
              ],
              [
                126.9552,
                37.6543
              ],
              [
                126.9553,
                37.6543
              ],
              [
                126.9571,
                37.6528
              ],
              [
                126.9575,
                37.6519
              ],
              [
                126.9584,
                37.6477
              ],
              [
                126.9589,
                37.6448
              ],
              [
                126.959,
                37.6439
              ],
              [
                126.9593,
                37.6421
              ],
              [
                126.9616,
                37.6371
              ],
              [
                126.9625,
                37.6358
              ],
              [
                126.9629,
                37.6346
              ],
              [
                126.9633,
                37.6332
              ],
              [
                126.9598,
                37.6298
              ],
              [
                126.9584,
                37.6295
              ],
              [
                126.9556,
                37.6283
              ],
              [
                126.9505,
                37.6264
              ],
              [
                126.9498,
                37.6255
              ],
              [
                126.9497,
                37.6253
              ],
              [
                126.949,
                37.6243
              ],
              [
                126.9489,
                37.6233
              ],
              [
                126.9499,
                37.6187
              ],
              [
                126.9505,
                37.6161
              ],
              [
                126.9507,
                37.6155
              ],
              [
                126.9508,
                37.6138
              ],
              [
                126.9507,
                37.6135
              ],
              [
                126.9505,
                37.6129
              ],
              [
                126.9499,
                37.6117
              ],
              [
                126.9498,
                37.6117
              ],
              [
                126.9504,
                37.6106
              ],
              [
                126.9482,
                37.6086
              ],
              [
                126.947,
                37.6081
              ],
              [
                126.9438,
                37.6063
              ],
              [
                126.9437,
                37.6062
              ],
              [
                126.9421,
                37.605
              ],
              [
                126.9407,
                37.6031
              ],
              [
                126.9404,
                37.6016
              ],
              [
                126.9411,
                37.6011
              ],
              [
                126.9414,
                37.6007
              ],
              [
                126.9409,
                37.5987
              ],
              [
                126.9407,
                37.5986
              ],
              [
                126.9397,
                37.598
              ],
              [
                126.9387,
                37.5975
              ],
              [
                126.9386,
                37.5975
              ],
              [
                126.9377,
                37.5978
              ],
              [
                126.9376,
                37.5978
              ],
              [
                126.9375,
                37.5979
              ],
              [
                126.9374,
                37.5978
              ],
              [
                126.9368,
                37.5977
              ],
              [
                126.9328,
                37.5963
              ],
              [
                126.9302,
                37.5945
              ],
              [
                126.9291,
                37.5931
              ],
              [
                126.9283,
                37.592
              ],
              [
                126.9281,
                37.5919
              ],
              [
                126.9278,
                37.5916
              ],
              [
                126.9277,
                37.5905
              ],
              [
                126.9276,
                37.5894
              ],
              [
                126.9277,
                37.5889
              ],
              [
                126.9237,
                37.5863
              ],
              [
                126.9228,
                37.5856
              ],
              [
                126.9228,
                37.5854
              ],
              [
                126.9217,
                37.5837
              ],
              [
                126.9209,
                37.5829
              ],
              [
                126.9199,
                37.5832
              ],
              [
                126.9197,
                37.5833
              ],
              [
                126.9191,
                37.5834
              ],
              [
                126.919,
                37.5834
              ],
              [
                126.9164,
                37.5832
              ],
              [
                126.9159,
                37.5831
              ],
              [
                126.9157,
                37.5834
              ],
              [
                126.9153,
                37.5854
              ],
              [
                126.9157,
                37.586
              ],
              [
                126.9128,
                37.5872
              ],
              [
                126.9128,
                37.5871
              ],
              [
                126.9127,
                37.5869
              ],
              [
                126.9126,
                37.5868
              ],
              [
                126.9125,
                37.5866
              ],
              [
                126.9125,
                37.5865
              ],
              [
                126.9124,
                37.5865
              ],
              [
                126.9123,
                37.5863
              ],
              [
                126.9122,
                37.5862
              ],
              [
                126.9121,
                37.586
              ],
              [
                126.9119,
                37.5858
              ],
              [
                126.9116,
                37.5856
              ],
              [
                126.9076,
                37.5818
              ],
              [
                126.906,
                37.5803
              ],
              [
                126.9019,
                37.5766
              ],
              [
                126.9021,
                37.576
              ],
              [
                126.9015,
                37.5764
              ],
              [
                126.9006,
                37.577
              ],
              [
                126.8978,
                37.5789
              ],
              [
                126.8971,
                37.5793
              ],
              [
                126.8953,
                37.5806
              ],
              [
                126.89,
                37.5839
              ],
              [
                126.8889,
                37.5846
              ],
              [
                126.8881,
                37.5852
              ],
              [
                126.8876,
                37.5857
              ],
              [
                126.8867,
                37.5863
              ],
              [
                126.8862,
                37.5868
              ],
              [
                126.8857,
                37.5872
              ],
              [
                126.8854,
                37.5875
              ],
              [
                126.8849,
                37.588
              ],
              [
                126.8823,
                37.5906
              ],
              [
                126.8821,
                37.5908
              ],
              [
                126.8821,
                37.5908
              ],
              [
                126.8821,
                37.5909
              ],
              [
                126.8833,
                37.5918
              ],
              [
                126.8853,
                37.5939
              ],
              [
                126.8864,
                37.594
              ],
              [
                126.8873,
                37.5939
              ],
              [
                126.8873,
                37.5939
              ],
              [
                126.8873,
                37.5939
              ],
              [
                126.8873,
                37.5938
              ],
              [
                126.8864,
                37.5926
              ],
              [
                126.8858,
                37.5917
              ],
              [
                126.8856,
                37.5915
              ],
              [
                126.8856,
                37.5915
              ],
              [
                126.8855,
                37.5914
              ],
              [
                126.8855,
                37.5912
              ],
              [
                126.8855,
                37.5911
              ],
              [
                126.8855,
                37.591
              ],
              [
                126.8858,
                37.5895
              ],
              [
                126.8867,
                37.589
              ],
              [
                126.8876,
                37.5887
              ],
              [
                126.8914,
                37.5885
              ],
              [
                126.8964,
                37.5887
              ],
              [
                126.8981,
                37.5895
              ],
              [
                126.8995,
                37.5898
              ],
              [
                126.8996,
                37.5898
              ],
              [
                126.8997,
                37.5914
              ],
              [
                126.9004,
                37.5942
              ],
              [
                126.9012,
                37.5963
              ],
              [
                126.9012,
                37.5983
              ],
              [
                126.9013,
                37.5985
              ],
              [
                126.9013,
                37.5994
              ],
              [
                126.901,
                37.6002
              ],
              [
                126.9005,
                37.6009
              ],
              [
                126.9003,
                37.6012
              ],
              [
                126.9,
                37.602
              ],
              [
                126.9002,
                37.6031
              ],
              [
                126.9008,
                37.6034
              ],
              [
                126.9021,
                37.6037
              ],
              [
                126.9017,
                37.6057
              ],
              [
                126.9014,
                37.6062
              ],
              [
                126.9012,
                37.6068
              ],
              [
                126.9008,
                37.6084
              ],
              [
                126.9007,
                37.6089
              ],
              [
                126.9006,
                37.6093
              ],
              [
                126.9003,
                37.6112
              ],
              [
                126.9009,
                37.6122
              ],
              [
                126.9009,
                37.6127
              ],
              [
                126.9018,
                37.6158
              ],
              [
                126.9034,
                37.6188
              ],
              [
                126.9037,
                37.6188
              ],
              [
                126.9043,
                37.6188
              ],
              [
                126.9052,
                37.6191
              ],
              [
                126.9052,
                37.6199
              ],
              [
                126.9056,
                37.6206
              ],
              [
                126.9056,
                37.6207
              ],
              [
                126.9063,
                37.6214
              ],
              [
                126.9071,
                37.6219
              ],
              [
                126.9071,
                37.6225
              ],
              [
                126.9071,
                37.6233
              ],
              [
                126.9071,
                37.6234
              ],
              [
                126.907,
                37.6239
              ],
              [
                126.9074,
                37.6251
              ],
              [
                126.9084,
                37.626
              ],
              [
                126.9086,
                37.6263
              ],
              [
                126.9089,
                37.6275
              ],
              [
                126.9088,
                37.6291
              ],
              [
                126.9088,
                37.6291
              ],
              [
                126.9073,
                37.6309
              ],
              [
                126.9062,
                37.6332
              ],
              [
                126.9071,
                37.6334
              ],
              [
                126.9081,
                37.6338
              ],
              [
                126.9091,
                37.6343
              ],
              [
                126.9109,
                37.6353
              ],
              [
                126.9112,
                37.6359
              ],
              [
                126.9112,
                37.641
              ],
              [
                126.9123,
                37.6443
              ],
              [
                126.9065,
                37.6477
              ],
              [
                126.9048,
                37.6491
              ],
              [
                126.905,
                37.6491
              ],
              [
                126.9055,
                37.6489
              ],
              [
                126.906,
                37.6487
              ],
              [
                126.9086,
                37.6474
              ],
              [
                126.9103,
                37.6464
              ],
              [
                126.9104,
                37.6463
              ],
              [
                126.9109,
                37.646
              ],
              [
                126.9119,
                37.6454
              ],
              [
                126.912,
                37.6453
              ],
              [
                126.9121,
                37.6453
              ],
              [
                126.9123,
                37.6452
              ],
              [
                126.9137,
                37.6448
              ],
              [
                126.9229,
                37.6459
              ],
              [
                126.9234,
                37.6459
              ],
              [
                126.9237,
                37.646
              ],
              [
                126.9241,
                37.6461
              ],
              [
                126.9241,
                37.6461
              ],
              [
                126.9242,
                37.6462
              ],
              [
                126.9244,
                37.6463
              ],
              [
                126.9248,
                37.6465
              ],
              [
                126.9255,
                37.647
              ],
              [
                126.9269,
                37.6479
              ],
              [
                126.9271,
                37.6481
              ],
              [
                126.9315,
                37.6503
              ],
              [
                126.9322,
                37.6504
              ],
              [
                126.9339,
                37.6507
              ],
              [
                126.9353,
                37.6511
              ],
              [
                126.9357,
                37.6512
              ],
              [
                126.9361,
                37.6515
              ],
              [
                126.9363,
                37.6516
              ],
              [
                126.9365,
                37.6517
              ],
              [
                126.9367,
                37.6519
              ],
              [
                126.9368,
                37.652
              ],
              [
                126.9371,
                37.6522
              ],
              [
                126.9372,
                37.6523
              ],
              [
                126.9373,
                37.6525
              ],
              [
                126.9374,
                37.6527
              ],
              [
                126.9375,
                37.653
              ],
              [
                126.9379,
                37.6537
              ],
              [
                126.9385,
                37.6548
              ],
              [
                126.9388,
                37.6553
              ],
              [
                126.939,
                37.6555
              ],
              [
                126.9394,
                37.6559
              ],
              [
                126.9397,
                37.6562
              ],
              [
                126.9399,
                37.6564
              ],
              [
                126.9401,
                37.6566
              ],
              [
                126.9402,
                37.6567
              ],
              [
                126.9403,
                37.6568
              ],
              [
                126.9421,
                37.6577
              ],
              [
                126.9427,
                37.6579
              ],
              [
                126.9475,
                37.6592
              ],
              [
                126.948,
                37.6587
              ],
              [
                126.948,
                37.6586
              ],
              [
                126.9479,
                37.6584
              ],
              [
                126.9478,
                37.6573
              ],
              [
                126.9479,
                37.6571
              ],
              [
                126.9498,
                37.6559
              ],
              [
                126.9514,
                37.6549
              ],
              [
                126.9517,
                37.6549
              ]
            ]
          ]
        ]
      },
      "properties": {
        "name": "은평구",
        "base_year": "2018",
        "name_eng": "Eunpyeong-gu",
        "code": "11120"
      }
    },
    {
      "type": "Feature",
      "geometry": {
        "type": "MultiPolygon",
        "coordinates": [
          [
            [
              [
                126.9583,
                37.5978
              ],
              [
                126.959,
                37.5951
              ],
              [
                126.959,
                37.5948
              ],
              [
                126.9585,
                37.5942
              ],
              [
                126.9578,
                37.5926
              ],
              [
                126.9575,
                37.5901
              ],
              [
                126.9574,
                37.5891
              ],
              [
                126.9574,
                37.5871
              ],
              [
                126.9575,
                37.586
              ],
              [
                126.9578,
                37.5851
              ],
              [
                126.9578,
                37.585
              ],
              [
                126.9578,
                37.585
              ],
              [
                126.9578,
                37.5849
              ],
              [
                126.9579,
                37.5847
              ],
              [
                126.958,
                37.5844
              ],
              [
                126.958,
                37.5841
              ],
              [
                126.9576,
                37.5823
              ],
              [
                126.9572,
                37.5799
              ],
              [
                126.9536,
                37.5788
              ],
              [
                126.9536,
                37.5787
              ],
              [
                126.9549,
                37.5771
              ],
              [
                126.9594,
                37.573
              ],
              [
                126.9657,
                37.5668
              ],
              [
                126.9667,
                37.5658
              ],
              [
                126.9695,
                37.562
              ],
              [
                126.9674,
                37.5615
              ],
              [
                126.9668,
                37.5613
              ],
              [
                126.9667,
                37.5612
              ],
              [
                126.9664,
                37.5609
              ],
              [
                126.9662,
                37.5608
              ],
              [
                126.9661,
                37.5608
              ],
              [
                126.9659,
                37.5606
              ],
              [
                126.9656,
                37.5604
              ],
              [
                126.9651,
                37.5601
              ],
              [
                126.9646,
                37.5598
              ],
              [
                126.964,
                37.5595
              ],
              [
                126.964,
                37.5595
              ],
              [
                126.964,
                37.5595
              ],
              [
                126.9633,
                37.5592
              ],
              [
                126.9621,
                37.5591
              ],
              [
                126.9618,
                37.559
              ],
              [
                126.9617,
                37.559
              ],
              [
                126.9616,
                37.5591
              ],
              [
                126.9599,
                37.5576
              ],
              [
                126.9582,
                37.5573
              ],
              [
                126.9563,
                37.5574
              ],
              [
                126.956,
                37.5574
              ],
              [
                126.9556,
                37.5574
              ],
              [
                126.9555,
                37.5574
              ],
              [
                126.9553,
                37.5574
              ],
              [
                126.9551,
                37.5573
              ],
              [
                126.9494,
                37.557
              ],
              [
                126.9489,
                37.557
              ],
              [
                126.9489,
                37.557
              ],
              [
                126.9465,
                37.5568
              ],
              [
                126.9414,
                37.5565
              ],
              [
                126.941,
                37.5565
              ],
              [
                126.9408,
                37.5564
              ],
              [
                126.9391,
                37.5559
              ],
              [
                126.9376,
                37.5553
              ],
              [
                126.9372,
                37.5552
              ],
              [
                126.9369,
                37.5551
              ],
              [
                126.9364,
                37.5553
              ],
              [
                126.9328,
                37.5566
              ],
              [
                126.9299,
                37.5577
              ],
              [
                126.9266,
                37.5588
              ],
              [
                126.9266,
                37.5595
              ],
              [
                126.9267,
                37.5607
              ],
              [
                126.9267,
                37.561
              ],
              [
                126.9268,
                37.5611
              ],
              [
                126.9268,
                37.5611
              ],
              [
                126.9268,
                37.5612
              ],
              [
                126.9268,
                37.5613
              ],
              [
                126.9269,
                37.5614
              ],
              [
                126.9272,
                37.5618
              ],
              [
                126.9272,
                37.5618
              ],
              [
                126.9274,
                37.5618
              ],
              [
                126.9279,
                37.5626
              ],
              [
                126.9281,
                37.5629
              ],
              [
                126.9283,
                37.563
              ],
              [
                126.9283,
                37.5633
              ],
              [
                126.9272,
                37.5642
              ],
              [
                126.9272,
                37.5642
              ],
              [
                126.9268,
                37.5645
              ],
              [
                126.9266,
                37.5647
              ],
              [
                126.926,
                37.5651
              ],
              [
                126.9258,
                37.5652
              ],
              [
                126.9253,
                37.5655
              ],
              [
                126.9247,
                37.5657
              ],
              [
                126.9247,
                37.5657
              ],
              [
                126.9243,
                37.5658
              ],
              [
                126.9243,
                37.5658
              ],
              [
                126.9236,
                37.566
              ],
              [
                126.9216,
                37.5664
              ],
              [
                126.9213,
                37.5665
              ],
              [
                126.9208,
                37.5666
              ],
              [
                126.9204,
                37.5666
              ],
              [
                126.9203,
                37.5666
              ],
              [
                126.9203,
                37.5666
              ],
              [
                126.9196,
                37.5668
              ],
              [
                126.9187,
                37.567
              ],
              [
                126.9184,
                37.5671
              ],
              [
                126.9168,
                37.5678
              ],
              [
                126.9168,
                37.5678
              ],
              [
                126.9168,
                37.5678
              ],
              [
                126.9098,
                37.571
              ],
              [
                126.9059,
                37.5734
              ],
              [
                126.9021,
                37.576
              ],
              [
                126.9021,
                37.576
              ],
              [
                126.9019,
                37.5766
              ],
              [
                126.906,
                37.5803
              ],
              [
                126.9076,
                37.5818
              ],
              [
                126.9116,
                37.5856
              ],
              [
                126.9119,
                37.5858
              ],
              [
                126.9121,
                37.586
              ],
              [
                126.9122,
                37.5862
              ],
              [
                126.9123,
                37.5863
              ],
              [
                126.9124,
                37.5865
              ],
              [
                126.9125,
                37.5865
              ],
              [
                126.9125,
                37.5866
              ],
              [
                126.9126,
                37.5868
              ],
              [
                126.9127,
                37.5869
              ],
              [
                126.9128,
                37.5871
              ],
              [
                126.9128,
                37.5872
              ],
              [
                126.9157,
                37.586
              ],
              [
                126.9153,
                37.5854
              ],
              [
                126.9157,
                37.5834
              ],
              [
                126.9159,
                37.5831
              ],
              [
                126.9164,
                37.5832
              ],
              [
                126.919,
                37.5834
              ],
              [
                126.9191,
                37.5834
              ],
              [
                126.9197,
                37.5833
              ],
              [
                126.9199,
                37.5832
              ],
              [
                126.9209,
                37.5829
              ],
              [
                126.9217,
                37.5837
              ],
              [
                126.9228,
                37.5854
              ],
              [
                126.9228,
                37.5856
              ],
              [
                126.9237,
                37.5863
              ],
              [
                126.9277,
                37.5889
              ],
              [
                126.9276,
                37.5894
              ],
              [
                126.9277,
                37.5905
              ],
              [
                126.9278,
                37.5916
              ],
              [
                126.9281,
                37.5919
              ],
              [
                126.9283,
                37.592
              ],
              [
                126.9291,
                37.5931
              ],
              [
                126.9302,
                37.5945
              ],
              [
                126.9328,
                37.5963
              ],
              [
                126.9368,
                37.5977
              ],
              [
                126.9374,
                37.5978
              ],
              [
                126.9375,
                37.5979
              ],
              [
                126.9376,
                37.5978
              ],
              [
                126.9377,
                37.5978
              ],
              [
                126.9386,
                37.5975
              ],
              [
                126.9387,
                37.5975
              ],
              [
                126.9397,
                37.598
              ],
              [
                126.9407,
                37.5986
              ],
              [
                126.9409,
                37.5987
              ],
              [
                126.9414,
                37.6007
              ],
              [
                126.9411,
                37.6011
              ],
              [
                126.9404,
                37.6016
              ],
              [
                126.9407,
                37.6031
              ],
              [
                126.9421,
                37.605
              ],
              [
                126.9437,
                37.6062
              ],
              [
                126.9438,
                37.6063
              ],
              [
                126.947,
                37.6081
              ],
              [
                126.9482,
                37.6086
              ],
              [
                126.9504,
                37.6106
              ],
              [
                126.9503,
                37.6091
              ],
              [
                126.9506,
                37.6084
              ],
              [
                126.9522,
                37.6069
              ],
              [
                126.9525,
                37.6067
              ],
              [
                126.9539,
                37.6048
              ],
              [
                126.9538,
                37.6047
              ],
              [
                126.9536,
                37.6045
              ],
              [
                126.9524,
                37.6025
              ],
              [
                126.9525,
                37.6016
              ],
              [
                126.9526,
                37.6012
              ],
              [
                126.9534,
                37.5995
              ],
              [
                126.9541,
                37.5991
              ],
              [
                126.9563,
                37.5989
              ],
              [
                126.9565,
                37.5988
              ],
              [
                126.9573,
                37.5985
              ],
              [
                126.9577,
                37.5984
              ],
              [
                126.958,
                37.5982
              ],
              [
                126.9583,
                37.5978
              ]
            ]
          ]
        ]
      },
      "properties": {
        "name": "서대문구",
        "base_year": "2018",
        "name_eng": "Seodaemun-gu",
        "code": "11130"
      }
    },
    {
      "type": "Feature",
      "geometry": {
        "type": "MultiPolygon",
        "coordinates": [
          [
            [
              [
                126.8978,
                37.5789
              ],
              [
                126.9006,
                37.577
              ],
              [
                126.9015,
                37.5764
              ],
              [
                126.9021,
                37.576
              ],
              [
                126.9021,
                37.576
              ],
              [
                126.9059,
                37.5734
              ],
              [
                126.9098,
                37.571
              ],
              [
                126.9168,
                37.5678
              ],
              [
                126.9168,
                37.5678
              ],
              [
                126.9168,
                37.5678
              ],
              [
                126.9184,
                37.5671
              ],
              [
                126.9187,
                37.567
              ],
              [
                126.9196,
                37.5668
              ],
              [
                126.9203,
                37.5666
              ],
              [
                126.9203,
                37.5666
              ],
              [
                126.9204,
                37.5666
              ],
              [
                126.9208,
                37.5666
              ],
              [
                126.9213,
                37.5665
              ],
              [
                126.9216,
                37.5664
              ],
              [
                126.9236,
                37.566
              ],
              [
                126.9243,
                37.5658
              ],
              [
                126.9243,
                37.5658
              ],
              [
                126.9247,
                37.5657
              ],
              [
                126.9247,
                37.5657
              ],
              [
                126.9253,
                37.5655
              ],
              [
                126.9258,
                37.5652
              ],
              [
                126.926,
                37.5651
              ],
              [
                126.9266,
                37.5647
              ],
              [
                126.9268,
                37.5645
              ],
              [
                126.9272,
                37.5642
              ],
              [
                126.9272,
                37.5642
              ],
              [
                126.9283,
                37.5633
              ],
              [
                126.9283,
                37.563
              ],
              [
                126.9281,
                37.5629
              ],
              [
                126.9279,
                37.5626
              ],
              [
                126.9274,
                37.5618
              ],
              [
                126.9272,
                37.5618
              ],
              [
                126.9272,
                37.5618
              ],
              [
                126.9269,
                37.5614
              ],
              [
                126.9268,
                37.5613
              ],
              [
                126.9268,
                37.5612
              ],
              [
                126.9268,
                37.5611
              ],
              [
                126.9268,
                37.5611
              ],
              [
                126.9267,
                37.561
              ],
              [
                126.9267,
                37.5607
              ],
              [
                126.9266,
                37.5595
              ],
              [
                126.9266,
                37.5588
              ],
              [
                126.9299,
                37.5577
              ],
              [
                126.9328,
                37.5566
              ],
              [
                126.9364,
                37.5553
              ],
              [
                126.9369,
                37.5551
              ],
              [
                126.9372,
                37.5552
              ],
              [
                126.9376,
                37.5553
              ],
              [
                126.9391,
                37.5559
              ],
              [
                126.9408,
                37.5564
              ],
              [
                126.941,
                37.5565
              ],
              [
                126.9414,
                37.5565
              ],
              [
                126.9465,
                37.5568
              ],
              [
                126.9489,
                37.557
              ],
              [
                126.9489,
                37.557
              ],
              [
                126.9494,
                37.557
              ],
              [
                126.9551,
                37.5573
              ],
              [
                126.9553,
                37.5574
              ],
              [
                126.9555,
                37.5574
              ],
              [
                126.9556,
                37.5574
              ],
              [
                126.956,
                37.5574
              ],
              [
                126.9563,
                37.5574
              ],
              [
                126.9582,
                37.5573
              ],
              [
                126.9599,
                37.5576
              ],
              [
                126.9616,
                37.5591
              ],
              [
                126.9617,
                37.559
              ],
              [
                126.9616,
                37.5584
              ],
              [
                126.9618,
                37.5584
              ],
              [
                126.9619,
                37.5585
              ],
              [
                126.9621,
                37.5585
              ],
              [
                126.9631,
                37.5581
              ],
              [
                126.9634,
                37.557
              ],
              [
                126.9634,
                37.557
              ],
              [
                126.9634,
                37.5568
              ],
              [
                126.9622,
                37.5533
              ],
              [
                126.9624,
                37.5516
              ],
              [
                126.9635,
                37.5502
              ],
              [
                126.9633,
                37.5486
              ],
              [
                126.9629,
                37.5487
              ],
              [
                126.9614,
                37.5475
              ],
              [
                126.9579,
                37.5455
              ],
              [
                126.9578,
                37.5452
              ],
              [
                126.9575,
                37.544
              ],
              [
                126.9566,
                37.5408
              ],
              [
                126.9567,
                37.5406
              ],
              [
                126.9557,
                37.5395
              ],
              [
                126.9553,
                37.5392
              ],
              [
                126.9552,
                37.5392
              ],
              [
                126.9546,
                37.5391
              ],
              [
                126.9534,
                37.5375
              ],
              [
                126.9513,
                37.5363
              ],
              [
                126.9509,
                37.5362
              ],
              [
                126.9473,
                37.5353
              ],
              [
                126.9467,
                37.5355
              ],
              [
                126.9464,
                37.5357
              ],
              [
                126.9464,
                37.5357
              ],
              [
                126.9463,
                37.5357
              ],
              [
                126.946,
                37.5355
              ],
              [
                126.9451,
                37.535
              ],
              [
                126.9449,
                37.5346
              ],
              [
                126.9448,
                37.5345
              ],
              [
                126.9446,
                37.5338
              ],
              [
                126.941,
                37.5363
              ],
              [
                126.9353,
                37.5394
              ],
              [
                126.9303,
                37.5414
              ],
              [
                126.9277,
                37.5391
              ],
              [
                126.9276,
                37.5391
              ],
              [
                126.9271,
                37.539
              ],
              [
                126.9268,
                37.5391
              ],
              [
                126.9267,
                37.5391
              ],
              [
                126.9262,
                37.5393
              ],
              [
                126.9244,
                37.5399
              ],
              [
                126.9231,
                37.5405
              ],
              [
                126.9228,
                37.5406
              ],
              [
                126.9226,
                37.541
              ],
              [
                126.9225,
                37.5414
              ],
              [
                126.9224,
                37.5414
              ],
              [
                126.9218,
                37.5414
              ],
              [
                126.9171,
                37.5414
              ],
              [
                126.9048,
                37.5414
              ],
              [
                126.9042,
                37.5422
              ],
              [
                126.9022,
                37.5441
              ],
              [
                126.902,
                37.5445
              ],
              [
                126.902,
                37.5446
              ],
              [
                126.902,
                37.5447
              ],
              [
                126.9019,
                37.5448
              ],
              [
                126.9018,
                37.545
              ],
              [
                126.9018,
                37.545
              ],
              [
                126.9018,
                37.545
              ],
              [
                126.8989,
                37.548
              ],
              [
                126.8957,
                37.549
              ],
              [
                126.8881,
                37.5523
              ],
              [
                126.8868,
                37.5531
              ],
              [
                126.8805,
                37.5563
              ],
              [
                126.873,
                37.56
              ],
              [
                126.8699,
                37.5616
              ],
              [
                126.8668,
                37.5629
              ],
              [
                126.8665,
                37.5629
              ],
              [
                126.8663,
                37.5631
              ],
              [
                126.8647,
                37.564
              ],
              [
                126.8638,
                37.5645
              ],
              [
                126.863,
                37.565
              ],
              [
                126.8572,
                37.5687
              ],
              [
                126.8536,
                37.5718
              ],
              [
                126.8536,
                37.5738
              ],
              [
                126.8548,
                37.574
              ],
              [
                126.8558,
                37.5742
              ],
              [
                126.8593,
                37.5752
              ],
              [
                126.8634,
                37.5769
              ],
              [
                126.8673,
                37.5775
              ],
              [
                126.8706,
                37.578
              ],
              [
                126.8714,
                37.5781
              ],
              [
                126.8731,
                37.5782
              ],
              [
                126.8739,
                37.5783
              ],
              [
                126.8752,
                37.5783
              ],
              [
                126.8763,
                37.5782
              ],
              [
                126.8771,
                37.5789
              ],
              [
                126.8774,
                37.5794
              ],
              [
                126.8775,
                37.5795
              ],
              [
                126.8776,
                37.5796
              ],
              [
                126.8776,
                37.5797
              ],
              [
                126.8775,
                37.5805
              ],
              [
                126.8774,
                37.5806
              ],
              [
                126.877,
                37.5822
              ],
              [
                126.8767,
                37.5846
              ],
              [
                126.8775,
                37.5862
              ],
              [
                126.88,
                37.5891
              ],
              [
                126.881,
                37.59
              ],
              [
                126.8821,
                37.5908
              ],
              [
                126.8821,
                37.5908
              ],
              [
                126.8823,
                37.5906
              ],
              [
                126.8849,
                37.588
              ],
              [
                126.8854,
                37.5875
              ],
              [
                126.8857,
                37.5872
              ],
              [
                126.8862,
                37.5868
              ],
              [
                126.8867,
                37.5863
              ],
              [
                126.8876,
                37.5857
              ],
              [
                126.8881,
                37.5852
              ],
              [
                126.8889,
                37.5846
              ],
              [
                126.89,
                37.5839
              ],
              [
                126.8953,
                37.5806
              ],
              [
                126.8971,
                37.5793
              ],
              [
                126.8978,
                37.5789
              ]
            ]
          ]
        ]
      },
      "properties": {
        "name": "마포구",
        "base_year": "2018",
        "name_eng": "Mapo-gu",
        "code": "11140"
      }
    },
    {
      "type": "Feature",
      "geometry": {
        "type": "MultiPolygon",
        "coordinates": [
          [
            [
              [
                126.8747,
                37.5107
              ],
              [
                126.875,
                37.5112
              ],
              [
                126.8749,
                37.5109
              ],
              [
                126.8748,
                37.5108
              ],
              [
                126.8748,
                37.5107
              ],
              [
                126.8747,
                37.5107
              ]
            ]
          ],
          [
            [
              [
                126.8747,
                37.5107
              ],
              [
                126.8739,
                37.5092
              ],
              [
                126.8738,
                37.509
              ],
              [
                126.8738,
                37.5089
              ],
              [
                126.8738,
                37.5088
              ],
              [
                126.8745,
                37.5074
              ],
              [
                126.8747,
                37.5066
              ],
              [
                126.8736,
                37.5036
              ],
              [
                126.8736,
                37.5036
              ],
              [
                126.8719,
                37.5041
              ],
              [
                126.8719,
                37.5042
              ],
              [
                126.8714,
                37.5049
              ],
              [
                126.8712,
                37.5051
              ],
              [
                126.8706,
                37.5058
              ],
              [
                126.8706,
                37.5058
              ],
              [
                126.8703,
                37.5058
              ],
              [
                126.8698,
                37.5054
              ],
              [
                126.8694,
                37.5051
              ],
              [
                126.8692,
                37.5049
              ],
              [
                126.8692,
                37.5049
              ],
              [
                126.869,
                37.5049
              ],
              [
                126.8646,
                37.5049
              ],
              [
                126.8635,
                37.5051
              ],
              [
                126.8634,
                37.5051
              ],
              [
                126.8633,
                37.5051
              ],
              [
                126.8633,
                37.5052
              ],
              [
                126.8632,
                37.5053
              ],
              [
                126.8632,
                37.5054
              ],
              [
                126.8631,
                37.5054
              ],
              [
                126.8628,
                37.5058
              ],
              [
                126.8628,
                37.5059
              ],
              [
                126.8627,
                37.5061
              ],
              [
                126.8627,
                37.5063
              ],
              [
                126.8627,
                37.5065
              ],
              [
                126.8629,
                37.5066
              ],
              [
                126.8627,
                37.5068
              ],
              [
                126.8622,
                37.5073
              ],
              [
                126.8603,
                37.5066
              ],
              [
                126.8601,
                37.507
              ],
              [
                126.8595,
                37.5079
              ],
              [
                126.8583,
                37.5099
              ],
              [
                126.8582,
                37.5098
              ],
              [
                126.8539,
                37.5102
              ],
              [
                126.8529,
                37.5106
              ],
              [
                126.8501,
                37.5101
              ],
              [
                126.8473,
                37.5095
              ],
              [
                126.847,
                37.5094
              ],
              [
                126.8463,
                37.509
              ],
              [
                126.8453,
                37.508
              ],
              [
                126.8453,
                37.5078
              ],
              [
                126.8444,
                37.5065
              ],
              [
                126.8396,
                37.5045
              ],
              [
                126.8364,
                37.503
              ],
              [
                126.8353,
                37.5028
              ],
              [
                126.834,
                37.5034
              ],
              [
                126.8321,
                37.5046
              ],
              [
                126.8316,
                37.5051
              ],
              [
                126.8306,
                37.5063
              ],
              [
                126.8307,
                37.5069
              ],
              [
                126.8307,
                37.5069
              ],
              [
                126.831,
                37.5078
              ],
              [
                126.831,
                37.508
              ],
              [
                126.8306,
                37.5082
              ],
              [
                126.8303,
                37.5082
              ],
              [
                126.8282,
                37.5088
              ],
              [
                126.8277,
                37.5087
              ],
              [
                126.827,
                37.5085
              ],
              [
                126.827,
                37.5104
              ],
              [
                126.8242,
                37.5105
              ],
              [
                126.8243,
                37.5145
              ],
              [
                126.8246,
                37.518
              ],
              [
                126.8255,
                37.5199
              ],
              [
                126.8261,
                37.5243
              ],
              [
                126.828,
                37.5257
              ],
              [
                126.8281,
                37.5258
              ],
              [
                126.8284,
                37.5267
              ],
              [
                126.8282,
                37.529
              ],
              [
                126.8271,
                37.5297
              ],
              [
                126.8265,
                37.5298
              ],
              [
                126.8262,
                37.5298
              ],
              [
                126.8256,
                37.5298
              ],
              [
                126.8253,
                37.53
              ],
              [
                126.8251,
                37.5302
              ],
              [
                126.8247,
                37.5306
              ],
              [
                126.8234,
                37.5326
              ],
              [
                126.8227,
                37.5338
              ],
              [
                126.8226,
                37.5342
              ],
              [
                126.8219,
                37.535
              ],
              [
                126.8224,
                37.5365
              ],
              [
                126.8224,
                37.5365
              ],
              [
                126.8223,
                37.5379
              ],
              [
                126.8221,
                37.5386
              ],
              [
                126.8219,
                37.5391
              ],
              [
                126.8218,
                37.5392
              ],
              [
                126.8221,
                37.5407
              ],
              [
                126.8244,
                37.5414
              ],
              [
                126.8244,
                37.5414
              ],
              [
                126.8245,
                37.5414
              ],
              [
                126.8245,
                37.5414
              ],
              [
                126.825,
                37.5416
              ],
              [
                126.8254,
                37.5417
              ],
              [
                126.8261,
                37.543
              ],
              [
                126.826,
                37.5433
              ],
              [
                126.8259,
                37.5436
              ],
              [
                126.8256,
                37.5439
              ],
              [
                126.8257,
                37.5442
              ],
              [
                126.8259,
                37.5447
              ],
              [
                126.8259,
                37.5447
              ],
              [
                126.826,
                37.5449
              ],
              [
                126.828,
                37.5476
              ],
              [
                126.8298,
                37.5477
              ],
              [
                126.8298,
                37.5472
              ],
              [
                126.8301,
                37.5462
              ],
              [
                126.8298,
                37.5443
              ],
              [
                126.8297,
                37.544
              ],
              [
                126.8297,
                37.5438
              ],
              [
                126.8297,
                37.5437
              ],
              [
                126.83,
                37.5426
              ],
              [
                126.8305,
                37.5418
              ],
              [
                126.8327,
                37.5418
              ],
              [
                126.8331,
                37.5418
              ],
              [
                126.8331,
                37.5418
              ],
              [
                126.8335,
                37.5404
              ],
              [
                126.8337,
                37.5399
              ],
              [
                126.8352,
                37.5369
              ],
              [
                126.8344,
                37.5365
              ],
              [
                126.8345,
                37.5363
              ],
              [
                126.8353,
                37.5351
              ],
              [
                126.8353,
                37.5349
              ],
              [
                126.8372,
                37.5318
              ],
              [
                126.8405,
                37.5265
              ],
              [
                126.8405,
                37.5265
              ],
              [
                126.8489,
                37.5279
              ],
              [
                126.8489,
                37.5279
              ],
              [
                126.852,
                37.5283
              ],
              [
                126.8585,
                37.5291
              ],
              [
                126.864,
                37.5298
              ],
              [
                126.864,
                37.5298
              ],
              [
                126.8635,
                37.5356
              ],
              [
                126.8637,
                37.5393
              ],
              [
                126.8637,
                37.5393
              ],
              [
                126.8638,
                37.5403
              ],
              [
                126.8638,
                37.5404
              ],
              [
                126.8638,
                37.5405
              ],
              [
                126.8638,
                37.5406
              ],
              [
                126.8638,
                37.5406
              ],
              [
                126.8638,
                37.5407
              ],
              [
                126.8638,
                37.5408
              ],
              [
                126.8637,
                37.5409
              ],
              [
                126.8635,
                37.5417
              ],
              [
                126.8629,
                37.5425
              ],
              [
                126.8629,
                37.5426
              ],
              [
                126.8628,
                37.5427
              ],
              [
                126.8623,
                37.5437
              ],
              [
                126.8622,
                37.5439
              ],
              [
                126.8621,
                37.5441
              ],
              [
                126.8621,
                37.5444
              ],
              [
                126.8621,
                37.5445
              ],
              [
                126.8626,
                37.546
              ],
              [
                126.8636,
                37.5492
              ],
              [
                126.8639,
                37.5501
              ],
              [
                126.8642,
                37.551
              ],
              [
                126.8642,
                37.5512
              ],
              [
                126.8645,
                37.5512
              ],
              [
                126.865,
                37.551
              ],
              [
                126.8707,
                37.5477
              ],
              [
                126.8708,
                37.5477
              ],
              [
                126.8708,
                37.5477
              ],
              [
                126.871,
                37.5476
              ],
              [
                126.8712,
                37.5475
              ],
              [
                126.8714,
                37.5474
              ],
              [
                126.8716,
                37.5473
              ],
              [
                126.8718,
                37.5473
              ],
              [
                126.872,
                37.5472
              ],
              [
                126.8722,
                37.5472
              ],
              [
                126.8724,
                37.5471
              ],
              [
                126.8726,
                37.5471
              ],
              [
                126.8729,
                37.547
              ],
              [
                126.8731,
                37.547
              ],
              [
                126.8733,
                37.547
              ],
              [
                126.8735,
                37.547
              ],
              [
                126.8737,
                37.5469
              ],
              [
                126.874,
                37.5469
              ],
              [
                126.874,
                37.5469
              ],
              [
                126.8742,
                37.5469
              ],
              [
                126.8744,
                37.5469
              ],
              [
                126.8745,
                37.5469
              ],
              [
                126.875,
                37.547
              ],
              [
                126.8763,
                37.547
              ],
              [
                126.878,
                37.5471
              ],
              [
                126.8803,
                37.5477
              ],
              [
                126.8807,
                37.5482
              ],
              [
                126.8818,
                37.547
              ],
              [
                126.8843,
                37.5439
              ],
              [
                126.8847,
                37.5433
              ],
              [
                126.8862,
                37.5399
              ],
              [
                126.8865,
                37.5394
              ],
              [
                126.8865,
                37.5394
              ],
              [
                126.8867,
                37.539
              ],
              [
                126.8868,
                37.5388
              ],
              [
                126.8876,
                37.5376
              ],
              [
                126.8879,
                37.5372
              ],
              [
                126.888,
                37.5371
              ],
              [
                126.8882,
                37.5367
              ],
              [
                126.8885,
                37.5364
              ],
              [
                126.8885,
                37.5363
              ],
              [
                126.8886,
                37.5363
              ],
              [
                126.8886,
                37.5363
              ],
              [
                126.8889,
                37.536
              ],
              [
                126.8894,
                37.5355
              ],
              [
                126.8895,
                37.5354
              ],
              [
                126.8896,
                37.5353
              ],
              [
                126.8899,
                37.5348
              ],
              [
                126.8899,
                37.5348
              ],
              [
                126.89,
                37.5347
              ],
              [
                126.8901,
                37.5345
              ],
              [
                126.8901,
                37.5344
              ],
              [
                126.8901,
                37.5342
              ],
              [
                126.8905,
                37.5317
              ],
              [
                126.8903,
                37.5312
              ],
              [
                126.8897,
                37.5304
              ],
              [
                126.8885,
                37.5304
              ],
              [
                126.8881,
                37.5304
              ],
              [
                126.8879,
                37.5304
              ],
              [
                126.8877,
                37.5304
              ],
              [
                126.8871,
                37.5302
              ],
              [
                126.881,
                37.5277
              ],
              [
                126.8808,
                37.5276
              ],
              [
                126.8807,
                37.5275
              ],
              [
                126.8788,
                37.5254
              ],
              [
                126.8787,
                37.5253
              ],
              [
                126.8786,
                37.5251
              ],
              [
                126.8786,
                37.5251
              ],
              [
                126.8786,
                37.525
              ],
              [
                126.8786,
                37.5249
              ],
              [
                126.8786,
                37.5247
              ],
              [
                126.8786,
                37.5246
              ],
              [
                126.8789,
                37.5229
              ],
              [
                126.879,
                37.5228
              ],
              [
                126.879,
                37.5227
              ],
              [
                126.879,
                37.5226
              ],
              [
                126.879,
                37.5226
              ],
              [
                126.879,
                37.5225
              ],
              [
                126.8792,
                37.5222
              ],
              [
                126.8792,
                37.5221
              ],
              [
                126.8793,
                37.5217
              ],
              [
                126.8793,
                37.5215
              ],
              [
                126.8794,
                37.5208
              ],
              [
                126.8794,
                37.5206
              ],
              [
                126.8794,
                37.5206
              ],
              [
                126.8794,
                37.5205
              ],
              [
                126.8794,
                37.5205
              ],
              [
                126.8794,
                37.5204
              ],
              [
                126.8794,
                37.5204
              ],
              [
                126.8791,
                37.52
              ],
              [
                126.8791,
                37.52
              ],
              [
                126.8787,
                37.5198
              ],
              [
                126.8786,
                37.5197
              ],
              [
                126.8785,
                37.5197
              ],
              [
                126.8784,
                37.5195
              ],
              [
                126.8783,
                37.5194
              ],
              [
                126.8782,
                37.5191
              ],
              [
                126.8782,
                37.5191
              ],
              [
                126.8782,
                37.5191
              ],
              [
                126.8782,
                37.5189
              ],
              [
                126.8782,
                37.5188
              ],
              [
                126.8782,
                37.5187
              ],
              [
                126.8784,
                37.5182
              ],
              [
                126.8784,
                37.5182
              ],
              [
                126.8786,
                37.518
              ],
              [
                126.8787,
                37.5179
              ],
              [
                126.8788,
                37.5179
              ],
              [
                126.8788,
                37.5179
              ],
              [
                126.8791,
                37.5179
              ],
              [
                126.8776,
                37.5145
              ],
              [
                126.8777,
                37.5137
              ],
              [
                126.8761,
                37.5124
              ],
              [
                126.8758,
                37.5122
              ],
              [
                126.8757,
                37.5122
              ],
              [
                126.8756,
                37.5122
              ],
              [
                126.8754,
                37.5122
              ],
              [
                126.8753,
                37.5122
              ],
              [
                126.8752,
                37.5124
              ],
              [
                126.8751,
                37.5124
              ],
              [
                126.875,
                37.5123
              ],
              [
                126.874,
                37.5113
              ],
              [
                126.874,
                37.5113
              ],
              [
                126.874,
                37.5108
              ],
              [
                126.874,
                37.5108
              ],
              [
                126.8742,
                37.5107
              ],
              [
                126.8743,
                37.5106
              ],
              [
                126.8745,
                37.5106
              ],
              [
                126.8747,
                37.5107
              ],
              [
                126.8747,
                37.5107
              ]
            ]
          ]
        ]
      },
      "properties": {
        "name": "양천구",
        "base_year": "2018",
        "name_eng": "Yangcheon-gu",
        "code": "11150"
      }
    },
    {
      "type": "Feature",
      "geometry": {
        "type": "MultiPolygon",
        "coordinates": [
          [
            [
              [
                126.8252,
                37.5891
              ],
              [
                126.8277,
                37.5876
              ],
              [
                126.8319,
                37.5857
              ],
              [
                126.8346,
                37.5841
              ],
              [
                126.8367,
                37.5829
              ],
              [
                126.8371,
                37.5826
              ],
              [
                126.8418,
                37.5796
              ],
              [
                126.8484,
                37.5752
              ],
              [
                126.8513,
                37.5733
              ],
              [
                126.8536,
                37.5718
              ],
              [
                126.8572,
                37.5687
              ],
              [
                126.863,
                37.565
              ],
              [
                126.8638,
                37.5645
              ],
              [
                126.8647,
                37.564
              ],
              [
                126.8663,
                37.5631
              ],
              [
                126.8665,
                37.5629
              ],
              [
                126.8668,
                37.5629
              ],
              [
                126.8699,
                37.5616
              ],
              [
                126.873,
                37.56
              ],
              [
                126.8805,
                37.5563
              ],
              [
                126.8793,
                37.5548
              ],
              [
                126.8792,
                37.5547
              ],
              [
                126.878,
                37.553
              ],
              [
                126.878,
                37.5525
              ],
              [
                126.8781,
                37.5517
              ],
              [
                126.8807,
                37.5482
              ],
              [
                126.8803,
                37.5477
              ],
              [
                126.878,
                37.5471
              ],
              [
                126.8763,
                37.547
              ],
              [
                126.875,
                37.547
              ],
              [
                126.8745,
                37.5469
              ],
              [
                126.8744,
                37.5469
              ],
              [
                126.8742,
                37.5469
              ],
              [
                126.874,
                37.5469
              ],
              [
                126.874,
                37.5469
              ],
              [
                126.8737,
                37.5469
              ],
              [
                126.8735,
                37.547
              ],
              [
                126.8733,
                37.547
              ],
              [
                126.8731,
                37.547
              ],
              [
                126.8729,
                37.547
              ],
              [
                126.8726,
                37.5471
              ],
              [
                126.8724,
                37.5471
              ],
              [
                126.8722,
                37.5472
              ],
              [
                126.872,
                37.5472
              ],
              [
                126.8718,
                37.5473
              ],
              [
                126.8716,
                37.5473
              ],
              [
                126.8714,
                37.5474
              ],
              [
                126.8712,
                37.5475
              ],
              [
                126.871,
                37.5476
              ],
              [
                126.8708,
                37.5477
              ],
              [
                126.8708,
                37.5477
              ],
              [
                126.8707,
                37.5477
              ],
              [
                126.865,
                37.551
              ],
              [
                126.8645,
                37.5512
              ],
              [
                126.8642,
                37.5512
              ],
              [
                126.8642,
                37.551
              ],
              [
                126.8639,
                37.5501
              ],
              [
                126.8636,
                37.5492
              ],
              [
                126.8626,
                37.546
              ],
              [
                126.8621,
                37.5445
              ],
              [
                126.8621,
                37.5444
              ],
              [
                126.8621,
                37.5441
              ],
              [
                126.8622,
                37.5439
              ],
              [
                126.8623,
                37.5437
              ],
              [
                126.8628,
                37.5427
              ],
              [
                126.8629,
                37.5426
              ],
              [
                126.8629,
                37.5425
              ],
              [
                126.8635,
                37.5417
              ],
              [
                126.8637,
                37.5409
              ],
              [
                126.8638,
                37.5408
              ],
              [
                126.8638,
                37.5407
              ],
              [
                126.8638,
                37.5406
              ],
              [
                126.8638,
                37.5406
              ],
              [
                126.8638,
                37.5405
              ],
              [
                126.8638,
                37.5404
              ],
              [
                126.8638,
                37.5403
              ],
              [
                126.8637,
                37.5393
              ],
              [
                126.8637,
                37.5393
              ],
              [
                126.8635,
                37.5356
              ],
              [
                126.864,
                37.5298
              ],
              [
                126.864,
                37.5298
              ],
              [
                126.8585,
                37.5291
              ],
              [
                126.852,
                37.5283
              ],
              [
                126.8489,
                37.5279
              ],
              [
                126.8489,
                37.5279
              ],
              [
                126.8405,
                37.5265
              ],
              [
                126.8405,
                37.5265
              ],
              [
                126.8372,
                37.5318
              ],
              [
                126.8353,
                37.5349
              ],
              [
                126.8353,
                37.5351
              ],
              [
                126.8345,
                37.5363
              ],
              [
                126.8344,
                37.5365
              ],
              [
                126.8352,
                37.5369
              ],
              [
                126.8337,
                37.5399
              ],
              [
                126.8335,
                37.5404
              ],
              [
                126.8331,
                37.5418
              ],
              [
                126.8331,
                37.5418
              ],
              [
                126.8327,
                37.5418
              ],
              [
                126.8305,
                37.5418
              ],
              [
                126.83,
                37.5426
              ],
              [
                126.8297,
                37.5437
              ],
              [
                126.8297,
                37.5438
              ],
              [
                126.8297,
                37.544
              ],
              [
                126.8298,
                37.5443
              ],
              [
                126.8301,
                37.5462
              ],
              [
                126.8298,
                37.5472
              ],
              [
                126.8298,
                37.5477
              ],
              [
                126.828,
                37.5476
              ],
              [
                126.826,
                37.5449
              ],
              [
                126.8259,
                37.5447
              ],
              [
                126.8259,
                37.5447
              ],
              [
                126.8257,
                37.5442
              ],
              [
                126.8256,
                37.5439
              ],
              [
                126.8259,
                37.5436
              ],
              [
                126.826,
                37.5433
              ],
              [
                126.8261,
                37.543
              ],
              [
                126.8254,
                37.5417
              ],
              [
                126.825,
                37.5416
              ],
              [
                126.8245,
                37.5414
              ],
              [
                126.8245,
                37.5414
              ],
              [
                126.8244,
                37.5414
              ],
              [
                126.8244,
                37.5414
              ],
              [
                126.8221,
                37.5407
              ],
              [
                126.8218,
                37.5407
              ],
              [
                126.8216,
                37.5407
              ],
              [
                126.8209,
                37.5408
              ],
              [
                126.8207,
                37.5408
              ],
              [
                126.8202,
                37.5408
              ],
              [
                126.8198,
                37.5408
              ],
              [
                126.8193,
                37.5407
              ],
              [
                126.8179,
                37.5407
              ],
              [
                126.8168,
                37.5406
              ],
              [
                126.8166,
                37.5406
              ],
              [
                126.8163,
                37.5406
              ],
              [
                126.8153,
                37.5406
              ],
              [
                126.8135,
                37.5406
              ],
              [
                126.8133,
                37.5406
              ],
              [
                126.8131,
                37.5407
              ],
              [
                126.8123,
                37.5407
              ],
              [
                126.8072,
                37.5437
              ],
              [
                126.804,
                37.5431
              ],
              [
                126.803,
                37.543
              ],
              [
                126.8018,
                37.5427
              ],
              [
                126.8017,
                37.5426
              ],
              [
                126.8003,
                37.5417
              ],
              [
                126.7993,
                37.5406
              ],
              [
                126.799,
                37.5394
              ],
              [
                126.7992,
                37.5393
              ],
              [
                126.7994,
                37.539
              ],
              [
                126.7994,
                37.539
              ],
              [
                126.7995,
                37.5389
              ],
              [
                126.7995,
                37.5378
              ],
              [
                126.7995,
                37.5378
              ],
              [
                126.7995,
                37.5377
              ],
              [
                126.7991,
                37.5376
              ],
              [
                126.7944,
                37.5358
              ],
              [
                126.7944,
                37.536
              ],
              [
                126.794,
                37.5374
              ],
              [
                126.7938,
                37.54
              ],
              [
                126.793,
                37.5416
              ],
              [
                126.7906,
                37.5439
              ],
              [
                126.7869,
                37.546
              ],
              [
                126.7855,
                37.546
              ],
              [
                126.7839,
                37.546
              ],
              [
                126.7779,
                37.5467
              ],
              [
                126.7768,
                37.5481
              ],
              [
                126.7767,
                37.5482
              ],
              [
                126.7758,
                37.5488
              ],
              [
                126.7756,
                37.5488
              ],
              [
                126.7755,
                37.5489
              ],
              [
                126.7753,
                37.549
              ],
              [
                126.7748,
                37.549
              ],
              [
                126.7741,
                37.5489
              ],
              [
                126.7739,
                37.5489
              ],
              [
                126.7736,
                37.5489
              ],
              [
                126.7734,
                37.5489
              ],
              [
                126.773,
                37.5488
              ],
              [
                126.7726,
                37.5488
              ],
              [
                126.7725,
                37.5487
              ],
              [
                126.7724,
                37.5486
              ],
              [
                126.7723,
                37.5485
              ],
              [
                126.772,
                37.5484
              ],
              [
                126.7718,
                37.5483
              ],
              [
                126.7717,
                37.5483
              ],
              [
                126.7716,
                37.5483
              ],
              [
                126.7715,
                37.5484
              ],
              [
                126.7675,
                37.552
              ],
              [
                126.7674,
                37.5531
              ],
              [
                126.7664,
                37.5538
              ],
              [
                126.7662,
                37.5542
              ],
              [
                126.7646,
                37.5552
              ],
              [
                126.7645,
                37.5553
              ],
              [
                126.7645,
                37.5554
              ],
              [
                126.7646,
                37.5554
              ],
              [
                126.7673,
                37.5566
              ],
              [
                126.7691,
                37.5571
              ],
              [
                126.7691,
                37.5571
              ],
              [
                126.7691,
                37.5571
              ],
              [
                126.77,
                37.5572
              ],
              [
                126.7703,
                37.5572
              ],
              [
                126.7707,
                37.5572
              ],
              [
                126.7732,
                37.5593
              ],
              [
                126.7755,
                37.5618
              ],
              [
                126.7756,
                37.5619
              ],
              [
                126.7758,
                37.5619
              ],
              [
                126.7761,
                37.5619
              ],
              [
                126.7768,
                37.5611
              ],
              [
                126.7773,
                37.5603
              ],
              [
                126.7774,
                37.5603
              ],
              [
                126.7778,
                37.56
              ],
              [
                126.7778,
                37.5599
              ],
              [
                126.7779,
                37.5601
              ],
              [
                126.7779,
                37.5602
              ],
              [
                126.7779,
                37.5602
              ],
              [
                126.7779,
                37.5603
              ],
              [
                126.7778,
                37.5608
              ],
              [
                126.7771,
                37.5637
              ],
              [
                126.7759,
                37.5652
              ],
              [
                126.777,
                37.5664
              ],
              [
                126.7805,
                37.568
              ],
              [
                126.7814,
                37.5689
              ],
              [
                126.7814,
                37.5695
              ],
              [
                126.7813,
                37.5702
              ],
              [
                126.7821,
                37.5732
              ],
              [
                126.7822,
                37.5732
              ],
              [
                126.7824,
                37.5735
              ],
              [
                126.7824,
                37.5736
              ],
              [
                126.7852,
                37.5749
              ],
              [
                126.7871,
                37.5754
              ],
              [
                126.7873,
                37.5755
              ],
              [
                126.7876,
                37.5756
              ],
              [
                126.7887,
                37.577
              ],
              [
                126.791,
                37.5808
              ],
              [
                126.7913,
                37.5812
              ],
              [
                126.7916,
                37.5812
              ],
              [
                126.7922,
                37.5802
              ],
              [
                126.7937,
                37.5816
              ],
              [
                126.7937,
                37.583
              ],
              [
                126.7934,
                37.5845
              ],
              [
                126.8006,
                37.5878
              ],
              [
                126.8007,
                37.5878
              ],
              [
                126.8009,
                37.5882
              ],
              [
                126.8012,
                37.5894
              ],
              [
                126.8003,
                37.592
              ],
              [
                126.7987,
                37.5937
              ],
              [
                126.7985,
                37.5939
              ],
              [
                126.7983,
                37.594
              ],
              [
                126.7982,
                37.5941
              ],
              [
                126.7982,
                37.5941
              ],
              [
                126.7981,
                37.5942
              ],
              [
                126.7978,
                37.5946
              ],
              [
                126.7977,
                37.5947
              ],
              [
                126.7977,
                37.5948
              ],
              [
                126.7976,
                37.5949
              ],
              [
                126.7976,
                37.595
              ],
              [
                126.7975,
                37.595
              ],
              [
                126.7975,
                37.5951
              ],
              [
                126.7975,
                37.5952
              ],
              [
                126.7975,
                37.5953
              ],
              [
                126.7972,
                37.597
              ],
              [
                126.7971,
                37.5977
              ],
              [
                126.7971,
                37.5977
              ],
              [
                126.7979,
                37.6
              ],
              [
                126.798,
                37.6001
              ],
              [
                126.7981,
                37.6002
              ],
              [
                126.7981,
                37.6003
              ],
              [
                126.7999,
                37.6025
              ],
              [
                126.8004,
                37.603
              ],
              [
                126.801,
                37.6036
              ],
              [
                126.8026,
                37.605
              ],
              [
                126.809,
                37.6006
              ],
              [
                126.8094,
                37.6004
              ],
              [
                126.8105,
                37.5996
              ],
              [
                126.8114,
                37.599
              ],
              [
                126.8124,
                37.5984
              ],
              [
                126.814,
                37.5976
              ],
              [
                126.8175,
                37.5953
              ],
              [
                126.8184,
                37.5942
              ],
              [
                126.8187,
                37.5937
              ],
              [
                126.8201,
                37.5924
              ],
              [
                126.8221,
                37.5911
              ],
              [
                126.8227,
                37.5907
              ],
              [
                126.8237,
                37.5901
              ],
              [
                126.8252,
                37.5891
              ]
            ]
          ]
        ]
      },
      "properties": {
        "name": "강서구",
        "base_year": "2018",
        "name_eng": "Gangseo-gu",
        "code": "11160"
      }
    },
    {
      "type": "Feature",
      "geometry": {
        "type": "MultiPolygon",
        "coordinates": [
          [
            [
              [
                126.8747,
                37.5107
              ],
              [
                126.8748,
                37.5107
              ],
              [
                126.8748,
                37.5108
              ],
              [
                126.8749,
                37.5109
              ],
              [
                126.875,
                37.5112
              ],
              [
                126.8747,
                37.5107
              ],
              [
                126.8747,
                37.5107
              ],
              [
                126.8745,
                37.5106
              ],
              [
                126.8743,
                37.5106
              ],
              [
                126.8742,
                37.5107
              ],
              [
                126.874,
                37.5108
              ],
              [
                126.874,
                37.5108
              ],
              [
                126.874,
                37.5113
              ],
              [
                126.874,
                37.5113
              ],
              [
                126.875,
                37.5123
              ],
              [
                126.8751,
                37.5124
              ],
              [
                126.8752,
                37.5124
              ],
              [
                126.8753,
                37.5122
              ],
              [
                126.8754,
                37.5122
              ],
              [
                126.8756,
                37.5122
              ],
              [
                126.8757,
                37.5122
              ],
              [
                126.8758,
                37.5122
              ],
              [
                126.8761,
                37.5124
              ],
              [
                126.8777,
                37.5137
              ],
              [
                126.8776,
                37.5145
              ],
              [
                126.8791,
                37.5179
              ],
              [
                126.8794,
                37.5179
              ],
              [
                126.8824,
                37.516
              ],
              [
                126.8827,
                37.5158
              ],
              [
                126.8827,
                37.5156
              ],
              [
                126.8827,
                37.5152
              ],
              [
                126.8844,
                37.5138
              ],
              [
                126.8846,
                37.5138
              ],
              [
                126.8868,
                37.5133
              ],
              [
                126.8871,
                37.5133
              ],
              [
                126.8875,
                37.5132
              ],
              [
                126.8877,
                37.5131
              ],
              [
                126.8892,
                37.5123
              ],
              [
                126.8897,
                37.5119
              ],
              [
                126.8921,
                37.5094
              ],
              [
                126.8923,
                37.5091
              ],
              [
                126.8923,
                37.5091
              ],
              [
                126.8937,
                37.5056
              ],
              [
                126.894,
                37.505
              ],
              [
                126.894,
                37.505
              ],
              [
                126.8939,
                37.5048
              ],
              [
                126.8932,
                37.5039
              ],
              [
                126.8932,
                37.5037
              ],
              [
                126.8928,
                37.5035
              ],
              [
                126.8941,
                37.4976
              ],
              [
                126.8942,
                37.497
              ],
              [
                126.8954,
                37.492
              ],
              [
                126.8954,
                37.492
              ],
              [
                126.8956,
                37.4914
              ],
              [
                126.8964,
                37.489
              ],
              [
                126.8981,
                37.4869
              ],
              [
                126.8986,
                37.4867
              ],
              [
                126.8987,
                37.4866
              ],
              [
                126.8998,
                37.4861
              ],
              [
                126.9001,
                37.4859
              ],
              [
                126.9002,
                37.4859
              ],
              [
                126.9013,
                37.4855
              ],
              [
                126.9014,
                37.4855
              ],
              [
                126.9016,
                37.4854
              ],
              [
                126.9028,
                37.485
              ],
              [
                126.9028,
                37.485
              ],
              [
                126.9029,
                37.485
              ],
              [
                126.903,
                37.485
              ],
              [
                126.9032,
                37.485
              ],
              [
                126.9032,
                37.485
              ],
              [
                126.9011,
                37.4824
              ],
              [
                126.9006,
                37.4819
              ],
              [
                126.9001,
                37.4812
              ],
              [
                126.8998,
                37.4809
              ],
              [
                126.8998,
                37.4808
              ],
              [
                126.8997,
                37.4807
              ],
              [
                126.8997,
                37.4807
              ],
              [
                126.8997,
                37.4806
              ],
              [
                126.8996,
                37.4806
              ],
              [
                126.8996,
                37.4805
              ],
              [
                126.8995,
                37.4804
              ],
              [
                126.8995,
                37.4803
              ],
              [
                126.8995,
                37.4803
              ],
              [
                126.8994,
                37.4802
              ],
              [
                126.8994,
                37.4802
              ],
              [
                126.8994,
                37.4801
              ],
              [
                126.8993,
                37.4801
              ],
              [
                126.8993,
                37.48
              ],
              [
                126.8993,
                37.48
              ],
              [
                126.8993,
                37.4799
              ],
              [
                126.8992,
                37.4798
              ],
              [
                126.8992,
                37.4798
              ],
              [
                126.8992,
                37.4797
              ],
              [
                126.8991,
                37.4796
              ],
              [
                126.8991,
                37.4796
              ],
              [
                126.8991,
                37.4795
              ],
              [
                126.899,
                37.4794
              ],
              [
                126.899,
                37.4793
              ],
              [
                126.899,
                37.4792
              ],
              [
                126.899,
                37.4792
              ],
              [
                126.899,
                37.4791
              ],
              [
                126.899,
                37.4791
              ],
              [
                126.8962,
                37.4785
              ],
              [
                126.8959,
                37.4783
              ],
              [
                126.8906,
                37.4793
              ],
              [
                126.8899,
                37.4794
              ],
              [
                126.8899,
                37.4794
              ],
              [
                126.8899,
                37.4794
              ],
              [
                126.8888,
                37.4798
              ],
              [
                126.8888,
                37.4798
              ],
              [
                126.8886,
                37.4799
              ],
              [
                126.8884,
                37.48
              ],
              [
                126.8882,
                37.4801
              ],
              [
                126.8882,
                37.4801
              ],
              [
                126.8877,
                37.4804
              ],
              [
                126.8877,
                37.4805
              ],
              [
                126.8877,
                37.4805
              ],
              [
                126.8875,
                37.4807
              ],
              [
                126.8874,
                37.4808
              ],
              [
                126.8874,
                37.4809
              ],
              [
                126.8873,
                37.4809
              ],
              [
                126.8873,
                37.481
              ],
              [
                126.887,
                37.4813
              ],
              [
                126.887,
                37.4813
              ],
              [
                126.8865,
                37.4819
              ],
              [
                126.8864,
                37.4821
              ],
              [
                126.8862,
                37.4822
              ],
              [
                126.8862,
                37.4823
              ],
              [
                126.8861,
                37.4824
              ],
              [
                126.8859,
                37.4826
              ],
              [
                126.8857,
                37.4827
              ],
              [
                126.8828,
                37.4847
              ],
              [
                126.8826,
                37.4848
              ],
              [
                126.8824,
                37.485
              ],
              [
                126.8822,
                37.4851
              ],
              [
                126.8815,
                37.4855
              ],
              [
                126.8814,
                37.4856
              ],
              [
                126.881,
                37.4857
              ],
              [
                126.8809,
                37.4857
              ],
              [
                126.8792,
                37.4863
              ],
              [
                126.8746,
                37.4854
              ],
              [
                126.8749,
                37.4857
              ],
              [
                126.8763,
                37.4872
              ],
              [
                126.8767,
                37.4879
              ],
              [
                126.8768,
                37.4881
              ],
              [
                126.8768,
                37.4884
              ],
              [
                126.8768,
                37.4886
              ],
              [
                126.8767,
                37.4887
              ],
              [
                126.8764,
                37.4889
              ],
              [
                126.876,
                37.489
              ],
              [
                126.8758,
                37.489
              ],
              [
                126.8747,
                37.4886
              ],
              [
                126.8731,
                37.4883
              ],
              [
                126.873,
                37.4883
              ],
              [
                126.8729,
                37.4883
              ],
              [
                126.8727,
                37.4884
              ],
              [
                126.8727,
                37.4886
              ],
              [
                126.8724,
                37.4893
              ],
              [
                126.8724,
                37.4895
              ],
              [
                126.8724,
                37.4895
              ],
              [
                126.8727,
                37.4899
              ],
              [
                126.8728,
                37.49
              ],
              [
                126.8728,
                37.49
              ],
              [
                126.8734,
                37.4904
              ],
              [
                126.8736,
                37.4905
              ],
              [
                126.8738,
                37.4905
              ],
              [
                126.8739,
                37.4904
              ],
              [
                126.874,
                37.4903
              ],
              [
                126.8741,
                37.4902
              ],
              [
                126.8741,
                37.49
              ],
              [
                126.8741,
                37.4898
              ],
              [
                126.8743,
                37.4897
              ],
              [
                126.8746,
                37.4898
              ],
              [
                126.8747,
                37.4899
              ],
              [
                126.8748,
                37.4907
              ],
              [
                126.8745,
                37.4911
              ],
              [
                126.8744,
                37.4912
              ],
              [
                126.8741,
                37.4913
              ],
              [
                126.874,
                37.4913
              ],
              [
                126.8723,
                37.4906
              ],
              [
                126.8716,
                37.4902
              ],
              [
                126.8715,
                37.4901
              ],
              [
                126.8715,
                37.49
              ],
              [
                126.8713,
                37.4898
              ],
              [
                126.8713,
                37.4898
              ],
              [
                126.8711,
                37.4897
              ],
              [
                126.8709,
                37.4896
              ],
              [
                126.8707,
                37.4896
              ],
              [
                126.8704,
                37.4895
              ],
              [
                126.8703,
                37.4895
              ],
              [
                126.8702,
                37.4896
              ],
              [
                126.8702,
                37.4897
              ],
              [
                126.8701,
                37.4897
              ],
              [
                126.8699,
                37.4903
              ],
              [
                126.8694,
                37.492
              ],
              [
                126.8694,
                37.4927
              ],
              [
                126.8694,
                37.4928
              ],
              [
                126.8695,
                37.4943
              ],
              [
                126.8676,
                37.4948
              ],
              [
                126.8676,
                37.4947
              ],
              [
                126.8662,
                37.4925
              ],
              [
                126.8645,
                37.4912
              ],
              [
                126.863,
                37.4909
              ],
              [
                126.8628,
                37.4908
              ],
              [
                126.8627,
                37.4908
              ],
              [
                126.8626,
                37.4908
              ],
              [
                126.8624,
                37.4907
              ],
              [
                126.8622,
                37.4906
              ],
              [
                126.8621,
                37.4905
              ],
              [
                126.862,
                37.4904
              ],
              [
                126.8618,
                37.4904
              ],
              [
                126.8618,
                37.4903
              ],
              [
                126.8616,
                37.4902
              ],
              [
                126.8615,
                37.4901
              ],
              [
                126.8614,
                37.49
              ],
              [
                126.8611,
                37.4897
              ],
              [
                126.861,
                37.4896
              ],
              [
                126.861,
                37.4895
              ],
              [
                126.8607,
                37.4892
              ],
              [
                126.8602,
                37.4886
              ],
              [
                126.8593,
                37.4875
              ],
              [
                126.8585,
                37.4867
              ],
              [
                126.8582,
                37.4864
              ],
              [
                126.8581,
                37.4862
              ],
              [
                126.858,
                37.4861
              ],
              [
                126.8578,
                37.486
              ],
              [
                126.8576,
                37.4859
              ],
              [
                126.8575,
                37.4858
              ],
              [
                126.8574,
                37.4858
              ],
              [
                126.8573,
                37.4858
              ],
              [
                126.8572,
                37.4858
              ],
              [
                126.8571,
                37.4857
              ],
              [
                126.8568,
                37.4857
              ],
              [
                126.8566,
                37.4857
              ],
              [
                126.8565,
                37.4857
              ],
              [
                126.8535,
                37.4826
              ],
              [
                126.8527,
                37.4818
              ],
              [
                126.8526,
                37.4818
              ],
              [
                126.8526,
                37.4818
              ],
              [
                126.8521,
                37.4817
              ],
              [
                126.8518,
                37.4816
              ],
              [
                126.8517,
                37.4816
              ],
              [
                126.8516,
                37.4816
              ],
              [
                126.851,
                37.4815
              ],
              [
                126.8508,
                37.4815
              ],
              [
                126.8507,
                37.4815
              ],
              [
                126.8506,
                37.4815
              ],
              [
                126.8504,
                37.4816
              ],
              [
                126.8493,
                37.4818
              ],
              [
                126.847,
                37.4819
              ],
              [
                126.8466,
                37.4817
              ],
              [
                126.8466,
                37.4816
              ],
              [
                126.8465,
                37.4816
              ],
              [
                126.8464,
                37.4815
              ],
              [
                126.8464,
                37.4815
              ],
              [
                126.8463,
                37.4813
              ],
              [
                126.8462,
                37.4812
              ],
              [
                126.846,
                37.4809
              ],
              [
                126.846,
                37.4808
              ],
              [
                126.846,
                37.4807
              ],
              [
                126.846,
                37.4806
              ],
              [
                126.8459,
                37.4803
              ],
              [
                126.8454,
                37.4745
              ],
              [
                126.8454,
                37.4739
              ],
              [
                126.8454,
                37.4738
              ],
              [
                126.845,
                37.4736
              ],
              [
                126.8442,
                37.474
              ],
              [
                126.844,
                37.4745
              ],
              [
                126.8431,
                37.4749
              ],
              [
                126.8431,
                37.4749
              ],
              [
                126.843,
                37.4749
              ],
              [
                126.8428,
                37.475
              ],
              [
                126.8384,
                37.4754
              ],
              [
                126.8383,
                37.4754
              ],
              [
                126.8361,
                37.4747
              ],
              [
                126.8346,
                37.4749
              ],
              [
                126.8331,
                37.4772
              ],
              [
                126.8321,
                37.4776
              ],
              [
                126.8317,
                37.4777
              ],
              [
                126.8308,
                37.4774
              ],
              [
                126.8305,
                37.4773
              ],
              [
                126.8296,
                37.4769
              ],
              [
                126.8296,
                37.4766
              ],
              [
                126.8295,
                37.4766
              ],
              [
                126.8292,
                37.4762
              ],
              [
                126.8282,
                37.476
              ],
              [
                126.8279,
                37.476
              ],
              [
                126.8241,
                37.4764
              ],
              [
                126.8196,
                37.4764
              ],
              [
                126.8194,
                37.4763
              ],
              [
                126.8193,
                37.4763
              ],
              [
                126.8193,
                37.4763
              ],
              [
                126.8191,
                37.4762
              ],
              [
                126.8183,
                37.4753
              ],
              [
                126.8177,
                37.4732
              ],
              [
                126.8147,
                37.4748
              ],
              [
                126.8147,
                37.4751
              ],
              [
                126.815,
                37.4759
              ],
              [
                126.8152,
                37.4763
              ],
              [
                126.8153,
                37.4764
              ],
              [
                126.8164,
                37.4775
              ],
              [
                126.8171,
                37.478
              ],
              [
                126.8172,
                37.4781
              ],
              [
                126.8173,
                37.4781
              ],
              [
                126.8183,
                37.4782
              ],
              [
                126.8184,
                37.4783
              ],
              [
                126.8188,
                37.4789
              ],
              [
                126.819,
                37.4792
              ],
              [
                126.8194,
                37.4799
              ],
              [
                126.8195,
                37.4803
              ],
              [
                126.82,
                37.4816
              ],
              [
                126.82,
                37.4817
              ],
              [
                126.8213,
                37.4862
              ],
              [
                126.8226,
                37.487
              ],
              [
                126.8232,
                37.4875
              ],
              [
                126.8233,
                37.4879
              ],
              [
                126.823,
                37.4884
              ],
              [
                126.8208,
                37.4905
              ],
              [
                126.8209,
                37.4907
              ],
              [
                126.8203,
                37.4907
              ],
              [
                126.8202,
                37.4907
              ],
              [
                126.82,
                37.4908
              ],
              [
                126.8146,
                37.4932
              ],
              [
                126.8144,
                37.4936
              ],
              [
                126.813,
                37.4964
              ],
              [
                126.8132,
                37.4967
              ],
              [
                126.8136,
                37.497
              ],
              [
                126.8141,
                37.4978
              ],
              [
                126.8158,
                37.4976
              ],
              [
                126.8161,
                37.4976
              ],
              [
                126.8162,
                37.4977
              ],
              [
                126.8165,
                37.4978
              ],
              [
                126.8189,
                37.4987
              ],
              [
                126.8196,
                37.4992
              ],
              [
                126.8216,
                37.5022
              ],
              [
                126.8226,
                37.5057
              ],
              [
                126.8225,
                37.506
              ],
              [
                126.8225,
                37.5061
              ],
              [
                126.8223,
                37.5063
              ],
              [
                126.8223,
                37.5065
              ],
              [
                126.8222,
                37.5071
              ],
              [
                126.8222,
                37.5073
              ],
              [
                126.8222,
                37.5074
              ],
              [
                126.8222,
                37.5077
              ],
              [
                126.8222,
                37.5077
              ],
              [
                126.8222,
                37.5077
              ],
              [
                126.8231,
                37.5079
              ],
              [
                126.8242,
                37.5082
              ],
              [
                126.8263,
                37.5088
              ],
              [
                126.8265,
                37.5088
              ],
              [
                126.8265,
                37.5087
              ],
              [
                126.8269,
                37.5085
              ],
              [
                126.827,
                37.5085
              ],
              [
                126.8277,
                37.5087
              ],
              [
                126.8282,
                37.5088
              ],
              [
                126.8303,
                37.5082
              ],
              [
                126.8306,
                37.5082
              ],
              [
                126.831,
                37.508
              ],
              [
                126.831,
                37.5078
              ],
              [
                126.8307,
                37.5069
              ],
              [
                126.8307,
                37.5069
              ],
              [
                126.8306,
                37.5063
              ],
              [
                126.8316,
                37.5051
              ],
              [
                126.8321,
                37.5046
              ],
              [
                126.834,
                37.5034
              ],
              [
                126.8353,
                37.5028
              ],
              [
                126.8364,
                37.503
              ],
              [
                126.8396,
                37.5045
              ],
              [
                126.8444,
                37.5065
              ],
              [
                126.8453,
                37.5078
              ],
              [
                126.8453,
                37.508
              ],
              [
                126.8463,
                37.509
              ],
              [
                126.847,
                37.5094
              ],
              [
                126.8473,
                37.5095
              ],
              [
                126.8501,
                37.5101
              ],
              [
                126.8529,
                37.5106
              ],
              [
                126.8539,
                37.5102
              ],
              [
                126.8582,
                37.5098
              ],
              [
                126.8583,
                37.5099
              ],
              [
                126.8595,
                37.5079
              ],
              [
                126.8601,
                37.507
              ],
              [
                126.8603,
                37.5066
              ],
              [
                126.8622,
                37.5073
              ],
              [
                126.8627,
                37.5068
              ],
              [
                126.8629,
                37.5066
              ],
              [
                126.8627,
                37.5065
              ],
              [
                126.8627,
                37.5063
              ],
              [
                126.8627,
                37.5061
              ],
              [
                126.8628,
                37.5059
              ],
              [
                126.8628,
                37.5058
              ],
              [
                126.8631,
                37.5054
              ],
              [
                126.8632,
                37.5054
              ],
              [
                126.8632,
                37.5053
              ],
              [
                126.8633,
                37.5052
              ],
              [
                126.8633,
                37.5051
              ],
              [
                126.8634,
                37.5051
              ],
              [
                126.8635,
                37.5051
              ],
              [
                126.8646,
                37.5049
              ],
              [
                126.869,
                37.5049
              ],
              [
                126.8692,
                37.5049
              ],
              [
                126.8692,
                37.5049
              ],
              [
                126.8694,
                37.5051
              ],
              [
                126.8698,
                37.5054
              ],
              [
                126.8703,
                37.5058
              ],
              [
                126.8706,
                37.5058
              ],
              [
                126.8706,
                37.5058
              ],
              [
                126.8712,
                37.5051
              ],
              [
                126.8714,
                37.5049
              ],
              [
                126.8719,
                37.5042
              ],
              [
                126.8719,
                37.5041
              ],
              [
                126.8736,
                37.5036
              ],
              [
                126.8736,
                37.5036
              ],
              [
                126.8747,
                37.5066
              ],
              [
                126.8745,
                37.5074
              ],
              [
                126.8738,
                37.5088
              ],
              [
                126.8738,
                37.5089
              ],
              [
                126.8738,
                37.509
              ],
              [
                126.8739,
                37.5092
              ],
              [
                126.8747,
                37.5107
              ]
            ]
          ]
        ]
      },
      "properties": {
        "name": "구로구",
        "base_year": "2018",
        "name_eng": "Guro-gu",
        "code": "11170"
      }
    },
    {
      "type": "Feature",
      "geometry": {
        "type": "MultiPolygon",
        "coordinates": [
          [
            [
              [
                126.8815,
                37.4855
              ],
              [
                126.8822,
                37.4851
              ],
              [
                126.8824,
                37.485
              ],
              [
                126.8826,
                37.4848
              ],
              [
                126.8828,
                37.4847
              ],
              [
                126.8857,
                37.4827
              ],
              [
                126.8859,
                37.4826
              ],
              [
                126.8861,
                37.4824
              ],
              [
                126.8862,
                37.4823
              ],
              [
                126.8862,
                37.4822
              ],
              [
                126.8864,
                37.4821
              ],
              [
                126.8865,
                37.4819
              ],
              [
                126.887,
                37.4813
              ],
              [
                126.887,
                37.4813
              ],
              [
                126.8873,
                37.481
              ],
              [
                126.8873,
                37.4809
              ],
              [
                126.8874,
                37.4809
              ],
              [
                126.8874,
                37.4808
              ],
              [
                126.8875,
                37.4807
              ],
              [
                126.8877,
                37.4805
              ],
              [
                126.8877,
                37.4805
              ],
              [
                126.8877,
                37.4804
              ],
              [
                126.8882,
                37.4801
              ],
              [
                126.8882,
                37.4801
              ],
              [
                126.8884,
                37.48
              ],
              [
                126.8886,
                37.4799
              ],
              [
                126.8888,
                37.4798
              ],
              [
                126.8888,
                37.4798
              ],
              [
                126.8899,
                37.4794
              ],
              [
                126.8899,
                37.4794
              ],
              [
                126.8899,
                37.4794
              ],
              [
                126.8906,
                37.4793
              ],
              [
                126.8959,
                37.4783
              ],
              [
                126.8962,
                37.4785
              ],
              [
                126.899,
                37.4791
              ],
              [
                126.8989,
                37.4789
              ],
              [
                126.9009,
                37.4793
              ],
              [
                126.9038,
                37.4799
              ],
              [
                126.9052,
                37.4801
              ],
              [
                126.9054,
                37.4801
              ],
              [
                126.9074,
                37.4803
              ],
              [
                126.9098,
                37.4808
              ],
              [
                126.909,
                37.4801
              ],
              [
                126.9087,
                37.4794
              ],
              [
                126.9087,
                37.4791
              ],
              [
                126.9089,
                37.4788
              ],
              [
                126.9094,
                37.4781
              ],
              [
                126.9096,
                37.4781
              ],
              [
                126.9098,
                37.4782
              ],
              [
                126.9105,
                37.4784
              ],
              [
                126.9116,
                37.4781
              ],
              [
                126.9118,
                37.4778
              ],
              [
                126.9118,
                37.4769
              ],
              [
                126.9114,
                37.4745
              ],
              [
                126.911,
                37.4739
              ],
              [
                126.9107,
                37.4736
              ],
              [
                126.9082,
                37.4727
              ],
              [
                126.9088,
                37.4718
              ],
              [
                126.9117,
                37.4668
              ],
              [
                126.9124,
                37.4659
              ],
              [
                126.9136,
                37.4655
              ],
              [
                126.9137,
                37.4655
              ],
              [
                126.9129,
                37.4642
              ],
              [
                126.9129,
                37.4641
              ],
              [
                126.9129,
                37.464
              ],
              [
                126.9129,
                37.4639
              ],
              [
                126.913,
                37.4636
              ],
              [
                126.913,
                37.4636
              ],
              [
                126.913,
                37.4635
              ],
              [
                126.9132,
                37.4633
              ],
              [
                126.9133,
                37.4631
              ],
              [
                126.9133,
                37.4631
              ],
              [
                126.9138,
                37.4625
              ],
              [
                126.9144,
                37.4616
              ],
              [
                126.914,
                37.4579
              ],
              [
                126.9148,
                37.4574
              ],
              [
                126.9171,
                37.4574
              ],
              [
                126.9222,
                37.4566
              ],
              [
                126.9231,
                37.4545
              ],
              [
                126.9233,
                37.4542
              ],
              [
                126.9248,
                37.4528
              ],
              [
                126.9248,
                37.4528
              ],
              [
                126.9264,
                37.4523
              ],
              [
                126.9284,
                37.451
              ],
              [
                126.9285,
                37.4508
              ],
              [
                126.9285,
                37.4505
              ],
              [
                126.9285,
                37.4505
              ],
              [
                126.9284,
                37.4502
              ],
              [
                126.9284,
                37.4499
              ],
              [
                126.9283,
                37.4495
              ],
              [
                126.9283,
                37.4494
              ],
              [
                126.924,
                37.4462
              ],
              [
                126.9233,
                37.4458
              ],
              [
                126.9229,
                37.4452
              ],
              [
                126.9229,
                37.4449
              ],
              [
                126.9229,
                37.4447
              ],
              [
                126.9228,
                37.444
              ],
              [
                126.922,
                37.4433
              ],
              [
                126.9207,
                37.4415
              ],
              [
                126.9187,
                37.44
              ],
              [
                126.9154,
                37.4397
              ],
              [
                126.9139,
                37.4393
              ],
              [
                126.9132,
                37.4391
              ],
              [
                126.9123,
                37.4386
              ],
              [
                126.9114,
                37.4376
              ],
              [
                126.9112,
                37.4372
              ],
              [
                126.9112,
                37.4372
              ],
              [
                126.9112,
                37.437
              ],
              [
                126.9113,
                37.4365
              ],
              [
                126.9113,
                37.4362
              ],
              [
                126.91,
                37.4343
              ],
              [
                126.9099,
                37.4342
              ],
              [
                126.9097,
                37.4341
              ],
              [
                126.9094,
                37.4339
              ],
              [
                126.9094,
                37.4339
              ],
              [
                126.9086,
                37.4337
              ],
              [
                126.9075,
                37.4336
              ],
              [
                126.9066,
                37.4336
              ],
              [
                126.9058,
                37.434
              ],
              [
                126.9058,
                37.434
              ],
              [
                126.9052,
                37.434
              ],
              [
                126.903,
                37.4341
              ],
              [
                126.9019,
                37.4364
              ],
              [
                126.8991,
                37.4387
              ],
              [
                126.899,
                37.4387
              ],
              [
                126.8996,
                37.4404
              ],
              [
                126.8983,
                37.4432
              ],
              [
                126.8958,
                37.4456
              ],
              [
                126.8956,
                37.4483
              ],
              [
                126.8946,
                37.4512
              ],
              [
                126.894,
                37.4527
              ],
              [
                126.8918,
                37.4523
              ],
              [
                126.891,
                37.4522
              ],
              [
                126.8898,
                37.4523
              ],
              [
                126.8896,
                37.4523
              ],
              [
                126.8896,
                37.4524
              ],
              [
                126.8895,
                37.4526
              ],
              [
                126.8895,
                37.4527
              ],
              [
                126.8895,
                37.4529
              ],
              [
                126.8896,
                37.4533
              ],
              [
                126.8897,
                37.4535
              ],
              [
                126.8897,
                37.4536
              ],
              [
                126.8896,
                37.4537
              ],
              [
                126.8888,
                37.4548
              ],
              [
                126.8883,
                37.4552
              ],
              [
                126.8863,
                37.4563
              ],
              [
                126.8863,
                37.4564
              ],
              [
                126.8862,
                37.4565
              ],
              [
                126.8859,
                37.4575
              ],
              [
                126.8854,
                37.4595
              ],
              [
                126.8853,
                37.4596
              ],
              [
                126.8853,
                37.4599
              ],
              [
                126.8854,
                37.46
              ],
              [
                126.8854,
                37.4601
              ],
              [
                126.8854,
                37.4601
              ],
              [
                126.8855,
                37.4603
              ],
              [
                126.8857,
                37.4604
              ],
              [
                126.8861,
                37.4609
              ],
              [
                126.8861,
                37.4609
              ],
              [
                126.8862,
                37.4609
              ],
              [
                126.8863,
                37.4609
              ],
              [
                126.8875,
                37.4611
              ],
              [
                126.8875,
                37.4611
              ],
              [
                126.8877,
                37.461
              ],
              [
                126.8879,
                37.461
              ],
              [
                126.888,
                37.461
              ],
              [
                126.8883,
                37.4608
              ],
              [
                126.8886,
                37.4608
              ],
              [
                126.8888,
                37.4608
              ],
              [
                126.8889,
                37.4609
              ],
              [
                126.8885,
                37.4613
              ],
              [
                126.8881,
                37.4618
              ],
              [
                126.8871,
                37.4629
              ],
              [
                126.887,
                37.4629
              ],
              [
                126.8869,
                37.4629
              ],
              [
                126.8866,
                37.4629
              ],
              [
                126.8862,
                37.4628
              ],
              [
                126.8849,
                37.4625
              ],
              [
                126.8829,
                37.4643
              ],
              [
                126.8846,
                37.4656
              ],
              [
                126.884,
                37.4667
              ],
              [
                126.8815,
                37.4693
              ],
              [
                126.8802,
                37.4709
              ],
              [
                126.8799,
                37.4714
              ],
              [
                126.8798,
                37.4715
              ],
              [
                126.8796,
                37.4718
              ],
              [
                126.879,
                37.4726
              ],
              [
                126.8787,
                37.4729
              ],
              [
                126.8785,
                37.4733
              ],
              [
                126.878,
                37.4738
              ],
              [
                126.8776,
                37.4745
              ],
              [
                126.8761,
                37.4768
              ],
              [
                126.876,
                37.4771
              ],
              [
                126.8753,
                37.4784
              ],
              [
                126.8753,
                37.4785
              ],
              [
                126.875,
                37.4791
              ],
              [
                126.8743,
                37.4804
              ],
              [
                126.8741,
                37.4808
              ],
              [
                126.8734,
                37.4824
              ],
              [
                126.8727,
                37.4824
              ],
              [
                126.8728,
                37.4828
              ],
              [
                126.8728,
                37.4835
              ],
              [
                126.8718,
                37.485
              ],
              [
                126.8718,
                37.4853
              ],
              [
                126.8724,
                37.4861
              ],
              [
                126.8727,
                37.4862
              ],
              [
                126.8727,
                37.4862
              ],
              [
                126.8729,
                37.4863
              ],
              [
                126.873,
                37.4862
              ],
              [
                126.8731,
                37.4862
              ],
              [
                126.8746,
                37.4854
              ],
              [
                126.8792,
                37.4863
              ],
              [
                126.8809,
                37.4857
              ],
              [
                126.881,
                37.4857
              ],
              [
                126.8814,
                37.4856
              ],
              [
                126.8815,
                37.4855
              ]
            ]
          ]
        ]
      },
      "properties": {
        "name": "금천구",
        "base_year": "2018",
        "name_eng": "Geumcheon-gu",
        "code": "11180"
      }
    },
    {
      "type": "Feature",
      "geometry": {
        "type": "MultiPolygon",
        "coordinates": [
          [
            [
              [
                126.9268,
                37.5391
              ],
              [
                126.9271,
                37.539
              ],
              [
                126.9276,
                37.5391
              ],
              [
                126.9277,
                37.5391
              ],
              [
                126.9303,
                37.5414
              ],
              [
                126.9353,
                37.5394
              ],
              [
                126.941,
                37.5363
              ],
              [
                126.9446,
                37.5338
              ],
              [
                126.9472,
                37.5306
              ],
              [
                126.9474,
                37.5302
              ],
              [
                126.9482,
                37.5292
              ],
              [
                126.9483,
                37.529
              ],
              [
                126.9488,
                37.5284
              ],
              [
                126.9492,
                37.5278
              ],
              [
                126.9494,
                37.5276
              ],
              [
                126.9499,
                37.527
              ],
              [
                126.9499,
                37.5234
              ],
              [
                126.9499,
                37.5175
              ],
              [
                126.9496,
                37.5176
              ],
              [
                126.9387,
                37.5161
              ],
              [
                126.9324,
                37.5156
              ],
              [
                126.9269,
                37.5155
              ],
              [
                126.9268,
                37.5152
              ],
              [
                126.927,
                37.5139
              ],
              [
                126.927,
                37.5137
              ],
              [
                126.927,
                37.5137
              ],
              [
                126.927,
                37.5132
              ],
              [
                126.9268,
                37.5128
              ],
              [
                126.9268,
                37.5128
              ],
              [
                126.9267,
                37.5128
              ],
              [
                126.9243,
                37.5099
              ],
              [
                126.9209,
                37.5014
              ],
              [
                126.9202,
                37.4985
              ],
              [
                126.9202,
                37.4983
              ],
              [
                126.9202,
                37.4983
              ],
              [
                126.9198,
                37.4978
              ],
              [
                126.9197,
                37.4978
              ],
              [
                126.9194,
                37.4976
              ],
              [
                126.9186,
                37.4974
              ],
              [
                126.9176,
                37.4972
              ],
              [
                126.9153,
                37.4967
              ],
              [
                126.9149,
                37.4966
              ],
              [
                126.9142,
                37.4966
              ],
              [
                126.9137,
                37.4965
              ],
              [
                126.9136,
                37.4965
              ],
              [
                126.9129,
                37.4964
              ],
              [
                126.9125,
                37.4964
              ],
              [
                126.9124,
                37.4963
              ],
              [
                126.9124,
                37.4963
              ],
              [
                126.9122,
                37.4962
              ],
              [
                126.9121,
                37.4961
              ],
              [
                126.912,
                37.4961
              ],
              [
                126.912,
                37.496
              ],
              [
                126.9118,
                37.4959
              ],
              [
                126.9118,
                37.4959
              ],
              [
                126.9118,
                37.4958
              ],
              [
                126.9116,
                37.4956
              ],
              [
                126.9116,
                37.4956
              ],
              [
                126.9116,
                37.4955
              ],
              [
                126.9113,
                37.4951
              ],
              [
                126.9111,
                37.4947
              ],
              [
                126.9105,
                37.4938
              ],
              [
                126.9102,
                37.4935
              ],
              [
                126.9098,
                37.4929
              ],
              [
                126.9097,
                37.4928
              ],
              [
                126.9095,
                37.4926
              ],
              [
                126.9095,
                37.4927
              ],
              [
                126.9064,
                37.4889
              ],
              [
                126.904,
                37.486
              ],
              [
                126.9032,
                37.485
              ],
              [
                126.9032,
                37.485
              ],
              [
                126.9032,
                37.485
              ],
              [
                126.903,
                37.485
              ],
              [
                126.9029,
                37.485
              ],
              [
                126.9028,
                37.485
              ],
              [
                126.9028,
                37.485
              ],
              [
                126.9016,
                37.4854
              ],
              [
                126.9014,
                37.4855
              ],
              [
                126.9013,
                37.4855
              ],
              [
                126.9002,
                37.4859
              ],
              [
                126.9001,
                37.4859
              ],
              [
                126.8998,
                37.4861
              ],
              [
                126.8987,
                37.4866
              ],
              [
                126.8986,
                37.4867
              ],
              [
                126.8981,
                37.4869
              ],
              [
                126.8964,
                37.489
              ],
              [
                126.8956,
                37.4914
              ],
              [
                126.8954,
                37.492
              ],
              [
                126.8954,
                37.492
              ],
              [
                126.8942,
                37.497
              ],
              [
                126.8941,
                37.4976
              ],
              [
                126.8928,
                37.5035
              ],
              [
                126.8932,
                37.5037
              ],
              [
                126.8932,
                37.5039
              ],
              [
                126.8939,
                37.5048
              ],
              [
                126.894,
                37.505
              ],
              [
                126.894,
                37.505
              ],
              [
                126.8937,
                37.5056
              ],
              [
                126.8923,
                37.5091
              ],
              [
                126.8923,
                37.5091
              ],
              [
                126.8921,
                37.5094
              ],
              [
                126.8897,
                37.5119
              ],
              [
                126.8892,
                37.5123
              ],
              [
                126.8877,
                37.5131
              ],
              [
                126.8875,
                37.5132
              ],
              [
                126.8871,
                37.5133
              ],
              [
                126.8868,
                37.5133
              ],
              [
                126.8846,
                37.5138
              ],
              [
                126.8844,
                37.5138
              ],
              [
                126.8827,
                37.5152
              ],
              [
                126.8827,
                37.5156
              ],
              [
                126.8827,
                37.5158
              ],
              [
                126.8824,
                37.516
              ],
              [
                126.8794,
                37.5179
              ],
              [
                126.8791,
                37.5179
              ],
              [
                126.8788,
                37.5179
              ],
              [
                126.8788,
                37.5179
              ],
              [
                126.8787,
                37.5179
              ],
              [
                126.8786,
                37.518
              ],
              [
                126.8784,
                37.5182
              ],
              [
                126.8784,
                37.5182
              ],
              [
                126.8782,
                37.5187
              ],
              [
                126.8782,
                37.5188
              ],
              [
                126.8782,
                37.5189
              ],
              [
                126.8782,
                37.5191
              ],
              [
                126.8782,
                37.5191
              ],
              [
                126.8782,
                37.5191
              ],
              [
                126.8783,
                37.5194
              ],
              [
                126.8784,
                37.5195
              ],
              [
                126.8785,
                37.5197
              ],
              [
                126.8786,
                37.5197
              ],
              [
                126.8787,
                37.5198
              ],
              [
                126.8791,
                37.52
              ],
              [
                126.8791,
                37.52
              ],
              [
                126.8794,
                37.5204
              ],
              [
                126.8794,
                37.5204
              ],
              [
                126.8794,
                37.5205
              ],
              [
                126.8794,
                37.5205
              ],
              [
                126.8794,
                37.5206
              ],
              [
                126.8794,
                37.5206
              ],
              [
                126.8794,
                37.5208
              ],
              [
                126.8793,
                37.5215
              ],
              [
                126.8793,
                37.5217
              ],
              [
                126.8792,
                37.5221
              ],
              [
                126.8792,
                37.5222
              ],
              [
                126.879,
                37.5225
              ],
              [
                126.879,
                37.5226
              ],
              [
                126.879,
                37.5226
              ],
              [
                126.879,
                37.5227
              ],
              [
                126.879,
                37.5228
              ],
              [
                126.8789,
                37.5229
              ],
              [
                126.8786,
                37.5246
              ],
              [
                126.8786,
                37.5247
              ],
              [
                126.8786,
                37.5249
              ],
              [
                126.8786,
                37.525
              ],
              [
                126.8786,
                37.5251
              ],
              [
                126.8786,
                37.5251
              ],
              [
                126.8787,
                37.5253
              ],
              [
                126.8788,
                37.5254
              ],
              [
                126.8807,
                37.5275
              ],
              [
                126.8808,
                37.5276
              ],
              [
                126.881,
                37.5277
              ],
              [
                126.8871,
                37.5302
              ],
              [
                126.8877,
                37.5304
              ],
              [
                126.8879,
                37.5304
              ],
              [
                126.8881,
                37.5304
              ],
              [
                126.8885,
                37.5304
              ],
              [
                126.8897,
                37.5304
              ],
              [
                126.8903,
                37.5312
              ],
              [
                126.8905,
                37.5317
              ],
              [
                126.8901,
                37.5342
              ],
              [
                126.8901,
                37.5344
              ],
              [
                126.8901,
                37.5345
              ],
              [
                126.89,
                37.5347
              ],
              [
                126.8899,
                37.5348
              ],
              [
                126.8899,
                37.5348
              ],
              [
                126.8896,
                37.5353
              ],
              [
                126.8895,
                37.5354
              ],
              [
                126.8894,
                37.5355
              ],
              [
                126.8889,
                37.536
              ],
              [
                126.8886,
                37.5363
              ],
              [
                126.8886,
                37.5363
              ],
              [
                126.8885,
                37.5363
              ],
              [
                126.8885,
                37.5364
              ],
              [
                126.8882,
                37.5367
              ],
              [
                126.888,
                37.5371
              ],
              [
                126.8879,
                37.5372
              ],
              [
                126.8876,
                37.5376
              ],
              [
                126.8868,
                37.5388
              ],
              [
                126.8867,
                37.539
              ],
              [
                126.8865,
                37.5394
              ],
              [
                126.8865,
                37.5394
              ],
              [
                126.8862,
                37.5399
              ],
              [
                126.8847,
                37.5433
              ],
              [
                126.8843,
                37.5439
              ],
              [
                126.8818,
                37.547
              ],
              [
                126.8807,
                37.5482
              ],
              [
                126.8781,
                37.5517
              ],
              [
                126.878,
                37.5525
              ],
              [
                126.878,
                37.553
              ],
              [
                126.8792,
                37.5547
              ],
              [
                126.8793,
                37.5548
              ],
              [
                126.8805,
                37.5563
              ],
              [
                126.8868,
                37.5531
              ],
              [
                126.8881,
                37.5523
              ],
              [
                126.8957,
                37.549
              ],
              [
                126.8989,
                37.548
              ],
              [
                126.9018,
                37.545
              ],
              [
                126.9018,
                37.545
              ],
              [
                126.9018,
                37.545
              ],
              [
                126.9019,
                37.5448
              ],
              [
                126.902,
                37.5447
              ],
              [
                126.902,
                37.5446
              ],
              [
                126.902,
                37.5445
              ],
              [
                126.9022,
                37.5441
              ],
              [
                126.9042,
                37.5422
              ],
              [
                126.9048,
                37.5414
              ],
              [
                126.9171,
                37.5414
              ],
              [
                126.9218,
                37.5414
              ],
              [
                126.9224,
                37.5414
              ],
              [
                126.9225,
                37.5414
              ],
              [
                126.9226,
                37.541
              ],
              [
                126.9228,
                37.5406
              ],
              [
                126.9231,
                37.5405
              ],
              [
                126.9244,
                37.5399
              ],
              [
                126.9262,
                37.5393
              ],
              [
                126.9267,
                37.5391
              ],
              [
                126.9268,
                37.5391
              ]
            ]
          ]
        ]
      },
      "properties": {
        "name": "영등포구",
        "base_year": "2018",
        "name_eng": "Yeongdeungpo-gu",
        "code": "11190"
      }
    },
    {
      "type": "Feature",
      "geometry": {
        "type": "MultiPolygon",
        "coordinates": [
          [
            [
              [
                126.9829,
                37.4958
              ],
              [
                126.9828,
                37.4923
              ],
              [
                126.9827,
                37.4909
              ],
              [
                126.9821,
                37.4854
              ],
              [
                126.9821,
                37.4854
              ],
              [
                126.9821,
                37.4846
              ],
              [
                126.9817,
                37.4765
              ],
              [
                126.9784,
                37.4767
              ],
              [
                126.9743,
                37.4762
              ],
              [
                126.9723,
                37.4758
              ],
              [
                126.9705,
                37.4754
              ],
              [
                126.9703,
                37.4765
              ],
              [
                126.9701,
                37.4765
              ],
              [
                126.9689,
                37.4766
              ],
              [
                126.9682,
                37.4773
              ],
              [
                126.9681,
                37.4775
              ],
              [
                126.9678,
                37.4779
              ],
              [
                126.9678,
                37.4779
              ],
              [
                126.9663,
                37.479
              ],
              [
                126.9656,
                37.4792
              ],
              [
                126.9648,
                37.4795
              ],
              [
                126.9643,
                37.4801
              ],
              [
                126.9626,
                37.4821
              ],
              [
                126.9611,
                37.4836
              ],
              [
                126.9611,
                37.4837
              ],
              [
                126.9611,
                37.4837
              ],
              [
                126.9619,
                37.4853
              ],
              [
                126.9617,
                37.4872
              ],
              [
                126.9609,
                37.4902
              ],
              [
                126.9608,
                37.4908
              ],
              [
                126.9613,
                37.4925
              ],
              [
                126.9614,
                37.4929
              ],
              [
                126.9611,
                37.4933
              ],
              [
                126.9606,
                37.4936
              ],
              [
                126.9603,
                37.4937
              ],
              [
                126.9598,
                37.4938
              ],
              [
                126.9597,
                37.4938
              ],
              [
                126.9594,
                37.4938
              ],
              [
                126.9589,
                37.4936
              ],
              [
                126.9589,
                37.4934
              ],
              [
                126.9587,
                37.4929
              ],
              [
                126.9587,
                37.4928
              ],
              [
                126.9575,
                37.492
              ],
              [
                126.9571,
                37.4918
              ],
              [
                126.9571,
                37.4918
              ],
              [
                126.9567,
                37.4916
              ],
              [
                126.9567,
                37.4916
              ],
              [
                126.9567,
                37.4916
              ],
              [
                126.9561,
                37.4915
              ],
              [
                126.9537,
                37.4906
              ],
              [
                126.9496,
                37.4928
              ],
              [
                126.9488,
                37.4932
              ],
              [
                126.9481,
                37.4937
              ],
              [
                126.947,
                37.4941
              ],
              [
                126.9437,
                37.4924
              ],
              [
                126.9404,
                37.493
              ],
              [
                126.9398,
                37.4928
              ],
              [
                126.9383,
                37.4924
              ],
              [
                126.9343,
                37.4931
              ],
              [
                126.9299,
                37.494
              ],
              [
                126.9279,
                37.4951
              ],
              [
                126.9275,
                37.495
              ],
              [
                126.9268,
                37.4942
              ],
              [
                126.9259,
                37.493
              ],
              [
                126.9242,
                37.4903
              ],
              [
                126.9242,
                37.4902
              ],
              [
                126.9242,
                37.49
              ],
              [
                126.921,
                37.4906
              ],
              [
                126.9188,
                37.4901
              ],
              [
                126.9187,
                37.4901
              ],
              [
                126.916,
                37.4892
              ],
              [
                126.913,
                37.4874
              ],
              [
                126.9123,
                37.4868
              ],
              [
                126.9119,
                37.4865
              ],
              [
                126.9113,
                37.4863
              ],
              [
                126.9106,
                37.4861
              ],
              [
                126.9061,
                37.485
              ],
              [
                126.9057,
                37.4849
              ],
              [
                126.9055,
                37.4849
              ],
              [
                126.9032,
                37.485
              ],
              [
                126.904,
                37.486
              ],
              [
                126.9064,
                37.4889
              ],
              [
                126.9095,
                37.4927
              ],
              [
                126.9095,
                37.4926
              ],
              [
                126.9097,
                37.4928
              ],
              [
                126.9098,
                37.4929
              ],
              [
                126.9102,
                37.4935
              ],
              [
                126.9105,
                37.4938
              ],
              [
                126.9111,
                37.4947
              ],
              [
                126.9113,
                37.4951
              ],
              [
                126.9116,
                37.4955
              ],
              [
                126.9116,
                37.4956
              ],
              [
                126.9116,
                37.4956
              ],
              [
                126.9118,
                37.4958
              ],
              [
                126.9118,
                37.4959
              ],
              [
                126.9118,
                37.4959
              ],
              [
                126.912,
                37.496
              ],
              [
                126.912,
                37.4961
              ],
              [
                126.9121,
                37.4961
              ],
              [
                126.9122,
                37.4962
              ],
              [
                126.9124,
                37.4963
              ],
              [
                126.9124,
                37.4963
              ],
              [
                126.9125,
                37.4964
              ],
              [
                126.9129,
                37.4964
              ],
              [
                126.9136,
                37.4965
              ],
              [
                126.9137,
                37.4965
              ],
              [
                126.9142,
                37.4966
              ],
              [
                126.9149,
                37.4966
              ],
              [
                126.9153,
                37.4967
              ],
              [
                126.9176,
                37.4972
              ],
              [
                126.9186,
                37.4974
              ],
              [
                126.9194,
                37.4976
              ],
              [
                126.9197,
                37.4978
              ],
              [
                126.9198,
                37.4978
              ],
              [
                126.9202,
                37.4983
              ],
              [
                126.9202,
                37.4983
              ],
              [
                126.9202,
                37.4985
              ],
              [
                126.9209,
                37.5014
              ],
              [
                126.9243,
                37.5099
              ],
              [
                126.9267,
                37.5128
              ],
              [
                126.9268,
                37.5128
              ],
              [
                126.9268,
                37.5128
              ],
              [
                126.927,
                37.5132
              ],
              [
                126.927,
                37.5137
              ],
              [
                126.927,
                37.5137
              ],
              [
                126.927,
                37.5139
              ],
              [
                126.9268,
                37.5152
              ],
              [
                126.9269,
                37.5155
              ],
              [
                126.9324,
                37.5156
              ],
              [
                126.9387,
                37.5161
              ],
              [
                126.9496,
                37.5176
              ],
              [
                126.9499,
                37.5175
              ],
              [
                126.957,
                37.5151
              ],
              [
                126.9619,
                37.5131
              ],
              [
                126.9631,
                37.5122
              ],
              [
                126.965,
                37.5108
              ],
              [
                126.965,
                37.5108
              ],
              [
                126.9657,
                37.5104
              ],
              [
                126.9668,
                37.5099
              ],
              [
                126.9669,
                37.5099
              ],
              [
                126.9675,
                37.5097
              ],
              [
                126.9689,
                37.5093
              ],
              [
                126.969,
                37.5093
              ],
              [
                126.9701,
                37.509
              ],
              [
                126.9701,
                37.509
              ],
              [
                126.9703,
                37.5089
              ],
              [
                126.9703,
                37.5089
              ],
              [
                126.9741,
                37.5075
              ],
              [
                126.9787,
                37.5066
              ],
              [
                126.9804,
                37.5065
              ],
              [
                126.9804,
                37.5046
              ],
              [
                126.9834,
                37.5012
              ],
              [
                126.9854,
                37.4999
              ],
              [
                126.9832,
                37.4974
              ],
              [
                126.983,
                37.4972
              ],
              [
                126.983,
                37.4971
              ],
              [
                126.9829,
                37.497
              ],
              [
                126.9829,
                37.4966
              ],
              [
                126.9829,
                37.4965
              ],
              [
                126.9829,
                37.4958
              ]
            ]
          ]
        ]
      },
      "properties": {
        "name": "동작구",
        "base_year": "2018",
        "name_eng": "Dongjak-gu",
        "code": "11200"
      }
    },
    {
      "type": "Feature",
      "geometry": {
        "type": "MultiPolygon",
        "coordinates": [
          [
            [
              [
                126.9343,
                37.4931
              ],
              [
                126.9383,
                37.4924
              ],
              [
                126.9398,
                37.4928
              ],
              [
                126.9404,
                37.493
              ],
              [
                126.9437,
                37.4924
              ],
              [
                126.947,
                37.4941
              ],
              [
                126.9481,
                37.4937
              ],
              [
                126.9488,
                37.4932
              ],
              [
                126.9496,
                37.4928
              ],
              [
                126.9537,
                37.4906
              ],
              [
                126.9561,
                37.4915
              ],
              [
                126.9567,
                37.4916
              ],
              [
                126.9567,
                37.4916
              ],
              [
                126.9567,
                37.4916
              ],
              [
                126.9571,
                37.4918
              ],
              [
                126.9571,
                37.4918
              ],
              [
                126.9575,
                37.492
              ],
              [
                126.9587,
                37.4928
              ],
              [
                126.9587,
                37.4929
              ],
              [
                126.9589,
                37.4934
              ],
              [
                126.9589,
                37.4936
              ],
              [
                126.9594,
                37.4938
              ],
              [
                126.9597,
                37.4938
              ],
              [
                126.9598,
                37.4938
              ],
              [
                126.9603,
                37.4937
              ],
              [
                126.9606,
                37.4936
              ],
              [
                126.9611,
                37.4933
              ],
              [
                126.9614,
                37.4929
              ],
              [
                126.9613,
                37.4925
              ],
              [
                126.9608,
                37.4908
              ],
              [
                126.9609,
                37.4902
              ],
              [
                126.9617,
                37.4872
              ],
              [
                126.9619,
                37.4853
              ],
              [
                126.9611,
                37.4837
              ],
              [
                126.9611,
                37.4837
              ],
              [
                126.9611,
                37.4836
              ],
              [
                126.9626,
                37.4821
              ],
              [
                126.9643,
                37.4801
              ],
              [
                126.9648,
                37.4795
              ],
              [
                126.9656,
                37.4792
              ],
              [
                126.9663,
                37.479
              ],
              [
                126.9678,
                37.4779
              ],
              [
                126.9678,
                37.4779
              ],
              [
                126.9681,
                37.4775
              ],
              [
                126.9682,
                37.4773
              ],
              [
                126.9689,
                37.4766
              ],
              [
                126.9701,
                37.4765
              ],
              [
                126.9703,
                37.4765
              ],
              [
                126.9705,
                37.4754
              ],
              [
                126.9723,
                37.4758
              ],
              [
                126.9743,
                37.4762
              ],
              [
                126.9784,
                37.4767
              ],
              [
                126.9817,
                37.4765
              ],
              [
                126.9817,
                37.4763
              ],
              [
                126.9817,
                37.4759
              ],
              [
                126.9818,
                37.4753
              ],
              [
                126.9818,
                37.4751
              ],
              [
                126.9821,
                37.4738
              ],
              [
                126.9822,
                37.4738
              ],
              [
                126.9822,
                37.4737
              ],
              [
                126.9823,
                37.4734
              ],
              [
                126.9824,
                37.4732
              ],
              [
                126.9826,
                37.4729
              ],
              [
                126.9827,
                37.4726
              ],
              [
                126.9828,
                37.4723
              ],
              [
                126.983,
                37.472
              ],
              [
                126.9832,
                37.4716
              ],
              [
                126.9838,
                37.4707
              ],
              [
                126.9842,
                37.4702
              ],
              [
                126.9847,
                37.4699
              ],
              [
                126.9855,
                37.4692
              ],
              [
                126.9869,
                37.4679
              ],
              [
                126.9872,
                37.4677
              ],
              [
                126.9873,
                37.4676
              ],
              [
                126.9879,
                37.4659
              ],
              [
                126.988,
                37.4655
              ],
              [
                126.9881,
                37.4652
              ],
              [
                126.9883,
                37.464
              ],
              [
                126.9883,
                37.4639
              ],
              [
                126.9883,
                37.4637
              ],
              [
                126.9883,
                37.4634
              ],
              [
                126.988,
                37.4625
              ],
              [
                126.9876,
                37.4612
              ],
              [
                126.9876,
                37.4609
              ],
              [
                126.9875,
                37.4606
              ],
              [
                126.9875,
                37.4603
              ],
              [
                126.9875,
                37.4601
              ],
              [
                126.9876,
                37.4599
              ],
              [
                126.9876,
                37.4598
              ],
              [
                126.9877,
                37.4595
              ],
              [
                126.9879,
                37.4593
              ],
              [
                126.988,
                37.4591
              ],
              [
                126.9886,
                37.4582
              ],
              [
                126.9868,
                37.4574
              ],
              [
                126.9824,
                37.4559
              ],
              [
                126.9778,
                37.4552
              ],
              [
                126.9746,
                37.4544
              ],
              [
                126.9718,
                37.4517
              ],
              [
                126.9706,
                37.4495
              ],
              [
                126.9696,
                37.4491
              ],
              [
                126.9687,
                37.4488
              ],
              [
                126.9677,
                37.4484
              ],
              [
                126.9643,
                37.4463
              ],
              [
                126.9639,
                37.4452
              ],
              [
                126.9639,
                37.4452
              ],
              [
                126.9643,
                37.4435
              ],
              [
                126.9646,
                37.442
              ],
              [
                126.9638,
                37.4408
              ],
              [
                126.9637,
                37.4407
              ],
              [
                126.9631,
                37.4404
              ],
              [
                126.963,
                37.4403
              ],
              [
                126.9629,
                37.4403
              ],
              [
                126.959,
                37.4391
              ],
              [
                126.9564,
                37.4388
              ],
              [
                126.9493,
                37.4383
              ],
              [
                126.9482,
                37.4386
              ],
              [
                126.9457,
                37.4373
              ],
              [
                126.9451,
                37.4371
              ],
              [
                126.9402,
                37.4357
              ],
              [
                126.9394,
                37.436
              ],
              [
                126.9386,
                37.4364
              ],
              [
                126.9377,
                37.4374
              ],
              [
                126.9373,
                37.4386
              ],
              [
                126.9373,
                37.4389
              ],
              [
                126.9372,
                37.4392
              ],
              [
                126.9372,
                37.4392
              ],
              [
                126.9374,
                37.4394
              ],
              [
                126.9377,
                37.4397
              ],
              [
                126.9377,
                37.4397
              ],
              [
                126.9379,
                37.4402
              ],
              [
                126.9377,
                37.4404
              ],
              [
                126.9374,
                37.4409
              ],
              [
                126.9367,
                37.4417
              ],
              [
                126.9366,
                37.4417
              ],
              [
                126.9349,
                37.4432
              ],
              [
                126.9345,
                37.4433
              ],
              [
                126.9306,
                37.4455
              ],
              [
                126.9305,
                37.4455
              ],
              [
                126.9304,
                37.4458
              ],
              [
                126.9303,
                37.446
              ],
              [
                126.9302,
                37.4464
              ],
              [
                126.9304,
                37.4473
              ],
              [
                126.9284,
                37.4502
              ],
              [
                126.9285,
                37.4505
              ],
              [
                126.9285,
                37.4505
              ],
              [
                126.9285,
                37.4508
              ],
              [
                126.9284,
                37.451
              ],
              [
                126.9264,
                37.4523
              ],
              [
                126.9248,
                37.4528
              ],
              [
                126.9248,
                37.4528
              ],
              [
                126.9233,
                37.4542
              ],
              [
                126.9231,
                37.4545
              ],
              [
                126.9222,
                37.4566
              ],
              [
                126.9171,
                37.4574
              ],
              [
                126.9148,
                37.4574
              ],
              [
                126.914,
                37.4579
              ],
              [
                126.9144,
                37.4616
              ],
              [
                126.9138,
                37.4625
              ],
              [
                126.9133,
                37.4631
              ],
              [
                126.9133,
                37.4631
              ],
              [
                126.9132,
                37.4633
              ],
              [
                126.913,
                37.4635
              ],
              [
                126.913,
                37.4636
              ],
              [
                126.913,
                37.4636
              ],
              [
                126.9129,
                37.4639
              ],
              [
                126.9129,
                37.464
              ],
              [
                126.9129,
                37.4641
              ],
              [
                126.9129,
                37.4642
              ],
              [
                126.9137,
                37.4655
              ],
              [
                126.9136,
                37.4655
              ],
              [
                126.9124,
                37.4659
              ],
              [
                126.9117,
                37.4668
              ],
              [
                126.9088,
                37.4718
              ],
              [
                126.9082,
                37.4727
              ],
              [
                126.9107,
                37.4736
              ],
              [
                126.911,
                37.4739
              ],
              [
                126.9114,
                37.4745
              ],
              [
                126.9118,
                37.4769
              ],
              [
                126.9118,
                37.4778
              ],
              [
                126.9116,
                37.4781
              ],
              [
                126.9105,
                37.4784
              ],
              [
                126.9098,
                37.4782
              ],
              [
                126.9096,
                37.4781
              ],
              [
                126.9094,
                37.4781
              ],
              [
                126.9089,
                37.4788
              ],
              [
                126.9087,
                37.4791
              ],
              [
                126.9087,
                37.4794
              ],
              [
                126.909,
                37.4801
              ],
              [
                126.9098,
                37.4808
              ],
              [
                126.9074,
                37.4803
              ],
              [
                126.9054,
                37.4801
              ],
              [
                126.9052,
                37.4801
              ],
              [
                126.9038,
                37.4799
              ],
              [
                126.9009,
                37.4793
              ],
              [
                126.8989,
                37.4789
              ],
              [
                126.899,
                37.4791
              ],
              [
                126.899,
                37.4791
              ],
              [
                126.899,
                37.4792
              ],
              [
                126.899,
                37.4792
              ],
              [
                126.899,
                37.4793
              ],
              [
                126.899,
                37.4794
              ],
              [
                126.8991,
                37.4795
              ],
              [
                126.8991,
                37.4796
              ],
              [
                126.8991,
                37.4796
              ],
              [
                126.8992,
                37.4797
              ],
              [
                126.8992,
                37.4798
              ],
              [
                126.8992,
                37.4798
              ],
              [
                126.8993,
                37.4799
              ],
              [
                126.8993,
                37.48
              ],
              [
                126.8993,
                37.48
              ],
              [
                126.8993,
                37.4801
              ],
              [
                126.8994,
                37.4801
              ],
              [
                126.8994,
                37.4802
              ],
              [
                126.8994,
                37.4802
              ],
              [
                126.8995,
                37.4803
              ],
              [
                126.8995,
                37.4803
              ],
              [
                126.8995,
                37.4804
              ],
              [
                126.8996,
                37.4805
              ],
              [
                126.8996,
                37.4806
              ],
              [
                126.8997,
                37.4806
              ],
              [
                126.8997,
                37.4807
              ],
              [
                126.8997,
                37.4807
              ],
              [
                126.8998,
                37.4808
              ],
              [
                126.8998,
                37.4809
              ],
              [
                126.9001,
                37.4812
              ],
              [
                126.9006,
                37.4819
              ],
              [
                126.9011,
                37.4824
              ],
              [
                126.9032,
                37.485
              ],
              [
                126.9032,
                37.485
              ],
              [
                126.9055,
                37.4849
              ],
              [
                126.9057,
                37.4849
              ],
              [
                126.9061,
                37.485
              ],
              [
                126.9106,
                37.4861
              ],
              [
                126.9113,
                37.4863
              ],
              [
                126.9119,
                37.4865
              ],
              [
                126.9123,
                37.4868
              ],
              [
                126.913,
                37.4874
              ],
              [
                126.916,
                37.4892
              ],
              [
                126.9187,
                37.4901
              ],
              [
                126.9188,
                37.4901
              ],
              [
                126.921,
                37.4906
              ],
              [
                126.9242,
                37.49
              ],
              [
                126.9242,
                37.4902
              ],
              [
                126.9242,
                37.4903
              ],
              [
                126.9259,
                37.493
              ],
              [
                126.9268,
                37.4942
              ],
              [
                126.9275,
                37.495
              ],
              [
                126.9279,
                37.4951
              ],
              [
                126.9299,
                37.494
              ],
              [
                126.9343,
                37.4931
              ]
            ]
          ]
        ]
      },
      "properties": {
        "name": "관악구",
        "base_year": "2018",
        "name_eng": "Gwanak-gu",
        "code": "11210"
      }
    },
    {
      "type": "Feature",
      "geometry": {
        "type": "MultiPolygon",
        "coordinates": [
          [
            [
              [
                127.0121,
                37.5233
              ],
              [
                127.0132,
                37.5226
              ],
              [
                127.0139,
                37.5233
              ],
              [
                127.0144,
                37.5239
              ],
              [
                127.0145,
                37.5241
              ],
              [
                127.015,
                37.5246
              ],
              [
                127.0152,
                37.5248
              ],
              [
                127.0169,
                37.523
              ],
              [
                127.0178,
                37.5218
              ],
              [
                127.0195,
                37.5161
              ],
              [
                127.0205,
                37.5128
              ],
              [
                127.0213,
                37.5111
              ],
              [
                127.0245,
                37.5045
              ],
              [
                127.0276,
                37.498
              ],
              [
                127.0316,
                37.4896
              ],
              [
                127.0341,
                37.4844
              ],
              [
                127.0418,
                37.4854
              ],
              [
                127.0416,
                37.4852
              ],
              [
                127.043,
                37.4823
              ],
              [
                127.0435,
                37.4802
              ],
              [
                127.044,
                37.4799
              ],
              [
                127.044,
                37.4798
              ],
              [
                127.0451,
                37.4775
              ],
              [
                127.0451,
                37.4775
              ],
              [
                127.0452,
                37.4774
              ],
              [
                127.0452,
                37.4774
              ],
              [
                127.0452,
                37.4773
              ],
              [
                127.0453,
                37.4773
              ],
              [
                127.0453,
                37.4772
              ],
              [
                127.0454,
                37.4772
              ],
              [
                127.0454,
                37.4771
              ],
              [
                127.0498,
                37.4729
              ],
              [
                127.0509,
                37.4718
              ],
              [
                127.0489,
                37.4699
              ],
              [
                127.0495,
                37.4698
              ],
              [
                127.0504,
                37.4697
              ],
              [
                127.0511,
                37.4694
              ],
              [
                127.0511,
                37.4685
              ],
              [
                127.051,
                37.4676
              ],
              [
                127.052,
                37.4677
              ],
              [
                127.0533,
                37.4681
              ],
              [
                127.0549,
                37.4686
              ],
              [
                127.0572,
                37.4689
              ],
              [
                127.0591,
                37.4692
              ],
              [
                127.0622,
                37.4691
              ],
              [
                127.0632,
                37.4691
              ],
              [
                127.0655,
                37.4695
              ],
              [
                127.0659,
                37.4698
              ],
              [
                127.0665,
                37.4702
              ],
              [
                127.0686,
                37.4711
              ],
              [
                127.0697,
                37.4711
              ],
              [
                127.0707,
                37.4714
              ],
              [
                127.0727,
                37.472
              ],
              [
                127.0729,
                37.4722
              ],
              [
                127.0769,
                37.4752
              ],
              [
                127.078,
                37.4749
              ],
              [
                127.079,
                37.4749
              ],
              [
                127.0818,
                37.4754
              ],
              [
                127.0845,
                37.4758
              ],
              [
                127.0849,
                37.4757
              ],
              [
                127.0845,
                37.4751
              ],
              [
                127.0841,
                37.473
              ],
              [
                127.0846,
                37.4722
              ],
              [
                127.085,
                37.4713
              ],
              [
                127.0851,
                37.4713
              ],
              [
                127.0859,
                37.4712
              ],
              [
                127.0866,
                37.4708
              ],
              [
                127.0868,
                37.4707
              ],
              [
                127.0904,
                37.4671
              ],
              [
                127.0916,
                37.4657
              ],
              [
                127.0919,
                37.4652
              ],
              [
                127.092,
                37.4649
              ],
              [
                127.092,
                37.4646
              ],
              [
                127.0921,
                37.4639
              ],
              [
                127.092,
                37.4636
              ],
              [
                127.0919,
                37.4623
              ],
              [
                127.0931,
                37.4613
              ],
              [
                127.0944,
                37.461
              ],
              [
                127.0949,
                37.461
              ],
              [
                127.0953,
                37.461
              ],
              [
                127.0957,
                37.461
              ],
              [
                127.0957,
                37.4607
              ],
              [
                127.0954,
                37.4576
              ],
              [
                127.0954,
                37.4572
              ],
              [
                127.0952,
                37.4564
              ],
              [
                127.0943,
                37.4562
              ],
              [
                127.0938,
                37.4561
              ],
              [
                127.0935,
                37.4559
              ],
              [
                127.0888,
                37.4497
              ],
              [
                127.0884,
                37.449
              ],
              [
                127.0883,
                37.4486
              ],
              [
                127.0883,
                37.4486
              ],
              [
                127.0884,
                37.4472
              ],
              [
                127.0882,
                37.4454
              ],
              [
                127.0879,
                37.4449
              ],
              [
                127.0878,
                37.4449
              ],
              [
                127.0873,
                37.4446
              ],
              [
                127.0829,
                37.4422
              ],
              [
                127.0824,
                37.4416
              ],
              [
                127.0821,
                37.4414
              ],
              [
                127.0814,
                37.4412
              ],
              [
                127.0802,
                37.4411
              ],
              [
                127.0791,
                37.4413
              ],
              [
                127.0782,
                37.4416
              ],
              [
                127.0776,
                37.4417
              ],
              [
                127.076,
                37.4421
              ],
              [
                127.0748,
                37.4422
              ],
              [
                127.0745,
                37.4422
              ],
              [
                127.0722,
                37.4422
              ],
              [
                127.0719,
                37.441
              ],
              [
                127.0722,
                37.4394
              ],
              [
                127.0738,
                37.4378
              ],
              [
                127.0738,
                37.4377
              ],
              [
                127.0738,
                37.4374
              ],
              [
                127.0736,
                37.437
              ],
              [
                127.073,
                37.4364
              ],
              [
                127.0709,
                37.4331
              ],
              [
                127.0696,
                37.4306
              ],
              [
                127.0657,
                37.4292
              ],
              [
                127.0611,
                37.43
              ],
              [
                127.0598,
                37.4296
              ],
              [
                127.0535,
                37.4288
              ],
              [
                127.0504,
                37.4298
              ],
              [
                127.0496,
                37.4303
              ],
              [
                127.0474,
                37.4307
              ],
              [
                127.0472,
                37.432
              ],
              [
                127.0464,
                37.433
              ],
              [
                127.0459,
                37.4335
              ],
              [
                127.0442,
                37.4351
              ],
              [
                127.0411,
                37.4378
              ],
              [
                127.0409,
                37.4379
              ],
              [
                127.0405,
                37.4381
              ],
              [
                127.0401,
                37.4382
              ],
              [
                127.0396,
                37.4382
              ],
              [
                127.0392,
                37.4382
              ],
              [
                127.039,
                37.4382
              ],
              [
                127.0371,
                37.4383
              ],
              [
                127.037,
                37.4383
              ],
              [
                127.0356,
                37.439
              ],
              [
                127.0353,
                37.44
              ],
              [
                127.0353,
                37.4401
              ],
              [
                127.0352,
                37.4404
              ],
              [
                127.0352,
                37.4406
              ],
              [
                127.0352,
                37.4409
              ],
              [
                127.0353,
                37.441
              ],
              [
                127.0361,
                37.4416
              ],
              [
                127.0361,
                37.4416
              ],
              [
                127.0364,
                37.4418
              ],
              [
                127.0367,
                37.4421
              ],
              [
                127.0375,
                37.4433
              ],
              [
                127.0379,
                37.4442
              ],
              [
                127.038,
                37.4445
              ],
              [
                127.0382,
                37.445
              ],
              [
                127.0382,
                37.4452
              ],
              [
                127.0382,
                37.4459
              ],
              [
                127.0378,
                37.4489
              ],
              [
                127.0378,
                37.4492
              ],
              [
                127.0377,
                37.4494
              ],
              [
                127.037,
                37.4507
              ],
              [
                127.0364,
                37.4515
              ],
              [
                127.0358,
                37.4522
              ],
              [
                127.0363,
                37.4543
              ],
              [
                127.0371,
                37.4552
              ],
              [
                127.0371,
                37.4555
              ],
              [
                127.0367,
                37.4564
              ],
              [
                127.0349,
                37.4602
              ],
              [
                127.0345,
                37.4633
              ],
              [
                127.0347,
                37.464
              ],
              [
                127.0347,
                37.4641
              ],
              [
                127.0346,
                37.4642
              ],
              [
                127.0331,
                37.465
              ],
              [
                127.0328,
                37.4652
              ],
              [
                127.0319,
                37.4655
              ],
              [
                127.0312,
                37.4656
              ],
              [
                127.0306,
                37.4655
              ],
              [
                127.0304,
                37.4655
              ],
              [
                127.0299,
                37.4654
              ],
              [
                127.0296,
                37.4643
              ],
              [
                127.0287,
                37.462
              ],
              [
                127.0282,
                37.4606
              ],
              [
                127.0263,
                37.4581
              ],
              [
                127.0262,
                37.458
              ],
              [
                127.026,
                37.4578
              ],
              [
                127.0254,
                37.4576
              ],
              [
                127.0253,
                37.4575
              ],
              [
                127.0215,
                37.4562
              ],
              [
                127.0197,
                37.4558
              ],
              [
                127.0156,
                37.4549
              ],
              [
                127.0151,
                37.4548
              ],
              [
                127.0149,
                37.4548
              ],
              [
                127.0145,
                37.4549
              ],
              [
                127.0107,
                37.4558
              ],
              [
                127.0092,
                37.4572
              ],
              [
                127.007,
                37.4602
              ],
              [
                127.005,
                37.4632
              ],
              [
                127.0045,
                37.4641
              ],
              [
                127.0048,
                37.4649
              ],
              [
                127.0049,
                37.4658
              ],
              [
                127.0045,
                37.4668
              ],
              [
                127.0042,
                37.4671
              ],
              [
                127.0037,
                37.4677
              ],
              [
                127.0027,
                37.4671
              ],
              [
                127.002,
                37.4671
              ],
              [
                127.0005,
                37.4671
              ],
              [
                126.9974,
                37.4672
              ],
              [
                126.9972,
                37.4672
              ],
              [
                126.997,
                37.4672
              ],
              [
                126.9968,
                37.4671
              ],
              [
                126.9963,
                37.4667
              ],
              [
                126.9972,
                37.4642
              ],
              [
                126.9973,
                37.464
              ],
              [
                126.9974,
                37.4637
              ],
              [
                126.9968,
                37.4619
              ],
              [
                126.9943,
                37.4614
              ],
              [
                126.9932,
                37.4613
              ],
              [
                126.9916,
                37.4604
              ],
              [
                126.99,
                37.4595
              ],
              [
                126.9886,
                37.4582
              ],
              [
                126.988,
                37.4591
              ],
              [
                126.9879,
                37.4593
              ],
              [
                126.9877,
                37.4595
              ],
              [
                126.9876,
                37.4598
              ],
              [
                126.9876,
                37.4599
              ],
              [
                126.9875,
                37.4601
              ],
              [
                126.9875,
                37.4603
              ],
              [
                126.9875,
                37.4606
              ],
              [
                126.9876,
                37.4609
              ],
              [
                126.9876,
                37.4612
              ],
              [
                126.988,
                37.4625
              ],
              [
                126.9883,
                37.4634
              ],
              [
                126.9883,
                37.4637
              ],
              [
                126.9883,
                37.4639
              ],
              [
                126.9883,
                37.464
              ],
              [
                126.9881,
                37.4652
              ],
              [
                126.988,
                37.4655
              ],
              [
                126.9879,
                37.4659
              ],
              [
                126.9873,
                37.4676
              ],
              [
                126.9872,
                37.4677
              ],
              [
                126.9869,
                37.4679
              ],
              [
                126.9855,
                37.4692
              ],
              [
                126.9847,
                37.4699
              ],
              [
                126.9842,
                37.4702
              ],
              [
                126.9838,
                37.4707
              ],
              [
                126.9832,
                37.4716
              ],
              [
                126.983,
                37.472
              ],
              [
                126.9828,
                37.4723
              ],
              [
                126.9827,
                37.4726
              ],
              [
                126.9826,
                37.4729
              ],
              [
                126.9824,
                37.4732
              ],
              [
                126.9823,
                37.4734
              ],
              [
                126.9822,
                37.4737
              ],
              [
                126.9822,
                37.4738
              ],
              [
                126.9821,
                37.4738
              ],
              [
                126.9818,
                37.4751
              ],
              [
                126.9818,
                37.4753
              ],
              [
                126.9817,
                37.4759
              ],
              [
                126.9817,
                37.4763
              ],
              [
                126.9817,
                37.4765
              ],
              [
                126.9821,
                37.4846
              ],
              [
                126.9821,
                37.4854
              ],
              [
                126.9821,
                37.4854
              ],
              [
                126.9827,
                37.4909
              ],
              [
                126.9828,
                37.4923
              ],
              [
                126.9829,
                37.4958
              ],
              [
                126.9829,
                37.4965
              ],
              [
                126.9829,
                37.4966
              ],
              [
                126.9829,
                37.497
              ],
              [
                126.983,
                37.4971
              ],
              [
                126.983,
                37.4972
              ],
              [
                126.9832,
                37.4974
              ],
              [
                126.9854,
                37.4999
              ],
              [
                126.9834,
                37.5012
              ],
              [
                126.9804,
                37.5046
              ],
              [
                126.9804,
                37.5065
              ],
              [
                126.9824,
                37.5065
              ],
              [
                126.9832,
                37.5065
              ],
              [
                126.9838,
                37.5065
              ],
              [
                126.9855,
                37.5065
              ],
              [
                126.9855,
                37.5065
              ],
              [
                126.9862,
                37.5074
              ],
              [
                126.9877,
                37.5093
              ],
              [
                126.9881,
                37.5098
              ],
              [
                126.9898,
                37.512
              ],
              [
                126.9903,
                37.5126
              ],
              [
                126.9907,
                37.5131
              ],
              [
                126.9958,
                37.5164
              ],
              [
                126.9974,
                37.5174
              ],
              [
                127.0025,
                37.5207
              ],
              [
                127.0032,
                37.5212
              ],
              [
                127.0032,
                37.5212
              ],
              [
                127.0077,
                37.5247
              ],
              [
                127.0086,
                37.5256
              ],
              [
                127.0121,
                37.5233
              ]
            ]
          ]
        ]
      },
      "properties": {
        "name": "서초구",
        "base_year": "2018",
        "name_eng": "Seocho-gu",
        "code": "11220"
      }
    },
    {
      "type": "Feature",
      "geometry": {
        "type": "MultiPolygon",
        "coordinates": [
          [
            [
              [
                127.0654,
                37.5251
              ],
              [
                127.0675,
                37.5246
              ],
              [
                127.0675,
                37.5234
              ],
              [
                127.0676,
                37.5209
              ],
              [
                127.0677,
                37.5199
              ],
              [
                127.0677,
                37.5193
              ],
              [
                127.0679,
                37.5184
              ],
              [
                127.0684,
                37.5143
              ],
              [
                127.0686,
                37.5126
              ],
              [
                127.0687,
                37.5113
              ],
              [
                127.0688,
                37.5107
              ],
              [
                127.0689,
                37.5103
              ],
              [
                127.0692,
                37.5078
              ],
              [
                127.0693,
                37.5071
              ],
              [
                127.0694,
                37.5062
              ],
              [
                127.0696,
                37.5043
              ],
              [
                127.0697,
                37.5035
              ],
              [
                127.0698,
                37.5028
              ],
              [
                127.0698,
                37.5027
              ],
              [
                127.0722,
                37.5025
              ],
              [
                127.0735,
                37.5024
              ],
              [
                127.0736,
                37.5024
              ],
              [
                127.0739,
                37.5024
              ],
              [
                127.0749,
                37.5023
              ],
              [
                127.0761,
                37.5022
              ],
              [
                127.077,
                37.5021
              ],
              [
                127.0778,
                37.5018
              ],
              [
                127.0821,
                37.5004
              ],
              [
                127.0834,
                37.4999
              ],
              [
                127.0911,
                37.4977
              ],
              [
                127.0959,
                37.4963
              ],
              [
                127.1017,
                37.4936
              ],
              [
                127.1034,
                37.4928
              ],
              [
                127.1079,
                37.489
              ],
              [
                127.1117,
                37.4838
              ],
              [
                127.112,
                37.4833
              ],
              [
                127.1123,
                37.4828
              ],
              [
                127.1126,
                37.4822
              ],
              [
                127.113,
                37.4817
              ],
              [
                127.1143,
                37.48
              ],
              [
                127.1156,
                37.4782
              ],
              [
                127.116,
                37.4776
              ],
              [
                127.1166,
                37.4769
              ],
              [
                127.1174,
                37.4758
              ],
              [
                127.1197,
                37.4728
              ],
              [
                127.1208,
                37.4712
              ],
              [
                127.1234,
                37.4677
              ],
              [
                127.1242,
                37.4665
              ],
              [
                127.1241,
                37.4665
              ],
              [
                127.1238,
                37.4663
              ],
              [
                127.1232,
                37.466
              ],
              [
                127.1219,
                37.4651
              ],
              [
                127.1175,
                37.4622
              ],
              [
                127.1175,
                37.4622
              ],
              [
                127.1171,
                37.4617
              ],
              [
                127.117,
                37.4615
              ],
              [
                127.1169,
                37.4609
              ],
              [
                127.1169,
                37.4604
              ],
              [
                127.1169,
                37.4586
              ],
              [
                127.1167,
                37.4586
              ],
              [
                127.1162,
                37.4586
              ],
              [
                127.1159,
                37.4586
              ],
              [
                127.1155,
                37.4587
              ],
              [
                127.1155,
                37.4587
              ],
              [
                127.114,
                37.4595
              ],
              [
                127.1136,
                37.4597
              ],
              [
                127.1135,
                37.4598
              ],
              [
                127.1134,
                37.4599
              ],
              [
                127.1128,
                37.4605
              ],
              [
                127.1129,
                37.4606
              ],
              [
                127.1132,
                37.4608
              ],
              [
                127.1133,
                37.4608
              ],
              [
                127.1133,
                37.4609
              ],
              [
                127.1133,
                37.4609
              ],
              [
                127.1133,
                37.4611
              ],
              [
                127.1122,
                37.4615
              ],
              [
                127.1118,
                37.4616
              ],
              [
                127.1087,
                37.4622
              ],
              [
                127.1069,
                37.4624
              ],
              [
                127.1067,
                37.4624
              ],
              [
                127.1065,
                37.4624
              ],
              [
                127.1062,
                37.4624
              ],
              [
                127.1043,
                37.4622
              ],
              [
                127.1045,
                37.461
              ],
              [
                127.1039,
                37.4601
              ],
              [
                127.1038,
                37.4599
              ],
              [
                127.0993,
                37.4567
              ],
              [
                127.0982,
                37.4564
              ],
              [
                127.0952,
                37.4564
              ],
              [
                127.0954,
                37.4572
              ],
              [
                127.0954,
                37.4576
              ],
              [
                127.0957,
                37.4607
              ],
              [
                127.0957,
                37.461
              ],
              [
                127.0953,
                37.461
              ],
              [
                127.0949,
                37.461
              ],
              [
                127.0944,
                37.461
              ],
              [
                127.0931,
                37.4613
              ],
              [
                127.0919,
                37.4623
              ],
              [
                127.092,
                37.4636
              ],
              [
                127.0921,
                37.4639
              ],
              [
                127.092,
                37.4646
              ],
              [
                127.092,
                37.4649
              ],
              [
                127.0919,
                37.4652
              ],
              [
                127.0916,
                37.4657
              ],
              [
                127.0904,
                37.4671
              ],
              [
                127.0868,
                37.4707
              ],
              [
                127.0866,
                37.4708
              ],
              [
                127.0859,
                37.4712
              ],
              [
                127.0851,
                37.4713
              ],
              [
                127.085,
                37.4713
              ],
              [
                127.0846,
                37.4722
              ],
              [
                127.0841,
                37.473
              ],
              [
                127.0845,
                37.4751
              ],
              [
                127.0849,
                37.4757
              ],
              [
                127.0845,
                37.4758
              ],
              [
                127.0818,
                37.4754
              ],
              [
                127.079,
                37.4749
              ],
              [
                127.078,
                37.4749
              ],
              [
                127.0769,
                37.4752
              ],
              [
                127.0729,
                37.4722
              ],
              [
                127.0727,
                37.472
              ],
              [
                127.0707,
                37.4714
              ],
              [
                127.0697,
                37.4711
              ],
              [
                127.0686,
                37.4711
              ],
              [
                127.0665,
                37.4702
              ],
              [
                127.0659,
                37.4698
              ],
              [
                127.0655,
                37.4695
              ],
              [
                127.0632,
                37.4691
              ],
              [
                127.0622,
                37.4691
              ],
              [
                127.0591,
                37.4692
              ],
              [
                127.0572,
                37.4689
              ],
              [
                127.0549,
                37.4686
              ],
              [
                127.0533,
                37.4681
              ],
              [
                127.052,
                37.4677
              ],
              [
                127.051,
                37.4676
              ],
              [
                127.0511,
                37.4685
              ],
              [
                127.0511,
                37.4694
              ],
              [
                127.0504,
                37.4697
              ],
              [
                127.0495,
                37.4698
              ],
              [
                127.0489,
                37.4699
              ],
              [
                127.0509,
                37.4718
              ],
              [
                127.0498,
                37.4729
              ],
              [
                127.0454,
                37.4771
              ],
              [
                127.0454,
                37.4772
              ],
              [
                127.0453,
                37.4772
              ],
              [
                127.0453,
                37.4773
              ],
              [
                127.0452,
                37.4773
              ],
              [
                127.0452,
                37.4774
              ],
              [
                127.0452,
                37.4774
              ],
              [
                127.0451,
                37.4775
              ],
              [
                127.0451,
                37.4775
              ],
              [
                127.044,
                37.4798
              ],
              [
                127.044,
                37.4799
              ],
              [
                127.0435,
                37.4802
              ],
              [
                127.043,
                37.4823
              ],
              [
                127.0416,
                37.4852
              ],
              [
                127.0418,
                37.4854
              ],
              [
                127.0341,
                37.4844
              ],
              [
                127.0316,
                37.4896
              ],
              [
                127.0276,
                37.498
              ],
              [
                127.0245,
                37.5045
              ],
              [
                127.0213,
                37.5111
              ],
              [
                127.0205,
                37.5128
              ],
              [
                127.0195,
                37.5161
              ],
              [
                127.0178,
                37.5218
              ],
              [
                127.0169,
                37.523
              ],
              [
                127.0152,
                37.5248
              ],
              [
                127.015,
                37.5246
              ],
              [
                127.0145,
                37.5241
              ],
              [
                127.0144,
                37.5239
              ],
              [
                127.0139,
                37.5233
              ],
              [
                127.0132,
                37.5226
              ],
              [
                127.0121,
                37.5233
              ],
              [
                127.0086,
                37.5256
              ],
              [
                127.0121,
                37.5293
              ],
              [
                127.0149,
                37.5322
              ],
              [
                127.0155,
                37.5324
              ],
              [
                127.0174,
                37.534
              ],
              [
                127.0212,
                37.5358
              ],
              [
                127.0233,
                37.5358
              ],
              [
                127.0358,
                37.5358
              ],
              [
                127.0377,
                37.5358
              ],
              [
                127.0392,
                37.5358
              ],
              [
                127.0396,
                37.5358
              ],
              [
                127.0404,
                37.5358
              ],
              [
                127.0453,
                37.5344
              ],
              [
                127.0457,
                37.5343
              ],
              [
                127.046,
                37.5342
              ],
              [
                127.0466,
                37.5339
              ],
              [
                127.0489,
                37.5325
              ],
              [
                127.051,
                37.5313
              ],
              [
                127.0515,
                37.531
              ],
              [
                127.0517,
                37.5309
              ],
              [
                127.0521,
                37.5306
              ],
              [
                127.0537,
                37.5296
              ],
              [
                127.0562,
                37.5283
              ],
              [
                127.0642,
                37.5255
              ],
              [
                127.0654,
                37.5251
              ]
            ]
          ]
        ]
      },
      "properties": {
        "name": "강남구",
        "base_year": "2018",
        "name_eng": "Gangnam-gu",
        "code": "11230"
      }
    },
    {
      "type": "Feature",
      "geometry": {
        "type": "MultiPolygon",
        "coordinates": [
          [
            [
              [
                127.1234,
                37.5386
              ],
              [
                127.1214,
                37.5331
              ],
              [
                127.1214,
                37.5331
              ],
              [
                127.1193,
                37.5279
              ],
              [
                127.1287,
                37.5237
              ],
              [
                127.1339,
                37.5214
              ],
              [
                127.1384,
                37.5193
              ],
              [
                127.1386,
                37.5194
              ],
              [
                127.1408,
                37.5184
              ],
              [
                127.1425,
                37.5176
              ],
              [
                127.1451,
                37.5168
              ],
              [
                127.1453,
                37.5166
              ],
              [
                127.1454,
                37.5165
              ],
              [
                127.1454,
                37.5164
              ],
              [
                127.1454,
                37.5163
              ],
              [
                127.1454,
                37.5161
              ],
              [
                127.1449,
                37.5157
              ],
              [
                127.1448,
                37.5156
              ],
              [
                127.1446,
                37.5156
              ],
              [
                127.1434,
                37.5156
              ],
              [
                127.1421,
                37.5147
              ],
              [
                127.1402,
                37.5099
              ],
              [
                127.14,
                37.5086
              ],
              [
                127.14,
                37.5085
              ],
              [
                127.1403,
                37.5083
              ],
              [
                127.1414,
                37.5069
              ],
              [
                127.1415,
                37.5068
              ],
              [
                127.1415,
                37.5067
              ],
              [
                127.1415,
                37.5067
              ],
              [
                127.1413,
                37.5064
              ],
              [
                127.1412,
                37.5063
              ],
              [
                127.141,
                37.5062
              ],
              [
                127.1408,
                37.506
              ],
              [
                127.1411,
                37.5055
              ],
              [
                127.1422,
                37.5049
              ],
              [
                127.1434,
                37.5044
              ],
              [
                127.1439,
                37.5044
              ],
              [
                127.1441,
                37.5044
              ],
              [
                127.1455,
                37.5033
              ],
              [
                127.146,
                37.5032
              ],
              [
                127.1477,
                37.5032
              ],
              [
                127.1486,
                37.5037
              ],
              [
                127.149,
                37.504
              ],
              [
                127.1508,
                37.5041
              ],
              [
                127.1517,
                37.5034
              ],
              [
                127.1521,
                37.503
              ],
              [
                127.1532,
                37.5027
              ],
              [
                127.1564,
                37.5019
              ],
              [
                127.1566,
                37.5019
              ],
              [
                127.1577,
                37.5032
              ],
              [
                127.1589,
                37.5024
              ],
              [
                127.1605,
                37.5011
              ],
              [
                127.1612,
                37.5004
              ],
              [
                127.1614,
                37.5002
              ],
              [
                127.1614,
                37.5
              ],
              [
                127.1614,
                37.4997
              ],
              [
                127.1614,
                37.4995
              ],
              [
                127.1613,
                37.4994
              ],
              [
                127.1611,
                37.4993
              ],
              [
                127.1599,
                37.4957
              ],
              [
                127.16,
                37.4953
              ],
              [
                127.16,
                37.4947
              ],
              [
                127.16,
                37.4944
              ],
              [
                127.1597,
                37.4936
              ],
              [
                127.1597,
                37.4935
              ],
              [
                127.1597,
                37.4934
              ],
              [
                127.1595,
                37.4933
              ],
              [
                127.1593,
                37.4931
              ],
              [
                127.1576,
                37.4902
              ],
              [
                127.1576,
                37.4902
              ],
              [
                127.1574,
                37.4891
              ],
              [
                127.1504,
                37.4852
              ],
              [
                127.1502,
                37.4851
              ],
              [
                127.1499,
                37.4849
              ],
              [
                127.1487,
                37.484
              ],
              [
                127.1486,
                37.4839
              ],
              [
                127.1482,
                37.4834
              ],
              [
                127.1478,
                37.4826
              ],
              [
                127.1477,
                37.4824
              ],
              [
                127.1476,
                37.4823
              ],
              [
                127.1476,
                37.4822
              ],
              [
                127.1475,
                37.482
              ],
              [
                127.1475,
                37.4818
              ],
              [
                127.1475,
                37.4818
              ],
              [
                127.1475,
                37.4816
              ],
              [
                127.1474,
                37.4806
              ],
              [
                127.1473,
                37.4787
              ],
              [
                127.1472,
                37.4773
              ],
              [
                127.1471,
                37.4772
              ],
              [
                127.1458,
                37.4773
              ],
              [
                127.1458,
                37.4773
              ],
              [
                127.1458,
                37.4773
              ],
              [
                127.1444,
                37.4773
              ],
              [
                127.1436,
                37.4753
              ],
              [
                127.1436,
                37.4752
              ],
              [
                127.1436,
                37.4751
              ],
              [
                127.1436,
                37.475
              ],
              [
                127.1436,
                37.4747
              ],
              [
                127.1436,
                37.4746
              ],
              [
                127.1435,
                37.4739
              ],
              [
                127.1395,
                37.4741
              ],
              [
                127.1383,
                37.4741
              ],
              [
                127.1377,
                37.4741
              ],
              [
                127.1368,
                37.4742
              ],
              [
                127.1368,
                37.4742
              ],
              [
                127.1364,
                37.4742
              ],
              [
                127.1355,
                37.4742
              ],
              [
                127.1353,
                37.4743
              ],
              [
                127.1331,
                37.4746
              ],
              [
                127.1329,
                37.4746
              ],
              [
                127.1326,
                37.4724
              ],
              [
                127.1328,
                37.4692
              ],
              [
                127.1328,
                37.4692
              ],
              [
                127.1328,
                37.4684
              ],
              [
                127.1309,
                37.4678
              ],
              [
                127.1308,
                37.4677
              ],
              [
                127.1308,
                37.4677
              ],
              [
                127.1307,
                37.4677
              ],
              [
                127.1307,
                37.4677
              ],
              [
                127.1306,
                37.4677
              ],
              [
                127.1306,
                37.4677
              ],
              [
                127.1305,
                37.4677
              ],
              [
                127.1302,
                37.4678
              ],
              [
                127.1293,
                37.468
              ],
              [
                127.1293,
                37.468
              ],
              [
                127.1267,
                37.4686
              ],
              [
                127.1264,
                37.4688
              ],
              [
                127.126,
                37.4691
              ],
              [
                127.1257,
                37.4693
              ],
              [
                127.1255,
                37.4694
              ],
              [
                127.1254,
                37.4695
              ],
              [
                127.1253,
                37.4696
              ],
              [
                127.1252,
                37.4696
              ],
              [
                127.1251,
                37.4696
              ],
              [
                127.1249,
                37.4696
              ],
              [
                127.1249,
                37.4696
              ],
              [
                127.1249,
                37.4695
              ],
              [
                127.1249,
                37.4694
              ],
              [
                127.125,
                37.469
              ],
              [
                127.1252,
                37.4688
              ],
              [
                127.1252,
                37.4684
              ],
              [
                127.1252,
                37.4678
              ],
              [
                127.125,
                37.4672
              ],
              [
                127.1248,
                37.467
              ],
              [
                127.1248,
                37.4669
              ],
              [
                127.1245,
                37.4666
              ],
              [
                127.1242,
                37.4665
              ],
              [
                127.1242,
                37.4665
              ],
              [
                127.1234,
                37.4677
              ],
              [
                127.1208,
                37.4712
              ],
              [
                127.1197,
                37.4728
              ],
              [
                127.1174,
                37.4758
              ],
              [
                127.1166,
                37.4769
              ],
              [
                127.116,
                37.4776
              ],
              [
                127.1156,
                37.4782
              ],
              [
                127.1143,
                37.48
              ],
              [
                127.113,
                37.4817
              ],
              [
                127.1126,
                37.4822
              ],
              [
                127.1123,
                37.4828
              ],
              [
                127.112,
                37.4833
              ],
              [
                127.1117,
                37.4838
              ],
              [
                127.1079,
                37.489
              ],
              [
                127.1034,
                37.4928
              ],
              [
                127.1017,
                37.4936
              ],
              [
                127.0959,
                37.4963
              ],
              [
                127.0911,
                37.4977
              ],
              [
                127.0834,
                37.4999
              ],
              [
                127.0821,
                37.5004
              ],
              [
                127.0778,
                37.5018
              ],
              [
                127.077,
                37.5021
              ],
              [
                127.0761,
                37.5022
              ],
              [
                127.0749,
                37.5023
              ],
              [
                127.0739,
                37.5024
              ],
              [
                127.0736,
                37.5024
              ],
              [
                127.0735,
                37.5024
              ],
              [
                127.0722,
                37.5025
              ],
              [
                127.0698,
                37.5027
              ],
              [
                127.0698,
                37.5028
              ],
              [
                127.0697,
                37.5035
              ],
              [
                127.0696,
                37.5043
              ],
              [
                127.0694,
                37.5062
              ],
              [
                127.0693,
                37.5071
              ],
              [
                127.0692,
                37.5078
              ],
              [
                127.0689,
                37.5103
              ],
              [
                127.0688,
                37.5107
              ],
              [
                127.0687,
                37.5113
              ],
              [
                127.0686,
                37.5126
              ],
              [
                127.0684,
                37.5143
              ],
              [
                127.0679,
                37.5184
              ],
              [
                127.0677,
                37.5193
              ],
              [
                127.0677,
                37.5199
              ],
              [
                127.0676,
                37.5209
              ],
              [
                127.0675,
                37.5234
              ],
              [
                127.0675,
                37.5246
              ],
              [
                127.0724,
                37.5233
              ],
              [
                127.0743,
                37.5229
              ],
              [
                127.0769,
                37.5225
              ],
              [
                127.077,
                37.5225
              ],
              [
                127.08,
                37.5229
              ],
              [
                127.0856,
                37.5248
              ],
              [
                127.0875,
                37.5257
              ],
              [
                127.0898,
                37.5268
              ],
              [
                127.0913,
                37.528
              ],
              [
                127.0943,
                37.5303
              ],
              [
                127.102,
                37.5364
              ],
              [
                127.1041,
                37.5381
              ],
              [
                127.1083,
                37.5414
              ],
              [
                127.1092,
                37.5432
              ],
              [
                127.1092,
                37.5432
              ],
              [
                127.1093,
                37.5432
              ],
              [
                127.1117,
                37.5432
              ],
              [
                127.1131,
                37.5432
              ],
              [
                127.1131,
                37.5432
              ],
              [
                127.1131,
                37.5432
              ],
              [
                127.113,
                37.543
              ],
              [
                127.113,
                37.543
              ],
              [
                127.1133,
                37.5429
              ],
              [
                127.1145,
                37.5426
              ],
              [
                127.1165,
                37.542
              ],
              [
                127.1234,
                37.5386
              ]
            ]
          ]
        ]
      },
      "properties": {
        "name": "송파구",
        "base_year": "2018",
        "name_eng": "Songpa-gu",
        "code": "11240"
      }
    },
    {
      "type": "Feature",
      "geometry": {
        "type": "MultiPolygon",
        "coordinates": [
          [
            [
              [
                127.1767,
                37.5791
              ],
              [
                127.1756,
                37.5785
              ],
              [
                127.1754,
                37.5784
              ],
              [
                127.1754,
                37.5783
              ],
              [
                127.1754,
                37.5782
              ],
              [
                127.1754,
                37.5782
              ],
              [
                127.1754,
                37.5778
              ],
              [
                127.1753,
                37.5774
              ],
              [
                127.1753,
                37.5773
              ],
              [
                127.1753,
                37.5772
              ],
              [
                127.1757,
                37.5749
              ],
              [
                127.1757,
                37.5748
              ],
              [
                127.1761,
                37.5741
              ],
              [
                127.1761,
                37.5741
              ],
              [
                127.1763,
                37.574
              ],
              [
                127.1765,
                37.5738
              ],
              [
                127.1769,
                37.5733
              ],
              [
                127.1777,
                37.5722
              ],
              [
                127.1778,
                37.5721
              ],
              [
                127.1791,
                37.5691
              ],
              [
                127.1791,
                37.5691
              ],
              [
                127.1792,
                37.5689
              ],
              [
                127.1792,
                37.5689
              ],
              [
                127.1793,
                37.5683
              ],
              [
                127.1794,
                37.568
              ],
              [
                127.1794,
                37.5676
              ],
              [
                127.1795,
                37.5666
              ],
              [
                127.1802,
                37.5646
              ],
              [
                127.181,
                37.5633
              ],
              [
                127.1812,
                37.563
              ],
              [
                127.1813,
                37.5628
              ],
              [
                127.1815,
                37.5623
              ],
              [
                127.1819,
                37.5612
              ],
              [
                127.182,
                37.561
              ],
              [
                127.182,
                37.5604
              ],
              [
                127.182,
                37.5599
              ],
              [
                127.182,
                37.5599
              ],
              [
                127.182,
                37.5597
              ],
              [
                127.1818,
                37.5588
              ],
              [
                127.1817,
                37.558
              ],
              [
                127.1814,
                37.5533
              ],
              [
                127.1813,
                37.553
              ],
              [
                127.1814,
                37.5528
              ],
              [
                127.1816,
                37.5526
              ],
              [
                127.1817,
                37.5525
              ],
              [
                127.1829,
                37.5502
              ],
              [
                127.1828,
                37.5494
              ],
              [
                127.1827,
                37.5477
              ],
              [
                127.1827,
                37.5475
              ],
              [
                127.1828,
                37.5465
              ],
              [
                127.1828,
                37.5464
              ],
              [
                127.1835,
                37.5452
              ],
              [
                127.1817,
                37.5464
              ],
              [
                127.1813,
                37.5466
              ],
              [
                127.1799,
                37.5466
              ],
              [
                127.1793,
                37.5466
              ],
              [
                127.1761,
                37.5456
              ],
              [
                127.1757,
                37.5452
              ],
              [
                127.1754,
                37.5452
              ],
              [
                127.1746,
                37.5453
              ],
              [
                127.1745,
                37.5453
              ],
              [
                127.1743,
                37.5453
              ],
              [
                127.1739,
                37.5456
              ],
              [
                127.1716,
                37.5454
              ],
              [
                127.1652,
                37.5446
              ],
              [
                127.1632,
                37.545
              ],
              [
                127.1601,
                37.5415
              ],
              [
                127.1596,
                37.541
              ],
              [
                127.1567,
                37.5376
              ],
              [
                127.156,
                37.5373
              ],
              [
                127.154,
                37.5345
              ],
              [
                127.1536,
                37.5337
              ],
              [
                127.1537,
                37.5316
              ],
              [
                127.1535,
                37.5304
              ],
              [
                127.1532,
                37.5292
              ],
              [
                127.1532,
                37.5291
              ],
              [
                127.1495,
                37.525
              ],
              [
                127.1478,
                37.5221
              ],
              [
                127.1459,
                37.522
              ],
              [
                127.1458,
                37.5219
              ],
              [
                127.1448,
                37.5194
              ],
              [
                127.1451,
                37.5168
              ],
              [
                127.1425,
                37.5176
              ],
              [
                127.1408,
                37.5184
              ],
              [
                127.1386,
                37.5194
              ],
              [
                127.1384,
                37.5193
              ],
              [
                127.1339,
                37.5214
              ],
              [
                127.1287,
                37.5237
              ],
              [
                127.1193,
                37.5279
              ],
              [
                127.1214,
                37.5331
              ],
              [
                127.1214,
                37.5331
              ],
              [
                127.1234,
                37.5386
              ],
              [
                127.1165,
                37.542
              ],
              [
                127.1145,
                37.5426
              ],
              [
                127.1133,
                37.5429
              ],
              [
                127.113,
                37.543
              ],
              [
                127.113,
                37.543
              ],
              [
                127.1131,
                37.5432
              ],
              [
                127.1131,
                37.5432
              ],
              [
                127.1131,
                37.5432
              ],
              [
                127.1117,
                37.5432
              ],
              [
                127.1093,
                37.5432
              ],
              [
                127.1092,
                37.5432
              ],
              [
                127.1095,
                37.5436
              ],
              [
                127.1102,
                37.545
              ],
              [
                127.1106,
                37.5456
              ],
              [
                127.1115,
                37.5469
              ],
              [
                127.1115,
                37.5486
              ],
              [
                127.1115,
                37.5504
              ],
              [
                127.1141,
                37.5541
              ],
              [
                127.1141,
                37.5541
              ],
              [
                127.1142,
                37.5543
              ],
              [
                127.1145,
                37.555
              ],
              [
                127.1146,
                37.5554
              ],
              [
                127.1152,
                37.5568
              ],
              [
                127.1156,
                37.5577
              ],
              [
                127.1173,
                37.5594
              ],
              [
                127.1174,
                37.5595
              ],
              [
                127.123,
                37.5635
              ],
              [
                127.1281,
                37.5659
              ],
              [
                127.1286,
                37.5662
              ],
              [
                127.1309,
                37.5669
              ],
              [
                127.1338,
                37.5678
              ],
              [
                127.1343,
                37.568
              ],
              [
                127.1347,
                37.568
              ],
              [
                127.1377,
                37.5684
              ],
              [
                127.1456,
                37.5684
              ],
              [
                127.1489,
                37.5684
              ],
              [
                127.1512,
                37.5698
              ],
              [
                127.1532,
                37.571
              ],
              [
                127.155,
                37.572
              ],
              [
                127.1569,
                37.573
              ],
              [
                127.1608,
                37.5757
              ],
              [
                127.1615,
                37.576
              ],
              [
                127.162,
                37.5764
              ],
              [
                127.1626,
                37.5767
              ],
              [
                127.1667,
                37.579
              ],
              [
                127.1686,
                37.579
              ],
              [
                127.1686,
                37.579
              ],
              [
                127.1703,
                37.579
              ],
              [
                127.1718,
                37.5793
              ],
              [
                127.1743,
                37.58
              ],
              [
                127.1746,
                37.5801
              ],
              [
                127.1751,
                37.5803
              ],
              [
                127.1751,
                37.5803
              ],
              [
                127.1757,
                37.5806
              ],
              [
                127.1759,
                37.5807
              ],
              [
                127.176,
                37.5808
              ],
              [
                127.1764,
                37.581
              ],
              [
                127.1765,
                37.581
              ],
              [
                127.1772,
                37.5812
              ],
              [
                127.1771,
                37.5799
              ],
              [
                127.1771,
                37.5795
              ],
              [
                127.177,
                37.5794
              ],
              [
                127.1769,
                37.5793
              ],
              [
                127.1769,
                37.5793
              ],
              [
                127.1767,
                37.5791
              ],
              [
                127.1767,
                37.5791
              ]
            ]
          ]
        ]
      },
      "properties": {
        "name": "강동구",
        "base_year": "2018",
        "name_eng": "Gangdong-gu",
        "code": "11250"
      }
    }
  ]
}
