{
  "type": "FeatureCollection",
  "features": [
    {
      "type": "Feature",
      "geometry": {
        "type": "MultiPolygon",
        "coordinates": [
          [
            [
              [
                129.3341,
                35.5938
              ],
              [
                129.3344,
                35.5938
              ],
              [
                129.3345,
                35.5938
              ],
              [
                129.3349,
                35.5938
              ],
              [
                129.3352,
                35.5939
              ],
              [
                129.3356,
                35.594
              ],
              [
                129.336,
                35.5942
              ],
              [
                129.3366,
                35.5946
              ],
              [
                129.3367,
                35.5947
              ],
              [
                129.3369,
                35.5948
              ],
              [
                129.3383,
                35.5954
              ],
              [
                129.3387,
                35.5956
              ],
              [
                129.3392,
                35.5958
              ],
              [
                129.3393,
                35.5958
              ],
              [
                129.3407,
                35.596
              ],
              [
                129.3412,
                35.5961
              ],
              [
                129.3418,
                35.5962
              ],
              [
                129.3422,
                35.5962
              ],
              [
                129.3427,
                35.5962
              ],
              [
                129.3435,
                35.5962
              ],
              [
                129.3439,
                35.5962
              ],
              [
                129.3445,
                35.5961
              ],
              [
                129.3453,
                35.5961
              ],
              [
                129.3457,
                35.596
              ],
              [
                129.3484,
                35.5953
              ],
              [
                129.3487,
                35.5919
              ],
              [
                129.3487,
                35.5914
              ],
              [
                129.3487,
                35.5906
              ],
              [
                129.3487,
                35.59
              ],
              [
                129.3486,
                35.5888
              ],
              [
                129.3482,
                35.5888
              ],
              [
                129.3482,
                35.5856
              ],
              [
                129.3485,
                35.5827
              ],
              [
                129.3487,
                35.582
              ],
              [
                129.3487,
                35.5817
              ],
              [
                129.3488,
                35.5814
              ],
              [
                129.3489,
                35.581
              ],
              [
                129.3492,
                35.5801
              ],
              [
                129.351,
                35.5774
              ],
              [
                129.3523,
                35.5728
              ],
              [
                129.3521,
                35.5708
              ],
              [
                129.352,
                35.5685
              ],
              [
                129.352,
                35.5683
              ],
              [
                129.352,
                35.5682
              ],
              [
                129.352,
                35.5681
              ],
              [
                129.3522,
                35.5674
              ],
              [
                129.3522,
                35.5674
              ],
              [
                129.3523,
                35.5671
              ],
              [
                129.3523,
                35.5669
              ],
              [
                129.3523,
                35.5669
              ],
              [
                129.3527,
                35.5663
              ],
              [
                129.353,
                35.5656
              ],
              [
                129.3531,
                35.5654
              ],
              [
                129.3537,
                35.5626
              ],
              [
                129.3536,
                35.5619
              ],
              [
                129.3535,
                35.5615
              ],
              [
                129.3533,
                35.5606
              ],
              [
                129.3532,
                35.5603
              ],
              [
                129.3524,
                35.5598
              ],
              [
                129.3522,
                35.5597
              ],
              [
                129.3515,
                35.5594
              ],
              [
                129.3514,
                35.5593
              ],
              [
                129.3512,
                35.5593
              ],
              [
                129.3511,
                35.5592
              ],
              [
                129.3508,
                35.5591
              ],
              [
                129.3504,
                35.559
              ],
              [
                129.3502,
                35.5589
              ],
              [
                129.3501,
                35.5588
              ],
              [
                129.3499,
                35.5587
              ],
              [
                129.3498,
                35.5587
              ],
              [
                129.3496,
                35.5584
              ],
              [
                129.3493,
                35.5579
              ],
              [
                129.3503,
                35.5532
              ],
              [
                129.351,
                35.5505
              ],
              [
                129.35,
                35.5495
              ],
              [
                129.3482,
                35.5498
              ],
              [
                129.3481,
                35.5494
              ],
              [
                129.3481,
                35.5492
              ],
              [
                129.3472,
                35.5495
              ],
              [
                129.347,
                35.5496
              ],
              [
                129.3464,
                35.5497
              ],
              [
                129.3463,
                35.5497
              ],
              [
                129.3461,
                35.5497
              ],
              [
                129.3447,
                35.5495
              ],
              [
                129.3438,
                35.5494
              ],
              [
                129.3429,
                35.5492
              ],
              [
                129.3429,
                35.5492
              ],
              [
                129.3425,
                35.5491
              ],
              [
                129.342,
                35.549
              ],
              [
                129.3404,
                35.5491
              ],
              [
                129.3395,
                35.5493
              ],
              [
                129.3382,
                35.5494
              ],
              [
                129.3314,
                35.5504
              ],
              [
                129.3313,
                35.5504
              ],
              [
                129.3309,
                35.5502
              ],
              [
                129.3307,
                35.5502
              ],
              [
                129.3274,
                35.5497
              ],
              [
                129.3271,
                35.5497
              ],
              [
                129.3264,
                35.5496
              ],
              [
                129.326,
                35.5496
              ],
              [
                129.3254,
                35.5496
              ],
              [
                129.3229,
                35.5498
              ],
              [
                129.3228,
                35.5498
              ],
              [
                129.322,
                35.5499
              ],
              [
                129.3168,
                35.5504
              ],
              [
                129.3086,
                35.5524
              ],
              [
                129.3086,
                35.5524
              ],
              [
                129.3074,
                35.5528
              ],
              [
                129.3073,
                35.5528
              ],
              [
                129.3072,
                35.5529
              ],
              [
                129.3071,
                35.5529
              ],
              [
                129.3069,
                35.5529
              ],
              [
                129.3067,
                35.5529
              ],
              [
                129.3064,
                35.5529
              ],
              [
                129.3059,
                35.5528
              ],
              [
                129.3057,
                35.5528
              ],
              [
                129.3055,
                35.5528
              ],
              [
                129.3053,
                35.5527
              ],
              [
                129.3052,
                35.5526
              ],
              [
                129.305,
                35.5526
              ],
              [
                129.3049,
                35.5525
              ],
              [
                129.3048,
                35.5524
              ],
              [
                129.3045,
                35.5523
              ],
              [
                129.3044,
                35.5522
              ],
              [
                129.3032,
                35.5514
              ],
              [
                129.3031,
                35.5511
              ],
              [
                129.303,
                35.5509
              ],
              [
                129.303,
                35.5505
              ],
              [
                129.3031,
                35.5496
              ],
              [
                129.3031,
                35.5491
              ],
              [
                129.3031,
                35.5488
              ],
              [
                129.3031,
                35.5486
              ],
              [
                129.3032,
                35.5482
              ],
              [
                129.3032,
                35.5481
              ],
              [
                129.3032,
                35.5479
              ],
              [
                129.3032,
                35.5478
              ],
              [
                129.3033,
                35.5471
              ],
              [
                129.3033,
                35.5469
              ],
              [
                129.3028,
                35.5465
              ],
              [
                129.3017,
                35.5458
              ],
              [
                129.3016,
                35.5457
              ],
              [
                129.3012,
                35.5456
              ],
              [
                129.2996,
                35.5453
              ],
              [
                129.299,
                35.5452
              ],
              [
                129.2969,
                35.5449
              ],
              [
                129.2959,
                35.5449
              ],
              [
                129.2955,
                35.545
              ],
              [
                129.2953,
                35.545
              ],
              [
                129.2949,
                35.5451
              ],
              [
                129.2947,
                35.5452
              ],
              [
                129.2947,
                35.5452
              ],
              [
                129.2947,
                35.5452
              ],
              [
                129.2922,
                35.546
              ],
              [
                129.2921,
                35.5461
              ],
              [
                129.292,
                35.5461
              ],
              [
                129.2918,
                35.5462
              ],
              [
                129.2917,
                35.5463
              ],
              [
                129.2915,
                35.5464
              ],
              [
                129.2902,
                35.5475
              ],
              [
                129.2899,
                35.5478
              ],
              [
                129.2897,
                35.548
              ],
              [
                129.2894,
                35.5486
              ],
              [
                129.2894,
                35.5486
              ],
              [
                129.2894,
                35.5486
              ],
              [
                129.2893,
                35.5488
              ],
              [
                129.2893,
                35.5488
              ],
              [
                129.2892,
                35.549
              ],
              [
                129.289,
                35.5491
              ],
              [
                129.2885,
                35.5496
              ],
              [
                129.2883,
                35.5497
              ],
              [
                129.2882,
                35.5498
              ],
              [
                129.2879,
                35.5499
              ],
              [
                129.2878,
                35.55
              ],
              [
                129.2878,
                35.55
              ],
              [
                129.2874,
                35.5502
              ],
              [
                129.2804,
                35.5532
              ],
              [
                129.2803,
                35.5532
              ],
              [
                129.2803,
                35.5532
              ],
              [
                129.2801,
                35.5532
              ],
              [
                129.2801,
                35.5532
              ],
              [
                129.2796,
                35.5534
              ],
              [
                129.2796,
                35.5534
              ],
              [
                129.2784,
                35.5536
              ],
              [
                129.2752,
                35.5541
              ],
              [
                129.2751,
                35.5541
              ],
              [
                129.2749,
                35.5541
              ],
              [
                129.2746,
                35.5541
              ],
              [
                129.2743,
                35.5541
              ],
              [
                129.274,
                35.5539
              ],
              [
                129.2738,
                35.5538
              ],
              [
                129.2735,
                35.5537
              ],
              [
                129.2735,
                35.5537
              ],
              [
                129.2732,
                35.5536
              ],
              [
                129.2727,
                35.5535
              ],
              [
                129.2726,
                35.5534
              ],
              [
                129.2722,
                35.5534
              ],
              [
                129.272,
                35.5534
              ],
              [
                129.2717,
                35.5534
              ],
              [
                129.2708,
                35.5534
              ],
              [
                129.2707,
                35.5535
              ],
              [
                129.2705,
                35.5535
              ],
              [
                129.2704,
                35.5536
              ],
              [
                129.2697,
                35.5538
              ],
              [
                129.2688,
                35.5543
              ],
              [
                129.2686,
                35.5544
              ],
              [
                129.2681,
                35.5546
              ],
              [
                129.2678,
                35.5548
              ],
              [
                129.2674,
                35.5552
              ],
              [
                129.2672,
                35.5553
              ],
              [
                129.2669,
                35.5556
              ],
              [
                129.2669,
                35.5556
              ],
              [
                129.2667,
                35.5558
              ],
              [
                129.2667,
                35.5558
              ],
              [
                129.2664,
                35.5561
              ],
              [
                129.2658,
                35.5568
              ],
              [
                129.2656,
                35.5569
              ],
              [
                129.2653,
                35.5574
              ],
              [
                129.2629,
                35.5602
              ],
              [
                129.2628,
                35.5603
              ],
              [
                129.2625,
                35.5605
              ],
              [
                129.2624,
                35.5607
              ],
              [
                129.2622,
                35.5608
              ],
              [
                129.2622,
                35.5608
              ],
              [
                129.2618,
                35.5611
              ],
              [
                129.2616,
                35.5612
              ],
              [
                129.2612,
                35.5613
              ],
              [
                129.2609,
                35.5614
              ],
              [
                129.2607,
                35.5614
              ],
              [
                129.2605,
                35.5614
              ],
              [
                129.2604,
                35.5614
              ],
              [
                129.2598,
                35.5614
              ],
              [
                129.2594,
                35.5615
              ],
              [
                129.2589,
                35.5615
              ],
              [
                129.2588,
                35.5627
              ],
              [
                129.2582,
                35.5657
              ],
              [
                129.2579,
                35.5663
              ],
              [
                129.2575,
                35.5665
              ],
              [
                129.257,
                35.5667
              ],
              [
                129.2569,
                35.567
              ],
              [
                129.2568,
                35.5671
              ],
              [
                129.2578,
                35.5739
              ],
              [
                129.2585,
                35.5744
              ],
              [
                129.2597,
                35.5743
              ],
              [
                129.2597,
                35.5747
              ],
              [
                129.2592,
                35.5776
              ],
              [
                129.2588,
                35.5783
              ],
              [
                129.258,
                35.5787
              ],
              [
                129.2568,
                35.5786
              ],
              [
                129.2554,
                35.5801
              ],
              [
                129.2548,
                35.582
              ],
              [
                129.255,
                35.5826
              ],
              [
                129.2552,
                35.5831
              ],
              [
                129.2555,
                35.5836
              ],
              [
                129.2541,
                35.5882
              ],
              [
                129.2532,
                35.5884
              ],
              [
                129.2526,
                35.5893
              ],
              [
                129.2526,
                35.5897
              ],
              [
                129.2526,
                35.5901
              ],
              [
                129.2526,
                35.5901
              ],
              [
                129.2527,
                35.5903
              ],
              [
                129.2534,
                35.5902
              ],
              [
                129.2534,
                35.5901
              ],
              [
                129.255,
                35.5895
              ],
              [
                129.2559,
                35.5899
              ],
              [
                129.2567,
                35.5896
              ],
              [
                129.2571,
                35.5894
              ],
              [
                129.2578,
                35.5888
              ],
              [
                129.2586,
                35.5881
              ],
              [
                129.2595,
                35.5875
              ],
              [
                129.2649,
                35.5857
              ],
              [
                129.2675,
                35.5871
              ],
              [
                129.2677,
                35.5872
              ],
              [
                129.2705,
                35.5874
              ],
              [
                129.2706,
                35.5874
              ],
              [
                129.271,
                35.5873
              ],
              [
                129.2811,
                35.5848
              ],
              [
                129.2831,
                35.5841
              ],
              [
                129.2831,
                35.5838
              ],
              [
                129.2831,
                35.5838
              ],
              [
                129.283,
                35.5839
              ],
              [
                129.2818,
                35.584
              ],
              [
                129.2808,
                35.5811
              ],
              [
                129.2842,
                35.5786
              ],
              [
                129.2846,
                35.5783
              ],
              [
                129.2856,
                35.5779
              ],
              [
                129.2857,
                35.5779
              ],
              [
                129.2867,
                35.5779
              ],
              [
                129.2889,
                35.5779
              ],
              [
                129.2916,
                35.578
              ],
              [
                129.2945,
                35.5761
              ],
              [
                129.2941,
                35.5766
              ],
              [
                129.2923,
                35.5817
              ],
              [
                129.2921,
                35.5821
              ],
              [
                129.2922,
                35.5822
              ],
              [
                129.2922,
                35.5822
              ],
              [
                129.2927,
                35.5837
              ],
              [
                129.2931,
                35.584
              ],
              [
                129.2935,
                35.5844
              ],
              [
                129.2937,
                35.585
              ],
              [
                129.2939,
                35.5854
              ],
              [
                129.2935,
                35.5863
              ],
              [
                129.2934,
                35.5864
              ],
              [
                129.2911,
                35.5913
              ],
              [
                129.2904,
                35.5933
              ],
              [
                129.2914,
                35.5927
              ],
              [
                129.2915,
                35.5927
              ],
              [
                129.2937,
                35.5923
              ],
              [
                129.2941,
                35.5923
              ],
              [
                129.2948,
                35.5924
              ],
              [
                129.2951,
                35.5925
              ],
              [
                129.2952,
                35.5926
              ],
              [
                129.2954,
                35.5928
              ],
              [
                129.2955,
                35.5929
              ],
              [
                129.2955,
                35.593
              ],
              [
                129.2955,
                35.593
              ],
              [
                129.2955,
                35.5931
              ],
              [
                129.2961,
                35.5936
              ],
              [
                129.2962,
                35.5937
              ],
              [
                129.2962,
                35.5937
              ],
              [
                129.2976,
                35.5942
              ],
              [
                129.2978,
                35.5943
              ],
              [
                129.2979,
                35.5943
              ],
              [
                129.2992,
                35.5943
              ],
              [
                129.2995,
                35.5943
              ],
              [
                129.3006,
                35.5943
              ],
              [
                129.3009,
                35.5943
              ],
              [
                129.3031,
                35.5942
              ],
              [
                129.3036,
                35.5941
              ],
              [
                129.3037,
                35.5941
              ],
              [
                129.3038,
                35.594
              ],
              [
                129.305,
                35.5918
              ],
              [
                129.305,
                35.5918
              ],
              [
                129.305,
                35.5917
              ],
              [
                129.305,
                35.5917
              ],
              [
                129.305,
                35.5916
              ],
              [
                129.3058,
                35.5904
              ],
              [
                129.3059,
                35.5902
              ],
              [
                129.3073,
                35.5891
              ],
              [
                129.3074,
                35.5891
              ],
              [
                129.3096,
                35.589
              ],
              [
                129.3097,
                35.5891
              ],
              [
                129.31,
                35.5891
              ],
              [
                129.3103,
                35.5892
              ],
              [
                129.3105,
                35.5893
              ],
              [
                129.311,
                35.5897
              ],
              [
                129.3114,
                35.5901
              ],
              [
                129.3116,
                35.5904
              ],
              [
                129.3119,
                35.5907
              ],
              [
                129.3121,
                35.591
              ],
              [
                129.3124,
                35.5912
              ],
              [
                129.3145,
                35.5927
              ],
              [
                129.3148,
                35.5928
              ],
              [
                129.3174,
                35.5943
              ],
              [
                129.3176,
                35.5943
              ],
              [
                129.3179,
                35.5942
              ],
              [
                129.3182,
                35.5941
              ],
              [
                129.3185,
                35.594
              ],
              [
                129.3189,
                35.5939
              ],
              [
                129.3194,
                35.5939
              ],
              [
                129.3196,
                35.5939
              ],
              [
                129.3209,
                35.5944
              ],
              [
                129.3211,
                35.5945
              ],
              [
                129.3212,
                35.5946
              ],
              [
                129.3215,
                35.5949
              ],
              [
                129.3221,
                35.5954
              ],
              [
                129.3222,
                35.5956
              ],
              [
                129.3222,
                35.5956
              ],
              [
                129.3223,
                35.5957
              ],
              [
                129.3224,
                35.5962
              ],
              [
                129.3224,
                35.5964
              ],
              [
                129.3224,
                35.5966
              ],
              [
                129.3224,
                35.597
              ],
              [
                129.3224,
                35.5971
              ],
              [
                129.3223,
                35.5973
              ],
              [
                129.3224,
                35.5976
              ],
              [
                129.3224,
                35.5976
              ],
              [
                129.3225,
                35.5978
              ],
              [
                129.3228,
                35.5982
              ],
              [
                129.3236,
                35.5985
              ],
              [
                129.324,
                35.5986
              ],
              [
                129.331,
                35.5991
              ],
              [
                129.3312,
                35.5991
              ],
              [
                129.3314,
                35.5991
              ],
              [
                129.3317,
                35.5989
              ],
              [
                129.3317,
                35.5988
              ],
              [
                129.3319,
                35.5979
              ],
              [
                129.3319,
                35.5977
              ],
              [
                129.3311,
                35.5966
              ],
              [
                129.3309,
                35.5961
              ],
              [
                129.331,
                35.5957
              ],
              [
                129.3312,
                35.5955
              ],
              [
                129.3317,
                35.5952
              ],
              [
                129.3322,
                35.5948
              ],
              [
                129.3324,
                35.5946
              ],
              [
                129.3326,
                35.5945
              ],
              [
                129.3332,
                35.5942
              ],
              [
                129.3334,
                35.5941
              ],
              [
                129.3341,
                35.5938
              ]
            ]
          ]
        ]
      },
      "properties": {
        "name": "중구",
        "base_year": "2018",
        "name_eng": "Jung-gu",
        "code": "26010"
      }
    },
    {
      "type": "Feature",
      "geometry": {
        "type": "MultiPolygon",
        "coordinates": [
          [
            [
              [
                129.2664,
                35.5561
              ],
              [
                129.2667,
                35.5558
              ],
              [
                129.2667,
                35.5558
              ],
              [
                129.2669,
                35.5556
              ],
              [
                129.2669,
                35.5556
              ],
              [
                129.2672,
                35.5553
              ],
              [
                129.2674,
                35.5552
              ],
              [
                129.2678,
                35.5548
              ],
              [
                129.2681,
                35.5546
              ],
              [
                129.2686,
                35.5544
              ],
              [
                129.2688,
                35.5543
              ],
              [
                129.2697,
                35.5538
              ],
              [
                129.2704,
                35.5536
              ],
              [
                129.2705,
                35.5535
              ],
              [
                129.2707,
                35.5535
              ],
              [
                129.2708,
                35.5534
              ],
              [
                129.2717,
                35.5534
              ],
              [
                129.272,
                35.5534
              ],
              [
                129.2722,
                35.5534
              ],
              [
                129.2726,
                35.5534
              ],
              [
                129.2727,
                35.5535
              ],
              [
                129.2732,
                35.5536
              ],
              [
                129.2735,
                35.5537
              ],
              [
                129.2735,
                35.5537
              ],
              [
                129.2738,
                35.5538
              ],
              [
                129.274,
                35.5539
              ],
              [
                129.2743,
                35.5541
              ],
              [
                129.2746,
                35.5541
              ],
              [
                129.2749,
                35.5541
              ],
              [
                129.2751,
                35.5541
              ],
              [
                129.2752,
                35.5541
              ],
              [
                129.2784,
                35.5536
              ],
              [
                129.2796,
                35.5534
              ],
              [
                129.2796,
                35.5534
              ],
              [
                129.2801,
                35.5532
              ],
              [
                129.2801,
                35.5532
              ],
              [
                129.2803,
                35.5532
              ],
              [
                129.2803,
                35.5532
              ],
              [
                129.2804,
                35.5532
              ],
              [
                129.2874,
                35.5502
              ],
              [
                129.2878,
                35.55
              ],
              [
                129.2878,
                35.55
              ],
              [
                129.2879,
                35.5499
              ],
              [
                129.2882,
                35.5498
              ],
              [
                129.2883,
                35.5497
              ],
              [
                129.2885,
                35.5496
              ],
              [
                129.289,
                35.5491
              ],
              [
                129.2892,
                35.549
              ],
              [
                129.2893,
                35.5488
              ],
              [
                129.2893,
                35.5488
              ],
              [
                129.2894,
                35.5486
              ],
              [
                129.2894,
                35.5486
              ],
              [
                129.2894,
                35.5486
              ],
              [
                129.2897,
                35.548
              ],
              [
                129.2899,
                35.5478
              ],
              [
                129.2902,
                35.5475
              ],
              [
                129.2915,
                35.5464
              ],
              [
                129.2917,
                35.5463
              ],
              [
                129.2918,
                35.5462
              ],
              [
                129.292,
                35.5461
              ],
              [
                129.2921,
                35.5461
              ],
              [
                129.2922,
                35.546
              ],
              [
                129.2947,
                35.5452
              ],
              [
                129.2947,
                35.5452
              ],
              [
                129.2947,
                35.5452
              ],
              [
                129.2949,
                35.5451
              ],
              [
                129.2953,
                35.545
              ],
              [
                129.2955,
                35.545
              ],
              [
                129.2959,
                35.5449
              ],
              [
                129.2969,
                35.5449
              ],
              [
                129.299,
                35.5452
              ],
              [
                129.2996,
                35.5453
              ],
              [
                129.3012,
                35.5456
              ],
              [
                129.3016,
                35.5457
              ],
              [
                129.3017,
                35.5458
              ],
              [
                129.3028,
                35.5465
              ],
              [
                129.3033,
                35.5469
              ],
              [
                129.3033,
                35.5471
              ],
              [
                129.3032,
                35.5478
              ],
              [
                129.3032,
                35.5479
              ],
              [
                129.3032,
                35.5481
              ],
              [
                129.3032,
                35.5482
              ],
              [
                129.3031,
                35.5486
              ],
              [
                129.3031,
                35.5488
              ],
              [
                129.3031,
                35.5491
              ],
              [
                129.3031,
                35.5496
              ],
              [
                129.303,
                35.5505
              ],
              [
                129.303,
                35.5509
              ],
              [
                129.3031,
                35.5511
              ],
              [
                129.3032,
                35.5514
              ],
              [
                129.3044,
                35.5522
              ],
              [
                129.3045,
                35.5523
              ],
              [
                129.3048,
                35.5524
              ],
              [
                129.3049,
                35.5525
              ],
              [
                129.305,
                35.5526
              ],
              [
                129.3052,
                35.5526
              ],
              [
                129.3053,
                35.5527
              ],
              [
                129.3055,
                35.5528
              ],
              [
                129.3057,
                35.5528
              ],
              [
                129.3059,
                35.5528
              ],
              [
                129.3064,
                35.5529
              ],
              [
                129.3067,
                35.5529
              ],
              [
                129.3069,
                35.5529
              ],
              [
                129.3071,
                35.5529
              ],
              [
                129.3072,
                35.5529
              ],
              [
                129.3073,
                35.5528
              ],
              [
                129.3074,
                35.5528
              ],
              [
                129.3086,
                35.5524
              ],
              [
                129.3086,
                35.5524
              ],
              [
                129.3168,
                35.5504
              ],
              [
                129.322,
                35.5499
              ],
              [
                129.3228,
                35.5498
              ],
              [
                129.3229,
                35.5498
              ],
              [
                129.3254,
                35.5496
              ],
              [
                129.326,
                35.5496
              ],
              [
                129.3264,
                35.5496
              ],
              [
                129.3271,
                35.5497
              ],
              [
                129.3274,
                35.5497
              ],
              [
                129.3307,
                35.5502
              ],
              [
                129.3309,
                35.5502
              ],
              [
                129.3313,
                35.5504
              ],
              [
                129.3314,
                35.5504
              ],
              [
                129.3382,
                35.5494
              ],
              [
                129.3395,
                35.5493
              ],
              [
                129.3404,
                35.5491
              ],
              [
                129.342,
                35.549
              ],
              [
                129.3425,
                35.5491
              ],
              [
                129.3429,
                35.5492
              ],
              [
                129.3429,
                35.5492
              ],
              [
                129.3438,
                35.5494
              ],
              [
                129.3447,
                35.5495
              ],
              [
                129.3461,
                35.5497
              ],
              [
                129.3463,
                35.5497
              ],
              [
                129.3464,
                35.5497
              ],
              [
                129.347,
                35.5496
              ],
              [
                129.3472,
                35.5495
              ],
              [
                129.3481,
                35.5492
              ],
              [
                129.3509,
                35.5479
              ],
              [
                129.355,
                35.5466
              ],
              [
                129.3565,
                35.5462
              ],
              [
                129.3581,
                35.5457
              ],
              [
                129.359,
                35.5454
              ],
              [
                129.3632,
                35.544
              ],
              [
                129.3643,
                35.5432
              ],
              [
                129.3645,
                35.543
              ],
              [
                129.3645,
                35.543
              ],
              [
                129.3665,
                35.5424
              ],
              [
                129.367,
                35.5416
              ],
              [
                129.3676,
                35.5407
              ],
              [
                129.3677,
                35.5406
              ],
              [
                129.3678,
                35.5405
              ],
              [
                129.3683,
                35.54
              ],
              [
                129.3684,
                35.54
              ],
              [
                129.3691,
                35.5394
              ],
              [
                129.3692,
                35.5394
              ],
              [
                129.3694,
                35.5393
              ],
              [
                129.3705,
                35.5388
              ],
              [
                129.3709,
                35.5387
              ],
              [
                129.3715,
                35.5386
              ],
              [
                129.3716,
                35.5386
              ],
              [
                129.3719,
                35.5386
              ],
              [
                129.3721,
                35.5386
              ],
              [
                129.3722,
                35.5386
              ],
              [
                129.3724,
                35.5386
              ],
              [
                129.3725,
                35.5386
              ],
              [
                129.3728,
                35.5387
              ],
              [
                129.3732,
                35.5389
              ],
              [
                129.3734,
                35.539
              ],
              [
                129.3736,
                35.5391
              ],
              [
                129.3743,
                35.5394
              ],
              [
                129.3746,
                35.5395
              ],
              [
                129.3765,
                35.5382
              ],
              [
                129.3766,
                35.538
              ],
              [
                129.3776,
                35.5284
              ],
              [
                129.3768,
                35.5284
              ],
              [
                129.3756,
                35.5289
              ],
              [
                129.375,
                35.5286
              ],
              [
                129.3731,
                35.525
              ],
              [
                129.3724,
                35.5236
              ],
              [
                129.3741,
                35.5231
              ],
              [
                129.375,
                35.5228
              ],
              [
                129.376,
                35.5224
              ],
              [
                129.3758,
                35.5217
              ],
              [
                129.3756,
                35.5211
              ],
              [
                129.3755,
                35.5207
              ],
              [
                129.3752,
                35.5196
              ],
              [
                129.375,
                35.5176
              ],
              [
                129.375,
                35.5176
              ],
              [
                129.3798,
                35.5171
              ],
              [
                129.3819,
                35.5168
              ],
              [
                129.3858,
                35.5164
              ],
              [
                129.3858,
                35.5164
              ],
              [
                129.3858,
                35.5164
              ],
              [
                129.3859,
                35.5145
              ],
              [
                129.386,
                35.512
              ],
              [
                129.3861,
                35.5108
              ],
              [
                129.3861,
                35.5098
              ],
              [
                129.3874,
                35.5052
              ],
              [
                129.3877,
                35.5042
              ],
              [
                129.3874,
                35.5019
              ],
              [
                129.3868,
                35.5011
              ],
              [
                129.3864,
                35.5009
              ],
              [
                129.3857,
                35.5008
              ],
              [
                129.3856,
                35.5008
              ],
              [
                129.3855,
                35.5008
              ],
              [
                129.3851,
                35.5009
              ],
              [
                129.385,
                35.5009
              ],
              [
                129.3849,
                35.5009
              ],
              [
                129.3848,
                35.5009
              ],
              [
                129.3847,
                35.501
              ],
              [
                129.3844,
                35.5011
              ],
              [
                129.3804,
                35.5026
              ],
              [
                129.3804,
                35.5026
              ],
              [
                129.3756,
                35.5016
              ],
              [
                129.3726,
                35.5009
              ],
              [
                129.3723,
                35.5009
              ],
              [
                129.3716,
                35.5009
              ],
              [
                129.3714,
                35.5009
              ],
              [
                129.37,
                35.501
              ],
              [
                129.3671,
                35.503
              ],
              [
                129.3665,
                35.5037
              ],
              [
                129.3651,
                35.505
              ],
              [
                129.3638,
                35.5054
              ],
              [
                129.3632,
                35.5042
              ],
              [
                129.365,
                35.5011
              ],
              [
                129.3675,
                35.498
              ],
              [
                129.3676,
                35.4979
              ],
              [
                129.3713,
                35.4977
              ],
              [
                129.3733,
                35.4981
              ],
              [
                129.3755,
                35.4999
              ],
              [
                129.3755,
                35.5
              ],
              [
                129.3755,
                35.5
              ],
              [
                129.3756,
                35.5
              ],
              [
                129.3757,
                35.5
              ],
              [
                129.3759,
                35.5001
              ],
              [
                129.376,
                35.5001
              ],
              [
                129.3791,
                35.4999
              ],
              [
                129.3792,
                35.4999
              ],
              [
                129.3793,
                35.4999
              ],
              [
                129.3793,
                35.4999
              ],
              [
                129.3793,
                35.4999
              ],
              [
                129.3793,
                35.4999
              ],
              [
                129.3836,
                35.4944
              ],
              [
                129.3868,
                35.4897
              ],
              [
                129.3882,
                35.4884
              ],
              [
                129.3905,
                35.4863
              ],
              [
                129.3909,
                35.486
              ],
              [
                129.3908,
                35.485
              ],
              [
                129.3908,
                35.4845
              ],
              [
                129.3907,
                35.4805
              ],
              [
                129.3907,
                35.4801
              ],
              [
                129.3907,
                35.48
              ],
              [
                129.3907,
                35.4797
              ],
              [
                129.3908,
                35.4795
              ],
              [
                129.391,
                35.4793
              ],
              [
                129.3911,
                35.4793
              ],
              [
                129.3911,
                35.4793
              ],
              [
                129.3911,
                35.4784
              ],
              [
                129.3911,
                35.4783
              ],
              [
                129.391,
                35.4783
              ],
              [
                129.3909,
                35.4783
              ],
              [
                129.3904,
                35.4787
              ],
              [
                129.3904,
                35.4793
              ],
              [
                129.3904,
                35.4834
              ],
              [
                129.3904,
                35.4841
              ],
              [
                129.3904,
                35.4848
              ],
              [
                129.3904,
                35.4855
              ],
              [
                129.3904,
                35.4856
              ],
              [
                129.3904,
                35.4861
              ],
              [
                129.3889,
                35.4875
              ],
              [
                129.3888,
                35.4875
              ],
              [
                129.3884,
                35.4872
              ],
              [
                129.3857,
                35.4849
              ],
              [
                129.3858,
                35.4832
              ],
              [
                129.3859,
                35.4819
              ],
              [
                129.3858,
                35.4817
              ],
              [
                129.3858,
                35.4817
              ],
              [
                129.384,
                35.4809
              ],
              [
                129.3838,
                35.4808
              ],
              [
                129.384,
                35.4782
              ],
              [
                129.3841,
                35.4775
              ],
              [
                129.3842,
                35.476
              ],
              [
                129.3809,
                35.4717
              ],
              [
                129.3808,
                35.4716
              ],
              [
                129.3808,
                35.4716
              ],
              [
                129.3807,
                35.4715
              ],
              [
                129.3806,
                35.4715
              ],
              [
                129.3804,
                35.4715
              ],
              [
                129.3803,
                35.4715
              ],
              [
                129.3802,
                35.4715
              ],
              [
                129.3801,
                35.4715
              ],
              [
                129.3801,
                35.4716
              ],
              [
                129.3795,
                35.4718
              ],
              [
                129.3785,
                35.4724
              ],
              [
                129.3785,
                35.4724
              ],
              [
                129.3783,
                35.4724
              ],
              [
                129.3754,
                35.4707
              ],
              [
                129.3745,
                35.47
              ],
              [
                129.3744,
                35.47
              ],
              [
                129.3744,
                35.47
              ],
              [
                129.3744,
                35.4699
              ],
              [
                129.3744,
                35.4699
              ],
              [
                129.3744,
                35.4699
              ],
              [
                129.3743,
                35.4696
              ],
              [
                129.3742,
                35.4696
              ],
              [
                129.3742,
                35.4696
              ],
              [
                129.3742,
                35.4683
              ],
              [
                129.3757,
                35.4668
              ],
              [
                129.3774,
                35.4659
              ],
              [
                129.377,
                35.4653
              ],
              [
                129.3761,
                35.4641
              ],
              [
                129.3748,
                35.4624
              ],
              [
                129.3742,
                35.4621
              ],
              [
                129.3731,
                35.4625
              ],
              [
                129.369,
                35.4639
              ],
              [
                129.3684,
                35.4641
              ],
              [
                129.3683,
                35.4641
              ],
              [
                129.3682,
                35.4642
              ],
              [
                129.368,
                35.4642
              ],
              [
                129.3657,
                35.4627
              ],
              [
                129.365,
                35.4622
              ],
              [
                129.363,
                35.4604
              ],
              [
                129.363,
                35.4603
              ],
              [
                129.3649,
                35.4595
              ],
              [
                129.3663,
                35.459
              ],
              [
                129.3704,
                35.4576
              ],
              [
                129.3704,
                35.4576
              ],
              [
                129.3704,
                35.4576
              ],
              [
                129.3688,
                35.4545
              ],
              [
                129.3687,
                35.4542
              ],
              [
                129.3551,
                35.459
              ],
              [
                129.3545,
                35.4592
              ],
              [
                129.3543,
                35.4594
              ],
              [
                129.353,
                35.4608
              ],
              [
                129.3524,
                35.4622
              ],
              [
                129.3524,
                35.4622
              ],
              [
                129.3524,
                35.4623
              ],
              [
                129.3524,
                35.4623
              ],
              [
                129.3525,
                35.4623
              ],
              [
                129.3525,
                35.4623
              ],
              [
                129.353,
                35.4627
              ],
              [
                129.3531,
                35.4627
              ],
              [
                129.3531,
                35.4627
              ],
              [
                129.3531,
                35.4627
              ],
              [
                129.3531,
                35.4627
              ],
              [
                129.3531,
                35.4628
              ],
              [
                129.3528,
                35.4644
              ],
              [
                129.3528,
                35.4645
              ],
              [
                129.3527,
                35.4646
              ],
              [
                129.3526,
                35.4648
              ],
              [
                129.3526,
                35.4649
              ],
              [
                129.3505,
                35.4683
              ],
              [
                129.3491,
                35.4693
              ],
              [
                129.3487,
                35.4693
              ],
              [
                129.3486,
                35.4694
              ],
              [
                129.3484,
                35.4694
              ],
              [
                129.3483,
                35.4694
              ],
              [
                129.3482,
                35.4694
              ],
              [
                129.3482,
                35.4694
              ],
              [
                129.3472,
                35.4698
              ],
              [
                129.347,
                35.4699
              ],
              [
                129.3459,
                35.4707
              ],
              [
                129.3455,
                35.4709
              ],
              [
                129.3443,
                35.4718
              ],
              [
                129.3415,
                35.4741
              ],
              [
                129.3401,
                35.4755
              ],
              [
                129.3398,
                35.476
              ],
              [
                129.3399,
                35.477
              ],
              [
                129.3399,
                35.4782
              ],
              [
                129.3399,
                35.4783
              ],
              [
                129.3399,
                35.4785
              ],
              [
                129.3399,
                35.4786
              ],
              [
                129.3399,
                35.4787
              ],
              [
                129.3393,
                35.4799
              ],
              [
                129.3393,
                35.4801
              ],
              [
                129.3392,
                35.4802
              ],
              [
                129.3391,
                35.4803
              ],
              [
                129.3387,
                35.4809
              ],
              [
                129.3378,
                35.482
              ],
              [
                129.3378,
                35.4821
              ],
              [
                129.3377,
                35.4821
              ],
              [
                129.3375,
                35.4823
              ],
              [
                129.3365,
                35.4829
              ],
              [
                129.3325,
                35.4855
              ],
              [
                129.3312,
                35.4856
              ],
              [
                129.3306,
                35.4856
              ],
              [
                129.3294,
                35.4859
              ],
              [
                129.3291,
                35.4862
              ],
              [
                129.329,
                35.4864
              ],
              [
                129.329,
                35.4866
              ],
              [
                129.3293,
                35.4867
              ],
              [
                129.3269,
                35.4892
              ],
              [
                129.3261,
                35.4892
              ],
              [
                129.325,
                35.4884
              ],
              [
                129.324,
                35.4878
              ],
              [
                129.3235,
                35.4874
              ],
              [
                129.3232,
                35.4872
              ],
              [
                129.3217,
                35.4872
              ],
              [
                129.3201,
                35.4874
              ],
              [
                129.3194,
                35.4893
              ],
              [
                129.3191,
                35.4902
              ],
              [
                129.3189,
                35.491
              ],
              [
                129.314,
                35.4911
              ],
              [
                129.3105,
                35.4926
              ],
              [
                129.309,
                35.4945
              ],
              [
                129.3085,
                35.4955
              ],
              [
                129.308,
                35.4964
              ],
              [
                129.3079,
                35.4966
              ],
              [
                129.3079,
                35.4967
              ],
              [
                129.3079,
                35.4968
              ],
              [
                129.3079,
                35.4968
              ],
              [
                129.3078,
                35.4969
              ],
              [
                129.3075,
                35.4971
              ],
              [
                129.3075,
                35.4972
              ],
              [
                129.3062,
                35.4976
              ],
              [
                129.3058,
                35.4971
              ],
              [
                129.3056,
                35.4968
              ],
              [
                129.3054,
                35.4963
              ],
              [
                129.3053,
                35.4961
              ],
              [
                129.3053,
                35.496
              ],
              [
                129.3052,
                35.4959
              ],
              [
                129.3052,
                35.4958
              ],
              [
                129.3052,
                35.4958
              ],
              [
                129.3045,
                35.4954
              ],
              [
                129.3038,
                35.4951
              ],
              [
                129.3029,
                35.4947
              ],
              [
                129.3025,
                35.4947
              ],
              [
                129.3009,
                35.4951
              ],
              [
                129.2987,
                35.4971
              ],
              [
                129.2973,
                35.4988
              ],
              [
                129.2971,
                35.4994
              ],
              [
                129.297,
                35.5006
              ],
              [
                129.2965,
                35.5014
              ],
              [
                129.2949,
                35.5025
              ],
              [
                129.2934,
                35.5036
              ],
              [
                129.2925,
                35.5054
              ],
              [
                129.2908,
                35.5087
              ],
              [
                129.2908,
                35.5087
              ],
              [
                129.2898,
                35.5085
              ],
              [
                129.289,
                35.5091
              ],
              [
                129.2886,
                35.5112
              ],
              [
                129.2884,
                35.5124
              ],
              [
                129.2882,
                35.5148
              ],
              [
                129.2883,
                35.515
              ],
              [
                129.2883,
                35.515
              ],
              [
                129.2868,
                35.516
              ],
              [
                129.2867,
                35.516
              ],
              [
                129.2835,
                35.5171
              ],
              [
                129.2807,
                35.5207
              ],
              [
                129.2801,
                35.521
              ],
              [
                129.2793,
                35.5216
              ],
              [
                129.2778,
                35.522
              ],
              [
                129.2769,
                35.5219
              ],
              [
                129.276,
                35.5226
              ],
              [
                129.2747,
                35.5237
              ],
              [
                129.2735,
                35.5253
              ],
              [
                129.2734,
                35.5258
              ],
              [
                129.2733,
                35.5263
              ],
              [
                129.2733,
                35.5263
              ],
              [
                129.2735,
                35.5268
              ],
              [
                129.2737,
                35.527
              ],
              [
                129.2738,
                35.5272
              ],
              [
                129.2739,
                35.5272
              ],
              [
                129.2748,
                35.5284
              ],
              [
                129.2747,
                35.5287
              ],
              [
                129.2745,
                35.5289
              ],
              [
                129.2743,
                35.5292
              ],
              [
                129.2724,
                35.5298
              ],
              [
                129.2672,
                35.5307
              ],
              [
                129.2644,
                35.5308
              ],
              [
                129.2639,
                35.5308
              ],
              [
                129.2626,
                35.5304
              ],
              [
                129.2607,
                35.5302
              ],
              [
                129.2589,
                35.5304
              ],
              [
                129.2576,
                35.5316
              ],
              [
                129.2578,
                35.5323
              ],
              [
                129.2572,
                35.5344
              ],
              [
                129.2556,
                35.5348
              ],
              [
                129.2546,
                35.535
              ],
              [
                129.2546,
                35.535
              ],
              [
                129.2547,
                35.5346
              ],
              [
                129.2551,
                35.5338
              ],
              [
                129.2547,
                35.5334
              ],
              [
                129.2547,
                35.5334
              ],
              [
                129.2544,
                35.5331
              ],
              [
                129.2544,
                35.5331
              ],
              [
                129.2539,
                35.5327
              ],
              [
                129.2493,
                35.5331
              ],
              [
                129.2483,
                35.5332
              ],
              [
                129.2478,
                35.5333
              ],
              [
                129.2478,
                35.5333
              ],
              [
                129.2472,
                35.534
              ],
              [
                129.2469,
                35.5344
              ],
              [
                129.2467,
                35.5347
              ],
              [
                129.246,
                35.5355
              ],
              [
                129.2459,
                35.5357
              ],
              [
                129.2456,
                35.5361
              ],
              [
                129.2433,
                35.5354
              ],
              [
                129.2389,
                35.5359
              ],
              [
                129.2365,
                35.5362
              ],
              [
                129.2365,
                35.5362
              ],
              [
                129.2374,
                35.5377
              ],
              [
                129.2377,
                35.5382
              ],
              [
                129.2388,
                35.5399
              ],
              [
                129.2403,
                35.5398
              ],
              [
                129.242,
                35.5401
              ],
              [
                129.244,
                35.5422
              ],
              [
                129.2472,
                35.5439
              ],
              [
                129.2494,
                35.5455
              ],
              [
                129.2521,
                35.5483
              ],
              [
                129.2523,
                35.5485
              ],
              [
                129.2532,
                35.5503
              ],
              [
                129.2533,
                35.5505
              ],
              [
                129.2533,
                35.5505
              ],
              [
                129.2533,
                35.5505
              ],
              [
                129.2533,
                35.5505
              ],
              [
                129.2533,
                35.551
              ],
              [
                129.2533,
                35.5511
              ],
              [
                129.2532,
                35.5512
              ],
              [
                129.2532,
                35.5512
              ],
              [
                129.2532,
                35.5514
              ],
              [
                129.2532,
                35.5514
              ],
              [
                129.2532,
                35.5516
              ],
              [
                129.2539,
                35.5527
              ],
              [
                129.2541,
                35.5529
              ],
              [
                129.2542,
                35.553
              ],
              [
                129.2543,
                35.5532
              ],
              [
                129.2544,
                35.5533
              ],
              [
                129.2546,
                35.5534
              ],
              [
                129.2559,
                35.5543
              ],
              [
                129.2567,
                35.554
              ],
              [
                129.2568,
                35.5539
              ],
              [
                129.257,
                35.5538
              ],
              [
                129.2577,
                35.5534
              ],
              [
                129.258,
                35.5532
              ],
              [
                129.2581,
                35.5532
              ],
              [
                129.2585,
                35.5529
              ],
              [
                129.2588,
                35.5527
              ],
              [
                129.2603,
                35.5517
              ],
              [
                129.2617,
                35.5517
              ],
              [
                129.2607,
                35.5523
              ],
              [
                129.2617,
                35.5545
              ],
              [
                129.2628,
                35.5562
              ],
              [
                129.263,
                35.5565
              ],
              [
                129.2631,
                35.5564
              ],
              [
                129.264,
                35.556
              ],
              [
                129.2656,
                35.5569
              ],
              [
                129.2658,
                35.5568
              ],
              [
                129.2664,
                35.5561
              ]
            ]
          ]
        ]
      },
      "properties": {
        "name": "남구",
        "base_year": "2018",
        "name_eng": "Nam-gu",
        "code": "26020"
      }
    },
    {
      "type": "Feature",
      "geometry": {
        "type": "MultiPolygon",
        "coordinates": [
          [
            [
              [
                129.4,
                35.4665
              ],
              [
                129.3999,
                35.4665
              ],
              [
                129.3999,
                35.4665
              ],
              [
                129.3998,
                35.4666
              ],
              [
                129.4024,
                35.4675
              ],
              [
                129.4043,
                35.4681
              ],
              [
                129.4065,
                35.4688
              ],
              [
                129.4066,
                35.4687
              ],
              [
                129.4058,
                35.4684
              ],
              [
                129.4048,
                35.4681
              ],
              [
                129.4,
                35.4665
              ]
            ]
          ],
          [
            [
              [
                129.4541,
                35.5695
              ],
              [
                129.4541,
                35.5695
              ],
              [
                129.4541,
                35.5695
              ],
              [
                129.4542,
                35.5693
              ],
              [
                129.4541,
                35.5693
              ],
              [
                129.4541,
                35.5693
              ],
              [
                129.4541,
                35.5693
              ],
              [
                129.4541,
                35.5693
              ],
              [
                129.4541,
                35.5692
              ],
              [
                129.4541,
                35.5692
              ],
              [
                129.4541,
                35.5692
              ],
              [
                129.4541,
                35.5692
              ],
              [
                129.4541,
                35.5692
              ],
              [
                129.4541,
                35.5692
              ],
              [
                129.4541,
                35.5692
              ],
              [
                129.4541,
                35.5692
              ],
              [
                129.4541,
                35.5692
              ],
              [
                129.4541,
                35.5692
              ],
              [
                129.4541,
                35.5692
              ],
              [
                129.4541,
                35.5692
              ],
              [
                129.4541,
                35.5692
              ],
              [
                129.4541,
                35.5692
              ],
              [
                129.4541,
                35.5692
              ],
              [
                129.4541,
                35.5692
              ],
              [
                129.4541,
                35.5692
              ],
              [
                129.4541,
                35.5692
              ],
              [
                129.4541,
                35.5691
              ],
              [
                129.4541,
                35.5691
              ],
              [
                129.4541,
                35.5691
              ],
              [
                129.4541,
                35.5691
              ],
              [
                129.4541,
                35.5691
              ],
              [
                129.4541,
                35.5691
              ],
              [
                129.4541,
                35.5691
              ],
              [
                129.4541,
                35.5688
              ],
              [
                129.4541,
                35.5687
              ],
              [
                129.4541,
                35.5687
              ],
              [
                129.4541,
                35.5687
              ],
              [
                129.4541,
                35.5687
              ],
              [
                129.4541,
                35.5687
              ],
              [
                129.4541,
                35.5687
              ],
              [
                129.4541,
                35.5687
              ],
              [
                129.4541,
                35.5687
              ],
              [
                129.4541,
                35.5687
              ],
              [
                129.4542,
                35.5687
              ],
              [
                129.4542,
                35.5686
              ],
              [
                129.4542,
                35.5686
              ],
              [
                129.4542,
                35.5686
              ],
              [
                129.4542,
                35.5686
              ],
              [
                129.4542,
                35.5684
              ],
              [
                129.4542,
                35.5684
              ],
              [
                129.4542,
                35.5684
              ],
              [
                129.4543,
                35.5684
              ],
              [
                129.4543,
                35.5684
              ],
              [
                129.4543,
                35.5684
              ],
              [
                129.4543,
                35.5684
              ],
              [
                129.4543,
                35.5684
              ],
              [
                129.4543,
                35.5682
              ],
              [
                129.4543,
                35.5682
              ],
              [
                129.4543,
                35.5682
              ],
              [
                129.4543,
                35.5682
              ],
              [
                129.4544,
                35.5682
              ],
              [
                129.4544,
                35.5682
              ],
              [
                129.4544,
                35.5682
              ],
              [
                129.4544,
                35.5682
              ],
              [
                129.4544,
                35.5682
              ],
              [
                129.4544,
                35.5682
              ],
              [
                129.4544,
                35.5682
              ],
              [
                129.4544,
                35.5682
              ],
              [
                129.4544,
                35.5682
              ],
              [
                129.4544,
                35.5682
              ],
              [
                129.4544,
                35.5682
              ],
              [
                129.4544,
                35.5682
              ],
              [
                129.4544,
                35.5681
              ],
              [
                129.4544,
                35.5681
              ],
              [
                129.4544,
                35.5681
              ],
              [
                129.4544,
                35.5681
              ],
              [
                129.4544,
                35.5681
              ],
              [
                129.4544,
                35.5681
              ],
              [
                129.4545,
                35.5681
              ],
              [
                129.4545,
                35.5681
              ],
              [
                129.4545,
                35.5681
              ],
              [
                129.4545,
                35.5681
              ],
              [
                129.4545,
                35.5681
              ],
              [
                129.4545,
                35.5681
              ],
              [
                129.4545,
                35.5681
              ],
              [
                129.4545,
                35.568
              ],
              [
                129.4545,
                35.568
              ],
              [
                129.4545,
                35.568
              ],
              [
                129.4545,
                35.568
              ],
              [
                129.4545,
                35.568
              ],
              [
                129.4545,
                35.568
              ],
              [
                129.4545,
                35.568
              ],
              [
                129.4545,
                35.568
              ],
              [
                129.4545,
                35.568
              ],
              [
                129.4545,
                35.568
              ],
              [
                129.4545,
                35.568
              ],
              [
                129.4545,
                35.568
              ],
              [
                129.4545,
                35.568
              ],
              [
                129.4545,
                35.568
              ],
              [
                129.4546,
                35.568
              ],
              [
                129.4546,
                35.568
              ],
              [
                129.4546,
                35.568
              ],
              [
                129.4546,
                35.568
              ],
              [
                129.4546,
                35.568
              ],
              [
                129.4546,
                35.568
              ],
              [
                129.4546,
                35.568
              ],
              [
                129.4546,
                35.568
              ],
              [
                129.4546,
                35.568
              ],
              [
                129.4548,
                35.5678
              ],
              [
                129.4548,
                35.5678
              ],
              [
                129.4554,
                35.5664
              ],
              [
                129.4554,
                35.5664
              ],
              [
                129.4554,
                35.5664
              ],
              [
                129.4554,
                35.5664
              ],
              [
                129.4554,
                35.5664
              ],
              [
                129.4554,
                35.5664
              ],
              [
                129.4554,
                35.5664
              ],
              [
                129.4554,
                35.5664
              ],
              [
                129.4554,
                35.5663
              ],
              [
                129.4554,
                35.5663
              ],
              [
                129.4554,
                35.5663
              ],
              [
                129.4554,
                35.5663
              ],
              [
                129.4554,
                35.5663
              ],
              [
                129.4554,
                35.5663
              ],
              [
                129.4554,
                35.5663
              ],
              [
                129.4554,
                35.5663
              ],
              [
                129.4554,
                35.5663
              ],
              [
                129.4554,
                35.5663
              ],
              [
                129.4555,
                35.5662
              ],
              [
                129.4555,
                35.5661
              ],
              [
                129.4555,
                35.5661
              ],
              [
                129.4555,
                35.5661
              ],
              [
                129.4555,
                35.5661
              ],
              [
                129.4556,
                35.5661
              ],
              [
                129.4556,
                35.5661
              ],
              [
                129.4556,
                35.5661
              ],
              [
                129.4556,
                35.5661
              ],
              [
                129.4556,
                35.5661
              ],
              [
                129.4556,
                35.5661
              ],
              [
                129.4556,
                35.5661
              ],
              [
                129.4556,
                35.566
              ],
              [
                129.4556,
                35.566
              ],
              [
                129.4556,
                35.566
              ],
              [
                129.4556,
                35.566
              ],
              [
                129.4556,
                35.566
              ],
              [
                129.4556,
                35.566
              ],
              [
                129.4556,
                35.566
              ],
              [
                129.4556,
                35.566
              ],
              [
                129.4556,
                35.566
              ],
              [
                129.4556,
                35.566
              ],
              [
                129.4556,
                35.566
              ],
              [
                129.4556,
                35.566
              ],
              [
                129.4556,
                35.566
              ],
              [
                129.4556,
                35.566
              ],
              [
                129.4556,
                35.566
              ],
              [
                129.4556,
                35.566
              ],
              [
                129.4556,
                35.566
              ],
              [
                129.4556,
                35.566
              ],
              [
                129.4556,
                35.566
              ],
              [
                129.4556,
                35.5659
              ],
              [
                129.4556,
                35.5659
              ],
              [
                129.4556,
                35.5659
              ],
              [
                129.4557,
                35.5659
              ],
              [
                129.4557,
                35.5659
              ],
              [
                129.4557,
                35.5658
              ],
              [
                129.4558,
                35.5658
              ],
              [
                129.4558,
                35.5658
              ],
              [
                129.4558,
                35.5658
              ],
              [
                129.4558,
                35.5658
              ],
              [
                129.4558,
                35.5658
              ],
              [
                129.4558,
                35.5658
              ],
              [
                129.4558,
                35.5658
              ],
              [
                129.4558,
                35.5658
              ],
              [
                129.4558,
                35.5658
              ],
              [
                129.4558,
                35.5658
              ],
              [
                129.4558,
                35.5658
              ],
              [
                129.4558,
                35.5658
              ],
              [
                129.4558,
                35.5658
              ],
              [
                129.4558,
                35.5658
              ],
              [
                129.4558,
                35.5658
              ],
              [
                129.4558,
                35.5658
              ],
              [
                129.4558,
                35.5657
              ],
              [
                129.4558,
                35.5657
              ],
              [
                129.4558,
                35.5657
              ],
              [
                129.4558,
                35.5657
              ],
              [
                129.4558,
                35.5657
              ],
              [
                129.4558,
                35.5657
              ],
              [
                129.4558,
                35.5657
              ],
              [
                129.4558,
                35.5657
              ],
              [
                129.4558,
                35.5657
              ],
              [
                129.4559,
                35.5657
              ],
              [
                129.4559,
                35.5657
              ],
              [
                129.4559,
                35.5657
              ],
              [
                129.4559,
                35.5657
              ],
              [
                129.4559,
                35.5657
              ],
              [
                129.4559,
                35.5657
              ],
              [
                129.4559,
                35.5657
              ],
              [
                129.4559,
                35.5657
              ],
              [
                129.4559,
                35.5657
              ],
              [
                129.4559,
                35.5657
              ],
              [
                129.4559,
                35.5657
              ],
              [
                129.4559,
                35.5657
              ],
              [
                129.4559,
                35.5656
              ],
              [
                129.4559,
                35.5656
              ],
              [
                129.4559,
                35.5656
              ],
              [
                129.4559,
                35.5656
              ],
              [
                129.4559,
                35.5656
              ],
              [
                129.4559,
                35.5656
              ],
              [
                129.4559,
                35.5656
              ],
              [
                129.4559,
                35.5656
              ],
              [
                129.4559,
                35.5656
              ],
              [
                129.4559,
                35.5656
              ],
              [
                129.4559,
                35.5656
              ],
              [
                129.4559,
                35.5656
              ],
              [
                129.456,
                35.5656
              ],
              [
                129.456,
                35.5656
              ],
              [
                129.456,
                35.5656
              ],
              [
                129.456,
                35.5656
              ],
              [
                129.456,
                35.5656
              ],
              [
                129.456,
                35.5656
              ],
              [
                129.456,
                35.5656
              ],
              [
                129.456,
                35.5656
              ],
              [
                129.456,
                35.5656
              ],
              [
                129.456,
                35.5655
              ],
              [
                129.456,
                35.5655
              ],
              [
                129.456,
                35.5655
              ],
              [
                129.456,
                35.5655
              ],
              [
                129.456,
                35.5655
              ],
              [
                129.456,
                35.5655
              ],
              [
                129.456,
                35.5655
              ],
              [
                129.4561,
                35.5655
              ],
              [
                129.4561,
                35.5655
              ],
              [
                129.4561,
                35.5655
              ],
              [
                129.4561,
                35.5655
              ],
              [
                129.4561,
                35.5655
              ],
              [
                129.4561,
                35.5655
              ],
              [
                129.4561,
                35.5655
              ],
              [
                129.4561,
                35.5655
              ],
              [
                129.4561,
                35.5655
              ],
              [
                129.4561,
                35.5654
              ],
              [
                129.4561,
                35.5654
              ],
              [
                129.4561,
                35.5654
              ],
              [
                129.4561,
                35.5654
              ],
              [
                129.4561,
                35.5654
              ],
              [
                129.4561,
                35.5654
              ],
              [
                129.4561,
                35.5654
              ],
              [
                129.4561,
                35.5654
              ],
              [
                129.4561,
                35.5654
              ],
              [
                129.4562,
                35.5654
              ],
              [
                129.4562,
                35.5654
              ],
              [
                129.4562,
                35.5654
              ],
              [
                129.4562,
                35.5654
              ],
              [
                129.4562,
                35.5654
              ],
              [
                129.4562,
                35.5654
              ],
              [
                129.4562,
                35.5654
              ],
              [
                129.4562,
                35.5654
              ],
              [
                129.4562,
                35.5653
              ],
              [
                129.4562,
                35.5653
              ],
              [
                129.4562,
                35.5653
              ],
              [
                129.4562,
                35.5653
              ],
              [
                129.4562,
                35.5653
              ],
              [
                129.4562,
                35.5653
              ],
              [
                129.4562,
                35.5653
              ],
              [
                129.4562,
                35.5653
              ],
              [
                129.4562,
                35.5653
              ],
              [
                129.4562,
                35.5653
              ],
              [
                129.4562,
                35.5653
              ],
              [
                129.4563,
                35.5653
              ],
              [
                129.4563,
                35.5653
              ],
              [
                129.4564,
                35.5651
              ],
              [
                129.4565,
                35.5651
              ],
              [
                129.4565,
                35.5651
              ],
              [
                129.4565,
                35.5651
              ],
              [
                129.4565,
                35.5651
              ],
              [
                129.4565,
                35.5651
              ],
              [
                129.4565,
                35.5651
              ],
              [
                129.4565,
                35.5651
              ],
              [
                129.4565,
                35.5651
              ],
              [
                129.4565,
                35.5651
              ],
              [
                129.4565,
                35.5651
              ],
              [
                129.4565,
                35.5651
              ],
              [
                129.4565,
                35.5651
              ],
              [
                129.4565,
                35.5651
              ],
              [
                129.4565,
                35.565
              ],
              [
                129.4565,
                35.565
              ],
              [
                129.4565,
                35.565
              ],
              [
                129.4565,
                35.565
              ],
              [
                129.4566,
                35.565
              ],
              [
                129.4566,
                35.565
              ],
              [
                129.4566,
                35.565
              ],
              [
                129.4566,
                35.565
              ],
              [
                129.4566,
                35.565
              ],
              [
                129.4566,
                35.565
              ],
              [
                129.4566,
                35.565
              ],
              [
                129.457,
                35.5648
              ],
              [
                129.457,
                35.5648
              ],
              [
                129.457,
                35.5648
              ],
              [
                129.457,
                35.5648
              ],
              [
                129.457,
                35.5648
              ],
              [
                129.457,
                35.5648
              ],
              [
                129.457,
                35.5648
              ],
              [
                129.457,
                35.5648
              ],
              [
                129.457,
                35.5648
              ],
              [
                129.457,
                35.5648
              ],
              [
                129.457,
                35.5648
              ],
              [
                129.457,
                35.5648
              ],
              [
                129.457,
                35.5648
              ],
              [
                129.457,
                35.5648
              ],
              [
                129.4575,
                35.5646
              ],
              [
                129.4575,
                35.5646
              ],
              [
                129.4575,
                35.5646
              ],
              [
                129.4575,
                35.5646
              ],
              [
                129.4575,
                35.5646
              ],
              [
                129.4575,
                35.5646
              ],
              [
                129.4576,
                35.5646
              ],
              [
                129.4576,
                35.5646
              ],
              [
                129.4576,
                35.5646
              ],
              [
                129.4576,
                35.5646
              ],
              [
                129.4576,
                35.5646
              ],
              [
                129.4576,
                35.5646
              ],
              [
                129.4576,
                35.5646
              ],
              [
                129.4576,
                35.5646
              ],
              [
                129.4576,
                35.5646
              ],
              [
                129.4576,
                35.5646
              ],
              [
                129.4576,
                35.5646
              ],
              [
                129.4576,
                35.5646
              ],
              [
                129.4576,
                35.5646
              ],
              [
                129.4576,
                35.5646
              ],
              [
                129.4576,
                35.5646
              ],
              [
                129.4576,
                35.5646
              ],
              [
                129.4576,
                35.5646
              ],
              [
                129.4576,
                35.5646
              ],
              [
                129.4576,
                35.5646
              ],
              [
                129.4576,
                35.5646
              ],
              [
                129.4576,
                35.5646
              ],
              [
                129.4576,
                35.5646
              ],
              [
                129.4576,
                35.5646
              ],
              [
                129.4576,
                35.5646
              ],
              [
                129.4576,
                35.5646
              ],
              [
                129.4577,
                35.5646
              ],
              [
                129.4577,
                35.5646
              ],
              [
                129.4577,
                35.5646
              ],
              [
                129.4577,
                35.5646
              ],
              [
                129.4577,
                35.5646
              ],
              [
                129.4577,
                35.5646
              ],
              [
                129.4577,
                35.5646
              ],
              [
                129.4577,
                35.5646
              ],
              [
                129.4577,
                35.5646
              ],
              [
                129.4577,
                35.5646
              ],
              [
                129.4577,
                35.5646
              ],
              [
                129.4577,
                35.5646
              ],
              [
                129.4577,
                35.5646
              ],
              [
                129.4577,
                35.5646
              ],
              [
                129.4577,
                35.5646
              ],
              [
                129.4577,
                35.5646
              ],
              [
                129.4577,
                35.5646
              ],
              [
                129.4577,
                35.5646
              ],
              [
                129.4577,
                35.5646
              ],
              [
                129.4577,
                35.5646
              ],
              [
                129.4578,
                35.5646
              ],
              [
                129.4578,
                35.5646
              ],
              [
                129.4578,
                35.5646
              ],
              [
                129.4578,
                35.5646
              ],
              [
                129.4578,
                35.5646
              ],
              [
                129.4578,
                35.5646
              ],
              [
                129.4578,
                35.5646
              ],
              [
                129.4578,
                35.5646
              ],
              [
                129.4578,
                35.5646
              ],
              [
                129.4578,
                35.5646
              ],
              [
                129.4578,
                35.5646
              ],
              [
                129.4578,
                35.5646
              ],
              [
                129.4578,
                35.5646
              ],
              [
                129.4578,
                35.5646
              ],
              [
                129.4579,
                35.5646
              ],
              [
                129.4579,
                35.5646
              ],
              [
                129.4579,
                35.5646
              ],
              [
                129.4579,
                35.5646
              ],
              [
                129.4579,
                35.5646
              ],
              [
                129.4579,
                35.5646
              ],
              [
                129.4579,
                35.5646
              ],
              [
                129.4579,
                35.5646
              ],
              [
                129.4579,
                35.5646
              ],
              [
                129.4579,
                35.5646
              ],
              [
                129.4579,
                35.5646
              ],
              [
                129.4579,
                35.5646
              ],
              [
                129.4579,
                35.5646
              ],
              [
                129.4579,
                35.5646
              ],
              [
                129.4579,
                35.5646
              ],
              [
                129.4579,
                35.5645
              ],
              [
                129.458,
                35.5645
              ],
              [
                129.4581,
                35.5641
              ],
              [
                129.4581,
                35.5641
              ],
              [
                129.4581,
                35.5641
              ],
              [
                129.4581,
                35.5641
              ],
              [
                129.4581,
                35.5641
              ],
              [
                129.4581,
                35.5641
              ],
              [
                129.458,
                35.5639
              ],
              [
                129.458,
                35.5639
              ],
              [
                129.458,
                35.5639
              ],
              [
                129.458,
                35.5639
              ],
              [
                129.458,
                35.5639
              ],
              [
                129.458,
                35.5639
              ],
              [
                129.458,
                35.5639
              ],
              [
                129.458,
                35.5639
              ],
              [
                129.4579,
                35.5638
              ],
              [
                129.4579,
                35.5638
              ],
              [
                129.4579,
                35.5638
              ],
              [
                129.4578,
                35.5638
              ],
              [
                129.4578,
                35.5638
              ],
              [
                129.4578,
                35.5638
              ],
              [
                129.4578,
                35.5638
              ],
              [
                129.4578,
                35.5638
              ],
              [
                129.4578,
                35.5638
              ],
              [
                129.4578,
                35.5638
              ],
              [
                129.4578,
                35.5638
              ],
              [
                129.4578,
                35.5638
              ],
              [
                129.4578,
                35.5638
              ],
              [
                129.4578,
                35.5638
              ],
              [
                129.4578,
                35.5638
              ],
              [
                129.4578,
                35.5638
              ],
              [
                129.4578,
                35.5638
              ],
              [
                129.4578,
                35.5638
              ],
              [
                129.4578,
                35.5638
              ],
              [
                129.4578,
                35.5638
              ],
              [
                129.4578,
                35.5638
              ],
              [
                129.4578,
                35.5638
              ],
              [
                129.4578,
                35.5638
              ],
              [
                129.4578,
                35.5638
              ],
              [
                129.4578,
                35.5638
              ],
              [
                129.4578,
                35.5638
              ],
              [
                129.4578,
                35.5638
              ],
              [
                129.4578,
                35.5638
              ],
              [
                129.4577,
                35.5638
              ],
              [
                129.4577,
                35.5638
              ],
              [
                129.4577,
                35.5638
              ],
              [
                129.4577,
                35.5638
              ],
              [
                129.4577,
                35.5638
              ],
              [
                129.4577,
                35.5637
              ],
              [
                129.4577,
                35.5637
              ],
              [
                129.4577,
                35.5637
              ],
              [
                129.4577,
                35.5637
              ],
              [
                129.4577,
                35.5637
              ],
              [
                129.4577,
                35.5637
              ],
              [
                129.4577,
                35.5637
              ],
              [
                129.4577,
                35.5637
              ],
              [
                129.4577,
                35.5637
              ],
              [
                129.4577,
                35.5637
              ],
              [
                129.4577,
                35.5637
              ],
              [
                129.4577,
                35.5637
              ],
              [
                129.4576,
                35.5637
              ],
              [
                129.4576,
                35.5637
              ],
              [
                129.4576,
                35.5637
              ],
              [
                129.4576,
                35.5637
              ],
              [
                129.4573,
                35.5628
              ],
              [
                129.4573,
                35.5628
              ],
              [
                129.4572,
                35.5627
              ],
              [
                129.4572,
                35.5627
              ],
              [
                129.4572,
                35.5627
              ],
              [
                129.4572,
                35.5627
              ],
              [
                129.4572,
                35.5627
              ],
              [
                129.4572,
                35.5627
              ],
              [
                129.4572,
                35.5627
              ],
              [
                129.4572,
                35.5627
              ],
              [
                129.4572,
                35.5627
              ],
              [
                129.4572,
                35.5627
              ],
              [
                129.4572,
                35.5627
              ],
              [
                129.4572,
                35.5627
              ],
              [
                129.4572,
                35.5627
              ],
              [
                129.4572,
                35.5627
              ],
              [
                129.4572,
                35.5627
              ],
              [
                129.4573,
                35.5626
              ],
              [
                129.4573,
                35.5626
              ],
              [
                129.4573,
                35.5626
              ],
              [
                129.4573,
                35.5626
              ],
              [
                129.4573,
                35.5626
              ],
              [
                129.4573,
                35.5626
              ],
              [
                129.4573,
                35.5626
              ],
              [
                129.4574,
                35.5626
              ],
              [
                129.4574,
                35.5626
              ],
              [
                129.4574,
                35.5625
              ],
              [
                129.4574,
                35.5625
              ],
              [
                129.4574,
                35.5625
              ],
              [
                129.4574,
                35.5625
              ],
              [
                129.4574,
                35.5625
              ],
              [
                129.4574,
                35.5625
              ],
              [
                129.4574,
                35.5625
              ],
              [
                129.4574,
                35.5625
              ],
              [
                129.4574,
                35.5625
              ],
              [
                129.4574,
                35.5625
              ],
              [
                129.4574,
                35.5625
              ],
              [
                129.4574,
                35.5625
              ],
              [
                129.4574,
                35.5625
              ],
              [
                129.4574,
                35.5625
              ],
              [
                129.4575,
                35.5625
              ],
              [
                129.4575,
                35.5625
              ],
              [
                129.4577,
                35.5624
              ],
              [
                129.458,
                35.5622
              ],
              [
                129.4581,
                35.5622
              ],
              [
                129.4581,
                35.5622
              ],
              [
                129.4581,
                35.5622
              ],
              [
                129.4581,
                35.5622
              ],
              [
                129.4581,
                35.5622
              ],
              [
                129.4583,
                35.5618
              ],
              [
                129.4583,
                35.5618
              ],
              [
                129.4585,
                35.5614
              ],
              [
                129.4585,
                35.5614
              ],
              [
                129.4585,
                35.5614
              ],
              [
                129.4585,
                35.5614
              ],
              [
                129.4585,
                35.5613
              ],
              [
                129.4585,
                35.5613
              ],
              [
                129.4585,
                35.5612
              ],
              [
                129.4585,
                35.5612
              ],
              [
                129.4585,
                35.5612
              ],
              [
                129.4585,
                35.5612
              ],
              [
                129.4585,
                35.5611
              ],
              [
                129.4585,
                35.5611
              ],
              [
                129.4585,
                35.5611
              ],
              [
                129.4585,
                35.5611
              ],
              [
                129.4585,
                35.5611
              ],
              [
                129.4585,
                35.5611
              ],
              [
                129.4585,
                35.5611
              ],
              [
                129.4585,
                35.5611
              ],
              [
                129.4585,
                35.5611
              ],
              [
                129.4585,
                35.5611
              ],
              [
                129.4585,
                35.5611
              ],
              [
                129.4585,
                35.5611
              ],
              [
                129.4585,
                35.5611
              ],
              [
                129.4585,
                35.5611
              ],
              [
                129.4585,
                35.5611
              ],
              [
                129.4585,
                35.5611
              ],
              [
                129.4585,
                35.5611
              ],
              [
                129.4585,
                35.5611
              ],
              [
                129.4585,
                35.5611
              ],
              [
                129.4585,
                35.5611
              ],
              [
                129.4584,
                35.561
              ],
              [
                129.4584,
                35.561
              ],
              [
                129.4584,
                35.561
              ],
              [
                129.4584,
                35.561
              ],
              [
                129.4584,
                35.561
              ],
              [
                129.4584,
                35.561
              ],
              [
                129.4584,
                35.561
              ],
              [
                129.4584,
                35.561
              ],
              [
                129.4584,
                35.561
              ],
              [
                129.4584,
                35.561
              ],
              [
                129.4584,
                35.561
              ],
              [
                129.4584,
                35.561
              ],
              [
                129.4584,
                35.561
              ],
              [
                129.4584,
                35.561
              ],
              [
                129.4584,
                35.561
              ],
              [
                129.4584,
                35.561
              ],
              [
                129.4582,
                35.5612
              ],
              [
                129.4582,
                35.5612
              ],
              [
                129.4582,
                35.5612
              ],
              [
                129.4582,
                35.5612
              ],
              [
                129.4582,
                35.5612
              ],
              [
                129.4582,
                35.5612
              ],
              [
                129.4582,
                35.5612
              ],
              [
                129.4582,
                35.5612
              ],
              [
                129.4582,
                35.5612
              ],
              [
                129.4582,
                35.5612
              ],
              [
                129.4582,
                35.5612
              ],
              [
                129.4582,
                35.5612
              ],
              [
                129.4582,
                35.5612
              ],
              [
                129.4582,
                35.5612
              ],
              [
                129.4582,
                35.5612
              ],
              [
                129.4582,
                35.5612
              ],
              [
                129.4582,
                35.5612
              ],
              [
                129.4582,
                35.5612
              ],
              [
                129.4582,
                35.5612
              ],
              [
                129.4582,
                35.5612
              ],
              [
                129.4582,
                35.5612
              ],
              [
                129.4582,
                35.5612
              ],
              [
                129.4581,
                35.5612
              ],
              [
                129.4581,
                35.5612
              ],
              [
                129.4581,
                35.5612
              ],
              [
                129.4581,
                35.5613
              ],
              [
                129.4581,
                35.5613
              ],
              [
                129.4581,
                35.5613
              ],
              [
                129.4581,
                35.5613
              ],
              [
                129.4581,
                35.5613
              ],
              [
                129.4581,
                35.5613
              ],
              [
                129.4581,
                35.5613
              ],
              [
                129.4581,
                35.5613
              ],
              [
                129.4581,
                35.5613
              ],
              [
                129.4581,
                35.5613
              ],
              [
                129.4581,
                35.5613
              ],
              [
                129.4581,
                35.5613
              ],
              [
                129.4581,
                35.5613
              ],
              [
                129.4581,
                35.5613
              ],
              [
                129.4581,
                35.5613
              ],
              [
                129.4581,
                35.5613
              ],
              [
                129.4581,
                35.5613
              ],
              [
                129.4581,
                35.5613
              ],
              [
                129.4581,
                35.5613
              ],
              [
                129.4581,
                35.5613
              ],
              [
                129.4581,
                35.5613
              ],
              [
                129.4581,
                35.5614
              ],
              [
                129.4581,
                35.5614
              ],
              [
                129.4581,
                35.5614
              ],
              [
                129.4581,
                35.5614
              ],
              [
                129.4582,
                35.5614
              ],
              [
                129.4582,
                35.5614
              ],
              [
                129.4582,
                35.5614
              ],
              [
                129.4582,
                35.5614
              ],
              [
                129.4582,
                35.5614
              ],
              [
                129.4582,
                35.5614
              ],
              [
                129.4581,
                35.5614
              ],
              [
                129.4581,
                35.5616
              ],
              [
                129.458,
                35.5617
              ],
              [
                129.458,
                35.5617
              ],
              [
                129.4578,
                35.5621
              ],
              [
                129.4578,
                35.5621
              ],
              [
                129.4578,
                35.5621
              ],
              [
                129.4578,
                35.5621
              ],
              [
                129.4578,
                35.5621
              ],
              [
                129.4573,
                35.5623
              ],
              [
                129.4573,
                35.5623
              ],
              [
                129.4572,
                35.5623
              ],
              [
                129.4572,
                35.5623
              ],
              [
                129.4572,
                35.5623
              ],
              [
                129.4572,
                35.5623
              ],
              [
                129.4572,
                35.5623
              ],
              [
                129.4572,
                35.5623
              ],
              [
                129.4572,
                35.5623
              ],
              [
                129.4572,
                35.5623
              ],
              [
                129.4572,
                35.5623
              ],
              [
                129.4572,
                35.5623
              ],
              [
                129.4572,
                35.5623
              ],
              [
                129.4572,
                35.5623
              ],
              [
                129.4572,
                35.5623
              ],
              [
                129.4572,
                35.5623
              ],
              [
                129.4572,
                35.5623
              ],
              [
                129.4572,
                35.5623
              ],
              [
                129.4572,
                35.5623
              ],
              [
                129.4572,
                35.5623
              ],
              [
                129.4572,
                35.5623
              ],
              [
                129.4571,
                35.5623
              ],
              [
                129.4571,
                35.5623
              ],
              [
                129.4571,
                35.5623
              ],
              [
                129.4571,
                35.5623
              ],
              [
                129.4571,
                35.5622
              ],
              [
                129.4571,
                35.5622
              ],
              [
                129.4571,
                35.5622
              ],
              [
                129.4571,
                35.5622
              ],
              [
                129.4571,
                35.5622
              ],
              [
                129.4571,
                35.5622
              ],
              [
                129.4571,
                35.5622
              ],
              [
                129.457,
                35.5621
              ],
              [
                129.457,
                35.5616
              ],
              [
                129.457,
                35.5616
              ],
              [
                129.457,
                35.5616
              ],
              [
                129.457,
                35.5616
              ],
              [
                129.457,
                35.5616
              ],
              [
                129.457,
                35.5616
              ],
              [
                129.457,
                35.5612
              ],
              [
                129.457,
                35.5612
              ],
              [
                129.457,
                35.5612
              ],
              [
                129.457,
                35.5612
              ],
              [
                129.457,
                35.5612
              ],
              [
                129.457,
                35.5612
              ],
              [
                129.457,
                35.5612
              ],
              [
                129.457,
                35.5612
              ],
              [
                129.457,
                35.5612
              ],
              [
                129.457,
                35.5612
              ],
              [
                129.457,
                35.5612
              ],
              [
                129.457,
                35.5612
              ],
              [
                129.457,
                35.5612
              ],
              [
                129.457,
                35.5612
              ],
              [
                129.457,
                35.5612
              ],
              [
                129.457,
                35.5612
              ],
              [
                129.457,
                35.5612
              ],
              [
                129.457,
                35.5612
              ],
              [
                129.457,
                35.5612
              ],
              [
                129.457,
                35.5612
              ],
              [
                129.457,
                35.5612
              ],
              [
                129.457,
                35.5612
              ],
              [
                129.457,
                35.5612
              ],
              [
                129.457,
                35.5612
              ],
              [
                129.457,
                35.5611
              ],
              [
                129.457,
                35.5611
              ],
              [
                129.457,
                35.5611
              ],
              [
                129.457,
                35.5611
              ],
              [
                129.457,
                35.5611
              ],
              [
                129.4571,
                35.5611
              ],
              [
                129.4571,
                35.5611
              ],
              [
                129.4571,
                35.5611
              ],
              [
                129.4571,
                35.561
              ],
              [
                129.4571,
                35.561
              ],
              [
                129.4571,
                35.561
              ],
              [
                129.4571,
                35.561
              ],
              [
                129.4571,
                35.561
              ],
              [
                129.4572,
                35.5609
              ],
              [
                129.4572,
                35.5609
              ],
              [
                129.4573,
                35.5608
              ],
              [
                129.4573,
                35.5608
              ],
              [
                129.4573,
                35.5608
              ],
              [
                129.4573,
                35.5608
              ],
              [
                129.4573,
                35.5608
              ],
              [
                129.4573,
                35.5608
              ],
              [
                129.4573,
                35.5608
              ],
              [
                129.4573,
                35.5608
              ],
              [
                129.4573,
                35.5608
              ],
              [
                129.4573,
                35.5608
              ],
              [
                129.4573,
                35.5608
              ],
              [
                129.4573,
                35.5608
              ],
              [
                129.4573,
                35.5608
              ],
              [
                129.4573,
                35.5608
              ],
              [
                129.4573,
                35.5608
              ],
              [
                129.4573,
                35.5608
              ],
              [
                129.4573,
                35.5608
              ],
              [
                129.4574,
                35.5607
              ],
              [
                129.4574,
                35.5607
              ],
              [
                129.4574,
                35.5607
              ],
              [
                129.4574,
                35.5607
              ],
              [
                129.4574,
                35.5607
              ],
              [
                129.4574,
                35.5607
              ],
              [
                129.4574,
                35.5607
              ],
              [
                129.4574,
                35.5607
              ],
              [
                129.4574,
                35.5607
              ],
              [
                129.4574,
                35.5607
              ],
              [
                129.4574,
                35.5607
              ],
              [
                129.4574,
                35.5607
              ],
              [
                129.4574,
                35.5607
              ],
              [
                129.4574,
                35.5607
              ],
              [
                129.4574,
                35.5607
              ],
              [
                129.4574,
                35.5606
              ],
              [
                129.4574,
                35.5606
              ],
              [
                129.4574,
                35.5606
              ],
              [
                129.4574,
                35.5605
              ],
              [
                129.4574,
                35.5605
              ],
              [
                129.4574,
                35.5605
              ],
              [
                129.4574,
                35.5605
              ],
              [
                129.4578,
                35.5596
              ],
              [
                129.4578,
                35.5596
              ],
              [
                129.4578,
                35.5594
              ],
              [
                129.4578,
                35.5594
              ],
              [
                129.4578,
                35.5594
              ],
              [
                129.4578,
                35.5593
              ],
              [
                129.4578,
                35.5593
              ],
              [
                129.4578,
                35.5593
              ],
              [
                129.4578,
                35.5593
              ],
              [
                129.4578,
                35.5593
              ],
              [
                129.4578,
                35.5593
              ],
              [
                129.4578,
                35.5593
              ],
              [
                129.4578,
                35.5593
              ],
              [
                129.4579,
                35.5593
              ],
              [
                129.4579,
                35.5592
              ],
              [
                129.4581,
                35.5588
              ],
              [
                129.4581,
                35.5588
              ],
              [
                129.4581,
                35.5588
              ],
              [
                129.4583,
                35.5586
              ],
              [
                129.4583,
                35.5586
              ],
              [
                129.4583,
                35.5586
              ],
              [
                129.4583,
                35.5586
              ],
              [
                129.4583,
                35.5586
              ],
              [
                129.4583,
                35.5586
              ],
              [
                129.4583,
                35.5586
              ],
              [
                129.4583,
                35.5586
              ],
              [
                129.4583,
                35.5586
              ],
              [
                129.4583,
                35.5586
              ],
              [
                129.4583,
                35.5586
              ],
              [
                129.4584,
                35.5585
              ],
              [
                129.4584,
                35.5585
              ],
              [
                129.4584,
                35.5585
              ],
              [
                129.4584,
                35.5584
              ],
              [
                129.4584,
                35.5584
              ],
              [
                129.4584,
                35.5584
              ],
              [
                129.4584,
                35.5584
              ],
              [
                129.4584,
                35.5584
              ],
              [
                129.4584,
                35.5584
              ],
              [
                129.4585,
                35.5583
              ],
              [
                129.4585,
                35.5583
              ],
              [
                129.4586,
                35.5582
              ],
              [
                129.4586,
                35.5582
              ],
              [
                129.4586,
                35.5582
              ],
              [
                129.4586,
                35.5582
              ],
              [
                129.4586,
                35.5582
              ],
              [
                129.4586,
                35.5582
              ],
              [
                129.4586,
                35.5582
              ],
              [
                129.4586,
                35.5582
              ],
              [
                129.4586,
                35.5582
              ],
              [
                129.4586,
                35.5582
              ],
              [
                129.4586,
                35.5582
              ],
              [
                129.4586,
                35.5582
              ],
              [
                129.4586,
                35.5582
              ],
              [
                129.4586,
                35.5582
              ],
              [
                129.4586,
                35.5582
              ],
              [
                129.4586,
                35.5582
              ],
              [
                129.4586,
                35.5581
              ],
              [
                129.4586,
                35.5581
              ],
              [
                129.4586,
                35.5581
              ],
              [
                129.4586,
                35.5581
              ],
              [
                129.4586,
                35.5581
              ],
              [
                129.4586,
                35.5581
              ],
              [
                129.4586,
                35.5581
              ],
              [
                129.4585,
                35.5581
              ],
              [
                129.4585,
                35.5581
              ],
              [
                129.4585,
                35.5581
              ],
              [
                129.4585,
                35.5581
              ],
              [
                129.4585,
                35.5581
              ],
              [
                129.4585,
                35.5581
              ],
              [
                129.4585,
                35.5581
              ],
              [
                129.4585,
                35.5581
              ],
              [
                129.4585,
                35.5581
              ],
              [
                129.4585,
                35.5581
              ],
              [
                129.4585,
                35.5581
              ],
              [
                129.4585,
                35.5581
              ],
              [
                129.4585,
                35.5581
              ],
              [
                129.4585,
                35.5581
              ],
              [
                129.4585,
                35.5581
              ],
              [
                129.4585,
                35.5581
              ],
              [
                129.4585,
                35.5581
              ],
              [
                129.4584,
                35.5582
              ],
              [
                129.4584,
                35.5582
              ],
              [
                129.4584,
                35.5582
              ],
              [
                129.4584,
                35.5582
              ],
              [
                129.4584,
                35.5582
              ],
              [
                129.4584,
                35.5582
              ],
              [
                129.4584,
                35.5582
              ],
              [
                129.4584,
                35.5582
              ],
              [
                129.4584,
                35.5582
              ],
              [
                129.4584,
                35.5582
              ],
              [
                129.4583,
                35.5582
              ],
              [
                129.4583,
                35.5582
              ],
              [
                129.4583,
                35.5582
              ],
              [
                129.4583,
                35.5582
              ],
              [
                129.4583,
                35.5582
              ],
              [
                129.4583,
                35.5582
              ],
              [
                129.4583,
                35.5583
              ],
              [
                129.4583,
                35.5583
              ],
              [
                129.4583,
                35.5583
              ],
              [
                129.4583,
                35.5583
              ],
              [
                129.4583,
                35.5583
              ],
              [
                129.4583,
                35.5583
              ],
              [
                129.4583,
                35.5583
              ],
              [
                129.4583,
                35.5583
              ],
              [
                129.4583,
                35.5584
              ],
              [
                129.4583,
                35.5584
              ],
              [
                129.4583,
                35.5584
              ],
              [
                129.4583,
                35.5584
              ],
              [
                129.4583,
                35.5584
              ],
              [
                129.4583,
                35.5584
              ],
              [
                129.4583,
                35.5584
              ],
              [
                129.4583,
                35.5584
              ],
              [
                129.4583,
                35.5584
              ],
              [
                129.4583,
                35.5584
              ],
              [
                129.4583,
                35.5584
              ],
              [
                129.4583,
                35.5584
              ],
              [
                129.4583,
                35.5585
              ],
              [
                129.4583,
                35.5585
              ],
              [
                129.4583,
                35.5585
              ],
              [
                129.4583,
                35.5585
              ],
              [
                129.4583,
                35.5585
              ],
              [
                129.4583,
                35.5585
              ],
              [
                129.4583,
                35.5585
              ],
              [
                129.4583,
                35.5585
              ],
              [
                129.4583,
                35.5585
              ],
              [
                129.4583,
                35.5585
              ],
              [
                129.4583,
                35.5585
              ],
              [
                129.4583,
                35.5585
              ],
              [
                129.4583,
                35.5585
              ],
              [
                129.4583,
                35.5585
              ],
              [
                129.4582,
                35.5585
              ],
              [
                129.4582,
                35.5585
              ],
              [
                129.4582,
                35.5585
              ],
              [
                129.4582,
                35.5585
              ],
              [
                129.4582,
                35.5585
              ],
              [
                129.4581,
                35.5585
              ],
              [
                129.458,
                35.5585
              ],
              [
                129.458,
                35.5585
              ],
              [
                129.458,
                35.5585
              ],
              [
                129.458,
                35.5584
              ],
              [
                129.458,
                35.5582
              ],
              [
                129.458,
                35.5582
              ],
              [
                129.458,
                35.5582
              ],
              [
                129.458,
                35.5582
              ],
              [
                129.458,
                35.5582
              ],
              [
                129.458,
                35.5581
              ],
              [
                129.458,
                35.5581
              ],
              [
                129.458,
                35.558
              ],
              [
                129.458,
                35.558
              ],
              [
                129.458,
                35.558
              ],
              [
                129.458,
                35.558
              ],
              [
                129.458,
                35.558
              ],
              [
                129.458,
                35.558
              ],
              [
                129.458,
                35.558
              ],
              [
                129.458,
                35.558
              ],
              [
                129.458,
                35.558
              ],
              [
                129.458,
                35.558
              ],
              [
                129.458,
                35.558
              ],
              [
                129.4581,
                35.558
              ],
              [
                129.4581,
                35.558
              ],
              [
                129.4581,
                35.558
              ],
              [
                129.4581,
                35.558
              ],
              [
                129.4582,
                35.558
              ],
              [
                129.4582,
                35.558
              ],
              [
                129.4582,
                35.5581
              ],
              [
                129.4582,
                35.5581
              ],
              [
                129.4584,
                35.5579
              ],
              [
                129.4584,
                35.5579
              ],
              [
                129.4586,
                35.5579
              ],
              [
                129.4586,
                35.5579
              ],
              [
                129.4586,
                35.5579
              ],
              [
                129.4586,
                35.5579
              ],
              [
                129.4586,
                35.5579
              ],
              [
                129.4586,
                35.5579
              ],
              [
                129.4586,
                35.5579
              ],
              [
                129.4586,
                35.5579
              ],
              [
                129.4586,
                35.5579
              ],
              [
                129.4586,
                35.5579
              ],
              [
                129.4586,
                35.5579
              ],
              [
                129.4586,
                35.5579
              ],
              [
                129.4586,
                35.5579
              ],
              [
                129.4586,
                35.5579
              ],
              [
                129.4586,
                35.5579
              ],
              [
                129.4586,
                35.5579
              ],
              [
                129.4586,
                35.5579
              ],
              [
                129.4586,
                35.5579
              ],
              [
                129.4586,
                35.5579
              ],
              [
                129.4586,
                35.5579
              ],
              [
                129.4586,
                35.5579
              ],
              [
                129.4586,
                35.5579
              ],
              [
                129.4586,
                35.5579
              ],
              [
                129.4586,
                35.5579
              ],
              [
                129.4586,
                35.5579
              ],
              [
                129.4586,
                35.5579
              ],
              [
                129.4586,
                35.5579
              ],
              [
                129.4586,
                35.5579
              ],
              [
                129.4586,
                35.5579
              ],
              [
                129.4586,
                35.5579
              ],
              [
                129.4586,
                35.5578
              ],
              [
                129.4586,
                35.5578
              ],
              [
                129.4586,
                35.5578
              ],
              [
                129.4586,
                35.5578
              ],
              [
                129.4586,
                35.5578
              ],
              [
                129.4586,
                35.5578
              ],
              [
                129.4586,
                35.5578
              ],
              [
                129.4586,
                35.5578
              ],
              [
                129.4586,
                35.5578
              ],
              [
                129.4586,
                35.5578
              ],
              [
                129.4586,
                35.5578
              ],
              [
                129.4586,
                35.5578
              ],
              [
                129.4586,
                35.5578
              ],
              [
                129.4586,
                35.5578
              ],
              [
                129.4586,
                35.5578
              ],
              [
                129.4586,
                35.5578
              ],
              [
                129.4586,
                35.5578
              ],
              [
                129.4586,
                35.5578
              ],
              [
                129.4586,
                35.5578
              ],
              [
                129.4586,
                35.5578
              ],
              [
                129.4586,
                35.5578
              ],
              [
                129.4586,
                35.5578
              ],
              [
                129.4586,
                35.5578
              ],
              [
                129.4586,
                35.5578
              ],
              [
                129.4586,
                35.5578
              ],
              [
                129.4586,
                35.5578
              ],
              [
                129.4586,
                35.5578
              ],
              [
                129.4586,
                35.5578
              ],
              [
                129.4586,
                35.5578
              ],
              [
                129.4586,
                35.5578
              ],
              [
                129.4586,
                35.5578
              ],
              [
                129.4584,
                35.5578
              ],
              [
                129.4583,
                35.5578
              ],
              [
                129.4583,
                35.5578
              ],
              [
                129.4583,
                35.5578
              ],
              [
                129.4583,
                35.5578
              ],
              [
                129.4583,
                35.5578
              ],
              [
                129.4583,
                35.5578
              ],
              [
                129.4583,
                35.5578
              ],
              [
                129.4583,
                35.5578
              ],
              [
                129.4583,
                35.5578
              ],
              [
                129.4583,
                35.5578
              ],
              [
                129.4582,
                35.5578
              ],
              [
                129.4582,
                35.5578
              ],
              [
                129.4582,
                35.5578
              ],
              [
                129.4582,
                35.5578
              ],
              [
                129.4582,
                35.5578
              ],
              [
                129.4582,
                35.5578
              ],
              [
                129.4582,
                35.5578
              ],
              [
                129.4582,
                35.5578
              ],
              [
                129.4582,
                35.5578
              ],
              [
                129.4582,
                35.5578
              ],
              [
                129.4582,
                35.5578
              ],
              [
                129.4581,
                35.5578
              ],
              [
                129.4581,
                35.5578
              ],
              [
                129.4581,
                35.5578
              ],
              [
                129.4581,
                35.5578
              ],
              [
                129.4581,
                35.5578
              ],
              [
                129.4581,
                35.5578
              ],
              [
                129.4581,
                35.5578
              ],
              [
                129.4581,
                35.5578
              ],
              [
                129.4581,
                35.5578
              ],
              [
                129.4581,
                35.5578
              ],
              [
                129.4581,
                35.5577
              ],
              [
                129.4581,
                35.5577
              ],
              [
                129.4581,
                35.5577
              ],
              [
                129.4581,
                35.5577
              ],
              [
                129.4581,
                35.5577
              ],
              [
                129.4581,
                35.5574
              ],
              [
                129.4581,
                35.5569
              ],
              [
                129.458,
                35.5568
              ],
              [
                129.4579,
                35.5567
              ],
              [
                129.4579,
                35.5567
              ],
              [
                129.4579,
                35.5567
              ],
              [
                129.4579,
                35.5567
              ],
              [
                129.4579,
                35.5567
              ],
              [
                129.4579,
                35.5567
              ],
              [
                129.4579,
                35.5567
              ],
              [
                129.4579,
                35.5567
              ],
              [
                129.4579,
                35.5567
              ],
              [
                129.4579,
                35.5567
              ],
              [
                129.4579,
                35.5567
              ],
              [
                129.4579,
                35.5567
              ],
              [
                129.4579,
                35.5567
              ],
              [
                129.4579,
                35.5567
              ],
              [
                129.4579,
                35.5567
              ],
              [
                129.4579,
                35.5567
              ],
              [
                129.4579,
                35.5567
              ],
              [
                129.4579,
                35.5567
              ],
              [
                129.4579,
                35.5566
              ],
              [
                129.4579,
                35.5566
              ],
              [
                129.4579,
                35.5566
              ],
              [
                129.4579,
                35.5566
              ],
              [
                129.4579,
                35.5566
              ],
              [
                129.4579,
                35.5566
              ],
              [
                129.4579,
                35.5566
              ],
              [
                129.4579,
                35.5566
              ],
              [
                129.458,
                35.5566
              ],
              [
                129.458,
                35.5566
              ],
              [
                129.458,
                35.5566
              ],
              [
                129.458,
                35.5566
              ],
              [
                129.458,
                35.5566
              ],
              [
                129.458,
                35.5566
              ],
              [
                129.458,
                35.5566
              ],
              [
                129.458,
                35.5566
              ],
              [
                129.458,
                35.5566
              ],
              [
                129.458,
                35.5566
              ],
              [
                129.458,
                35.5566
              ],
              [
                129.458,
                35.5566
              ],
              [
                129.458,
                35.5566
              ],
              [
                129.458,
                35.5566
              ],
              [
                129.458,
                35.5566
              ],
              [
                129.458,
                35.5566
              ],
              [
                129.458,
                35.5566
              ],
              [
                129.4581,
                35.5565
              ],
              [
                129.4581,
                35.5565
              ],
              [
                129.4581,
                35.5562
              ],
              [
                129.4581,
                35.5562
              ],
              [
                129.4581,
                35.5562
              ],
              [
                129.4581,
                35.5562
              ],
              [
                129.4581,
                35.5562
              ],
              [
                129.4581,
                35.5562
              ],
              [
                129.4581,
                35.5562
              ],
              [
                129.4581,
                35.5562
              ],
              [
                129.4581,
                35.5562
              ],
              [
                129.4581,
                35.5562
              ],
              [
                129.4581,
                35.5562
              ],
              [
                129.4581,
                35.5562
              ],
              [
                129.4581,
                35.5562
              ],
              [
                129.4581,
                35.5562
              ],
              [
                129.4581,
                35.5562
              ],
              [
                129.4581,
                35.5562
              ],
              [
                129.4581,
                35.5562
              ],
              [
                129.4581,
                35.5562
              ],
              [
                129.4581,
                35.5562
              ],
              [
                129.4581,
                35.5562
              ],
              [
                129.4581,
                35.5562
              ],
              [
                129.4581,
                35.5562
              ],
              [
                129.4581,
                35.5561
              ],
              [
                129.4581,
                35.5561
              ],
              [
                129.4581,
                35.5561
              ],
              [
                129.4581,
                35.5561
              ],
              [
                129.4581,
                35.5561
              ],
              [
                129.4581,
                35.5561
              ],
              [
                129.4581,
                35.5561
              ],
              [
                129.4581,
                35.5561
              ],
              [
                129.4581,
                35.5561
              ],
              [
                129.4581,
                35.5561
              ],
              [
                129.4581,
                35.5561
              ],
              [
                129.4581,
                35.5561
              ],
              [
                129.4581,
                35.5561
              ],
              [
                129.4581,
                35.5561
              ],
              [
                129.4581,
                35.556
              ],
              [
                129.4581,
                35.556
              ],
              [
                129.4581,
                35.556
              ],
              [
                129.4581,
                35.556
              ],
              [
                129.4581,
                35.556
              ],
              [
                129.4581,
                35.556
              ],
              [
                129.4581,
                35.556
              ],
              [
                129.4581,
                35.556
              ],
              [
                129.4581,
                35.556
              ],
              [
                129.4581,
                35.556
              ],
              [
                129.4581,
                35.556
              ],
              [
                129.4581,
                35.556
              ],
              [
                129.4581,
                35.556
              ],
              [
                129.4581,
                35.556
              ],
              [
                129.4581,
                35.5559
              ],
              [
                129.4581,
                35.5559
              ],
              [
                129.4581,
                35.5559
              ],
              [
                129.4582,
                35.5557
              ],
              [
                129.4582,
                35.5557
              ],
              [
                129.4582,
                35.5557
              ],
              [
                129.4582,
                35.5557
              ],
              [
                129.4582,
                35.5557
              ],
              [
                129.4582,
                35.5556
              ],
              [
                129.4582,
                35.5556
              ],
              [
                129.4582,
                35.5556
              ],
              [
                129.4582,
                35.5556
              ],
              [
                129.4582,
                35.5556
              ],
              [
                129.4582,
                35.5556
              ],
              [
                129.4582,
                35.5556
              ],
              [
                129.4582,
                35.5556
              ],
              [
                129.4582,
                35.5556
              ],
              [
                129.4582,
                35.5556
              ],
              [
                129.4583,
                35.5556
              ],
              [
                129.4583,
                35.5556
              ],
              [
                129.4583,
                35.5556
              ],
              [
                129.4583,
                35.5556
              ],
              [
                129.4585,
                35.5554
              ],
              [
                129.4586,
                35.5549
              ],
              [
                129.4584,
                35.5549
              ],
              [
                129.4584,
                35.5552
              ],
              [
                129.4584,
                35.5553
              ],
              [
                129.4584,
                35.5553
              ],
              [
                129.4584,
                35.5553
              ],
              [
                129.4584,
                35.5553
              ],
              [
                129.4584,
                35.5553
              ],
              [
                129.4584,
                35.5553
              ],
              [
                129.4582,
                35.5553
              ],
              [
                129.4581,
                35.5553
              ],
              [
                129.4581,
                35.5553
              ],
              [
                129.4581,
                35.5553
              ],
              [
                129.4581,
                35.5553
              ],
              [
                129.4581,
                35.5553
              ],
              [
                129.4581,
                35.5553
              ],
              [
                129.458,
                35.5552
              ],
              [
                129.458,
                35.5552
              ],
              [
                129.458,
                35.5544
              ],
              [
                129.458,
                35.5544
              ],
              [
                129.458,
                35.5544
              ],
              [
                129.458,
                35.5544
              ],
              [
                129.458,
                35.5544
              ],
              [
                129.458,
                35.5544
              ],
              [
                129.458,
                35.5544
              ],
              [
                129.458,
                35.5544
              ],
              [
                129.458,
                35.5543
              ],
              [
                129.458,
                35.5543
              ],
              [
                129.458,
                35.5543
              ],
              [
                129.458,
                35.5543
              ],
              [
                129.458,
                35.5543
              ],
              [
                129.458,
                35.5543
              ],
              [
                129.458,
                35.5543
              ],
              [
                129.458,
                35.5543
              ],
              [
                129.458,
                35.5543
              ],
              [
                129.458,
                35.5543
              ],
              [
                129.458,
                35.5543
              ],
              [
                129.458,
                35.5543
              ],
              [
                129.458,
                35.5543
              ],
              [
                129.458,
                35.5543
              ],
              [
                129.458,
                35.5543
              ],
              [
                129.458,
                35.5543
              ],
              [
                129.458,
                35.5543
              ],
              [
                129.458,
                35.5543
              ],
              [
                129.458,
                35.5543
              ],
              [
                129.458,
                35.5543
              ],
              [
                129.458,
                35.5543
              ],
              [
                129.458,
                35.5543
              ],
              [
                129.458,
                35.5543
              ],
              [
                129.458,
                35.5543
              ],
              [
                129.458,
                35.5542
              ],
              [
                129.458,
                35.5542
              ],
              [
                129.458,
                35.5542
              ],
              [
                129.458,
                35.5542
              ],
              [
                129.458,
                35.5542
              ],
              [
                129.4581,
                35.5541
              ],
              [
                129.4582,
                35.554
              ],
              [
                129.4582,
                35.554
              ],
              [
                129.4582,
                35.554
              ],
              [
                129.4582,
                35.5539
              ],
              [
                129.4582,
                35.5539
              ],
              [
                129.4582,
                35.5539
              ],
              [
                129.4582,
                35.5539
              ],
              [
                129.4582,
                35.5539
              ],
              [
                129.4582,
                35.5539
              ],
              [
                129.4582,
                35.5539
              ],
              [
                129.4583,
                35.5539
              ],
              [
                129.4583,
                35.5539
              ],
              [
                129.4584,
                35.5534
              ],
              [
                129.4584,
                35.5534
              ],
              [
                129.4584,
                35.5534
              ],
              [
                129.4584,
                35.5534
              ],
              [
                129.4584,
                35.5534
              ],
              [
                129.4584,
                35.5534
              ],
              [
                129.4584,
                35.5534
              ],
              [
                129.4584,
                35.5534
              ],
              [
                129.4584,
                35.5533
              ],
              [
                129.4584,
                35.5533
              ],
              [
                129.4584,
                35.5533
              ],
              [
                129.4584,
                35.5533
              ],
              [
                129.4584,
                35.5533
              ],
              [
                129.4584,
                35.5533
              ],
              [
                129.4584,
                35.5533
              ],
              [
                129.4584,
                35.5533
              ],
              [
                129.4584,
                35.5533
              ],
              [
                129.4584,
                35.5533
              ],
              [
                129.4584,
                35.5533
              ],
              [
                129.4584,
                35.5533
              ],
              [
                129.4584,
                35.5533
              ],
              [
                129.4584,
                35.5533
              ],
              [
                129.4584,
                35.5533
              ],
              [
                129.4584,
                35.5533
              ],
              [
                129.4584,
                35.5533
              ],
              [
                129.4584,
                35.5533
              ],
              [
                129.4584,
                35.5533
              ],
              [
                129.4584,
                35.5533
              ],
              [
                129.4584,
                35.5533
              ],
              [
                129.4584,
                35.5533
              ],
              [
                129.4584,
                35.5533
              ],
              [
                129.4584,
                35.5533
              ],
              [
                129.4584,
                35.5533
              ],
              [
                129.4584,
                35.5533
              ],
              [
                129.4584,
                35.5533
              ],
              [
                129.4584,
                35.5533
              ],
              [
                129.4584,
                35.5533
              ],
              [
                129.4584,
                35.5533
              ],
              [
                129.4584,
                35.5533
              ],
              [
                129.4584,
                35.5533
              ],
              [
                129.4584,
                35.5533
              ],
              [
                129.4584,
                35.5533
              ],
              [
                129.4584,
                35.5533
              ],
              [
                129.4584,
                35.5531
              ],
              [
                129.4584,
                35.5531
              ],
              [
                129.4584,
                35.5531
              ],
              [
                129.4584,
                35.5531
              ],
              [
                129.4584,
                35.5531
              ],
              [
                129.4584,
                35.5531
              ],
              [
                129.4584,
                35.5531
              ],
              [
                129.4584,
                35.5531
              ],
              [
                129.4584,
                35.5531
              ],
              [
                129.4584,
                35.5531
              ],
              [
                129.4584,
                35.5531
              ],
              [
                129.4584,
                35.5531
              ],
              [
                129.4583,
                35.5531
              ],
              [
                129.4583,
                35.5531
              ],
              [
                129.4583,
                35.5531
              ],
              [
                129.4583,
                35.5531
              ],
              [
                129.4583,
                35.5531
              ],
              [
                129.4583,
                35.5531
              ],
              [
                129.4583,
                35.5531
              ],
              [
                129.4583,
                35.553
              ],
              [
                129.4583,
                35.553
              ],
              [
                129.4583,
                35.553
              ],
              [
                129.4583,
                35.553
              ],
              [
                129.4583,
                35.553
              ],
              [
                129.4583,
                35.553
              ],
              [
                129.4583,
                35.553
              ],
              [
                129.4583,
                35.553
              ],
              [
                129.4583,
                35.553
              ],
              [
                129.4583,
                35.553
              ],
              [
                129.4583,
                35.553
              ],
              [
                129.4583,
                35.553
              ],
              [
                129.4582,
                35.553
              ],
              [
                129.4582,
                35.553
              ],
              [
                129.4582,
                35.553
              ],
              [
                129.4582,
                35.553
              ],
              [
                129.4582,
                35.553
              ],
              [
                129.4582,
                35.553
              ],
              [
                129.4582,
                35.553
              ],
              [
                129.4581,
                35.553
              ],
              [
                129.4581,
                35.553
              ],
              [
                129.4581,
                35.553
              ],
              [
                129.4581,
                35.553
              ],
              [
                129.4581,
                35.553
              ],
              [
                129.4581,
                35.553
              ],
              [
                129.4581,
                35.5529
              ],
              [
                129.4581,
                35.5529
              ],
              [
                129.4581,
                35.5529
              ],
              [
                129.458,
                35.5529
              ],
              [
                129.458,
                35.5529
              ],
              [
                129.458,
                35.5529
              ],
              [
                129.458,
                35.5529
              ],
              [
                129.458,
                35.5529
              ],
              [
                129.458,
                35.5529
              ],
              [
                129.458,
                35.5529
              ],
              [
                129.4579,
                35.5529
              ],
              [
                129.4579,
                35.5529
              ],
              [
                129.4579,
                35.5529
              ],
              [
                129.4579,
                35.5529
              ],
              [
                129.4579,
                35.5529
              ],
              [
                129.4579,
                35.5528
              ],
              [
                129.4579,
                35.5528
              ],
              [
                129.4577,
                35.5526
              ],
              [
                129.4577,
                35.5526
              ],
              [
                129.4577,
                35.5526
              ],
              [
                129.4577,
                35.5526
              ],
              [
                129.4577,
                35.5526
              ],
              [
                129.4577,
                35.5526
              ],
              [
                129.4577,
                35.5526
              ],
              [
                129.4576,
                35.5521
              ],
              [
                129.4576,
                35.5521
              ],
              [
                129.4574,
                35.5522
              ],
              [
                129.4574,
                35.5522
              ],
              [
                129.4574,
                35.5522
              ],
              [
                129.4574,
                35.5522
              ],
              [
                129.457,
                35.5522
              ],
              [
                129.457,
                35.5522
              ],
              [
                129.457,
                35.5522
              ],
              [
                129.4568,
                35.5522
              ],
              [
                129.4567,
                35.5522
              ],
              [
                129.4567,
                35.5522
              ],
              [
                129.4567,
                35.5522
              ],
              [
                129.4567,
                35.5522
              ],
              [
                129.4567,
                35.5522
              ],
              [
                129.4567,
                35.5522
              ],
              [
                129.4567,
                35.5522
              ],
              [
                129.4567,
                35.5522
              ],
              [
                129.4567,
                35.5522
              ],
              [
                129.4567,
                35.5522
              ],
              [
                129.4565,
                35.5522
              ],
              [
                129.4565,
                35.5522
              ],
              [
                129.4565,
                35.5522
              ],
              [
                129.4565,
                35.5522
              ],
              [
                129.4564,
                35.5521
              ],
              [
                129.4564,
                35.5521
              ],
              [
                129.4564,
                35.5521
              ],
              [
                129.4563,
                35.5521
              ],
              [
                129.4563,
                35.5521
              ],
              [
                129.4563,
                35.5521
              ],
              [
                129.4562,
                35.5521
              ],
              [
                129.4562,
                35.5521
              ],
              [
                129.4562,
                35.5521
              ],
              [
                129.4561,
                35.552
              ],
              [
                129.4561,
                35.552
              ],
              [
                129.4561,
                35.552
              ],
              [
                129.4561,
                35.552
              ],
              [
                129.456,
                35.5519
              ],
              [
                129.456,
                35.5519
              ],
              [
                129.456,
                35.5519
              ],
              [
                129.456,
                35.5519
              ],
              [
                129.456,
                35.5519
              ],
              [
                129.456,
                35.5519
              ],
              [
                129.4559,
                35.5519
              ],
              [
                129.4559,
                35.5518
              ],
              [
                129.4559,
                35.5518
              ],
              [
                129.4559,
                35.5518
              ],
              [
                129.4559,
                35.5518
              ],
              [
                129.4559,
                35.5518
              ],
              [
                129.4559,
                35.5518
              ],
              [
                129.4559,
                35.5518
              ],
              [
                129.4558,
                35.5517
              ],
              [
                129.4557,
                35.5517
              ],
              [
                129.4557,
                35.5516
              ],
              [
                129.4557,
                35.5516
              ],
              [
                129.4557,
                35.5516
              ],
              [
                129.4557,
                35.5516
              ],
              [
                129.4557,
                35.5516
              ],
              [
                129.4557,
                35.5516
              ],
              [
                129.4557,
                35.5516
              ],
              [
                129.4557,
                35.5516
              ],
              [
                129.4557,
                35.5516
              ],
              [
                129.4557,
                35.5516
              ],
              [
                129.4557,
                35.5516
              ],
              [
                129.4556,
                35.5516
              ],
              [
                129.4556,
                35.5516
              ],
              [
                129.4556,
                35.5516
              ],
              [
                129.4556,
                35.5516
              ],
              [
                129.4556,
                35.5515
              ],
              [
                129.4556,
                35.5515
              ],
              [
                129.4556,
                35.5515
              ],
              [
                129.4556,
                35.5515
              ],
              [
                129.4556,
                35.5515
              ],
              [
                129.4556,
                35.5514
              ],
              [
                129.4554,
                35.5512
              ],
              [
                129.4554,
                35.5512
              ],
              [
                129.4554,
                35.5512
              ],
              [
                129.4554,
                35.5512
              ],
              [
                129.4554,
                35.5512
              ],
              [
                129.4554,
                35.5512
              ],
              [
                129.4554,
                35.5511
              ],
              [
                129.4554,
                35.5511
              ],
              [
                129.4554,
                35.5511
              ],
              [
                129.4554,
                35.5511
              ],
              [
                129.4554,
                35.5511
              ],
              [
                129.4554,
                35.5511
              ],
              [
                129.4554,
                35.5511
              ],
              [
                129.4554,
                35.5511
              ],
              [
                129.4554,
                35.5511
              ],
              [
                129.4554,
                35.5511
              ],
              [
                129.4554,
                35.5511
              ],
              [
                129.4554,
                35.5511
              ],
              [
                129.4553,
                35.551
              ],
              [
                129.4553,
                35.551
              ],
              [
                129.4553,
                35.5508
              ],
              [
                129.4552,
                35.5506
              ],
              [
                129.4552,
                35.5505
              ],
              [
                129.4552,
                35.5503
              ],
              [
                129.4552,
                35.5503
              ],
              [
                129.4552,
                35.5503
              ],
              [
                129.4552,
                35.5503
              ],
              [
                129.4551,
                35.5499
              ],
              [
                129.4551,
                35.5498
              ],
              [
                129.4551,
                35.5498
              ],
              [
                129.4551,
                35.5498
              ],
              [
                129.4551,
                35.5498
              ],
              [
                129.4551,
                35.5498
              ],
              [
                129.4551,
                35.5498
              ],
              [
                129.4551,
                35.5498
              ],
              [
                129.4551,
                35.5498
              ],
              [
                129.4551,
                35.5498
              ],
              [
                129.4551,
                35.5498
              ],
              [
                129.4551,
                35.5498
              ],
              [
                129.4551,
                35.5498
              ],
              [
                129.4551,
                35.5498
              ],
              [
                129.4551,
                35.5498
              ],
              [
                129.4551,
                35.5498
              ],
              [
                129.4551,
                35.5498
              ],
              [
                129.4551,
                35.5498
              ],
              [
                129.4551,
                35.5498
              ],
              [
                129.4551,
                35.5498
              ],
              [
                129.4551,
                35.5498
              ],
              [
                129.4551,
                35.5498
              ],
              [
                129.4551,
                35.5498
              ],
              [
                129.4552,
                35.5498
              ],
              [
                129.4552,
                35.5498
              ],
              [
                129.4552,
                35.5498
              ],
              [
                129.4552,
                35.5497
              ],
              [
                129.4552,
                35.5497
              ],
              [
                129.4552,
                35.5497
              ],
              [
                129.4552,
                35.5497
              ],
              [
                129.4552,
                35.5497
              ],
              [
                129.4552,
                35.5497
              ],
              [
                129.4552,
                35.5497
              ],
              [
                129.4552,
                35.5497
              ],
              [
                129.4552,
                35.5497
              ],
              [
                129.4552,
                35.5497
              ],
              [
                129.4552,
                35.5497
              ],
              [
                129.4552,
                35.5497
              ],
              [
                129.4552,
                35.5497
              ],
              [
                129.4552,
                35.5497
              ],
              [
                129.4552,
                35.5497
              ],
              [
                129.4552,
                35.5497
              ],
              [
                129.4552,
                35.5497
              ],
              [
                129.4552,
                35.5497
              ],
              [
                129.4552,
                35.5497
              ],
              [
                129.4552,
                35.5497
              ],
              [
                129.4552,
                35.5497
              ],
              [
                129.4552,
                35.5497
              ],
              [
                129.4552,
                35.5497
              ],
              [
                129.4552,
                35.5497
              ],
              [
                129.4552,
                35.5497
              ],
              [
                129.4552,
                35.5497
              ],
              [
                129.4552,
                35.5497
              ],
              [
                129.4553,
                35.5497
              ],
              [
                129.4553,
                35.5497
              ],
              [
                129.4553,
                35.5497
              ],
              [
                129.4553,
                35.5497
              ],
              [
                129.4553,
                35.5497
              ],
              [
                129.4553,
                35.5497
              ],
              [
                129.4553,
                35.5497
              ],
              [
                129.4553,
                35.5496
              ],
              [
                129.4553,
                35.5496
              ],
              [
                129.4553,
                35.5496
              ],
              [
                129.4553,
                35.5496
              ],
              [
                129.4553,
                35.5496
              ],
              [
                129.4553,
                35.5496
              ],
              [
                129.4553,
                35.5496
              ],
              [
                129.4553,
                35.5496
              ],
              [
                129.4553,
                35.5496
              ],
              [
                129.4553,
                35.5496
              ],
              [
                129.4553,
                35.5496
              ],
              [
                129.4553,
                35.5496
              ],
              [
                129.4553,
                35.5496
              ],
              [
                129.4553,
                35.5496
              ],
              [
                129.4553,
                35.5497
              ],
              [
                129.4553,
                35.5497
              ],
              [
                129.4553,
                35.5497
              ],
              [
                129.4553,
                35.5497
              ],
              [
                129.4553,
                35.5497
              ],
              [
                129.4553,
                35.5497
              ],
              [
                129.4553,
                35.5497
              ],
              [
                129.4553,
                35.5497
              ],
              [
                129.4553,
                35.5497
              ],
              [
                129.4553,
                35.5497
              ],
              [
                129.4554,
                35.5497
              ],
              [
                129.4554,
                35.5497
              ],
              [
                129.4554,
                35.5497
              ],
              [
                129.4554,
                35.5497
              ],
              [
                129.4554,
                35.5497
              ],
              [
                129.4554,
                35.5497
              ],
              [
                129.4554,
                35.5497
              ],
              [
                129.4554,
                35.5497
              ],
              [
                129.4554,
                35.5497
              ],
              [
                129.4554,
                35.5497
              ],
              [
                129.4554,
                35.5497
              ],
              [
                129.4554,
                35.5497
              ],
              [
                129.4554,
                35.5497
              ],
              [
                129.4555,
                35.5497
              ],
              [
                129.4555,
                35.5497
              ],
              [
                129.4555,
                35.5497
              ],
              [
                129.4555,
                35.5497
              ],
              [
                129.4555,
                35.5497
              ],
              [
                129.4555,
                35.5497
              ],
              [
                129.4555,
                35.5497
              ],
              [
                129.4555,
                35.5497
              ],
              [
                129.4555,
                35.5497
              ],
              [
                129.4555,
                35.5497
              ],
              [
                129.4555,
                35.5497
              ],
              [
                129.4555,
                35.5497
              ],
              [
                129.4555,
                35.5496
              ],
              [
                129.4555,
                35.5496
              ],
              [
                129.4555,
                35.5496
              ],
              [
                129.4555,
                35.5496
              ],
              [
                129.4555,
                35.5496
              ],
              [
                129.4555,
                35.5496
              ],
              [
                129.4555,
                35.5494
              ],
              [
                129.4554,
                35.5494
              ],
              [
                129.4554,
                35.5494
              ],
              [
                129.4554,
                35.5494
              ],
              [
                129.4554,
                35.5494
              ],
              [
                129.4554,
                35.5494
              ],
              [
                129.4554,
                35.5494
              ],
              [
                129.4554,
                35.5494
              ],
              [
                129.4554,
                35.5494
              ],
              [
                129.4554,
                35.5494
              ],
              [
                129.4554,
                35.5494
              ],
              [
                129.4554,
                35.5494
              ],
              [
                129.4554,
                35.5494
              ],
              [
                129.4554,
                35.5494
              ],
              [
                129.4554,
                35.5494
              ],
              [
                129.4554,
                35.5494
              ],
              [
                129.4554,
                35.5494
              ],
              [
                129.4554,
                35.5494
              ],
              [
                129.4554,
                35.5494
              ],
              [
                129.4554,
                35.5494
              ],
              [
                129.4554,
                35.5494
              ],
              [
                129.4554,
                35.5494
              ],
              [
                129.4554,
                35.5494
              ],
              [
                129.4554,
                35.5494
              ],
              [
                129.4554,
                35.5494
              ],
              [
                129.4554,
                35.5494
              ],
              [
                129.4554,
                35.5494
              ],
              [
                129.4554,
                35.5494
              ],
              [
                129.4554,
                35.5494
              ],
              [
                129.4554,
                35.5494
              ],
              [
                129.4552,
                35.5494
              ],
              [
                129.4552,
                35.5494
              ],
              [
                129.4552,
                35.5494
              ],
              [
                129.4553,
                35.5494
              ],
              [
                129.4553,
                35.5494
              ],
              [
                129.4553,
                35.5494
              ],
              [
                129.4554,
                35.5491
              ],
              [
                129.4554,
                35.5491
              ],
              [
                129.4554,
                35.5491
              ],
              [
                129.4554,
                35.5491
              ],
              [
                129.4554,
                35.5491
              ],
              [
                129.4554,
                35.5491
              ],
              [
                129.4554,
                35.549
              ],
              [
                129.4554,
                35.549
              ],
              [
                129.4554,
                35.549
              ],
              [
                129.4554,
                35.549
              ],
              [
                129.4554,
                35.549
              ],
              [
                129.4554,
                35.549
              ],
              [
                129.4554,
                35.549
              ],
              [
                129.4554,
                35.549
              ],
              [
                129.4553,
                35.5487
              ],
              [
                129.4554,
                35.5482
              ],
              [
                129.4554,
                35.5479
              ],
              [
                129.4554,
                35.5479
              ],
              [
                129.4554,
                35.5478
              ],
              [
                129.4555,
                35.5478
              ],
              [
                129.4555,
                35.5478
              ],
              [
                129.4555,
                35.5478
              ],
              [
                129.4555,
                35.5478
              ],
              [
                129.4555,
                35.5478
              ],
              [
                129.4555,
                35.5478
              ],
              [
                129.4555,
                35.5478
              ],
              [
                129.4555,
                35.5478
              ],
              [
                129.4555,
                35.5478
              ],
              [
                129.4555,
                35.5478
              ],
              [
                129.4555,
                35.5478
              ],
              [
                129.4555,
                35.5478
              ],
              [
                129.4555,
                35.5478
              ],
              [
                129.4555,
                35.5478
              ],
              [
                129.4555,
                35.5478
              ],
              [
                129.4556,
                35.5478
              ],
              [
                129.4556,
                35.5478
              ],
              [
                129.4556,
                35.5478
              ],
              [
                129.4556,
                35.5478
              ],
              [
                129.4556,
                35.5478
              ],
              [
                129.4556,
                35.5477
              ],
              [
                129.4556,
                35.5477
              ],
              [
                129.4556,
                35.5477
              ],
              [
                129.4556,
                35.5476
              ],
              [
                129.4555,
                35.5475
              ],
              [
                129.4555,
                35.5475
              ],
              [
                129.4555,
                35.5475
              ],
              [
                129.4555,
                35.5475
              ],
              [
                129.4555,
                35.5474
              ],
              [
                129.4555,
                35.5474
              ],
              [
                129.4555,
                35.5474
              ],
              [
                129.4555,
                35.5474
              ],
              [
                129.4555,
                35.5474
              ],
              [
                129.4555,
                35.5474
              ],
              [
                129.4555,
                35.5474
              ],
              [
                129.4554,
                35.5474
              ],
              [
                129.4554,
                35.5474
              ],
              [
                129.4554,
                35.5474
              ],
              [
                129.4554,
                35.5474
              ],
              [
                129.4554,
                35.5474
              ],
              [
                129.4554,
                35.5474
              ],
              [
                129.4554,
                35.5474
              ],
              [
                129.4554,
                35.5474
              ],
              [
                129.4554,
                35.5474
              ],
              [
                129.4554,
                35.5474
              ],
              [
                129.4554,
                35.5474
              ],
              [
                129.4554,
                35.5474
              ],
              [
                129.4554,
                35.5474
              ],
              [
                129.4554,
                35.5474
              ],
              [
                129.4554,
                35.5474
              ],
              [
                129.4554,
                35.5474
              ],
              [
                129.4553,
                35.5474
              ],
              [
                129.4553,
                35.5474
              ],
              [
                129.4553,
                35.5475
              ],
              [
                129.4553,
                35.5475
              ],
              [
                129.4553,
                35.5475
              ],
              [
                129.4553,
                35.5475
              ],
              [
                129.4553,
                35.5475
              ],
              [
                129.4553,
                35.5475
              ],
              [
                129.4553,
                35.5475
              ],
              [
                129.4553,
                35.5475
              ],
              [
                129.4553,
                35.5479
              ],
              [
                129.4553,
                35.548
              ],
              [
                129.4553,
                35.548
              ],
              [
                129.4553,
                35.548
              ],
              [
                129.4553,
                35.548
              ],
              [
                129.4553,
                35.548
              ],
              [
                129.4553,
                35.548
              ],
              [
                129.4553,
                35.548
              ],
              [
                129.4553,
                35.548
              ],
              [
                129.4553,
                35.548
              ],
              [
                129.4553,
                35.548
              ],
              [
                129.4553,
                35.548
              ],
              [
                129.4553,
                35.5481
              ],
              [
                129.4553,
                35.5481
              ],
              [
                129.4553,
                35.5481
              ],
              [
                129.4553,
                35.5481
              ],
              [
                129.4554,
                35.5481
              ],
              [
                129.4554,
                35.5481
              ],
              [
                129.4554,
                35.5481
              ],
              [
                129.4554,
                35.5481
              ],
              [
                129.4554,
                35.5481
              ],
              [
                129.4554,
                35.5481
              ],
              [
                129.4553,
                35.5482
              ],
              [
                129.4553,
                35.5483
              ],
              [
                129.4553,
                35.5483
              ],
              [
                129.4553,
                35.5483
              ],
              [
                129.4553,
                35.5483
              ],
              [
                129.4553,
                35.5483
              ],
              [
                129.4553,
                35.5483
              ],
              [
                129.4553,
                35.5483
              ],
              [
                129.4552,
                35.5483
              ],
              [
                129.4552,
                35.5483
              ],
              [
                129.4552,
                35.5483
              ],
              [
                129.4552,
                35.5483
              ],
              [
                129.4552,
                35.5483
              ],
              [
                129.4552,
                35.5483
              ],
              [
                129.4552,
                35.5483
              ],
              [
                129.4552,
                35.5483
              ],
              [
                129.4552,
                35.5483
              ],
              [
                129.4552,
                35.5483
              ],
              [
                129.4552,
                35.5483
              ],
              [
                129.4552,
                35.5482
              ],
              [
                129.4552,
                35.5482
              ],
              [
                129.4552,
                35.5482
              ],
              [
                129.4551,
                35.5477
              ],
              [
                129.4545,
                35.5475
              ],
              [
                129.4544,
                35.5474
              ],
              [
                129.454,
                35.5472
              ],
              [
                129.4537,
                35.547
              ],
              [
                129.4537,
                35.547
              ],
              [
                129.4537,
                35.547
              ],
              [
                129.4537,
                35.547
              ],
              [
                129.4537,
                35.547
              ],
              [
                129.4536,
                35.5469
              ],
              [
                129.4533,
                35.5461
              ],
              [
                129.4531,
                35.5454
              ],
              [
                129.4531,
                35.5453
              ],
              [
                129.4531,
                35.5452
              ],
              [
                129.4531,
                35.5451
              ],
              [
                129.4532,
                35.5451
              ],
              [
                129.4532,
                35.5451
              ],
              [
                129.4532,
                35.5451
              ],
              [
                129.4532,
                35.5451
              ],
              [
                129.4532,
                35.5451
              ],
              [
                129.4532,
                35.5451
              ],
              [
                129.4532,
                35.5451
              ],
              [
                129.4532,
                35.5451
              ],
              [
                129.4532,
                35.5451
              ],
              [
                129.4532,
                35.5451
              ],
              [
                129.4532,
                35.5451
              ],
              [
                129.4533,
                35.5449
              ],
              [
                129.4533,
                35.5448
              ],
              [
                129.4533,
                35.5448
              ],
              [
                129.4533,
                35.5448
              ],
              [
                129.4533,
                35.5448
              ],
              [
                129.4533,
                35.5447
              ],
              [
                129.4533,
                35.5447
              ],
              [
                129.4533,
                35.5447
              ],
              [
                129.4533,
                35.5447
              ],
              [
                129.4533,
                35.5447
              ],
              [
                129.4528,
                35.5442
              ],
              [
                129.4528,
                35.5442
              ],
              [
                129.4528,
                35.5442
              ],
              [
                129.4528,
                35.5442
              ],
              [
                129.4528,
                35.5442
              ],
              [
                129.4528,
                35.5442
              ],
              [
                129.4528,
                35.5442
              ],
              [
                129.4528,
                35.5442
              ],
              [
                129.4528,
                35.5442
              ],
              [
                129.4528,
                35.5442
              ],
              [
                129.4528,
                35.5442
              ],
              [
                129.4528,
                35.5442
              ],
              [
                129.4528,
                35.5442
              ],
              [
                129.4528,
                35.5442
              ],
              [
                129.4528,
                35.5442
              ],
              [
                129.4528,
                35.5442
              ],
              [
                129.4528,
                35.5442
              ],
              [
                129.4528,
                35.5442
              ],
              [
                129.4528,
                35.5442
              ],
              [
                129.4528,
                35.5442
              ],
              [
                129.4528,
                35.5441
              ],
              [
                129.4528,
                35.5441
              ],
              [
                129.4528,
                35.5441
              ],
              [
                129.4526,
                35.5441
              ],
              [
                129.4524,
                35.5441
              ],
              [
                129.4531,
                35.5431
              ],
              [
                129.4532,
                35.5431
              ],
              [
                129.4532,
                35.5431
              ],
              [
                129.4532,
                35.5431
              ],
              [
                129.4533,
                35.543
              ],
              [
                129.4533,
                35.543
              ],
              [
                129.4534,
                35.543
              ],
              [
                129.4534,
                35.543
              ],
              [
                129.4534,
                35.543
              ],
              [
                129.4534,
                35.543
              ],
              [
                129.4534,
                35.543
              ],
              [
                129.4534,
                35.543
              ],
              [
                129.4534,
                35.5429
              ],
              [
                129.4534,
                35.5429
              ],
              [
                129.4534,
                35.5429
              ],
              [
                129.4534,
                35.5429
              ],
              [
                129.4534,
                35.5429
              ],
              [
                129.4534,
                35.5429
              ],
              [
                129.4534,
                35.5429
              ],
              [
                129.4534,
                35.5429
              ],
              [
                129.4534,
                35.5429
              ],
              [
                129.4534,
                35.5429
              ],
              [
                129.4534,
                35.5429
              ],
              [
                129.4534,
                35.5429
              ],
              [
                129.4535,
                35.5429
              ],
              [
                129.4535,
                35.5429
              ],
              [
                129.4535,
                35.5429
              ],
              [
                129.4535,
                35.5429
              ],
              [
                129.4535,
                35.5429
              ],
              [
                129.4535,
                35.5429
              ],
              [
                129.4535,
                35.5429
              ],
              [
                129.4535,
                35.5429
              ],
              [
                129.4536,
                35.5428
              ],
              [
                129.4536,
                35.5428
              ],
              [
                129.4536,
                35.5428
              ],
              [
                129.4536,
                35.5428
              ],
              [
                129.4536,
                35.5428
              ],
              [
                129.4536,
                35.5428
              ],
              [
                129.4536,
                35.5428
              ],
              [
                129.4536,
                35.5428
              ],
              [
                129.4538,
                35.5424
              ],
              [
                129.4538,
                35.5422
              ],
              [
                129.4538,
                35.542
              ],
              [
                129.4538,
                35.542
              ],
              [
                129.4538,
                35.542
              ],
              [
                129.4538,
                35.5419
              ],
              [
                129.4538,
                35.5419
              ],
              [
                129.4538,
                35.5419
              ],
              [
                129.4538,
                35.5419
              ],
              [
                129.4538,
                35.5419
              ],
              [
                129.4538,
                35.5419
              ],
              [
                129.4538,
                35.5419
              ],
              [
                129.4538,
                35.5419
              ],
              [
                129.4537,
                35.5418
              ],
              [
                129.4529,
                35.5403
              ],
              [
                129.4521,
                35.5389
              ],
              [
                129.452,
                35.5388
              ],
              [
                129.4519,
                35.5384
              ],
              [
                129.4518,
                35.5384
              ],
              [
                129.4518,
                35.5384
              ],
              [
                129.4518,
                35.5384
              ],
              [
                129.4518,
                35.5384
              ],
              [
                129.4518,
                35.5384
              ],
              [
                129.4518,
                35.5384
              ],
              [
                129.4514,
                35.5371
              ],
              [
                129.4513,
                35.5364
              ],
              [
                129.4513,
                35.5362
              ],
              [
                129.4513,
                35.536
              ],
              [
                129.4516,
                35.5352
              ],
              [
                129.4517,
                35.5349
              ],
              [
                129.4519,
                35.5343
              ],
              [
                129.4519,
                35.5339
              ],
              [
                129.452,
                35.5338
              ],
              [
                129.452,
                35.5338
              ],
              [
                129.452,
                35.5338
              ],
              [
                129.452,
                35.5338
              ],
              [
                129.452,
                35.5338
              ],
              [
                129.452,
                35.5338
              ],
              [
                129.452,
                35.5338
              ],
              [
                129.452,
                35.5338
              ],
              [
                129.452,
                35.5338
              ],
              [
                129.452,
                35.5337
              ],
              [
                129.452,
                35.5337
              ],
              [
                129.452,
                35.5337
              ],
              [
                129.452,
                35.5337
              ],
              [
                129.452,
                35.5337
              ],
              [
                129.452,
                35.5337
              ],
              [
                129.452,
                35.5337
              ],
              [
                129.452,
                35.5337
              ],
              [
                129.452,
                35.5337
              ],
              [
                129.452,
                35.5337
              ],
              [
                129.4519,
                35.5337
              ],
              [
                129.4519,
                35.5337
              ],
              [
                129.4519,
                35.5337
              ],
              [
                129.4519,
                35.5336
              ],
              [
                129.4519,
                35.5336
              ],
              [
                129.4519,
                35.5336
              ],
              [
                129.4519,
                35.5336
              ],
              [
                129.4519,
                35.5336
              ],
              [
                129.4519,
                35.5336
              ],
              [
                129.4519,
                35.5336
              ],
              [
                129.4519,
                35.5336
              ],
              [
                129.4519,
                35.5336
              ],
              [
                129.4519,
                35.5336
              ],
              [
                129.4519,
                35.5335
              ],
              [
                129.4519,
                35.5335
              ],
              [
                129.4519,
                35.5335
              ],
              [
                129.4519,
                35.5335
              ],
              [
                129.4519,
                35.5335
              ],
              [
                129.4519,
                35.5335
              ],
              [
                129.4519,
                35.5335
              ],
              [
                129.4519,
                35.5335
              ],
              [
                129.4519,
                35.5335
              ],
              [
                129.4519,
                35.5335
              ],
              [
                129.452,
                35.5332
              ],
              [
                129.452,
                35.5331
              ],
              [
                129.452,
                35.5331
              ],
              [
                129.452,
                35.5331
              ],
              [
                129.452,
                35.5331
              ],
              [
                129.452,
                35.5331
              ],
              [
                129.452,
                35.533
              ],
              [
                129.452,
                35.533
              ],
              [
                129.452,
                35.533
              ],
              [
                129.452,
                35.5329
              ],
              [
                129.452,
                35.5328
              ],
              [
                129.452,
                35.5327
              ],
              [
                129.452,
                35.5326
              ],
              [
                129.452,
                35.5326
              ],
              [
                129.452,
                35.5326
              ],
              [
                129.452,
                35.5326
              ],
              [
                129.452,
                35.5326
              ],
              [
                129.452,
                35.5326
              ],
              [
                129.452,
                35.5326
              ],
              [
                129.452,
                35.5326
              ],
              [
                129.452,
                35.5326
              ],
              [
                129.452,
                35.5326
              ],
              [
                129.4522,
                35.5322
              ],
              [
                129.4524,
                35.5313
              ],
              [
                129.4528,
                35.5301
              ],
              [
                129.4535,
                35.5281
              ],
              [
                129.4528,
                35.5269
              ],
              [
                129.452,
                35.5274
              ],
              [
                129.4519,
                35.5276
              ],
              [
                129.4517,
                35.5277
              ],
              [
                129.4516,
                35.5278
              ],
              [
                129.4514,
                35.5279
              ],
              [
                129.4511,
                35.528
              ],
              [
                129.4475,
                35.5292
              ],
              [
                129.4468,
                35.5293
              ],
              [
                129.4387,
                35.5286
              ],
              [
                129.4388,
                35.5243
              ],
              [
                129.4388,
                35.52
              ],
              [
                129.4392,
                35.5198
              ],
              [
                129.4397,
                35.5198
              ],
              [
                129.4398,
                35.5206
              ],
              [
                129.4399,
                35.5212
              ],
              [
                129.4402,
                35.5223
              ],
              [
                129.4407,
                35.5223
              ],
              [
                129.4417,
                35.5223
              ],
              [
                129.4459,
                35.5224
              ],
              [
                129.4467,
                35.5242
              ],
              [
                129.4465,
                35.5247
              ],
              [
                129.4476,
                35.5261
              ],
              [
                129.4482,
                35.526
              ],
              [
                129.4482,
                35.526
              ],
              [
                129.4482,
                35.526
              ],
              [
                129.4483,
                35.526
              ],
              [
                129.4499,
                35.5248
              ],
              [
                129.45,
                35.5238
              ],
              [
                129.448,
                35.5199
              ],
              [
                129.4479,
                35.5195
              ],
              [
                129.4477,
                35.5193
              ],
              [
                129.4473,
                35.5181
              ],
              [
                129.4473,
                35.518
              ],
              [
                129.4456,
                35.5116
              ],
              [
                129.4456,
                35.5116
              ],
              [
                129.4457,
                35.5113
              ],
              [
                129.4457,
                35.5113
              ],
              [
                129.4458,
                35.511
              ],
              [
                129.4458,
                35.5109
              ],
              [
                129.4458,
                35.5109
              ],
              [
                129.4458,
                35.5108
              ],
              [
                129.446,
                35.5107
              ],
              [
                129.4462,
                35.5105
              ],
              [
                129.4477,
                35.509
              ],
              [
                129.443,
                35.5095
              ],
              [
                129.4415,
                35.511
              ],
              [
                129.4398,
                35.5111
              ],
              [
                129.4349,
                35.5112
              ],
              [
                129.4332,
                35.5113
              ],
              [
                129.4328,
                35.511
              ],
              [
                129.4325,
                35.5083
              ],
              [
                129.432,
                35.5054
              ],
              [
                129.4335,
                35.5044
              ],
              [
                129.4337,
                35.5042
              ],
              [
                129.4357,
                35.5056
              ],
              [
                129.4373,
                35.5067
              ],
              [
                129.4386,
                35.507
              ],
              [
                129.4421,
                35.507
              ],
              [
                129.4434,
                35.5059
              ],
              [
                129.4435,
                35.5057
              ],
              [
                129.4435,
                35.5057
              ],
              [
                129.4435,
                35.5057
              ],
              [
                129.4435,
                35.5054
              ],
              [
                129.4436,
                35.505
              ],
              [
                129.4436,
                35.5027
              ],
              [
                129.4436,
                35.5027
              ],
              [
                129.4436,
                35.5026
              ],
              [
                129.4436,
                35.5026
              ],
              [
                129.4435,
                35.5025
              ],
              [
                129.4435,
                35.5024
              ],
              [
                129.4435,
                35.5024
              ],
              [
                129.4435,
                35.5024
              ],
              [
                129.443,
                35.5015
              ],
              [
                129.4429,
                35.5014
              ],
              [
                129.4429,
                35.5013
              ],
              [
                129.4427,
                35.5012
              ],
              [
                129.4426,
                35.5011
              ],
              [
                129.4425,
                35.5011
              ],
              [
                129.4424,
                35.5011
              ],
              [
                129.4424,
                35.501
              ],
              [
                129.4421,
                35.501
              ],
              [
                129.4421,
                35.501
              ],
              [
                129.4416,
                35.501
              ],
              [
                129.4416,
                35.501
              ],
              [
                129.4416,
                35.501
              ],
              [
                129.4414,
                35.5011
              ],
              [
                129.4412,
                35.5011
              ],
              [
                129.4412,
                35.5011
              ],
              [
                129.4412,
                35.5011
              ],
              [
                129.441,
                35.5011
              ],
              [
                129.4409,
                35.5011
              ],
              [
                129.4409,
                35.5011
              ],
              [
                129.4401,
                35.5011
              ],
              [
                129.4401,
                35.5011
              ],
              [
                129.4398,
                35.5011
              ],
              [
                129.4398,
                35.5011
              ],
              [
                129.4398,
                35.501
              ],
              [
                129.4396,
                35.5009
              ],
              [
                129.4395,
                35.5009
              ],
              [
                129.4395,
                35.5009
              ],
              [
                129.4395,
                35.5008
              ],
              [
                129.4395,
                35.5008
              ],
              [
                129.4394,
                35.5007
              ],
              [
                129.4394,
                35.5007
              ],
              [
                129.4394,
                35.5007
              ],
              [
                129.4394,
                35.5005
              ],
              [
                129.4369,
                35.5
              ],
              [
                129.4369,
                35.5
              ],
              [
                129.4368,
                35.5
              ],
              [
                129.4368,
                35.5
              ],
              [
                129.4368,
                35.4999
              ],
              [
                129.4368,
                35.4999
              ],
              [
                129.4367,
                35.4999
              ],
              [
                129.4367,
                35.4999
              ],
              [
                129.4366,
                35.4999
              ],
              [
                129.4366,
                35.4999
              ],
              [
                129.4366,
                35.4999
              ],
              [
                129.4366,
                35.4999
              ],
              [
                129.4366,
                35.4999
              ],
              [
                129.4354,
                35.4996
              ],
              [
                129.4349,
                35.4995
              ],
              [
                129.4348,
                35.4997
              ],
              [
                129.4348,
                35.4999
              ],
              [
                129.4348,
                35.4999
              ],
              [
                129.4347,
                35.5
              ],
              [
                129.4347,
                35.5
              ],
              [
                129.4346,
                35.5001
              ],
              [
                129.4346,
                35.5001
              ],
              [
                129.4346,
                35.5002
              ],
              [
                129.4345,
                35.5002
              ],
              [
                129.4344,
                35.5002
              ],
              [
                129.4343,
                35.5003
              ],
              [
                129.4342,
                35.5004
              ],
              [
                129.4342,
                35.5004
              ],
              [
                129.4341,
                35.5004
              ],
              [
                129.4341,
                35.5004
              ],
              [
                129.4336,
                35.5001
              ],
              [
                129.4335,
                35.5001
              ],
              [
                129.4331,
                35.4997
              ],
              [
                129.4322,
                35.4988
              ],
              [
                129.4321,
                35.4986
              ],
              [
                129.4314,
                35.4978
              ],
              [
                129.4314,
                35.4978
              ],
              [
                129.4314,
                35.4977
              ],
              [
                129.4313,
                35.4977
              ],
              [
                129.4312,
                35.4974
              ],
              [
                129.4311,
                35.4971
              ],
              [
                129.4311,
                35.497
              ],
              [
                129.431,
                35.497
              ],
              [
                129.431,
                35.4969
              ],
              [
                129.431,
                35.4969
              ],
              [
                129.431,
                35.4968
              ],
              [
                129.431,
                35.4967
              ],
              [
                129.431,
                35.4965
              ],
              [
                129.431,
                35.4959
              ],
              [
                129.4311,
                35.4958
              ],
              [
                129.4311,
                35.4958
              ],
              [
                129.4312,
                35.4954
              ],
              [
                129.4312,
                35.4952
              ],
              [
                129.4316,
                35.4943
              ],
              [
                129.4319,
                35.4938
              ],
              [
                129.4321,
                35.4934
              ],
              [
                129.4323,
                35.4931
              ],
              [
                129.4327,
                35.4928
              ],
              [
                129.433,
                35.4926
              ],
              [
                129.4332,
                35.4925
              ],
              [
                129.4334,
                35.4924
              ],
              [
                129.4337,
                35.4922
              ],
              [
                129.4341,
                35.4922
              ],
              [
                129.4342,
                35.4922
              ],
              [
                129.4342,
                35.4922
              ],
              [
                129.4389,
                35.4935
              ],
              [
                129.4391,
                35.4935
              ],
              [
                129.4393,
                35.4937
              ],
              [
                129.4394,
                35.4938
              ],
              [
                129.4396,
                35.4939
              ],
              [
                129.4397,
                35.4941
              ],
              [
                129.4398,
                35.4942
              ],
              [
                129.4398,
                35.4942
              ],
              [
                129.4398,
                35.4943
              ],
              [
                129.4398,
                35.4945
              ],
              [
                129.4398,
                35.4946
              ],
              [
                129.4396,
                35.4946
              ],
              [
                129.4396,
                35.4948
              ],
              [
                129.4396,
                35.4949
              ],
              [
                129.4397,
                35.495
              ],
              [
                129.4397,
                35.4951
              ],
              [
                129.44,
                35.4953
              ],
              [
                129.4404,
                35.4956
              ],
              [
                129.4411,
                35.4958
              ],
              [
                129.4412,
                35.4958
              ],
              [
                129.4412,
                35.4958
              ],
              [
                129.4416,
                35.4958
              ],
              [
                129.4422,
                35.4954
              ],
              [
                129.4443,
                35.4937
              ],
              [
                129.4449,
                35.4924
              ],
              [
                129.4449,
                35.4923
              ],
              [
                129.4449,
                35.4923
              ],
              [
                129.4449,
                35.4922
              ],
              [
                129.4449,
                35.4921
              ],
              [
                129.4449,
                35.4921
              ],
              [
                129.4446,
                35.4915
              ],
              [
                129.4446,
                35.4915
              ],
              [
                129.4443,
                35.4913
              ],
              [
                129.4443,
                35.4913
              ],
              [
                129.4443,
                35.4913
              ],
              [
                129.4442,
                35.4913
              ],
              [
                129.4442,
                35.4913
              ],
              [
                129.4442,
                35.4913
              ],
              [
                129.4441,
                35.4913
              ],
              [
                129.4441,
                35.4914
              ],
              [
                129.444,
                35.4914
              ],
              [
                129.444,
                35.4914
              ],
              [
                129.4441,
                35.4915
              ],
              [
                129.4438,
                35.4918
              ],
              [
                129.4436,
                35.492
              ],
              [
                129.4435,
                35.492
              ],
              [
                129.4435,
                35.492
              ],
              [
                129.4434,
                35.492
              ],
              [
                129.4434,
                35.492
              ],
              [
                129.4433,
                35.492
              ],
              [
                129.4425,
                35.4919
              ],
              [
                129.4424,
                35.4919
              ],
              [
                129.4419,
                35.4918
              ],
              [
                129.4417,
                35.4917
              ],
              [
                129.4413,
                35.4915
              ],
              [
                129.4412,
                35.4914
              ],
              [
                129.4403,
                35.4908
              ],
              [
                129.4401,
                35.4906
              ],
              [
                129.4399,
                35.4903
              ],
              [
                129.4398,
                35.4902
              ],
              [
                129.4398,
                35.49
              ],
              [
                129.4397,
                35.4898
              ],
              [
                129.4397,
                35.4897
              ],
              [
                129.4397,
                35.4886
              ],
              [
                129.4397,
                35.4884
              ],
              [
                129.4397,
                35.4883
              ],
              [
                129.4397,
                35.4882
              ],
              [
                129.4397,
                35.4882
              ],
              [
                129.4398,
                35.4882
              ],
              [
                129.4398,
                35.4882
              ],
              [
                129.4398,
                35.4881
              ],
              [
                129.4398,
                35.488
              ],
              [
                129.4398,
                35.488
              ],
              [
                129.4398,
                35.4874
              ],
              [
                129.4398,
                35.4873
              ],
              [
                129.4398,
                35.4873
              ],
              [
                129.4383,
                35.4853
              ],
              [
                129.4372,
                35.4847
              ],
              [
                129.4371,
                35.4846
              ],
              [
                129.437,
                35.4846
              ],
              [
                129.437,
                35.4846
              ],
              [
                129.4369,
                35.4845
              ],
              [
                129.4369,
                35.4845
              ],
              [
                129.4366,
                35.4843
              ],
              [
                129.4323,
                35.4806
              ],
              [
                129.4323,
                35.4805
              ],
              [
                129.4321,
                35.4804
              ],
              [
                129.4321,
                35.4804
              ],
              [
                129.4321,
                35.4803
              ],
              [
                129.4315,
                35.479
              ],
              [
                129.4314,
                35.4787
              ],
              [
                129.4313,
                35.4782
              ],
              [
                129.4311,
                35.4784
              ],
              [
                129.4313,
                35.4787
              ],
              [
                129.4315,
                35.4791
              ],
              [
                129.432,
                35.4804
              ],
              [
                129.432,
                35.4804
              ],
              [
                129.4318,
                35.4812
              ],
              [
                129.4308,
                35.4836
              ],
              [
                129.4302,
                35.484
              ],
              [
                129.4298,
                35.4844
              ],
              [
                129.4289,
                35.4848
              ],
              [
                129.4281,
                35.4851
              ],
              [
                129.4279,
                35.4851
              ],
              [
                129.4274,
                35.4851
              ],
              [
                129.4252,
                35.485
              ],
              [
                129.425,
                35.4849
              ],
              [
                129.425,
                35.4849
              ],
              [
                129.4246,
                35.4847
              ],
              [
                129.4244,
                35.4845
              ],
              [
                129.424,
                35.4842
              ],
              [
                129.4248,
                35.4819
              ],
              [
                129.425,
                35.4814
              ],
              [
                129.4248,
                35.4812
              ],
              [
                129.4237,
                35.4809
              ],
              [
                129.4236,
                35.4809
              ],
              [
                129.4226,
                35.4807
              ],
              [
                129.4225,
                35.4807
              ],
              [
                129.4212,
                35.4809
              ],
              [
                129.4205,
                35.4813
              ],
              [
                129.4203,
                35.4814
              ],
              [
                129.4212,
                35.4813
              ],
              [
                129.4213,
                35.4813
              ],
              [
                129.4213,
                35.4815
              ],
              [
                129.4213,
                35.4816
              ],
              [
                129.4213,
                35.4816
              ],
              [
                129.4213,
                35.4816
              ],
              [
                129.4213,
                35.4817
              ],
              [
                129.4213,
                35.4817
              ],
              [
                129.4213,
                35.4818
              ],
              [
                129.4213,
                35.4818
              ],
              [
                129.4213,
                35.4818
              ],
              [
                129.4212,
                35.4818
              ],
              [
                129.4212,
                35.4819
              ],
              [
                129.4212,
                35.4819
              ],
              [
                129.4211,
                35.482
              ],
              [
                129.4209,
                35.4821
              ],
              [
                129.4198,
                35.4824
              ],
              [
                129.4197,
                35.4824
              ],
              [
                129.4197,
                35.4824
              ],
              [
                129.4185,
                35.4822
              ],
              [
                129.4185,
                35.4822
              ],
              [
                129.4184,
                35.4822
              ],
              [
                129.4183,
                35.4821
              ],
              [
                129.4154,
                35.48
              ],
              [
                129.4153,
                35.4799
              ],
              [
                129.4151,
                35.4796
              ],
              [
                129.415,
                35.4795
              ],
              [
                129.4149,
                35.4792
              ],
              [
                129.4149,
                35.4792
              ],
              [
                129.4149,
                35.4792
              ],
              [
                129.4149,
                35.4791
              ],
              [
                129.4149,
                35.478
              ],
              [
                129.4149,
                35.478
              ],
              [
                129.4149,
                35.4779
              ],
              [
                129.4149,
                35.4779
              ],
              [
                129.4149,
                35.4779
              ],
              [
                129.415,
                35.4779
              ],
              [
                129.415,
                35.4779
              ],
              [
                129.4153,
                35.4775
              ],
              [
                129.4154,
                35.4774
              ],
              [
                129.4155,
                35.4774
              ],
              [
                129.4156,
                35.4773
              ],
              [
                129.4158,
                35.4771
              ],
              [
                129.4159,
                35.4769
              ],
              [
                129.4159,
                35.4769
              ],
              [
                129.4159,
                35.4769
              ],
              [
                129.416,
                35.4768
              ],
              [
                129.416,
                35.4768
              ],
              [
                129.416,
                35.4766
              ],
              [
                129.4162,
                35.476
              ],
              [
                129.4162,
                35.476
              ],
              [
                129.4162,
                35.476
              ],
              [
                129.4162,
                35.476
              ],
              [
                129.4162,
                35.476
              ],
              [
                129.4162,
                35.4759
              ],
              [
                129.4162,
                35.4759
              ],
              [
                129.4161,
                35.4759
              ],
              [
                129.4161,
                35.4758
              ],
              [
                129.416,
                35.4757
              ],
              [
                129.4134,
                35.4733
              ],
              [
                129.413,
                35.473
              ],
              [
                129.4127,
                35.4727
              ],
              [
                129.4119,
                35.472
              ],
              [
                129.4118,
                35.4719
              ],
              [
                129.4117,
                35.4719
              ],
              [
                129.4117,
                35.4718
              ],
              [
                129.4116,
                35.4718
              ],
              [
                129.4116,
                35.4718
              ],
              [
                129.4111,
                35.4715
              ],
              [
                129.411,
                35.4715
              ],
              [
                129.411,
                35.4715
              ],
              [
                129.4109,
                35.4715
              ],
              [
                129.4109,
                35.4715
              ],
              [
                129.4107,
                35.4714
              ],
              [
                129.4107,
                35.4714
              ],
              [
                129.4106,
                35.4714
              ],
              [
                129.4101,
                35.4713
              ],
              [
                129.41,
                35.4713
              ],
              [
                129.41,
                35.4713
              ],
              [
                129.4098,
                35.4713
              ],
              [
                129.4098,
                35.4713
              ],
              [
                129.4097,
                35.4713
              ],
              [
                129.4096,
                35.4713
              ],
              [
                129.4093,
                35.4713
              ],
              [
                129.4092,
                35.4713
              ],
              [
                129.4091,
                35.4714
              ],
              [
                129.409,
                35.4714
              ],
              [
                129.4085,
                35.4715
              ],
              [
                129.4062,
                35.472
              ],
              [
                129.4071,
                35.4733
              ],
              [
                129.4067,
                35.4738
              ],
              [
                129.4049,
                35.4762
              ],
              [
                129.4043,
                35.4772
              ],
              [
                129.4042,
                35.4873
              ],
              [
                129.4045,
                35.4873
              ],
              [
                129.4055,
                35.4887
              ],
              [
                129.4084,
                35.4933
              ],
              [
                129.4032,
                35.4998
              ],
              [
                129.4011,
                35.5002
              ],
              [
                129.3988,
                35.5007
              ],
              [
                129.3985,
                35.5007
              ],
              [
                129.3976,
                35.5009
              ],
              [
                129.397,
                35.501
              ],
              [
                129.3958,
                35.5012
              ],
              [
                129.397,
                35.5058
              ],
              [
                129.3975,
                35.5076
              ],
              [
                129.3971,
                35.5119
              ],
              [
                129.397,
                35.5122
              ],
              [
                129.3964,
                35.5134
              ],
              [
                129.3932,
                35.519
              ],
              [
                129.3932,
                35.519
              ],
              [
                129.392,
                35.5208
              ],
              [
                129.3916,
                35.5213
              ],
              [
                129.3907,
                35.5227
              ],
              [
                129.3888,
                35.5255
              ],
              [
                129.3876,
                35.5274
              ],
              [
                129.3877,
                35.5274
              ],
              [
                129.3883,
                35.527
              ],
              [
                129.389,
                35.5266
              ],
              [
                129.3891,
                35.5265
              ],
              [
                129.3893,
                35.5263
              ],
              [
                129.3894,
                35.5262
              ],
              [
                129.3897,
                35.5259
              ],
              [
                129.3902,
                35.5254
              ],
              [
                129.3915,
                35.5235
              ],
              [
                129.3917,
                35.5233
              ],
              [
                129.3919,
                35.523
              ],
              [
                129.392,
                35.5228
              ],
              [
                129.3921,
                35.5228
              ],
              [
                129.3921,
                35.5227
              ],
              [
                129.3922,
                35.5226
              ],
              [
                129.3923,
                35.5226
              ],
              [
                129.3924,
                35.5225
              ],
              [
                129.3924,
                35.5225
              ],
              [
                129.3926,
                35.5224
              ],
              [
                129.3927,
                35.5223
              ],
              [
                129.3928,
                35.5222
              ],
              [
                129.3931,
                35.5221
              ],
              [
                129.3932,
                35.522
              ],
              [
                129.3933,
                35.522
              ],
              [
                129.3934,
                35.522
              ],
              [
                129.3935,
                35.5219
              ],
              [
                129.3938,
                35.5219
              ],
              [
                129.3939,
                35.5219
              ],
              [
                129.394,
                35.5218
              ],
              [
                129.394,
                35.5218
              ],
              [
                129.3941,
                35.5218
              ],
              [
                129.3942,
                35.5218
              ],
              [
                129.3943,
                35.5218
              ],
              [
                129.3944,
                35.5218
              ],
              [
                129.3956,
                35.5218
              ],
              [
                129.3958,
                35.5218
              ],
              [
                129.3959,
                35.5218
              ],
              [
                129.3959,
                35.5218
              ],
              [
                129.396,
                35.5218
              ],
              [
                129.396,
                35.5218
              ],
              [
                129.3962,
                35.5218
              ],
              [
                129.3963,
                35.5218
              ],
              [
                129.3963,
                35.5218
              ],
              [
                129.3964,
                35.5218
              ],
              [
                129.3965,
                35.5218
              ],
              [
                129.3966,
                35.5217
              ],
              [
                129.4034,
                35.5202
              ],
              [
                129.4038,
                35.5199
              ],
              [
                129.4052,
                35.5187
              ],
              [
                129.4055,
                35.5184
              ],
              [
                129.4054,
                35.518
              ],
              [
                129.4054,
                35.5179
              ],
              [
                129.4054,
                35.5177
              ],
              [
                129.4055,
                35.5175
              ],
              [
                129.4066,
                35.5167
              ],
              [
                129.4068,
                35.5166
              ],
              [
                129.4084,
                35.516
              ],
              [
                129.409,
                35.5166
              ],
              [
                129.4092,
                35.517
              ],
              [
                129.4097,
                35.5191
              ],
              [
                129.4094,
                35.5214
              ],
              [
                129.4102,
                35.5219
              ],
              [
                129.4104,
                35.5223
              ],
              [
                129.4106,
                35.5231
              ],
              [
                129.4104,
                35.5241
              ],
              [
                129.4099,
                35.5244
              ],
              [
                129.4089,
                35.5252
              ],
              [
                129.4085,
                35.5252
              ],
              [
                129.4071,
                35.5259
              ],
              [
                129.4064,
                35.5267
              ],
              [
                129.4024,
                35.528
              ],
              [
                129.4019,
                35.5282
              ],
              [
                129.4012,
                35.5294
              ],
              [
                129.4027,
                35.5317
              ],
              [
                129.4038,
                35.5332
              ],
              [
                129.4044,
                35.5333
              ],
              [
                129.4049,
                35.5338
              ],
              [
                129.4056,
                35.5347
              ],
              [
                129.4066,
                35.5375
              ],
              [
                129.4066,
                35.538
              ],
              [
                129.4066,
                35.5383
              ],
              [
                129.4064,
                35.5389
              ],
              [
                129.4059,
                35.5392
              ],
              [
                129.4054,
                35.5407
              ],
              [
                129.4056,
                35.5417
              ],
              [
                129.408,
                35.5449
              ],
              [
                129.4084,
                35.5455
              ],
              [
                129.408,
                35.5463
              ],
              [
                129.407,
                35.5485
              ],
              [
                129.4071,
                35.5491
              ],
              [
                129.4073,
                35.5503
              ],
              [
                129.4076,
                35.551
              ],
              [
                129.4081,
                35.5517
              ],
              [
                129.4083,
                35.5518
              ],
              [
                129.409,
                35.5521
              ],
              [
                129.4095,
                35.5523
              ],
              [
                129.41,
                35.5523
              ],
              [
                129.4113,
                35.5529
              ],
              [
                129.4118,
                35.5532
              ],
              [
                129.4133,
                35.5547
              ],
              [
                129.4135,
                35.555
              ],
              [
                129.414,
                35.5565
              ],
              [
                129.4133,
                35.5588
              ],
              [
                129.4147,
                35.5598
              ],
              [
                129.415,
                35.56
              ],
              [
                129.4163,
                35.5606
              ],
              [
                129.4189,
                35.5624
              ],
              [
                129.4193,
                35.563
              ],
              [
                129.4198,
                35.5636
              ],
              [
                129.4201,
                35.5638
              ],
              [
                129.4201,
                35.5638
              ],
              [
                129.4289,
                35.5666
              ],
              [
                129.4332,
                35.5669
              ],
              [
                129.4415,
                35.5679
              ],
              [
                129.4425,
                35.5678
              ],
              [
                129.4446,
                35.5677
              ],
              [
                129.4457,
                35.5679
              ],
              [
                129.4478,
                35.5692
              ],
              [
                129.4478,
                35.5692
              ],
              [
                129.4494,
                35.5703
              ],
              [
                129.452,
                35.5714
              ],
              [
                129.4529,
                35.5716
              ],
              [
                129.453,
                35.5714
              ],
              [
                129.453,
                35.5713
              ],
              [
                129.453,
                35.5713
              ],
              [
                129.453,
                35.5713
              ],
              [
                129.453,
                35.5713
              ],
              [
                129.453,
                35.5713
              ],
              [
                129.453,
                35.5713
              ],
              [
                129.453,
                35.5713
              ],
              [
                129.453,
                35.5713
              ],
              [
                129.453,
                35.5713
              ],
              [
                129.453,
                35.5713
              ],
              [
                129.453,
                35.5713
              ],
              [
                129.453,
                35.5713
              ],
              [
                129.4531,
                35.5713
              ],
              [
                129.4531,
                35.5713
              ],
              [
                129.4531,
                35.5713
              ],
              [
                129.4531,
                35.5712
              ],
              [
                129.4531,
                35.5712
              ],
              [
                129.4531,
                35.5712
              ],
              [
                129.4531,
                35.5712
              ],
              [
                129.4531,
                35.5712
              ],
              [
                129.4535,
                35.5703
              ],
              [
                129.4536,
                35.5699
              ],
              [
                129.4537,
                35.5699
              ],
              [
                129.4537,
                35.5699
              ],
              [
                129.4537,
                35.5699
              ],
              [
                129.4537,
                35.5699
              ],
              [
                129.4537,
                35.5699
              ],
              [
                129.4537,
                35.5699
              ],
              [
                129.4537,
                35.5699
              ],
              [
                129.4537,
                35.5699
              ],
              [
                129.4537,
                35.5698
              ],
              [
                129.4537,
                35.5698
              ],
              [
                129.4537,
                35.5698
              ],
              [
                129.4537,
                35.5698
              ],
              [
                129.4537,
                35.5698
              ],
              [
                129.4537,
                35.5698
              ],
              [
                129.4537,
                35.5698
              ],
              [
                129.4537,
                35.5698
              ],
              [
                129.4537,
                35.5698
              ],
              [
                129.4537,
                35.5698
              ],
              [
                129.4537,
                35.5698
              ],
              [
                129.4537,
                35.5698
              ],
              [
                129.4537,
                35.5698
              ],
              [
                129.4537,
                35.5698
              ],
              [
                129.4537,
                35.5698
              ],
              [
                129.4537,
                35.5698
              ],
              [
                129.4537,
                35.5698
              ],
              [
                129.4537,
                35.5698
              ],
              [
                129.4537,
                35.5698
              ],
              [
                129.4538,
                35.5697
              ],
              [
                129.4538,
                35.5697
              ],
              [
                129.4538,
                35.5697
              ],
              [
                129.4539,
                35.5696
              ],
              [
                129.4539,
                35.5696
              ],
              [
                129.4539,
                35.5696
              ],
              [
                129.4539,
                35.5696
              ],
              [
                129.4539,
                35.5696
              ],
              [
                129.4539,
                35.5696
              ],
              [
                129.4539,
                35.5696
              ],
              [
                129.4539,
                35.5696
              ],
              [
                129.4539,
                35.5695
              ],
              [
                129.4539,
                35.5695
              ],
              [
                129.4539,
                35.5695
              ],
              [
                129.4539,
                35.5695
              ],
              [
                129.454,
                35.5695
              ],
              [
                129.454,
                35.5695
              ],
              [
                129.454,
                35.5695
              ],
              [
                129.454,
                35.5695
              ],
              [
                129.4541,
                35.5695
              ],
              [
                129.4541,
                35.5695
              ]
            ]
          ]
        ]
      },
      "properties": {
        "name": "동구",
        "base_year": "2018",
        "name_eng": "Dong-gu",
        "code": "26030"
      }
    },
    {
      "type": "Feature",
      "geometry": {
        "type": "MultiPolygon",
        "coordinates": [
          [
            [
              [
                129.3612,
                35.6788
              ],
              [
                129.3632,
                35.6786
              ],
              [
                129.3641,
                35.6789
              ],
              [
                129.3642,
                35.6768
              ],
              [
                129.3642,
                35.6767
              ],
              [
                129.3651,
                35.6757
              ],
              [
                129.3658,
                35.6755
              ],
              [
                129.3667,
                35.6753
              ],
              [
                129.3667,
                35.6753
              ],
              [
                129.3667,
                35.6753
              ],
              [
                129.3706,
                35.6729
              ],
              [
                129.3713,
                35.6723
              ],
              [
                129.3716,
                35.6721
              ],
              [
                129.3728,
                35.6702
              ],
              [
                129.3728,
                35.6701
              ],
              [
                129.3727,
                35.6692
              ],
              [
                129.3745,
                35.6697
              ],
              [
                129.3808,
                35.671
              ],
              [
                129.3818,
                35.6712
              ],
              [
                129.3832,
                35.671
              ],
              [
                129.3858,
                35.6703
              ],
              [
                129.3864,
                35.6703
              ],
              [
                129.3864,
                35.6703
              ],
              [
                129.3864,
                35.6703
              ],
              [
                129.3875,
                35.6699
              ],
              [
                129.3878,
                35.6699
              ],
              [
                129.3885,
                35.6696
              ],
              [
                129.3888,
                35.6693
              ],
              [
                129.392,
                35.6685
              ],
              [
                129.3937,
                35.6681
              ],
              [
                129.3942,
                35.668
              ],
              [
                129.3953,
                35.668
              ],
              [
                129.3966,
                35.668
              ],
              [
                129.3986,
                35.6678
              ],
              [
                129.3989,
                35.6678
              ],
              [
                129.3999,
                35.6676
              ],
              [
                129.4007,
                35.6672
              ],
              [
                129.4007,
                35.6672
              ],
              [
                129.4007,
                35.6672
              ],
              [
                129.4012,
                35.6665
              ],
              [
                129.4013,
                35.6662
              ],
              [
                129.4014,
                35.666
              ],
              [
                129.4014,
                35.6659
              ],
              [
                129.4016,
                35.6656
              ],
              [
                129.4016,
                35.6656
              ],
              [
                129.402,
                35.6648
              ],
              [
                129.402,
                35.6648
              ],
              [
                129.403,
                35.6633
              ],
              [
                129.4031,
                35.6631
              ],
              [
                129.4032,
                35.6631
              ],
              [
                129.4034,
                35.663
              ],
              [
                129.4034,
                35.663
              ],
              [
                129.4035,
                35.6629
              ],
              [
                129.4037,
                35.6629
              ],
              [
                129.4061,
                35.6628
              ],
              [
                129.4062,
                35.6628
              ],
              [
                129.4065,
                35.6628
              ],
              [
                129.4067,
                35.6628
              ],
              [
                129.4068,
                35.6628
              ],
              [
                129.4076,
                35.6634
              ],
              [
                129.4079,
                35.6636
              ],
              [
                129.4102,
                35.6639
              ],
              [
                129.4102,
                35.6639
              ],
              [
                129.4103,
                35.6639
              ],
              [
                129.411,
                35.6638
              ],
              [
                129.4136,
                35.663
              ],
              [
                129.4142,
                35.6628
              ],
              [
                129.4144,
                35.6627
              ],
              [
                129.4195,
                35.6602
              ],
              [
                129.4257,
                35.6572
              ],
              [
                129.4284,
                35.6556
              ],
              [
                129.4286,
                35.6556
              ],
              [
                129.4289,
                35.6556
              ],
              [
                129.4301,
                35.6558
              ],
              [
                129.4311,
                35.6563
              ],
              [
                129.4313,
                35.6564
              ],
              [
                129.4317,
                35.6565
              ],
              [
                129.4318,
                35.6566
              ],
              [
                129.4321,
                35.6566
              ],
              [
                129.4328,
                35.6566
              ],
              [
                129.4328,
                35.6566
              ],
              [
                129.4331,
                35.6551
              ],
              [
                129.4331,
                35.6543
              ],
              [
                129.4331,
                35.6543
              ],
              [
                129.4336,
                35.6537
              ],
              [
                129.4336,
                35.6536
              ],
              [
                129.4339,
                35.6533
              ],
              [
                129.4344,
                35.6527
              ],
              [
                129.4351,
                35.6525
              ],
              [
                129.4351,
                35.6524
              ],
              [
                129.4353,
                35.6526
              ],
              [
                129.4359,
                35.653
              ],
              [
                129.4365,
                35.6533
              ],
              [
                129.4365,
                35.6536
              ],
              [
                129.4369,
                35.6542
              ],
              [
                129.4374,
                35.6546
              ],
              [
                129.4377,
                35.6547
              ],
              [
                129.4393,
                35.6552
              ],
              [
                129.4418,
                35.6547
              ],
              [
                129.4425,
                35.6546
              ],
              [
                129.4443,
                35.6539
              ],
              [
                129.4444,
                35.6539
              ],
              [
                129.4448,
                35.6537
              ],
              [
                129.4453,
                35.6534
              ],
              [
                129.4462,
                35.6527
              ],
              [
                129.4477,
                35.6517
              ],
              [
                129.4478,
                35.6516
              ],
              [
                129.4479,
                35.6515
              ],
              [
                129.4484,
                35.6512
              ],
              [
                129.4486,
                35.6511
              ],
              [
                129.4487,
                35.6511
              ],
              [
                129.4493,
                35.651
              ],
              [
                129.4495,
                35.651
              ],
              [
                129.4496,
                35.651
              ],
              [
                129.4498,
                35.6511
              ],
              [
                129.4489,
                35.6488
              ],
              [
                129.4489,
                35.6488
              ],
              [
                129.4488,
                35.6486
              ],
              [
                129.4486,
                35.6483
              ],
              [
                129.4485,
                35.6481
              ],
              [
                129.4484,
                35.648
              ],
              [
                129.4461,
                35.6462
              ],
              [
                129.4456,
                35.6461
              ],
              [
                129.4452,
                35.6463
              ],
              [
                129.4452,
                35.6463
              ],
              [
                129.4451,
                35.6463
              ],
              [
                129.445,
                35.6463
              ],
              [
                129.4449,
                35.6463
              ],
              [
                129.4449,
                35.6463
              ],
              [
                129.4448,
                35.6463
              ],
              [
                129.4448,
                35.6463
              ],
              [
                129.4426,
                35.6457
              ],
              [
                129.4424,
                35.6456
              ],
              [
                129.4424,
                35.6456
              ],
              [
                129.4424,
                35.6456
              ],
              [
                129.4424,
                35.6455
              ],
              [
                129.4423,
                35.6455
              ],
              [
                129.4421,
                35.6453
              ],
              [
                129.442,
                35.6453
              ],
              [
                129.442,
                35.6452
              ],
              [
                129.442,
                35.6452
              ],
              [
                129.442,
                35.6452
              ],
              [
                129.4419,
                35.6452
              ],
              [
                129.4417,
                35.6448
              ],
              [
                129.4416,
                35.6447
              ],
              [
                129.4416,
                35.6447
              ],
              [
                129.4416,
                35.6446
              ],
              [
                129.4415,
                35.6443
              ],
              [
                129.4414,
                35.6437
              ],
              [
                129.4414,
                35.6431
              ],
              [
                129.4414,
                35.643
              ],
              [
                129.4414,
                35.6423
              ],
              [
                129.4414,
                35.6421
              ],
              [
                129.4414,
                35.6419
              ],
              [
                129.4414,
                35.6418
              ],
              [
                129.4414,
                35.6412
              ],
              [
                129.4414,
                35.6409
              ],
              [
                129.4414,
                35.6409
              ],
              [
                129.4417,
                35.6388
              ],
              [
                129.4417,
                35.6388
              ],
              [
                129.4418,
                35.6382
              ],
              [
                129.4418,
                35.6382
              ],
              [
                129.4419,
                35.6379
              ],
              [
                129.4409,
                35.6326
              ],
              [
                129.4409,
                35.6325
              ],
              [
                129.4409,
                35.6324
              ],
              [
                129.441,
                35.6324
              ],
              [
                129.4411,
                35.6319
              ],
              [
                129.4415,
                35.6303
              ],
              [
                129.4415,
                35.6302
              ],
              [
                129.4415,
                35.6301
              ],
              [
                129.4435,
                35.6256
              ],
              [
                129.4437,
                35.6252
              ],
              [
                129.444,
                35.6246
              ],
              [
                129.4441,
                35.6245
              ],
              [
                129.4441,
                35.6245
              ],
              [
                129.4441,
                35.6245
              ],
              [
                129.4441,
                35.6245
              ],
              [
                129.4441,
                35.6245
              ],
              [
                129.4441,
                35.6245
              ],
              [
                129.4443,
                35.6242
              ],
              [
                129.4443,
                35.6242
              ],
              [
                129.4443,
                35.6241
              ],
              [
                129.4452,
                35.6233
              ],
              [
                129.4452,
                35.6232
              ],
              [
                129.4453,
                35.6231
              ],
              [
                129.4453,
                35.6231
              ],
              [
                129.4453,
                35.6231
              ],
              [
                129.4453,
                35.6231
              ],
              [
                129.4453,
                35.6231
              ],
              [
                129.4453,
                35.6231
              ],
              [
                129.4453,
                35.6231
              ],
              [
                129.4453,
                35.6231
              ],
              [
                129.4453,
                35.6231
              ],
              [
                129.4453,
                35.6231
              ],
              [
                129.4453,
                35.6231
              ],
              [
                129.4457,
                35.6227
              ],
              [
                129.4465,
                35.6221
              ],
              [
                129.4474,
                35.6213
              ],
              [
                129.4474,
                35.6212
              ],
              [
                129.4474,
                35.6212
              ],
              [
                129.4474,
                35.6212
              ],
              [
                129.4474,
                35.6212
              ],
              [
                129.4474,
                35.6212
              ],
              [
                129.4474,
                35.6212
              ],
              [
                129.4475,
                35.6212
              ],
              [
                129.4476,
                35.6211
              ],
              [
                129.4481,
                35.6208
              ],
              [
                129.4481,
                35.6208
              ],
              [
                129.4481,
                35.6207
              ],
              [
                129.4481,
                35.6207
              ],
              [
                129.4482,
                35.6207
              ],
              [
                129.4482,
                35.6207
              ],
              [
                129.4482,
                35.6207
              ],
              [
                129.4482,
                35.6207
              ],
              [
                129.4482,
                35.6207
              ],
              [
                129.4482,
                35.6207
              ],
              [
                129.4483,
                35.6207
              ],
              [
                129.4483,
                35.6207
              ],
              [
                129.4483,
                35.6207
              ],
              [
                129.4483,
                35.6207
              ],
              [
                129.4485,
                35.6206
              ],
              [
                129.4485,
                35.6206
              ],
              [
                129.4485,
                35.6206
              ],
              [
                129.4486,
                35.6206
              ],
              [
                129.4486,
                35.6206
              ],
              [
                129.4486,
                35.6206
              ],
              [
                129.4486,
                35.6206
              ],
              [
                129.4493,
                35.6202
              ],
              [
                129.4493,
                35.6202
              ],
              [
                129.4493,
                35.6202
              ],
              [
                129.4493,
                35.6202
              ],
              [
                129.4493,
                35.6202
              ],
              [
                129.4493,
                35.6202
              ],
              [
                129.4493,
                35.6202
              ],
              [
                129.4493,
                35.6202
              ],
              [
                129.4493,
                35.6202
              ],
              [
                129.4493,
                35.6202
              ],
              [
                129.4493,
                35.6202
              ],
              [
                129.4493,
                35.6202
              ],
              [
                129.4493,
                35.6201
              ],
              [
                129.4493,
                35.6201
              ],
              [
                129.4493,
                35.6201
              ],
              [
                129.4493,
                35.6201
              ],
              [
                129.4493,
                35.6201
              ],
              [
                129.4493,
                35.6201
              ],
              [
                129.4493,
                35.6201
              ],
              [
                129.4493,
                35.6201
              ],
              [
                129.4493,
                35.6201
              ],
              [
                129.4496,
                35.6197
              ],
              [
                129.4496,
                35.6197
              ],
              [
                129.4496,
                35.6197
              ],
              [
                129.4496,
                35.6196
              ],
              [
                129.4496,
                35.6196
              ],
              [
                129.4497,
                35.6195
              ],
              [
                129.4497,
                35.6195
              ],
              [
                129.4497,
                35.6195
              ],
              [
                129.4497,
                35.6195
              ],
              [
                129.4497,
                35.6195
              ],
              [
                129.4497,
                35.6195
              ],
              [
                129.4497,
                35.6195
              ],
              [
                129.4498,
                35.6195
              ],
              [
                129.4498,
                35.6195
              ],
              [
                129.4498,
                35.6195
              ],
              [
                129.4498,
                35.6195
              ],
              [
                129.4498,
                35.6195
              ],
              [
                129.4498,
                35.6195
              ],
              [
                129.4498,
                35.6195
              ],
              [
                129.4498,
                35.6195
              ],
              [
                129.4498,
                35.6195
              ],
              [
                129.4498,
                35.6195
              ],
              [
                129.4498,
                35.6195
              ],
              [
                129.4501,
                35.6194
              ],
              [
                129.4501,
                35.6194
              ],
              [
                129.4501,
                35.6194
              ],
              [
                129.4501,
                35.6194
              ],
              [
                129.4501,
                35.6194
              ],
              [
                129.4502,
                35.6194
              ],
              [
                129.4502,
                35.6194
              ],
              [
                129.451,
                35.6188
              ],
              [
                129.451,
                35.6188
              ],
              [
                129.451,
                35.6188
              ],
              [
                129.4512,
                35.6187
              ],
              [
                129.4514,
                35.6186
              ],
              [
                129.4517,
                35.6185
              ],
              [
                129.4517,
                35.6185
              ],
              [
                129.4518,
                35.6185
              ],
              [
                129.4518,
                35.6185
              ],
              [
                129.4518,
                35.6185
              ],
              [
                129.4518,
                35.6185
              ],
              [
                129.4518,
                35.6185
              ],
              [
                129.4518,
                35.6185
              ],
              [
                129.4521,
                35.6185
              ],
              [
                129.4521,
                35.6185
              ],
              [
                129.4522,
                35.6185
              ],
              [
                129.4522,
                35.6185
              ],
              [
                129.4522,
                35.6185
              ],
              [
                129.4522,
                35.6185
              ],
              [
                129.4522,
                35.6185
              ],
              [
                129.4522,
                35.6185
              ],
              [
                129.4522,
                35.6185
              ],
              [
                129.4522,
                35.6185
              ],
              [
                129.4522,
                35.6185
              ],
              [
                129.4522,
                35.6185
              ],
              [
                129.4523,
                35.6185
              ],
              [
                129.4523,
                35.6185
              ],
              [
                129.4523,
                35.6185
              ],
              [
                129.4523,
                35.6185
              ],
              [
                129.4523,
                35.6185
              ],
              [
                129.4523,
                35.6185
              ],
              [
                129.4523,
                35.6185
              ],
              [
                129.4523,
                35.6186
              ],
              [
                129.4523,
                35.6186
              ],
              [
                129.4523,
                35.6186
              ],
              [
                129.4523,
                35.6186
              ],
              [
                129.4523,
                35.6186
              ],
              [
                129.4523,
                35.6186
              ],
              [
                129.4523,
                35.6186
              ],
              [
                129.4523,
                35.6186
              ],
              [
                129.4524,
                35.6185
              ],
              [
                129.4524,
                35.6185
              ],
              [
                129.4524,
                35.6185
              ],
              [
                129.4524,
                35.6185
              ],
              [
                129.4524,
                35.6185
              ],
              [
                129.4524,
                35.6185
              ],
              [
                129.4524,
                35.6185
              ],
              [
                129.4524,
                35.6185
              ],
              [
                129.4524,
                35.6185
              ],
              [
                129.4524,
                35.6185
              ],
              [
                129.4524,
                35.6185
              ],
              [
                129.4524,
                35.6185
              ],
              [
                129.4524,
                35.6185
              ],
              [
                129.4525,
                35.6185
              ],
              [
                129.4525,
                35.6185
              ],
              [
                129.4525,
                35.6185
              ],
              [
                129.453,
                35.6179
              ],
              [
                129.4532,
                35.6176
              ],
              [
                129.454,
                35.6167
              ],
              [
                129.454,
                35.6167
              ],
              [
                129.454,
                35.6167
              ],
              [
                129.454,
                35.6167
              ],
              [
                129.454,
                35.6167
              ],
              [
                129.454,
                35.6167
              ],
              [
                129.454,
                35.6167
              ],
              [
                129.4541,
                35.6167
              ],
              [
                129.4541,
                35.6167
              ],
              [
                129.4542,
                35.6165
              ],
              [
                129.4542,
                35.6165
              ],
              [
                129.4542,
                35.6165
              ],
              [
                129.4542,
                35.6165
              ],
              [
                129.4542,
                35.6165
              ],
              [
                129.4542,
                35.6165
              ],
              [
                129.4542,
                35.6164
              ],
              [
                129.4542,
                35.6164
              ],
              [
                129.4542,
                35.6164
              ],
              [
                129.4542,
                35.6164
              ],
              [
                129.4542,
                35.6164
              ],
              [
                129.4542,
                35.6164
              ],
              [
                129.4542,
                35.6164
              ],
              [
                129.4542,
                35.6164
              ],
              [
                129.4543,
                35.6164
              ],
              [
                129.4543,
                35.6164
              ],
              [
                129.4543,
                35.6164
              ],
              [
                129.4543,
                35.6164
              ],
              [
                129.4543,
                35.6164
              ],
              [
                129.4543,
                35.6164
              ],
              [
                129.4543,
                35.6164
              ],
              [
                129.4543,
                35.6164
              ],
              [
                129.4543,
                35.6164
              ],
              [
                129.4543,
                35.6164
              ],
              [
                129.4543,
                35.6164
              ],
              [
                129.4543,
                35.6164
              ],
              [
                129.4543,
                35.6164
              ],
              [
                129.4543,
                35.6164
              ],
              [
                129.4543,
                35.6163
              ],
              [
                129.4543,
                35.6163
              ],
              [
                129.4543,
                35.6163
              ],
              [
                129.4543,
                35.6163
              ],
              [
                129.4543,
                35.6163
              ],
              [
                129.4543,
                35.6163
              ],
              [
                129.4543,
                35.6163
              ],
              [
                129.4543,
                35.6163
              ],
              [
                129.4543,
                35.6163
              ],
              [
                129.4542,
                35.6163
              ],
              [
                129.4542,
                35.6163
              ],
              [
                129.4542,
                35.6163
              ],
              [
                129.4542,
                35.6163
              ],
              [
                129.4542,
                35.6163
              ],
              [
                129.4542,
                35.6163
              ],
              [
                129.4542,
                35.6163
              ],
              [
                129.4542,
                35.6163
              ],
              [
                129.4541,
                35.6162
              ],
              [
                129.4541,
                35.6162
              ],
              [
                129.4541,
                35.6162
              ],
              [
                129.4541,
                35.6162
              ],
              [
                129.4541,
                35.6162
              ],
              [
                129.4541,
                35.6162
              ],
              [
                129.4541,
                35.6162
              ],
              [
                129.4541,
                35.6162
              ],
              [
                129.4541,
                35.6162
              ],
              [
                129.454,
                35.6162
              ],
              [
                129.454,
                35.6162
              ],
              [
                129.454,
                35.6162
              ],
              [
                129.454,
                35.6162
              ],
              [
                129.454,
                35.6162
              ],
              [
                129.454,
                35.6162
              ],
              [
                129.454,
                35.6161
              ],
              [
                129.454,
                35.6161
              ],
              [
                129.454,
                35.6161
              ],
              [
                129.454,
                35.6161
              ],
              [
                129.454,
                35.6162
              ],
              [
                129.454,
                35.6162
              ],
              [
                129.4539,
                35.6162
              ],
              [
                129.4539,
                35.6162
              ],
              [
                129.4539,
                35.6162
              ],
              [
                129.4539,
                35.6162
              ],
              [
                129.4539,
                35.6162
              ],
              [
                129.4539,
                35.6162
              ],
              [
                129.4539,
                35.6162
              ],
              [
                129.4539,
                35.6162
              ],
              [
                129.4539,
                35.6162
              ],
              [
                129.4539,
                35.6162
              ],
              [
                129.4539,
                35.6162
              ],
              [
                129.4539,
                35.6162
              ],
              [
                129.4539,
                35.6162
              ],
              [
                129.4538,
                35.6162
              ],
              [
                129.4538,
                35.6162
              ],
              [
                129.4538,
                35.6162
              ],
              [
                129.4538,
                35.6162
              ],
              [
                129.4538,
                35.6162
              ],
              [
                129.4538,
                35.6163
              ],
              [
                129.4538,
                35.6163
              ],
              [
                129.4538,
                35.6163
              ],
              [
                129.4537,
                35.6163
              ],
              [
                129.4537,
                35.6163
              ],
              [
                129.4537,
                35.6163
              ],
              [
                129.4537,
                35.6163
              ],
              [
                129.4537,
                35.6163
              ],
              [
                129.4537,
                35.6163
              ],
              [
                129.4537,
                35.6163
              ],
              [
                129.4537,
                35.6163
              ],
              [
                129.4537,
                35.6163
              ],
              [
                129.4537,
                35.6163
              ],
              [
                129.4537,
                35.6163
              ],
              [
                129.4537,
                35.6163
              ],
              [
                129.4537,
                35.6163
              ],
              [
                129.4537,
                35.6163
              ],
              [
                129.4537,
                35.6164
              ],
              [
                129.4537,
                35.6164
              ],
              [
                129.4537,
                35.6164
              ],
              [
                129.4537,
                35.6164
              ],
              [
                129.4537,
                35.6164
              ],
              [
                129.4537,
                35.6164
              ],
              [
                129.4537,
                35.6164
              ],
              [
                129.4537,
                35.6164
              ],
              [
                129.4537,
                35.6164
              ],
              [
                129.4537,
                35.6164
              ],
              [
                129.4537,
                35.6164
              ],
              [
                129.4537,
                35.6164
              ],
              [
                129.4537,
                35.6164
              ],
              [
                129.4537,
                35.6164
              ],
              [
                129.4537,
                35.6164
              ],
              [
                129.4537,
                35.6164
              ],
              [
                129.4537,
                35.6164
              ],
              [
                129.4537,
                35.6164
              ],
              [
                129.4537,
                35.6164
              ],
              [
                129.4537,
                35.6164
              ],
              [
                129.4537,
                35.6164
              ],
              [
                129.4537,
                35.6164
              ],
              [
                129.4537,
                35.6164
              ],
              [
                129.4537,
                35.6164
              ],
              [
                129.4537,
                35.6164
              ],
              [
                129.4537,
                35.6165
              ],
              [
                129.4537,
                35.6165
              ],
              [
                129.4537,
                35.6165
              ],
              [
                129.4537,
                35.6165
              ],
              [
                129.4537,
                35.6165
              ],
              [
                129.4537,
                35.6165
              ],
              [
                129.4537,
                35.6165
              ],
              [
                129.4537,
                35.6165
              ],
              [
                129.4537,
                35.6165
              ],
              [
                129.4537,
                35.6165
              ],
              [
                129.4537,
                35.6165
              ],
              [
                129.4537,
                35.6165
              ],
              [
                129.4537,
                35.6165
              ],
              [
                129.4537,
                35.6165
              ],
              [
                129.4537,
                35.6165
              ],
              [
                129.4537,
                35.6165
              ],
              [
                129.4537,
                35.6165
              ],
              [
                129.4537,
                35.6165
              ],
              [
                129.4537,
                35.6165
              ],
              [
                129.4537,
                35.6165
              ],
              [
                129.4537,
                35.6165
              ],
              [
                129.4537,
                35.6165
              ],
              [
                129.4537,
                35.6165
              ],
              [
                129.4537,
                35.6165
              ],
              [
                129.4537,
                35.6166
              ],
              [
                129.4537,
                35.6166
              ],
              [
                129.4537,
                35.6166
              ],
              [
                129.4533,
                35.6171
              ],
              [
                129.4533,
                35.6171
              ],
              [
                129.453,
                35.6174
              ],
              [
                129.4528,
                35.6176
              ],
              [
                129.4524,
                35.6181
              ],
              [
                129.4524,
                35.6181
              ],
              [
                129.4524,
                35.6181
              ],
              [
                129.4524,
                35.6181
              ],
              [
                129.4524,
                35.6181
              ],
              [
                129.4524,
                35.6181
              ],
              [
                129.4524,
                35.6181
              ],
              [
                129.4524,
                35.6181
              ],
              [
                129.4523,
                35.6181
              ],
              [
                129.4523,
                35.6181
              ],
              [
                129.4509,
                35.6181
              ],
              [
                129.4509,
                35.6181
              ],
              [
                129.4509,
                35.6181
              ],
              [
                129.4507,
                35.6181
              ],
              [
                129.4507,
                35.6181
              ],
              [
                129.4507,
                35.6181
              ],
              [
                129.4507,
                35.6181
              ],
              [
                129.4507,
                35.6181
              ],
              [
                129.4507,
                35.6181
              ],
              [
                129.4507,
                35.6181
              ],
              [
                129.4507,
                35.6181
              ],
              [
                129.4507,
                35.6181
              ],
              [
                129.4507,
                35.6181
              ],
              [
                129.4507,
                35.6181
              ],
              [
                129.4507,
                35.6181
              ],
              [
                129.4507,
                35.6181
              ],
              [
                129.4507,
                35.6181
              ],
              [
                129.4507,
                35.6181
              ],
              [
                129.4507,
                35.6181
              ],
              [
                129.4507,
                35.6181
              ],
              [
                129.4507,
                35.6181
              ],
              [
                129.4506,
                35.6181
              ],
              [
                129.4506,
                35.6181
              ],
              [
                129.4506,
                35.6181
              ],
              [
                129.4506,
                35.6181
              ],
              [
                129.4506,
                35.6181
              ],
              [
                129.4506,
                35.6181
              ],
              [
                129.4506,
                35.6181
              ],
              [
                129.4506,
                35.618
              ],
              [
                129.4505,
                35.6179
              ],
              [
                129.4496,
                35.6167
              ],
              [
                129.4496,
                35.6166
              ],
              [
                129.4496,
                35.6166
              ],
              [
                129.4496,
                35.6166
              ],
              [
                129.4496,
                35.6166
              ],
              [
                129.4496,
                35.6166
              ],
              [
                129.4496,
                35.6166
              ],
              [
                129.4496,
                35.6166
              ],
              [
                129.4496,
                35.6166
              ],
              [
                129.4496,
                35.6166
              ],
              [
                129.4496,
                35.6166
              ],
              [
                129.4496,
                35.6166
              ],
              [
                129.4496,
                35.6166
              ],
              [
                129.4496,
                35.6166
              ],
              [
                129.4501,
                35.6149
              ],
              [
                129.4501,
                35.6148
              ],
              [
                129.4501,
                35.6148
              ],
              [
                129.4501,
                35.6148
              ],
              [
                129.4507,
                35.6144
              ],
              [
                129.4507,
                35.6144
              ],
              [
                129.4524,
                35.6139
              ],
              [
                129.4524,
                35.6139
              ],
              [
                129.4524,
                35.6139
              ],
              [
                129.4542,
                35.614
              ],
              [
                129.4562,
                35.6142
              ],
              [
                129.4575,
                35.6141
              ],
              [
                129.4575,
                35.6141
              ],
              [
                129.4576,
                35.614
              ],
              [
                129.4578,
                35.6139
              ],
              [
                129.4579,
                35.6139
              ],
              [
                129.4579,
                35.6138
              ],
              [
                129.458,
                35.6138
              ],
              [
                129.4586,
                35.6133
              ],
              [
                129.4586,
                35.6133
              ],
              [
                129.4586,
                35.6133
              ],
              [
                129.4586,
                35.6133
              ],
              [
                129.4587,
                35.6127
              ],
              [
                129.4586,
                35.6122
              ],
              [
                129.4586,
                35.6122
              ],
              [
                129.4586,
                35.6122
              ],
              [
                129.4586,
                35.6122
              ],
              [
                129.4582,
                35.6117
              ],
              [
                129.4582,
                35.6117
              ],
              [
                129.4581,
                35.6115
              ],
              [
                129.4572,
                35.6094
              ],
              [
                129.4572,
                35.6094
              ],
              [
                129.4571,
                35.6093
              ],
              [
                129.4571,
                35.6093
              ],
              [
                129.4571,
                35.6092
              ],
              [
                129.4571,
                35.6091
              ],
              [
                129.4571,
                35.6091
              ],
              [
                129.4571,
                35.609
              ],
              [
                129.4571,
                35.6089
              ],
              [
                129.4572,
                35.6089
              ],
              [
                129.4572,
                35.6089
              ],
              [
                129.4572,
                35.6089
              ],
              [
                129.4579,
                35.6078
              ],
              [
                129.4579,
                35.6078
              ],
              [
                129.4581,
                35.6076
              ],
              [
                129.4581,
                35.6076
              ],
              [
                129.4582,
                35.6076
              ],
              [
                129.4582,
                35.6076
              ],
              [
                129.4582,
                35.6076
              ],
              [
                129.4584,
                35.6076
              ],
              [
                129.4585,
                35.6076
              ],
              [
                129.4585,
                35.6076
              ],
              [
                129.4586,
                35.6073
              ],
              [
                129.4586,
                35.6073
              ],
              [
                129.4584,
                35.6072
              ],
              [
                129.4584,
                35.6072
              ],
              [
                129.4584,
                35.6072
              ],
              [
                129.4584,
                35.6072
              ],
              [
                129.4584,
                35.6072
              ],
              [
                129.4584,
                35.6072
              ],
              [
                129.4584,
                35.6072
              ],
              [
                129.4584,
                35.6072
              ],
              [
                129.4584,
                35.6072
              ],
              [
                129.4584,
                35.6072
              ],
              [
                129.4584,
                35.6072
              ],
              [
                129.4584,
                35.6072
              ],
              [
                129.4584,
                35.6072
              ],
              [
                129.4584,
                35.6072
              ],
              [
                129.4584,
                35.6072
              ],
              [
                129.4584,
                35.6071
              ],
              [
                129.4584,
                35.6071
              ],
              [
                129.4584,
                35.6071
              ],
              [
                129.4584,
                35.6071
              ],
              [
                129.4584,
                35.6071
              ],
              [
                129.4584,
                35.6071
              ],
              [
                129.4585,
                35.6071
              ],
              [
                129.4585,
                35.6071
              ],
              [
                129.4585,
                35.6071
              ],
              [
                129.4585,
                35.6071
              ],
              [
                129.4585,
                35.6071
              ],
              [
                129.4586,
                35.6069
              ],
              [
                129.4586,
                35.6069
              ],
              [
                129.4586,
                35.6069
              ],
              [
                129.4587,
                35.6069
              ],
              [
                129.4591,
                35.6065
              ],
              [
                129.4591,
                35.6065
              ],
              [
                129.4591,
                35.6065
              ],
              [
                129.4591,
                35.6065
              ],
              [
                129.4591,
                35.6065
              ],
              [
                129.4591,
                35.6065
              ],
              [
                129.4591,
                35.6065
              ],
              [
                129.4591,
                35.6065
              ],
              [
                129.4593,
                35.6065
              ],
              [
                129.4595,
                35.6065
              ],
              [
                129.4597,
                35.6065
              ],
              [
                129.4597,
                35.6065
              ],
              [
                129.4597,
                35.6065
              ],
              [
                129.4597,
                35.6065
              ],
              [
                129.4597,
                35.6065
              ],
              [
                129.4598,
                35.6065
              ],
              [
                129.4598,
                35.6065
              ],
              [
                129.4598,
                35.6065
              ],
              [
                129.4598,
                35.6065
              ],
              [
                129.4598,
                35.6066
              ],
              [
                129.4598,
                35.6066
              ],
              [
                129.4598,
                35.6066
              ],
              [
                129.4598,
                35.6066
              ],
              [
                129.4598,
                35.6066
              ],
              [
                129.4598,
                35.6066
              ],
              [
                129.4598,
                35.6066
              ],
              [
                129.4598,
                35.6066
              ],
              [
                129.4598,
                35.6066
              ],
              [
                129.4604,
                35.608
              ],
              [
                129.4604,
                35.608
              ],
              [
                129.4604,
                35.6081
              ],
              [
                129.4604,
                35.6081
              ],
              [
                129.4604,
                35.6081
              ],
              [
                129.4604,
                35.6081
              ],
              [
                129.4604,
                35.6081
              ],
              [
                129.4604,
                35.6081
              ],
              [
                129.4604,
                35.6081
              ],
              [
                129.4604,
                35.6081
              ],
              [
                129.4604,
                35.6081
              ],
              [
                129.4604,
                35.6081
              ],
              [
                129.4604,
                35.6081
              ],
              [
                129.4604,
                35.6081
              ],
              [
                129.4604,
                35.6081
              ],
              [
                129.4604,
                35.6081
              ],
              [
                129.4604,
                35.6081
              ],
              [
                129.4604,
                35.6081
              ],
              [
                129.4604,
                35.6081
              ],
              [
                129.4603,
                35.6081
              ],
              [
                129.4603,
                35.6081
              ],
              [
                129.4603,
                35.6081
              ],
              [
                129.4603,
                35.6082
              ],
              [
                129.4602,
                35.6082
              ],
              [
                129.4602,
                35.6082
              ],
              [
                129.4602,
                35.6082
              ],
              [
                129.4602,
                35.6082
              ],
              [
                129.46,
                35.6083
              ],
              [
                129.4598,
                35.6084
              ],
              [
                129.4599,
                35.6085
              ],
              [
                129.4603,
                35.6083
              ],
              [
                129.4609,
                35.608
              ],
              [
                129.4611,
                35.6078
              ],
              [
                129.4615,
                35.6075
              ],
              [
                129.4616,
                35.6073
              ],
              [
                129.4617,
                35.607
              ],
              [
                129.4617,
                35.607
              ],
              [
                129.4617,
                35.607
              ],
              [
                129.4617,
                35.607
              ],
              [
                129.4617,
                35.607
              ],
              [
                129.4617,
                35.607
              ],
              [
                129.4617,
                35.607
              ],
              [
                129.4617,
                35.607
              ],
              [
                129.4617,
                35.607
              ],
              [
                129.4617,
                35.6069
              ],
              [
                129.4617,
                35.6069
              ],
              [
                129.4617,
                35.6069
              ],
              [
                129.4617,
                35.6069
              ],
              [
                129.4617,
                35.6069
              ],
              [
                129.4617,
                35.6069
              ],
              [
                129.4617,
                35.6069
              ],
              [
                129.4617,
                35.6069
              ],
              [
                129.4617,
                35.6069
              ],
              [
                129.4617,
                35.6068
              ],
              [
                129.4617,
                35.6068
              ],
              [
                129.4617,
                35.6068
              ],
              [
                129.4617,
                35.6068
              ],
              [
                129.4617,
                35.6064
              ],
              [
                129.4617,
                35.6064
              ],
              [
                129.4617,
                35.6064
              ],
              [
                129.4617,
                35.6064
              ],
              [
                129.4617,
                35.6064
              ],
              [
                129.4617,
                35.6064
              ],
              [
                129.4617,
                35.6064
              ],
              [
                129.4617,
                35.6064
              ],
              [
                129.4617,
                35.6064
              ],
              [
                129.4617,
                35.6064
              ],
              [
                129.4617,
                35.6064
              ],
              [
                129.4617,
                35.6064
              ],
              [
                129.4617,
                35.6064
              ],
              [
                129.4617,
                35.6064
              ],
              [
                129.4617,
                35.6064
              ],
              [
                129.4618,
                35.6064
              ],
              [
                129.4618,
                35.6064
              ],
              [
                129.4618,
                35.6064
              ],
              [
                129.4618,
                35.6064
              ],
              [
                129.4618,
                35.6064
              ],
              [
                129.4618,
                35.6064
              ],
              [
                129.4619,
                35.6064
              ],
              [
                129.4619,
                35.6064
              ],
              [
                129.4619,
                35.6064
              ],
              [
                129.4619,
                35.6064
              ],
              [
                129.4624,
                35.6066
              ],
              [
                129.4626,
                35.6068
              ],
              [
                129.4626,
                35.6068
              ],
              [
                129.4626,
                35.6068
              ],
              [
                129.4626,
                35.6068
              ],
              [
                129.4626,
                35.6068
              ],
              [
                129.4626,
                35.6068
              ],
              [
                129.4626,
                35.6069
              ],
              [
                129.4626,
                35.6069
              ],
              [
                129.4626,
                35.6069
              ],
              [
                129.4626,
                35.6069
              ],
              [
                129.4626,
                35.6069
              ],
              [
                129.4626,
                35.6069
              ],
              [
                129.4626,
                35.607
              ],
              [
                129.4626,
                35.607
              ],
              [
                129.4626,
                35.607
              ],
              [
                129.4626,
                35.607
              ],
              [
                129.4626,
                35.607
              ],
              [
                129.4626,
                35.607
              ],
              [
                129.4626,
                35.607
              ],
              [
                129.4626,
                35.607
              ],
              [
                129.4626,
                35.607
              ],
              [
                129.4626,
                35.607
              ],
              [
                129.4626,
                35.607
              ],
              [
                129.4627,
                35.607
              ],
              [
                129.4627,
                35.607
              ],
              [
                129.4627,
                35.607
              ],
              [
                129.4627,
                35.607
              ],
              [
                129.4628,
                35.6069
              ],
              [
                129.4628,
                35.6069
              ],
              [
                129.4628,
                35.6069
              ],
              [
                129.4628,
                35.6069
              ],
              [
                129.4628,
                35.6069
              ],
              [
                129.4628,
                35.6069
              ],
              [
                129.4628,
                35.6069
              ],
              [
                129.4628,
                35.6069
              ],
              [
                129.4628,
                35.6069
              ],
              [
                129.4628,
                35.6069
              ],
              [
                129.4628,
                35.6066
              ],
              [
                129.4628,
                35.6066
              ],
              [
                129.4628,
                35.6066
              ],
              [
                129.4628,
                35.6066
              ],
              [
                129.4628,
                35.6066
              ],
              [
                129.4628,
                35.6066
              ],
              [
                129.4628,
                35.6066
              ],
              [
                129.4628,
                35.6066
              ],
              [
                129.4627,
                35.6066
              ],
              [
                129.4627,
                35.6065
              ],
              [
                129.4627,
                35.6063
              ],
              [
                129.4627,
                35.6063
              ],
              [
                129.4627,
                35.6063
              ],
              [
                129.4626,
                35.6062
              ],
              [
                129.4626,
                35.6062
              ],
              [
                129.4626,
                35.6062
              ],
              [
                129.4626,
                35.6062
              ],
              [
                129.4624,
                35.6058
              ],
              [
                129.4624,
                35.6058
              ],
              [
                129.4624,
                35.6057
              ],
              [
                129.4624,
                35.6057
              ],
              [
                129.4624,
                35.6057
              ],
              [
                129.4623,
                35.6057
              ],
              [
                129.4623,
                35.6057
              ],
              [
                129.4623,
                35.6057
              ],
              [
                129.4623,
                35.6057
              ],
              [
                129.4623,
                35.6057
              ],
              [
                129.4623,
                35.6057
              ],
              [
                129.4623,
                35.6057
              ],
              [
                129.4623,
                35.6057
              ],
              [
                129.4623,
                35.6057
              ],
              [
                129.4623,
                35.6057
              ],
              [
                129.4623,
                35.6057
              ],
              [
                129.4623,
                35.6057
              ],
              [
                129.4622,
                35.6057
              ],
              [
                129.4622,
                35.6057
              ],
              [
                129.4622,
                35.6057
              ],
              [
                129.4622,
                35.6057
              ],
              [
                129.4622,
                35.6057
              ],
              [
                129.4622,
                35.6057
              ],
              [
                129.4622,
                35.6057
              ],
              [
                129.4622,
                35.6057
              ],
              [
                129.4622,
                35.6057
              ],
              [
                129.4622,
                35.6057
              ],
              [
                129.4622,
                35.6057
              ],
              [
                129.4622,
                35.6057
              ],
              [
                129.4622,
                35.6057
              ],
              [
                129.4622,
                35.6057
              ],
              [
                129.4622,
                35.6056
              ],
              [
                129.4622,
                35.6056
              ],
              [
                129.4622,
                35.6056
              ],
              [
                129.4622,
                35.6056
              ],
              [
                129.4622,
                35.6056
              ],
              [
                129.4622,
                35.6056
              ],
              [
                129.4622,
                35.6056
              ],
              [
                129.4621,
                35.6054
              ],
              [
                129.4621,
                35.6054
              ],
              [
                129.4621,
                35.6054
              ],
              [
                129.4621,
                35.6054
              ],
              [
                129.4621,
                35.6054
              ],
              [
                129.4621,
                35.6054
              ],
              [
                129.4621,
                35.6053
              ],
              [
                129.4621,
                35.6053
              ],
              [
                129.4621,
                35.6053
              ],
              [
                129.4621,
                35.6053
              ],
              [
                129.4621,
                35.6053
              ],
              [
                129.4621,
                35.6053
              ],
              [
                129.4621,
                35.6053
              ],
              [
                129.4621,
                35.6053
              ],
              [
                129.4621,
                35.6053
              ],
              [
                129.4621,
                35.6053
              ],
              [
                129.4621,
                35.6053
              ],
              [
                129.4621,
                35.6053
              ],
              [
                129.4621,
                35.6053
              ],
              [
                129.4622,
                35.6052
              ],
              [
                129.4622,
                35.6052
              ],
              [
                129.4622,
                35.6052
              ],
              [
                129.4622,
                35.6052
              ],
              [
                129.4622,
                35.6052
              ],
              [
                129.4622,
                35.6052
              ],
              [
                129.4622,
                35.6052
              ],
              [
                129.4622,
                35.6052
              ],
              [
                129.4622,
                35.6052
              ],
              [
                129.4622,
                35.6052
              ],
              [
                129.4622,
                35.6052
              ],
              [
                129.4622,
                35.6052
              ],
              [
                129.4622,
                35.6052
              ],
              [
                129.4622,
                35.6052
              ],
              [
                129.4623,
                35.6052
              ],
              [
                129.4623,
                35.6052
              ],
              [
                129.4623,
                35.6052
              ],
              [
                129.4623,
                35.6052
              ],
              [
                129.4624,
                35.6053
              ],
              [
                129.4624,
                35.6053
              ],
              [
                129.4624,
                35.6053
              ],
              [
                129.4624,
                35.6053
              ],
              [
                129.4624,
                35.6053
              ],
              [
                129.4624,
                35.6053
              ],
              [
                129.4624,
                35.6053
              ],
              [
                129.4625,
                35.6053
              ],
              [
                129.4625,
                35.6053
              ],
              [
                129.4625,
                35.6053
              ],
              [
                129.4625,
                35.6053
              ],
              [
                129.4625,
                35.6053
              ],
              [
                129.4625,
                35.6053
              ],
              [
                129.4625,
                35.6053
              ],
              [
                129.4625,
                35.6053
              ],
              [
                129.4625,
                35.6053
              ],
              [
                129.4625,
                35.6053
              ],
              [
                129.4625,
                35.6053
              ],
              [
                129.4625,
                35.6053
              ],
              [
                129.4625,
                35.6053
              ],
              [
                129.4625,
                35.6053
              ],
              [
                129.4625,
                35.6053
              ],
              [
                129.4625,
                35.6053
              ],
              [
                129.4625,
                35.6053
              ],
              [
                129.4626,
                35.6053
              ],
              [
                129.4626,
                35.6053
              ],
              [
                129.4626,
                35.6053
              ],
              [
                129.4626,
                35.6053
              ],
              [
                129.4626,
                35.6053
              ],
              [
                129.4626,
                35.6053
              ],
              [
                129.4626,
                35.6053
              ],
              [
                129.4626,
                35.6053
              ],
              [
                129.4626,
                35.6053
              ],
              [
                129.4626,
                35.6053
              ],
              [
                129.4626,
                35.6052
              ],
              [
                129.4626,
                35.6052
              ],
              [
                129.4626,
                35.6052
              ],
              [
                129.4626,
                35.6052
              ],
              [
                129.4627,
                35.6051
              ],
              [
                129.4628,
                35.605
              ],
              [
                129.4628,
                35.605
              ],
              [
                129.4628,
                35.605
              ],
              [
                129.4628,
                35.605
              ],
              [
                129.4628,
                35.6049
              ],
              [
                129.4628,
                35.6049
              ],
              [
                129.4628,
                35.6049
              ],
              [
                129.4628,
                35.6049
              ],
              [
                129.4628,
                35.6049
              ],
              [
                129.4628,
                35.6049
              ],
              [
                129.4628,
                35.6049
              ],
              [
                129.4628,
                35.6048
              ],
              [
                129.4628,
                35.6048
              ],
              [
                129.4628,
                35.6048
              ],
              [
                129.4628,
                35.6048
              ],
              [
                129.4628,
                35.6048
              ],
              [
                129.4628,
                35.6048
              ],
              [
                129.4628,
                35.6048
              ],
              [
                129.4628,
                35.6048
              ],
              [
                129.463,
                35.6046
              ],
              [
                129.4631,
                35.6046
              ],
              [
                129.4631,
                35.6046
              ],
              [
                129.4631,
                35.6046
              ],
              [
                129.4631,
                35.6046
              ],
              [
                129.4631,
                35.6046
              ],
              [
                129.4631,
                35.6046
              ],
              [
                129.4631,
                35.6047
              ],
              [
                129.4631,
                35.6047
              ],
              [
                129.4631,
                35.6047
              ],
              [
                129.4631,
                35.6047
              ],
              [
                129.4631,
                35.6047
              ],
              [
                129.4631,
                35.6047
              ],
              [
                129.4631,
                35.6047
              ],
              [
                129.4631,
                35.6047
              ],
              [
                129.4631,
                35.6047
              ],
              [
                129.4631,
                35.6047
              ],
              [
                129.4631,
                35.6047
              ],
              [
                129.4631,
                35.6047
              ],
              [
                129.4631,
                35.6047
              ],
              [
                129.4631,
                35.6047
              ],
              [
                129.4631,
                35.6047
              ],
              [
                129.4631,
                35.6047
              ],
              [
                129.4632,
                35.6047
              ],
              [
                129.4632,
                35.6047
              ],
              [
                129.4632,
                35.6047
              ],
              [
                129.4632,
                35.6047
              ],
              [
                129.4632,
                35.6047
              ],
              [
                129.4632,
                35.6047
              ],
              [
                129.4632,
                35.6047
              ],
              [
                129.4632,
                35.6047
              ],
              [
                129.4632,
                35.6047
              ],
              [
                129.4634,
                35.6047
              ],
              [
                129.4634,
                35.6047
              ],
              [
                129.4634,
                35.6047
              ],
              [
                129.4634,
                35.6047
              ],
              [
                129.4634,
                35.6047
              ],
              [
                129.4634,
                35.6047
              ],
              [
                129.4634,
                35.6047
              ],
              [
                129.4634,
                35.6046
              ],
              [
                129.4634,
                35.6046
              ],
              [
                129.4634,
                35.6046
              ],
              [
                129.4634,
                35.6046
              ],
              [
                129.4634,
                35.6046
              ],
              [
                129.4634,
                35.6046
              ],
              [
                129.4634,
                35.6046
              ],
              [
                129.4634,
                35.6046
              ],
              [
                129.4634,
                35.6046
              ],
              [
                129.4634,
                35.6046
              ],
              [
                129.4634,
                35.6046
              ],
              [
                129.4634,
                35.6046
              ],
              [
                129.4634,
                35.6046
              ],
              [
                129.4634,
                35.6046
              ],
              [
                129.4634,
                35.6046
              ],
              [
                129.4635,
                35.6045
              ],
              [
                129.4635,
                35.6045
              ],
              [
                129.4635,
                35.6044
              ],
              [
                129.4636,
                35.6042
              ],
              [
                129.4636,
                35.6039
              ],
              [
                129.4636,
                35.6039
              ],
              [
                129.4636,
                35.6039
              ],
              [
                129.4636,
                35.6039
              ],
              [
                129.4636,
                35.6039
              ],
              [
                129.4636,
                35.6039
              ],
              [
                129.4636,
                35.6038
              ],
              [
                129.4635,
                35.6037
              ],
              [
                129.4634,
                35.6037
              ],
              [
                129.4634,
                35.6037
              ],
              [
                129.4634,
                35.6037
              ],
              [
                129.4634,
                35.6037
              ],
              [
                129.4634,
                35.6037
              ],
              [
                129.4634,
                35.6037
              ],
              [
                129.4634,
                35.6037
              ],
              [
                129.4634,
                35.6037
              ],
              [
                129.4634,
                35.6037
              ],
              [
                129.4634,
                35.6037
              ],
              [
                129.4634,
                35.6037
              ],
              [
                129.4634,
                35.6037
              ],
              [
                129.4634,
                35.6037
              ],
              [
                129.4634,
                35.6037
              ],
              [
                129.4634,
                35.6037
              ],
              [
                129.4634,
                35.6037
              ],
              [
                129.4634,
                35.6037
              ],
              [
                129.4634,
                35.6037
              ],
              [
                129.4634,
                35.6037
              ],
              [
                129.4634,
                35.6037
              ],
              [
                129.4634,
                35.6037
              ],
              [
                129.4634,
                35.6037
              ],
              [
                129.4634,
                35.6037
              ],
              [
                129.4634,
                35.6037
              ],
              [
                129.4634,
                35.6037
              ],
              [
                129.4634,
                35.6037
              ],
              [
                129.4634,
                35.6037
              ],
              [
                129.4634,
                35.6037
              ],
              [
                129.4634,
                35.6037
              ],
              [
                129.4634,
                35.6037
              ],
              [
                129.4634,
                35.6038
              ],
              [
                129.4634,
                35.6038
              ],
              [
                129.4634,
                35.6038
              ],
              [
                129.4633,
                35.6038
              ],
              [
                129.4633,
                35.6038
              ],
              [
                129.4633,
                35.6038
              ],
              [
                129.4633,
                35.6038
              ],
              [
                129.4633,
                35.6038
              ],
              [
                129.4633,
                35.6038
              ],
              [
                129.4633,
                35.6038
              ],
              [
                129.4633,
                35.6038
              ],
              [
                129.4633,
                35.6038
              ],
              [
                129.4633,
                35.6038
              ],
              [
                129.4633,
                35.6038
              ],
              [
                129.4633,
                35.6038
              ],
              [
                129.4633,
                35.6037
              ],
              [
                129.4633,
                35.6037
              ],
              [
                129.4631,
                35.6035
              ],
              [
                129.4631,
                35.6035
              ],
              [
                129.4631,
                35.6035
              ],
              [
                129.4631,
                35.6035
              ],
              [
                129.4631,
                35.6035
              ],
              [
                129.4631,
                35.6035
              ],
              [
                129.4631,
                35.6035
              ],
              [
                129.463,
                35.6032
              ],
              [
                129.463,
                35.603
              ],
              [
                129.463,
                35.603
              ],
              [
                129.463,
                35.603
              ],
              [
                129.463,
                35.603
              ],
              [
                129.463,
                35.603
              ],
              [
                129.463,
                35.603
              ],
              [
                129.463,
                35.603
              ],
              [
                129.463,
                35.603
              ],
              [
                129.463,
                35.6028
              ],
              [
                129.463,
                35.6028
              ],
              [
                129.463,
                35.6028
              ],
              [
                129.463,
                35.6028
              ],
              [
                129.463,
                35.6028
              ],
              [
                129.463,
                35.6028
              ],
              [
                129.463,
                35.6028
              ],
              [
                129.463,
                35.6028
              ],
              [
                129.4631,
                35.6027
              ],
              [
                129.4631,
                35.6027
              ],
              [
                129.4631,
                35.6027
              ],
              [
                129.4631,
                35.6027
              ],
              [
                129.4631,
                35.6027
              ],
              [
                129.4631,
                35.6027
              ],
              [
                129.4631,
                35.6027
              ],
              [
                129.4631,
                35.6027
              ],
              [
                129.4632,
                35.6027
              ],
              [
                129.4632,
                35.6027
              ],
              [
                129.4632,
                35.6027
              ],
              [
                129.4632,
                35.6027
              ],
              [
                129.4632,
                35.6027
              ],
              [
                129.4632,
                35.6027
              ],
              [
                129.4632,
                35.6027
              ],
              [
                129.4632,
                35.6027
              ],
              [
                129.4632,
                35.6027
              ],
              [
                129.4632,
                35.6027
              ],
              [
                129.4632,
                35.6027
              ],
              [
                129.4634,
                35.6027
              ],
              [
                129.4634,
                35.6027
              ],
              [
                129.4634,
                35.6027
              ],
              [
                129.4634,
                35.6027
              ],
              [
                129.4634,
                35.6027
              ],
              [
                129.4634,
                35.6027
              ],
              [
                129.4634,
                35.6027
              ],
              [
                129.4634,
                35.6027
              ],
              [
                129.4634,
                35.6027
              ],
              [
                129.4634,
                35.6027
              ],
              [
                129.4634,
                35.6027
              ],
              [
                129.4634,
                35.6027
              ],
              [
                129.4634,
                35.6027
              ],
              [
                129.4634,
                35.6027
              ],
              [
                129.4634,
                35.6027
              ],
              [
                129.4634,
                35.6027
              ],
              [
                129.4634,
                35.6027
              ],
              [
                129.4634,
                35.6027
              ],
              [
                129.4634,
                35.6027
              ],
              [
                129.4634,
                35.6027
              ],
              [
                129.4634,
                35.6027
              ],
              [
                129.4634,
                35.6027
              ],
              [
                129.4634,
                35.6027
              ],
              [
                129.4634,
                35.6027
              ],
              [
                129.4634,
                35.6027
              ],
              [
                129.4634,
                35.6027
              ],
              [
                129.4634,
                35.6027
              ],
              [
                129.4634,
                35.6027
              ],
              [
                129.4634,
                35.6027
              ],
              [
                129.4634,
                35.6027
              ],
              [
                129.4634,
                35.6027
              ],
              [
                129.4634,
                35.6027
              ],
              [
                129.4634,
                35.6027
              ],
              [
                129.4634,
                35.6026
              ],
              [
                129.4634,
                35.6026
              ],
              [
                129.4634,
                35.6026
              ],
              [
                129.4634,
                35.6026
              ],
              [
                129.4634,
                35.6026
              ],
              [
                129.4634,
                35.6026
              ],
              [
                129.4634,
                35.6026
              ],
              [
                129.4634,
                35.6026
              ],
              [
                129.4634,
                35.6026
              ],
              [
                129.4634,
                35.6026
              ],
              [
                129.4634,
                35.6026
              ],
              [
                129.4634,
                35.6026
              ],
              [
                129.4633,
                35.6026
              ],
              [
                129.4633,
                35.6026
              ],
              [
                129.4633,
                35.6024
              ],
              [
                129.4633,
                35.6024
              ],
              [
                129.4633,
                35.6024
              ],
              [
                129.4633,
                35.6024
              ],
              [
                129.4633,
                35.6024
              ],
              [
                129.4633,
                35.6024
              ],
              [
                129.4633,
                35.6024
              ],
              [
                129.4633,
                35.6024
              ],
              [
                129.4633,
                35.6024
              ],
              [
                129.4633,
                35.6024
              ],
              [
                129.4633,
                35.6024
              ],
              [
                129.4633,
                35.6024
              ],
              [
                129.4633,
                35.6024
              ],
              [
                129.4633,
                35.6024
              ],
              [
                129.4633,
                35.6023
              ],
              [
                129.4633,
                35.6023
              ],
              [
                129.4633,
                35.6023
              ],
              [
                129.4633,
                35.6023
              ],
              [
                129.4633,
                35.6023
              ],
              [
                129.4633,
                35.6023
              ],
              [
                129.4633,
                35.6023
              ],
              [
                129.4633,
                35.6023
              ],
              [
                129.4633,
                35.6023
              ],
              [
                129.4633,
                35.6023
              ],
              [
                129.4633,
                35.6023
              ],
              [
                129.4633,
                35.6023
              ],
              [
                129.4633,
                35.6022
              ],
              [
                129.4633,
                35.6022
              ],
              [
                129.4633,
                35.6022
              ],
              [
                129.4633,
                35.6022
              ],
              [
                129.4633,
                35.6022
              ],
              [
                129.4634,
                35.6022
              ],
              [
                129.4634,
                35.6022
              ],
              [
                129.4634,
                35.6022
              ],
              [
                129.4634,
                35.6022
              ],
              [
                129.4634,
                35.6022
              ],
              [
                129.4634,
                35.6022
              ],
              [
                129.4634,
                35.6022
              ],
              [
                129.4634,
                35.6022
              ],
              [
                129.4634,
                35.6022
              ],
              [
                129.4634,
                35.6022
              ],
              [
                129.4635,
                35.6021
              ],
              [
                129.4635,
                35.6021
              ],
              [
                129.4635,
                35.6021
              ],
              [
                129.4635,
                35.6021
              ],
              [
                129.4635,
                35.6021
              ],
              [
                129.4635,
                35.6021
              ],
              [
                129.4635,
                35.6021
              ],
              [
                129.4635,
                35.6021
              ],
              [
                129.4635,
                35.6021
              ],
              [
                129.4635,
                35.6021
              ],
              [
                129.4635,
                35.6021
              ],
              [
                129.4635,
                35.6021
              ],
              [
                129.4635,
                35.6021
              ],
              [
                129.4635,
                35.6021
              ],
              [
                129.4635,
                35.6021
              ],
              [
                129.4635,
                35.6021
              ],
              [
                129.4637,
                35.602
              ],
              [
                129.4637,
                35.602
              ],
              [
                129.4637,
                35.602
              ],
              [
                129.4637,
                35.602
              ],
              [
                129.4638,
                35.6021
              ],
              [
                129.4638,
                35.6021
              ],
              [
                129.4638,
                35.6021
              ],
              [
                129.4638,
                35.6021
              ],
              [
                129.4638,
                35.6021
              ],
              [
                129.4638,
                35.6021
              ],
              [
                129.4639,
                35.6021
              ],
              [
                129.4639,
                35.6021
              ],
              [
                129.4639,
                35.6021
              ],
              [
                129.4639,
                35.6021
              ],
              [
                129.4639,
                35.6021
              ],
              [
                129.4639,
                35.6021
              ],
              [
                129.4639,
                35.6021
              ],
              [
                129.4639,
                35.6021
              ],
              [
                129.4639,
                35.6021
              ],
              [
                129.4639,
                35.6021
              ],
              [
                129.4639,
                35.6021
              ],
              [
                129.4639,
                35.6021
              ],
              [
                129.4639,
                35.6022
              ],
              [
                129.4639,
                35.6022
              ],
              [
                129.4639,
                35.6022
              ],
              [
                129.4639,
                35.6022
              ],
              [
                129.4639,
                35.6022
              ],
              [
                129.4639,
                35.6022
              ],
              [
                129.4639,
                35.6022
              ],
              [
                129.4639,
                35.6022
              ],
              [
                129.4639,
                35.6022
              ],
              [
                129.464,
                35.6023
              ],
              [
                129.464,
                35.6024
              ],
              [
                129.4641,
                35.6024
              ],
              [
                129.464,
                35.602
              ],
              [
                129.464,
                35.6018
              ],
              [
                129.4639,
                35.6016
              ],
              [
                129.4638,
                35.6015
              ],
              [
                129.4638,
                35.6015
              ],
              [
                129.4636,
                35.6013
              ],
              [
                129.4636,
                35.6013
              ],
              [
                129.4636,
                35.6013
              ],
              [
                129.4636,
                35.6013
              ],
              [
                129.4636,
                35.6013
              ],
              [
                129.4636,
                35.6013
              ],
              [
                129.4636,
                35.6013
              ],
              [
                129.4636,
                35.6013
              ],
              [
                129.4636,
                35.6013
              ],
              [
                129.4636,
                35.6013
              ],
              [
                129.4636,
                35.6013
              ],
              [
                129.4636,
                35.6013
              ],
              [
                129.4636,
                35.6013
              ],
              [
                129.4636,
                35.6013
              ],
              [
                129.4636,
                35.6013
              ],
              [
                129.4636,
                35.6013
              ],
              [
                129.4636,
                35.6013
              ],
              [
                129.4636,
                35.6013
              ],
              [
                129.4636,
                35.6013
              ],
              [
                129.4636,
                35.6013
              ],
              [
                129.4636,
                35.6013
              ],
              [
                129.4636,
                35.6013
              ],
              [
                129.4636,
                35.6012
              ],
              [
                129.4636,
                35.6012
              ],
              [
                129.4636,
                35.6012
              ],
              [
                129.4636,
                35.6012
              ],
              [
                129.4636,
                35.6012
              ],
              [
                129.4636,
                35.6012
              ],
              [
                129.4636,
                35.6012
              ],
              [
                129.4636,
                35.6012
              ],
              [
                129.4636,
                35.6012
              ],
              [
                129.4636,
                35.6012
              ],
              [
                129.4636,
                35.6012
              ],
              [
                129.4636,
                35.6012
              ],
              [
                129.4636,
                35.6012
              ],
              [
                129.4636,
                35.6012
              ],
              [
                129.4636,
                35.6012
              ],
              [
                129.4636,
                35.6012
              ],
              [
                129.4636,
                35.6012
              ],
              [
                129.4636,
                35.6012
              ],
              [
                129.4636,
                35.6012
              ],
              [
                129.4636,
                35.6012
              ],
              [
                129.4637,
                35.6012
              ],
              [
                129.4637,
                35.6012
              ],
              [
                129.4637,
                35.6012
              ],
              [
                129.4637,
                35.6012
              ],
              [
                129.4637,
                35.6012
              ],
              [
                129.4637,
                35.6012
              ],
              [
                129.4637,
                35.6012
              ],
              [
                129.4637,
                35.6012
              ],
              [
                129.4637,
                35.6012
              ],
              [
                129.4637,
                35.6012
              ],
              [
                129.4637,
                35.6012
              ],
              [
                129.4637,
                35.6011
              ],
              [
                129.4637,
                35.6011
              ],
              [
                129.4637,
                35.6011
              ],
              [
                129.4637,
                35.6011
              ],
              [
                129.4637,
                35.6011
              ],
              [
                129.4637,
                35.6011
              ],
              [
                129.4637,
                35.6011
              ],
              [
                129.4637,
                35.6011
              ],
              [
                129.4637,
                35.6011
              ],
              [
                129.4637,
                35.6011
              ],
              [
                129.4637,
                35.6011
              ],
              [
                129.4637,
                35.6011
              ],
              [
                129.4638,
                35.6011
              ],
              [
                129.4638,
                35.6011
              ],
              [
                129.4638,
                35.6011
              ],
              [
                129.4638,
                35.6011
              ],
              [
                129.4638,
                35.6011
              ],
              [
                129.4638,
                35.6011
              ],
              [
                129.4638,
                35.6011
              ],
              [
                129.4638,
                35.6011
              ],
              [
                129.4638,
                35.6011
              ],
              [
                129.4638,
                35.6011
              ],
              [
                129.4638,
                35.6011
              ],
              [
                129.4638,
                35.6011
              ],
              [
                129.4638,
                35.6011
              ],
              [
                129.4638,
                35.6011
              ],
              [
                129.4638,
                35.6011
              ],
              [
                129.4638,
                35.6011
              ],
              [
                129.4638,
                35.6011
              ],
              [
                129.4638,
                35.6011
              ],
              [
                129.4638,
                35.6011
              ],
              [
                129.4638,
                35.6011
              ],
              [
                129.4638,
                35.6011
              ],
              [
                129.4638,
                35.6011
              ],
              [
                129.4638,
                35.6011
              ],
              [
                129.4638,
                35.6011
              ],
              [
                129.4638,
                35.6011
              ],
              [
                129.4638,
                35.6011
              ],
              [
                129.4638,
                35.6011
              ],
              [
                129.4638,
                35.6011
              ],
              [
                129.4639,
                35.6011
              ],
              [
                129.4639,
                35.6011
              ],
              [
                129.4639,
                35.6011
              ],
              [
                129.4639,
                35.6011
              ],
              [
                129.4639,
                35.6011
              ],
              [
                129.4639,
                35.6011
              ],
              [
                129.4639,
                35.6011
              ],
              [
                129.4639,
                35.6011
              ],
              [
                129.4639,
                35.6011
              ],
              [
                129.4639,
                35.6011
              ],
              [
                129.4639,
                35.6011
              ],
              [
                129.4639,
                35.6011
              ],
              [
                129.4639,
                35.6011
              ],
              [
                129.4639,
                35.6011
              ],
              [
                129.4639,
                35.6011
              ],
              [
                129.4639,
                35.6011
              ],
              [
                129.4639,
                35.6011
              ],
              [
                129.4639,
                35.6011
              ],
              [
                129.4639,
                35.6011
              ],
              [
                129.4639,
                35.6011
              ],
              [
                129.4639,
                35.6011
              ],
              [
                129.4639,
                35.6011
              ],
              [
                129.4639,
                35.6011
              ],
              [
                129.4639,
                35.6011
              ],
              [
                129.4639,
                35.6011
              ],
              [
                129.4639,
                35.6011
              ],
              [
                129.4639,
                35.6011
              ],
              [
                129.4639,
                35.6011
              ],
              [
                129.4639,
                35.601
              ],
              [
                129.464,
                35.6006
              ],
              [
                129.4641,
                35.6004
              ],
              [
                129.4641,
                35.6004
              ],
              [
                129.4641,
                35.6003
              ],
              [
                129.4641,
                35.6003
              ],
              [
                129.4641,
                35.6003
              ],
              [
                129.4641,
                35.6003
              ],
              [
                129.4641,
                35.6003
              ],
              [
                129.4641,
                35.6003
              ],
              [
                129.4641,
                35.6003
              ],
              [
                129.4641,
                35.6003
              ],
              [
                129.4641,
                35.6003
              ],
              [
                129.4641,
                35.6003
              ],
              [
                129.4641,
                35.6003
              ],
              [
                129.4641,
                35.6003
              ],
              [
                129.4641,
                35.6003
              ],
              [
                129.4641,
                35.6003
              ],
              [
                129.4641,
                35.6003
              ],
              [
                129.4641,
                35.6003
              ],
              [
                129.4641,
                35.6003
              ],
              [
                129.4641,
                35.6003
              ],
              [
                129.4641,
                35.6003
              ],
              [
                129.4641,
                35.6003
              ],
              [
                129.4641,
                35.6003
              ],
              [
                129.4641,
                35.6003
              ],
              [
                129.4641,
                35.6003
              ],
              [
                129.4641,
                35.6003
              ],
              [
                129.4641,
                35.6003
              ],
              [
                129.4641,
                35.6003
              ],
              [
                129.4641,
                35.6003
              ],
              [
                129.4641,
                35.6
              ],
              [
                129.4642,
                35.5999
              ],
              [
                129.4643,
                35.5998
              ],
              [
                129.4643,
                35.5997
              ],
              [
                129.4643,
                35.5997
              ],
              [
                129.4644,
                35.5994
              ],
              [
                129.4644,
                35.5993
              ],
              [
                129.4644,
                35.5992
              ],
              [
                129.4638,
                35.5973
              ],
              [
                129.4638,
                35.5965
              ],
              [
                129.4638,
                35.5965
              ],
              [
                129.4632,
                35.5946
              ],
              [
                129.4628,
                35.5937
              ],
              [
                129.4633,
                35.5894
              ],
              [
                129.464,
                35.5885
              ],
              [
                129.4647,
                35.5866
              ],
              [
                129.4647,
                35.5866
              ],
              [
                129.4647,
                35.5866
              ],
              [
                129.4647,
                35.5864
              ],
              [
                129.4647,
                35.5864
              ],
              [
                129.4647,
                35.5864
              ],
              [
                129.4646,
                35.5864
              ],
              [
                129.4645,
                35.5861
              ],
              [
                129.4639,
                35.5853
              ],
              [
                129.4638,
                35.5852
              ],
              [
                129.4637,
                35.5851
              ],
              [
                129.4637,
                35.5851
              ],
              [
                129.4631,
                35.5848
              ],
              [
                129.4629,
                35.5847
              ],
              [
                129.4608,
                35.5841
              ],
              [
                129.4608,
                35.5841
              ],
              [
                129.4608,
                35.5841
              ],
              [
                129.4601,
                35.5842
              ],
              [
                129.4591,
                35.5848
              ],
              [
                129.4538,
                35.5805
              ],
              [
                129.4537,
                35.5805
              ],
              [
                129.4537,
                35.5804
              ],
              [
                129.4536,
                35.5804
              ],
              [
                129.4536,
                35.5804
              ],
              [
                129.4535,
                35.5802
              ],
              [
                129.4533,
                35.5799
              ],
              [
                129.4532,
                35.5797
              ],
              [
                129.4531,
                35.5796
              ],
              [
                129.453,
                35.5794
              ],
              [
                129.4529,
                35.5792
              ],
              [
                129.4529,
                35.5791
              ],
              [
                129.4528,
                35.5789
              ],
              [
                129.4527,
                35.5784
              ],
              [
                129.4527,
                35.5784
              ],
              [
                129.4527,
                35.5783
              ],
              [
                129.4527,
                35.5783
              ],
              [
                129.4527,
                35.5783
              ],
              [
                129.4527,
                35.5782
              ],
              [
                129.4527,
                35.5782
              ],
              [
                129.4527,
                35.5781
              ],
              [
                129.4527,
                35.5781
              ],
              [
                129.4528,
                35.578
              ],
              [
                129.4528,
                35.578
              ],
              [
                129.4529,
                35.5778
              ],
              [
                129.4531,
                35.5776
              ],
              [
                129.453,
                35.5769
              ],
              [
                129.4528,
                35.5741
              ],
              [
                129.4528,
                35.5741
              ],
              [
                129.4528,
                35.5741
              ],
              [
                129.4528,
                35.5741
              ],
              [
                129.4528,
                35.5741
              ],
              [
                129.4528,
                35.5741
              ],
              [
                129.4528,
                35.5741
              ],
              [
                129.4528,
                35.5741
              ],
              [
                129.4528,
                35.5741
              ],
              [
                129.4528,
                35.574
              ],
              [
                129.4528,
                35.574
              ],
              [
                129.4528,
                35.574
              ],
              [
                129.4528,
                35.574
              ],
              [
                129.4528,
                35.574
              ],
              [
                129.4528,
                35.574
              ],
              [
                129.4528,
                35.5738
              ],
              [
                129.4528,
                35.5738
              ],
              [
                129.4529,
                35.5738
              ],
              [
                129.4529,
                35.5738
              ],
              [
                129.4529,
                35.5738
              ],
              [
                129.4529,
                35.5738
              ],
              [
                129.4529,
                35.5738
              ],
              [
                129.4529,
                35.5738
              ],
              [
                129.4529,
                35.5738
              ],
              [
                129.4529,
                35.5738
              ],
              [
                129.4529,
                35.5737
              ],
              [
                129.4529,
                35.5737
              ],
              [
                129.4529,
                35.5737
              ],
              [
                129.4529,
                35.5737
              ],
              [
                129.4529,
                35.5737
              ],
              [
                129.4529,
                35.5737
              ],
              [
                129.4529,
                35.5737
              ],
              [
                129.4529,
                35.5737
              ],
              [
                129.4529,
                35.5737
              ],
              [
                129.4529,
                35.5737
              ],
              [
                129.4529,
                35.5737
              ],
              [
                129.4528,
                35.5721
              ],
              [
                129.4528,
                35.5721
              ],
              [
                129.4528,
                35.5721
              ],
              [
                129.4528,
                35.5721
              ],
              [
                129.4528,
                35.5721
              ],
              [
                129.4528,
                35.5721
              ],
              [
                129.4528,
                35.5721
              ],
              [
                129.4528,
                35.5721
              ],
              [
                129.4528,
                35.572
              ],
              [
                129.4528,
                35.572
              ],
              [
                129.4528,
                35.572
              ],
              [
                129.4528,
                35.5719
              ],
              [
                129.4528,
                35.5719
              ],
              [
                129.4528,
                35.5719
              ],
              [
                129.4528,
                35.5719
              ],
              [
                129.4528,
                35.5719
              ],
              [
                129.4528,
                35.5719
              ],
              [
                129.4528,
                35.5719
              ],
              [
                129.4528,
                35.5719
              ],
              [
                129.4528,
                35.5719
              ],
              [
                129.4528,
                35.5719
              ],
              [
                129.4528,
                35.5719
              ],
              [
                129.4528,
                35.5719
              ],
              [
                129.4528,
                35.5719
              ],
              [
                129.4528,
                35.5719
              ],
              [
                129.4529,
                35.5716
              ],
              [
                129.452,
                35.5714
              ],
              [
                129.4494,
                35.5703
              ],
              [
                129.4478,
                35.5692
              ],
              [
                129.4478,
                35.5692
              ],
              [
                129.4457,
                35.5679
              ],
              [
                129.4446,
                35.5677
              ],
              [
                129.4425,
                35.5678
              ],
              [
                129.4415,
                35.5679
              ],
              [
                129.4332,
                35.5669
              ],
              [
                129.4289,
                35.5666
              ],
              [
                129.4201,
                35.5638
              ],
              [
                129.4201,
                35.5638
              ],
              [
                129.4198,
                35.5636
              ],
              [
                129.4193,
                35.563
              ],
              [
                129.4189,
                35.5624
              ],
              [
                129.4163,
                35.5606
              ],
              [
                129.415,
                35.56
              ],
              [
                129.4147,
                35.5598
              ],
              [
                129.4133,
                35.5588
              ],
              [
                129.414,
                35.5565
              ],
              [
                129.4135,
                35.555
              ],
              [
                129.4133,
                35.5547
              ],
              [
                129.4118,
                35.5532
              ],
              [
                129.4113,
                35.5529
              ],
              [
                129.41,
                35.5523
              ],
              [
                129.4095,
                35.5523
              ],
              [
                129.409,
                35.5521
              ],
              [
                129.4083,
                35.5518
              ],
              [
                129.4081,
                35.5517
              ],
              [
                129.4076,
                35.551
              ],
              [
                129.4073,
                35.5503
              ],
              [
                129.4071,
                35.5491
              ],
              [
                129.407,
                35.5485
              ],
              [
                129.408,
                35.5463
              ],
              [
                129.4084,
                35.5455
              ],
              [
                129.408,
                35.5449
              ],
              [
                129.4056,
                35.5417
              ],
              [
                129.4054,
                35.5407
              ],
              [
                129.4059,
                35.5392
              ],
              [
                129.4064,
                35.5389
              ],
              [
                129.4066,
                35.5383
              ],
              [
                129.4066,
                35.538
              ],
              [
                129.4066,
                35.5375
              ],
              [
                129.4056,
                35.5347
              ],
              [
                129.4049,
                35.5338
              ],
              [
                129.4044,
                35.5333
              ],
              [
                129.4038,
                35.5332
              ],
              [
                129.4027,
                35.5317
              ],
              [
                129.4012,
                35.5294
              ],
              [
                129.4019,
                35.5282
              ],
              [
                129.4024,
                35.528
              ],
              [
                129.4064,
                35.5267
              ],
              [
                129.4071,
                35.5259
              ],
              [
                129.4085,
                35.5252
              ],
              [
                129.4089,
                35.5252
              ],
              [
                129.4099,
                35.5244
              ],
              [
                129.4104,
                35.5241
              ],
              [
                129.4106,
                35.5231
              ],
              [
                129.4104,
                35.5223
              ],
              [
                129.4102,
                35.5219
              ],
              [
                129.4094,
                35.5214
              ],
              [
                129.4097,
                35.5191
              ],
              [
                129.4092,
                35.517
              ],
              [
                129.409,
                35.5166
              ],
              [
                129.4084,
                35.516
              ],
              [
                129.4068,
                35.5166
              ],
              [
                129.4066,
                35.5167
              ],
              [
                129.4055,
                35.5175
              ],
              [
                129.4054,
                35.5177
              ],
              [
                129.4054,
                35.5179
              ],
              [
                129.4054,
                35.518
              ],
              [
                129.4055,
                35.5184
              ],
              [
                129.4052,
                35.5187
              ],
              [
                129.4038,
                35.5199
              ],
              [
                129.4034,
                35.5202
              ],
              [
                129.3966,
                35.5217
              ],
              [
                129.3965,
                35.5218
              ],
              [
                129.3964,
                35.5218
              ],
              [
                129.3963,
                35.5218
              ],
              [
                129.3963,
                35.5218
              ],
              [
                129.3962,
                35.5218
              ],
              [
                129.396,
                35.5218
              ],
              [
                129.396,
                35.5218
              ],
              [
                129.3959,
                35.5218
              ],
              [
                129.3959,
                35.5218
              ],
              [
                129.3958,
                35.5218
              ],
              [
                129.3956,
                35.5218
              ],
              [
                129.3944,
                35.5218
              ],
              [
                129.3943,
                35.5218
              ],
              [
                129.3942,
                35.5218
              ],
              [
                129.3941,
                35.5218
              ],
              [
                129.394,
                35.5218
              ],
              [
                129.394,
                35.5218
              ],
              [
                129.3939,
                35.5219
              ],
              [
                129.3938,
                35.5219
              ],
              [
                129.3935,
                35.5219
              ],
              [
                129.3934,
                35.522
              ],
              [
                129.3933,
                35.522
              ],
              [
                129.3932,
                35.522
              ],
              [
                129.3931,
                35.5221
              ],
              [
                129.3928,
                35.5222
              ],
              [
                129.3927,
                35.5223
              ],
              [
                129.3926,
                35.5224
              ],
              [
                129.3924,
                35.5225
              ],
              [
                129.3924,
                35.5225
              ],
              [
                129.3923,
                35.5226
              ],
              [
                129.3922,
                35.5226
              ],
              [
                129.3921,
                35.5227
              ],
              [
                129.3921,
                35.5228
              ],
              [
                129.392,
                35.5228
              ],
              [
                129.3919,
                35.523
              ],
              [
                129.3917,
                35.5233
              ],
              [
                129.3915,
                35.5235
              ],
              [
                129.3902,
                35.5254
              ],
              [
                129.3897,
                35.5259
              ],
              [
                129.3894,
                35.5262
              ],
              [
                129.3893,
                35.5263
              ],
              [
                129.3891,
                35.5265
              ],
              [
                129.389,
                35.5266
              ],
              [
                129.3883,
                35.527
              ],
              [
                129.3877,
                35.5274
              ],
              [
                129.3876,
                35.5274
              ],
              [
                129.3875,
                35.5275
              ],
              [
                129.3873,
                35.5276
              ],
              [
                129.3872,
                35.5277
              ],
              [
                129.387,
                35.5278
              ],
              [
                129.3869,
                35.528
              ],
              [
                129.3866,
                35.5282
              ],
              [
                129.3842,
                35.5305
              ],
              [
                129.3841,
                35.5305
              ],
              [
                129.3838,
                35.5309
              ],
              [
                129.3829,
                35.5319
              ],
              [
                129.3823,
                35.5325
              ],
              [
                129.3822,
                35.5327
              ],
              [
                129.3789,
                35.5361
              ],
              [
                129.3766,
                35.538
              ],
              [
                129.3765,
                35.5382
              ],
              [
                129.3746,
                35.5395
              ],
              [
                129.3743,
                35.5394
              ],
              [
                129.3736,
                35.5391
              ],
              [
                129.3734,
                35.539
              ],
              [
                129.3732,
                35.5389
              ],
              [
                129.3728,
                35.5387
              ],
              [
                129.3725,
                35.5386
              ],
              [
                129.3724,
                35.5386
              ],
              [
                129.3722,
                35.5386
              ],
              [
                129.3721,
                35.5386
              ],
              [
                129.3719,
                35.5386
              ],
              [
                129.3716,
                35.5386
              ],
              [
                129.3715,
                35.5386
              ],
              [
                129.3709,
                35.5387
              ],
              [
                129.3705,
                35.5388
              ],
              [
                129.3694,
                35.5393
              ],
              [
                129.3692,
                35.5394
              ],
              [
                129.3691,
                35.5394
              ],
              [
                129.3684,
                35.54
              ],
              [
                129.3683,
                35.54
              ],
              [
                129.3678,
                35.5405
              ],
              [
                129.3677,
                35.5406
              ],
              [
                129.3676,
                35.5407
              ],
              [
                129.367,
                35.5416
              ],
              [
                129.3665,
                35.5424
              ],
              [
                129.3645,
                35.543
              ],
              [
                129.3645,
                35.543
              ],
              [
                129.3643,
                35.5432
              ],
              [
                129.3632,
                35.544
              ],
              [
                129.359,
                35.5454
              ],
              [
                129.3581,
                35.5457
              ],
              [
                129.3565,
                35.5462
              ],
              [
                129.355,
                35.5466
              ],
              [
                129.3509,
                35.5479
              ],
              [
                129.3481,
                35.5492
              ],
              [
                129.3481,
                35.5494
              ],
              [
                129.3482,
                35.5498
              ],
              [
                129.35,
                35.5495
              ],
              [
                129.351,
                35.5505
              ],
              [
                129.3503,
                35.5532
              ],
              [
                129.3493,
                35.5579
              ],
              [
                129.3496,
                35.5584
              ],
              [
                129.3498,
                35.5587
              ],
              [
                129.3499,
                35.5587
              ],
              [
                129.3501,
                35.5588
              ],
              [
                129.3502,
                35.5589
              ],
              [
                129.3504,
                35.559
              ],
              [
                129.3508,
                35.5591
              ],
              [
                129.3511,
                35.5592
              ],
              [
                129.3512,
                35.5593
              ],
              [
                129.3514,
                35.5593
              ],
              [
                129.3515,
                35.5594
              ],
              [
                129.3522,
                35.5597
              ],
              [
                129.3524,
                35.5598
              ],
              [
                129.3532,
                35.5603
              ],
              [
                129.3533,
                35.5606
              ],
              [
                129.3535,
                35.5615
              ],
              [
                129.3536,
                35.5619
              ],
              [
                129.3537,
                35.5626
              ],
              [
                129.3531,
                35.5654
              ],
              [
                129.353,
                35.5656
              ],
              [
                129.3527,
                35.5663
              ],
              [
                129.3523,
                35.5669
              ],
              [
                129.3523,
                35.5669
              ],
              [
                129.3523,
                35.5671
              ],
              [
                129.3522,
                35.5674
              ],
              [
                129.3522,
                35.5674
              ],
              [
                129.352,
                35.5681
              ],
              [
                129.352,
                35.5682
              ],
              [
                129.352,
                35.5683
              ],
              [
                129.352,
                35.5685
              ],
              [
                129.3521,
                35.5708
              ],
              [
                129.3523,
                35.5728
              ],
              [
                129.351,
                35.5774
              ],
              [
                129.3492,
                35.5801
              ],
              [
                129.3489,
                35.581
              ],
              [
                129.3488,
                35.5814
              ],
              [
                129.3487,
                35.5817
              ],
              [
                129.3487,
                35.582
              ],
              [
                129.3485,
                35.5827
              ],
              [
                129.3482,
                35.5856
              ],
              [
                129.3482,
                35.5888
              ],
              [
                129.3486,
                35.5888
              ],
              [
                129.3487,
                35.59
              ],
              [
                129.3487,
                35.5906
              ],
              [
                129.3487,
                35.5914
              ],
              [
                129.3487,
                35.5919
              ],
              [
                129.3484,
                35.5953
              ],
              [
                129.3457,
                35.596
              ],
              [
                129.3453,
                35.5961
              ],
              [
                129.3445,
                35.5961
              ],
              [
                129.3439,
                35.5962
              ],
              [
                129.3435,
                35.5962
              ],
              [
                129.3427,
                35.5962
              ],
              [
                129.3422,
                35.5962
              ],
              [
                129.3418,
                35.5962
              ],
              [
                129.3412,
                35.5961
              ],
              [
                129.3407,
                35.596
              ],
              [
                129.3393,
                35.5958
              ],
              [
                129.3392,
                35.5958
              ],
              [
                129.3387,
                35.5956
              ],
              [
                129.3383,
                35.5954
              ],
              [
                129.3369,
                35.5948
              ],
              [
                129.3367,
                35.5947
              ],
              [
                129.3366,
                35.5946
              ],
              [
                129.336,
                35.5942
              ],
              [
                129.3356,
                35.594
              ],
              [
                129.3352,
                35.5939
              ],
              [
                129.3349,
                35.5938
              ],
              [
                129.3345,
                35.5938
              ],
              [
                129.3344,
                35.5938
              ],
              [
                129.3341,
                35.5938
              ],
              [
                129.3334,
                35.5941
              ],
              [
                129.3332,
                35.5942
              ],
              [
                129.3326,
                35.5945
              ],
              [
                129.3324,
                35.5946
              ],
              [
                129.3322,
                35.5948
              ],
              [
                129.3317,
                35.5952
              ],
              [
                129.3312,
                35.5955
              ],
              [
                129.331,
                35.5957
              ],
              [
                129.3309,
                35.5961
              ],
              [
                129.3311,
                35.5966
              ],
              [
                129.3319,
                35.5977
              ],
              [
                129.3319,
                35.5979
              ],
              [
                129.3317,
                35.5988
              ],
              [
                129.3317,
                35.5989
              ],
              [
                129.3314,
                35.5991
              ],
              [
                129.3312,
                35.5991
              ],
              [
                129.331,
                35.5991
              ],
              [
                129.324,
                35.5986
              ],
              [
                129.3236,
                35.5985
              ],
              [
                129.3228,
                35.5982
              ],
              [
                129.3225,
                35.5978
              ],
              [
                129.3224,
                35.5976
              ],
              [
                129.3224,
                35.5976
              ],
              [
                129.3223,
                35.5973
              ],
              [
                129.3224,
                35.5971
              ],
              [
                129.3224,
                35.597
              ],
              [
                129.3224,
                35.5966
              ],
              [
                129.3224,
                35.5964
              ],
              [
                129.3224,
                35.5962
              ],
              [
                129.3223,
                35.5957
              ],
              [
                129.3222,
                35.5956
              ],
              [
                129.3222,
                35.5956
              ],
              [
                129.3221,
                35.5954
              ],
              [
                129.3215,
                35.5949
              ],
              [
                129.3212,
                35.5946
              ],
              [
                129.3211,
                35.5945
              ],
              [
                129.3209,
                35.5944
              ],
              [
                129.3196,
                35.5939
              ],
              [
                129.3194,
                35.5939
              ],
              [
                129.3189,
                35.5939
              ],
              [
                129.3185,
                35.594
              ],
              [
                129.3182,
                35.5941
              ],
              [
                129.3179,
                35.5942
              ],
              [
                129.3176,
                35.5943
              ],
              [
                129.3174,
                35.5943
              ],
              [
                129.3148,
                35.5928
              ],
              [
                129.3145,
                35.5927
              ],
              [
                129.3124,
                35.5912
              ],
              [
                129.3121,
                35.591
              ],
              [
                129.3119,
                35.5907
              ],
              [
                129.3116,
                35.5904
              ],
              [
                129.3114,
                35.5901
              ],
              [
                129.311,
                35.5897
              ],
              [
                129.3105,
                35.5893
              ],
              [
                129.3103,
                35.5892
              ],
              [
                129.31,
                35.5891
              ],
              [
                129.3097,
                35.5891
              ],
              [
                129.3096,
                35.589
              ],
              [
                129.3074,
                35.5891
              ],
              [
                129.3073,
                35.5891
              ],
              [
                129.3059,
                35.5902
              ],
              [
                129.3058,
                35.5904
              ],
              [
                129.305,
                35.5916
              ],
              [
                129.305,
                35.5917
              ],
              [
                129.305,
                35.5917
              ],
              [
                129.305,
                35.5918
              ],
              [
                129.305,
                35.5918
              ],
              [
                129.3038,
                35.594
              ],
              [
                129.3037,
                35.5941
              ],
              [
                129.3036,
                35.5941
              ],
              [
                129.3031,
                35.5942
              ],
              [
                129.3009,
                35.5943
              ],
              [
                129.3006,
                35.5943
              ],
              [
                129.2995,
                35.5943
              ],
              [
                129.2992,
                35.5943
              ],
              [
                129.2979,
                35.5943
              ],
              [
                129.2978,
                35.5943
              ],
              [
                129.2976,
                35.5942
              ],
              [
                129.2962,
                35.5937
              ],
              [
                129.2962,
                35.5937
              ],
              [
                129.2961,
                35.5936
              ],
              [
                129.2955,
                35.5931
              ],
              [
                129.2955,
                35.593
              ],
              [
                129.2955,
                35.593
              ],
              [
                129.2955,
                35.5929
              ],
              [
                129.2954,
                35.5928
              ],
              [
                129.2952,
                35.5926
              ],
              [
                129.2951,
                35.5925
              ],
              [
                129.2948,
                35.5924
              ],
              [
                129.2941,
                35.5923
              ],
              [
                129.2937,
                35.5923
              ],
              [
                129.2915,
                35.5927
              ],
              [
                129.2914,
                35.5927
              ],
              [
                129.2904,
                35.5933
              ],
              [
                129.2903,
                35.5943
              ],
              [
                129.2907,
                35.5977
              ],
              [
                129.2923,
                35.6014
              ],
              [
                129.2961,
                35.6065
              ],
              [
                129.2978,
                35.6084
              ],
              [
                129.2983,
                35.6086
              ],
              [
                129.2985,
                35.6087
              ],
              [
                129.2993,
                35.6097
              ],
              [
                129.2995,
                35.6106
              ],
              [
                129.3002,
                35.6143
              ],
              [
                129.2998,
                35.615
              ],
              [
                129.2986,
                35.6163
              ],
              [
                129.2983,
                35.6167
              ],
              [
                129.298,
                35.6169
              ],
              [
                129.2966,
                35.6176
              ],
              [
                129.2959,
                35.6178
              ],
              [
                129.2954,
                35.6179
              ],
              [
                129.2947,
                35.6183
              ],
              [
                129.2946,
                35.6184
              ],
              [
                129.2945,
                35.6186
              ],
              [
                129.2941,
                35.6201
              ],
              [
                129.294,
                35.6206
              ],
              [
                129.2946,
                35.626
              ],
              [
                129.2947,
                35.6262
              ],
              [
                129.2948,
                35.6264
              ],
              [
                129.2957,
                35.6271
              ],
              [
                129.2957,
                35.6271
              ],
              [
                129.2964,
                35.6275
              ],
              [
                129.297,
                35.6283
              ],
              [
                129.2975,
                35.6291
              ],
              [
                129.2981,
                35.6314
              ],
              [
                129.2981,
                35.6316
              ],
              [
                129.2982,
                35.632
              ],
              [
                129.2981,
                35.6322
              ],
              [
                129.2981,
                35.6324
              ],
              [
                129.298,
                35.633
              ],
              [
                129.2977,
                35.6333
              ],
              [
                129.2975,
                35.6335
              ],
              [
                129.2975,
                35.6335
              ],
              [
                129.2973,
                35.6338
              ],
              [
                129.2971,
                35.634
              ],
              [
                129.297,
                35.6343
              ],
              [
                129.2968,
                35.6349
              ],
              [
                129.2966,
                35.6357
              ],
              [
                129.2962,
                35.6379
              ],
              [
                129.2963,
                35.6393
              ],
              [
                129.2968,
                35.6418
              ],
              [
                129.2972,
                35.6423
              ],
              [
                129.2973,
                35.6426
              ],
              [
                129.2971,
                35.6429
              ],
              [
                129.2967,
                35.6433
              ],
              [
                129.2964,
                35.6435
              ],
              [
                129.2964,
                35.6435
              ],
              [
                129.2962,
                35.6441
              ],
              [
                129.2962,
                35.6442
              ],
              [
                129.2962,
                35.6442
              ],
              [
                129.2962,
                35.6444
              ],
              [
                129.2963,
                35.6447
              ],
              [
                129.297,
                35.6465
              ],
              [
                129.2984,
                35.6476
              ],
              [
                129.3008,
                35.648
              ],
              [
                129.3017,
                35.6481
              ],
              [
                129.3033,
                35.6501
              ],
              [
                129.3038,
                35.6547
              ],
              [
                129.3041,
                35.6566
              ],
              [
                129.3043,
                35.657
              ],
              [
                129.3045,
                35.6572
              ],
              [
                129.3105,
                35.6602
              ],
              [
                129.3111,
                35.6605
              ],
              [
                129.3126,
                35.6603
              ],
              [
                129.3165,
                35.6594
              ],
              [
                129.3166,
                35.6593
              ],
              [
                129.3174,
                35.6591
              ],
              [
                129.3174,
                35.6591
              ],
              [
                129.318,
                35.6589
              ],
              [
                129.318,
                35.6588
              ],
              [
                129.3181,
                35.6588
              ],
              [
                129.3191,
                35.6579
              ],
              [
                129.3191,
                35.6579
              ],
              [
                129.3222,
                35.6581
              ],
              [
                129.3278,
                35.6588
              ],
              [
                129.3287,
                35.6604
              ],
              [
                129.3286,
                35.6626
              ],
              [
                129.3286,
                35.6627
              ],
              [
                129.3286,
                35.6627
              ],
              [
                129.3298,
                35.6644
              ],
              [
                129.33,
                35.6646
              ],
              [
                129.3303,
                35.6651
              ],
              [
                129.331,
                35.6656
              ],
              [
                129.3325,
                35.6665
              ],
              [
                129.3331,
                35.668
              ],
              [
                129.3338,
                35.6694
              ],
              [
                129.3341,
                35.6698
              ],
              [
                129.3342,
                35.6698
              ],
              [
                129.3357,
                35.6691
              ],
              [
                129.3372,
                35.6691
              ],
              [
                129.3373,
                35.6691
              ],
              [
                129.3379,
                35.6692
              ],
              [
                129.3401,
                35.6696
              ],
              [
                129.3405,
                35.6699
              ],
              [
                129.3459,
                35.6739
              ],
              [
                129.348,
                35.6763
              ],
              [
                129.3483,
                35.6768
              ],
              [
                129.3484,
                35.6769
              ],
              [
                129.3488,
                35.6772
              ],
              [
                129.3492,
                35.6775
              ],
              [
                129.3498,
                35.6778
              ],
              [
                129.3511,
                35.6784
              ],
              [
                129.3536,
                35.6794
              ],
              [
                129.3558,
                35.6794
              ],
              [
                129.3593,
                35.6794
              ],
              [
                129.3601,
                35.6791
              ],
              [
                129.3606,
                35.6789
              ],
              [
                129.3612,
                35.6788
              ]
            ]
          ]
        ]
      },
      "properties": {
        "name": "북구",
        "base_year": "2018",
        "name_eng": "Buk-gu",
        "code": "26040"
      }
    },
    {
      "type": "Feature",
      "geometry": {
        "type": "MultiPolygon",
        "coordinates": [
          [
            [
              [
                129.3773,
                35.4266
              ],
              [
                129.3773,
                35.4266
              ],
              [
                129.3772,
                35.4266
              ],
              [
                129.3772,
                35.4266
              ],
              [
                129.3771,
                35.4266
              ],
              [
                129.3771,
                35.4266
              ],
              [
                129.3771,
                35.4266
              ],
              [
                129.377,
                35.4266
              ],
              [
                129.377,
                35.4266
              ],
              [
                129.377,
                35.4266
              ],
              [
                129.377,
                35.4266
              ],
              [
                129.377,
                35.4266
              ],
              [
                129.377,
                35.4267
              ],
              [
                129.377,
                35.4267
              ],
              [
                129.377,
                35.4267
              ],
              [
                129.377,
                35.4268
              ],
              [
                129.377,
                35.4268
              ],
              [
                129.377,
                35.4269
              ],
              [
                129.377,
                35.4269
              ],
              [
                129.377,
                35.4269
              ],
              [
                129.377,
                35.4269
              ],
              [
                129.377,
                35.4269
              ],
              [
                129.377,
                35.427
              ],
              [
                129.3771,
                35.4273
              ],
              [
                129.3772,
                35.4283
              ],
              [
                129.3773,
                35.4289
              ],
              [
                129.3777,
                35.4349
              ],
              [
                129.378,
                35.4392
              ],
              [
                129.3781,
                35.4397
              ],
              [
                129.3781,
                35.4398
              ],
              [
                129.3781,
                35.4398
              ],
              [
                129.3781,
                35.4399
              ],
              [
                129.3807,
                35.4449
              ],
              [
                129.3809,
                35.4452
              ],
              [
                129.3809,
                35.4452
              ],
              [
                129.3809,
                35.4452
              ],
              [
                129.3809,
                35.4452
              ],
              [
                129.3809,
                35.4452
              ],
              [
                129.381,
                35.4452
              ],
              [
                129.381,
                35.4452
              ],
              [
                129.3811,
                35.4452
              ],
              [
                129.3811,
                35.4452
              ],
              [
                129.3812,
                35.4452
              ],
              [
                129.3812,
                35.4452
              ],
              [
                129.3812,
                35.4451
              ],
              [
                129.3812,
                35.4451
              ],
              [
                129.3812,
                35.4451
              ],
              [
                129.3807,
                35.4442
              ],
              [
                129.38,
                35.4429
              ],
              [
                129.3784,
                35.4398
              ],
              [
                129.3782,
                35.4383
              ],
              [
                129.3782,
                35.4373
              ],
              [
                129.3781,
                35.4361
              ],
              [
                129.3781,
                35.4357
              ],
              [
                129.378,
                35.4341
              ],
              [
                129.378,
                35.4339
              ],
              [
                129.3774,
                35.4268
              ],
              [
                129.3774,
                35.4267
              ],
              [
                129.3774,
                35.4267
              ],
              [
                129.3774,
                35.4266
              ],
              [
                129.3774,
                35.4266
              ],
              [
                129.3774,
                35.4266
              ],
              [
                129.3774,
                35.4266
              ],
              [
                129.3774,
                35.4266
              ],
              [
                129.3774,
                35.4266
              ],
              [
                129.3773,
                35.4266
              ],
              [
                129.3773,
                35.4266
              ],
              [
                129.3773,
                35.4266
              ]
            ]
          ],
          [
            [
              [
                129.1595,
                35.7159
              ],
              [
                129.1603,
                35.7148
              ],
              [
                129.1641,
                35.7148
              ],
              [
                129.1658,
                35.715
              ],
              [
                129.1668,
                35.7155
              ],
              [
                129.1681,
                35.7155
              ],
              [
                129.1711,
                35.7146
              ],
              [
                129.1735,
                35.7147
              ],
              [
                129.1765,
                35.7157
              ],
              [
                129.1771,
                35.7161
              ],
              [
                129.1784,
                35.7172
              ],
              [
                129.181,
                35.7215
              ],
              [
                129.1812,
                35.7224
              ],
              [
                129.1812,
                35.7233
              ],
              [
                129.1812,
                35.7235
              ],
              [
                129.1813,
                35.7238
              ],
              [
                129.1817,
                35.7237
              ],
              [
                129.1836,
                35.7228
              ],
              [
                129.1855,
                35.7218
              ],
              [
                129.1856,
                35.7218
              ],
              [
                129.1862,
                35.7213
              ],
              [
                129.1865,
                35.7206
              ],
              [
                129.1908,
                35.7189
              ],
              [
                129.1921,
                35.7186
              ],
              [
                129.1923,
                35.7186
              ],
              [
                129.1924,
                35.7185
              ],
              [
                129.1927,
                35.7184
              ],
              [
                129.1927,
                35.7184
              ],
              [
                129.1972,
                35.7161
              ],
              [
                129.1976,
                35.7158
              ],
              [
                129.1978,
                35.7156
              ],
              [
                129.1978,
                35.7156
              ],
              [
                129.1981,
                35.7145
              ],
              [
                129.1984,
                35.7147
              ],
              [
                129.2006,
                35.7158
              ],
              [
                129.2008,
                35.716
              ],
              [
                129.2009,
                35.7162
              ],
              [
                129.201,
                35.7163
              ],
              [
                129.201,
                35.7163
              ],
              [
                129.201,
                35.7165
              ],
              [
                129.2009,
                35.7174
              ],
              [
                129.2009,
                35.7174
              ],
              [
                129.2009,
                35.7174
              ],
              [
                129.2011,
                35.718
              ],
              [
                129.2011,
                35.7181
              ],
              [
                129.2012,
                35.7182
              ],
              [
                129.2017,
                35.7189
              ],
              [
                129.2052,
                35.7211
              ],
              [
                129.2055,
                35.7212
              ],
              [
                129.2066,
                35.7214
              ],
              [
                129.2066,
                35.7214
              ],
              [
                129.2071,
                35.7214
              ],
              [
                129.2071,
                35.7214
              ],
              [
                129.2082,
                35.7212
              ],
              [
                129.2086,
                35.7212
              ],
              [
                129.2089,
                35.7211
              ],
              [
                129.2095,
                35.7201
              ],
              [
                129.2093,
                35.7189
              ],
              [
                129.2101,
                35.7184
              ],
              [
                129.2114,
                35.7174
              ],
              [
                129.2132,
                35.716
              ],
              [
                129.2138,
                35.7156
              ],
              [
                129.219,
                35.7137
              ],
              [
                129.2219,
                35.712
              ],
              [
                129.2224,
                35.7114
              ],
              [
                129.2244,
                35.7096
              ],
              [
                129.2265,
                35.7086
              ],
              [
                129.2268,
                35.7089
              ],
              [
                129.2274,
                35.7092
              ],
              [
                129.2283,
                35.7093
              ],
              [
                129.2309,
                35.7088
              ],
              [
                129.2318,
                35.7084
              ],
              [
                129.2331,
                35.7074
              ],
              [
                129.2337,
                35.7061
              ],
              [
                129.2337,
                35.7061
              ],
              [
                129.2337,
                35.7056
              ],
              [
                129.2337,
                35.7056
              ],
              [
                129.2335,
                35.7052
              ],
              [
                129.2337,
                35.7042
              ],
              [
                129.234,
                35.7039
              ],
              [
                129.2348,
                35.7038
              ],
              [
                129.2365,
                35.7039
              ],
              [
                129.2365,
                35.7039
              ],
              [
                129.2381,
                35.7041
              ],
              [
                129.2395,
                35.704
              ],
              [
                129.2414,
                35.7039
              ],
              [
                129.2422,
                35.7031
              ],
              [
                129.244,
                35.7026
              ],
              [
                129.2464,
                35.7019
              ],
              [
                129.2493,
                35.7018
              ],
              [
                129.2498,
                35.7018
              ],
              [
                129.251,
                35.702
              ],
              [
                129.253,
                35.7017
              ],
              [
                129.2534,
                35.7016
              ],
              [
                129.2563,
                35.7008
              ],
              [
                129.2563,
                35.7008
              ],
              [
                129.2569,
                35.7007
              ],
              [
                129.2591,
                35.6981
              ],
              [
                129.2619,
                35.6934
              ],
              [
                129.2625,
                35.6916
              ],
              [
                129.2626,
                35.6912
              ],
              [
                129.2626,
                35.6911
              ],
              [
                129.2622,
                35.6859
              ],
              [
                129.2619,
                35.6853
              ],
              [
                129.2603,
                35.6842
              ],
              [
                129.2594,
                35.6837
              ],
              [
                129.2586,
                35.6831
              ],
              [
                129.2587,
                35.6822
              ],
              [
                129.2596,
                35.6805
              ],
              [
                129.261,
                35.6791
              ],
              [
                129.2608,
                35.677
              ],
              [
                129.2597,
                35.6723
              ],
              [
                129.2596,
                35.672
              ],
              [
                129.2593,
                35.6714
              ],
              [
                129.2592,
                35.6712
              ],
              [
                129.2591,
                35.6711
              ],
              [
                129.2588,
                35.6708
              ],
              [
                129.2588,
                35.6708
              ],
              [
                129.2578,
                35.6701
              ],
              [
                129.2565,
                35.6689
              ],
              [
                129.2547,
                35.6664
              ],
              [
                129.255,
                35.6641
              ],
              [
                129.2555,
                35.6605
              ],
              [
                129.2577,
                35.6589
              ],
              [
                129.2582,
                35.6574
              ],
              [
                129.2599,
                35.6549
              ],
              [
                129.2604,
                35.6546
              ],
              [
                129.2655,
                35.6536
              ],
              [
                129.2679,
                35.6525
              ],
              [
                129.2697,
                35.6511
              ],
              [
                129.2732,
                35.6526
              ],
              [
                129.2749,
                35.6531
              ],
              [
                129.275,
                35.6531
              ],
              [
                129.275,
                35.6531
              ],
              [
                129.2762,
                35.6529
              ],
              [
                129.2774,
                35.652
              ],
              [
                129.2778,
                35.6517
              ],
              [
                129.2811,
                35.6506
              ],
              [
                129.2811,
                35.6506
              ],
              [
                129.2817,
                35.6512
              ],
              [
                129.2826,
                35.6516
              ],
              [
                129.2827,
                35.6516
              ],
              [
                129.2829,
                35.6517
              ],
              [
                129.2854,
                35.6505
              ],
              [
                129.289,
                35.6486
              ],
              [
                129.2902,
                35.6479
              ],
              [
                129.2902,
                35.6477
              ],
              [
                129.2902,
                35.6476
              ],
              [
                129.2903,
                35.6468
              ],
              [
                129.2907,
                35.6462
              ],
              [
                129.2912,
                35.6455
              ],
              [
                129.2915,
                35.6452
              ],
              [
                129.2919,
                35.645
              ],
              [
                129.2949,
                35.6441
              ],
              [
                129.2964,
                35.6435
              ],
              [
                129.2964,
                35.6435
              ],
              [
                129.2967,
                35.6433
              ],
              [
                129.2971,
                35.6429
              ],
              [
                129.2973,
                35.6426
              ],
              [
                129.2972,
                35.6423
              ],
              [
                129.2968,
                35.6418
              ],
              [
                129.2963,
                35.6393
              ],
              [
                129.2962,
                35.6379
              ],
              [
                129.2966,
                35.6357
              ],
              [
                129.2968,
                35.6349
              ],
              [
                129.297,
                35.6343
              ],
              [
                129.2971,
                35.634
              ],
              [
                129.2973,
                35.6338
              ],
              [
                129.2975,
                35.6335
              ],
              [
                129.2975,
                35.6335
              ],
              [
                129.2977,
                35.6333
              ],
              [
                129.298,
                35.633
              ],
              [
                129.2981,
                35.6324
              ],
              [
                129.2981,
                35.6322
              ],
              [
                129.2982,
                35.632
              ],
              [
                129.2981,
                35.6316
              ],
              [
                129.2981,
                35.6314
              ],
              [
                129.2975,
                35.6291
              ],
              [
                129.297,
                35.6283
              ],
              [
                129.2964,
                35.6275
              ],
              [
                129.2957,
                35.6271
              ],
              [
                129.2957,
                35.6271
              ],
              [
                129.2948,
                35.6264
              ],
              [
                129.2947,
                35.6262
              ],
              [
                129.2946,
                35.626
              ],
              [
                129.294,
                35.6206
              ],
              [
                129.2941,
                35.6201
              ],
              [
                129.2945,
                35.6186
              ],
              [
                129.2946,
                35.6184
              ],
              [
                129.2947,
                35.6183
              ],
              [
                129.2954,
                35.6179
              ],
              [
                129.2959,
                35.6178
              ],
              [
                129.2966,
                35.6176
              ],
              [
                129.298,
                35.6169
              ],
              [
                129.2983,
                35.6167
              ],
              [
                129.2986,
                35.6163
              ],
              [
                129.2998,
                35.615
              ],
              [
                129.3002,
                35.6143
              ],
              [
                129.2995,
                35.6106
              ],
              [
                129.2993,
                35.6097
              ],
              [
                129.2985,
                35.6087
              ],
              [
                129.2983,
                35.6086
              ],
              [
                129.2978,
                35.6084
              ],
              [
                129.2961,
                35.6065
              ],
              [
                129.2923,
                35.6014
              ],
              [
                129.2907,
                35.5977
              ],
              [
                129.2903,
                35.5943
              ],
              [
                129.2904,
                35.5933
              ],
              [
                129.2911,
                35.5913
              ],
              [
                129.2934,
                35.5864
              ],
              [
                129.2935,
                35.5863
              ],
              [
                129.2939,
                35.5854
              ],
              [
                129.2937,
                35.585
              ],
              [
                129.2935,
                35.5844
              ],
              [
                129.2931,
                35.584
              ],
              [
                129.2927,
                35.5837
              ],
              [
                129.2922,
                35.5822
              ],
              [
                129.2922,
                35.5822
              ],
              [
                129.2921,
                35.5821
              ],
              [
                129.2923,
                35.5817
              ],
              [
                129.2941,
                35.5766
              ],
              [
                129.2945,
                35.5761
              ],
              [
                129.2916,
                35.578
              ],
              [
                129.2889,
                35.5779
              ],
              [
                129.2867,
                35.5779
              ],
              [
                129.2857,
                35.5779
              ],
              [
                129.2856,
                35.5779
              ],
              [
                129.2846,
                35.5783
              ],
              [
                129.2842,
                35.5786
              ],
              [
                129.2808,
                35.5811
              ],
              [
                129.2818,
                35.584
              ],
              [
                129.283,
                35.5839
              ],
              [
                129.2831,
                35.5838
              ],
              [
                129.2831,
                35.5838
              ],
              [
                129.2831,
                35.5841
              ],
              [
                129.2811,
                35.5848
              ],
              [
                129.271,
                35.5873
              ],
              [
                129.2706,
                35.5874
              ],
              [
                129.2705,
                35.5874
              ],
              [
                129.2677,
                35.5872
              ],
              [
                129.2675,
                35.5871
              ],
              [
                129.2649,
                35.5857
              ],
              [
                129.2595,
                35.5875
              ],
              [
                129.2586,
                35.5881
              ],
              [
                129.2578,
                35.5888
              ],
              [
                129.2571,
                35.5894
              ],
              [
                129.2567,
                35.5896
              ],
              [
                129.2559,
                35.5899
              ],
              [
                129.255,
                35.5895
              ],
              [
                129.2534,
                35.5901
              ],
              [
                129.2534,
                35.5902
              ],
              [
                129.2527,
                35.5903
              ],
              [
                129.2526,
                35.5901
              ],
              [
                129.2526,
                35.5901
              ],
              [
                129.2526,
                35.5897
              ],
              [
                129.2526,
                35.5893
              ],
              [
                129.2532,
                35.5884
              ],
              [
                129.2541,
                35.5882
              ],
              [
                129.2555,
                35.5836
              ],
              [
                129.2552,
                35.5831
              ],
              [
                129.255,
                35.5826
              ],
              [
                129.2548,
                35.582
              ],
              [
                129.2554,
                35.5801
              ],
              [
                129.2568,
                35.5786
              ],
              [
                129.258,
                35.5787
              ],
              [
                129.2588,
                35.5783
              ],
              [
                129.2592,
                35.5776
              ],
              [
                129.2597,
                35.5747
              ],
              [
                129.2597,
                35.5743
              ],
              [
                129.2585,
                35.5744
              ],
              [
                129.2578,
                35.5739
              ],
              [
                129.2568,
                35.5671
              ],
              [
                129.2569,
                35.567
              ],
              [
                129.257,
                35.5667
              ],
              [
                129.2575,
                35.5665
              ],
              [
                129.2579,
                35.5663
              ],
              [
                129.2582,
                35.5657
              ],
              [
                129.2588,
                35.5627
              ],
              [
                129.2589,
                35.5615
              ],
              [
                129.2594,
                35.5615
              ],
              [
                129.2598,
                35.5614
              ],
              [
                129.2604,
                35.5614
              ],
              [
                129.2605,
                35.5614
              ],
              [
                129.2607,
                35.5614
              ],
              [
                129.2609,
                35.5614
              ],
              [
                129.2612,
                35.5613
              ],
              [
                129.2616,
                35.5612
              ],
              [
                129.2618,
                35.5611
              ],
              [
                129.2622,
                35.5608
              ],
              [
                129.2622,
                35.5608
              ],
              [
                129.2624,
                35.5607
              ],
              [
                129.2625,
                35.5605
              ],
              [
                129.2628,
                35.5603
              ],
              [
                129.2629,
                35.5602
              ],
              [
                129.2653,
                35.5574
              ],
              [
                129.2656,
                35.5569
              ],
              [
                129.264,
                35.556
              ],
              [
                129.2631,
                35.5564
              ],
              [
                129.263,
                35.5565
              ],
              [
                129.2628,
                35.5562
              ],
              [
                129.2617,
                35.5545
              ],
              [
                129.2607,
                35.5523
              ],
              [
                129.2617,
                35.5517
              ],
              [
                129.2603,
                35.5517
              ],
              [
                129.2588,
                35.5527
              ],
              [
                129.2585,
                35.5529
              ],
              [
                129.2581,
                35.5532
              ],
              [
                129.258,
                35.5532
              ],
              [
                129.2577,
                35.5534
              ],
              [
                129.257,
                35.5538
              ],
              [
                129.2568,
                35.5539
              ],
              [
                129.2567,
                35.554
              ],
              [
                129.2559,
                35.5543
              ],
              [
                129.2546,
                35.5534
              ],
              [
                129.2544,
                35.5533
              ],
              [
                129.2543,
                35.5532
              ],
              [
                129.2542,
                35.553
              ],
              [
                129.2541,
                35.5529
              ],
              [
                129.2539,
                35.5527
              ],
              [
                129.2532,
                35.5516
              ],
              [
                129.2532,
                35.5514
              ],
              [
                129.2532,
                35.5514
              ],
              [
                129.2532,
                35.5512
              ],
              [
                129.2532,
                35.5512
              ],
              [
                129.2533,
                35.5511
              ],
              [
                129.2533,
                35.551
              ],
              [
                129.2533,
                35.5505
              ],
              [
                129.2533,
                35.5505
              ],
              [
                129.2533,
                35.5505
              ],
              [
                129.2533,
                35.5505
              ],
              [
                129.2532,
                35.5503
              ],
              [
                129.2523,
                35.5485
              ],
              [
                129.2521,
                35.5483
              ],
              [
                129.2494,
                35.5455
              ],
              [
                129.2472,
                35.5439
              ],
              [
                129.244,
                35.5422
              ],
              [
                129.242,
                35.5401
              ],
              [
                129.2403,
                35.5398
              ],
              [
                129.2388,
                35.5399
              ],
              [
                129.2377,
                35.5382
              ],
              [
                129.2374,
                35.5377
              ],
              [
                129.2365,
                35.5362
              ],
              [
                129.2365,
                35.5362
              ],
              [
                129.2389,
                35.5359
              ],
              [
                129.2433,
                35.5354
              ],
              [
                129.2456,
                35.5361
              ],
              [
                129.2459,
                35.5357
              ],
              [
                129.246,
                35.5355
              ],
              [
                129.2467,
                35.5347
              ],
              [
                129.2469,
                35.5344
              ],
              [
                129.2472,
                35.534
              ],
              [
                129.2478,
                35.5333
              ],
              [
                129.2478,
                35.5333
              ],
              [
                129.2483,
                35.5332
              ],
              [
                129.2493,
                35.5331
              ],
              [
                129.2539,
                35.5327
              ],
              [
                129.2544,
                35.5331
              ],
              [
                129.2544,
                35.5331
              ],
              [
                129.2547,
                35.5334
              ],
              [
                129.2547,
                35.5334
              ],
              [
                129.2551,
                35.5338
              ],
              [
                129.2547,
                35.5346
              ],
              [
                129.2546,
                35.535
              ],
              [
                129.2546,
                35.535
              ],
              [
                129.2556,
                35.5348
              ],
              [
                129.2572,
                35.5344
              ],
              [
                129.2578,
                35.5323
              ],
              [
                129.2576,
                35.5316
              ],
              [
                129.2589,
                35.5304
              ],
              [
                129.2607,
                35.5302
              ],
              [
                129.2626,
                35.5304
              ],
              [
                129.2639,
                35.5308
              ],
              [
                129.2644,
                35.5308
              ],
              [
                129.2672,
                35.5307
              ],
              [
                129.2724,
                35.5298
              ],
              [
                129.2743,
                35.5292
              ],
              [
                129.2745,
                35.5289
              ],
              [
                129.2747,
                35.5287
              ],
              [
                129.2748,
                35.5284
              ],
              [
                129.2739,
                35.5272
              ],
              [
                129.2738,
                35.5272
              ],
              [
                129.2737,
                35.527
              ],
              [
                129.2735,
                35.5268
              ],
              [
                129.2733,
                35.5263
              ],
              [
                129.2733,
                35.5263
              ],
              [
                129.2734,
                35.5258
              ],
              [
                129.2735,
                35.5253
              ],
              [
                129.2747,
                35.5237
              ],
              [
                129.276,
                35.5226
              ],
              [
                129.2769,
                35.5219
              ],
              [
                129.2778,
                35.522
              ],
              [
                129.2793,
                35.5216
              ],
              [
                129.2801,
                35.521
              ],
              [
                129.2807,
                35.5207
              ],
              [
                129.2835,
                35.5171
              ],
              [
                129.2867,
                35.516
              ],
              [
                129.2868,
                35.516
              ],
              [
                129.2883,
                35.515
              ],
              [
                129.2883,
                35.515
              ],
              [
                129.2882,
                35.5148
              ],
              [
                129.2884,
                35.5124
              ],
              [
                129.2886,
                35.5112
              ],
              [
                129.289,
                35.5091
              ],
              [
                129.2898,
                35.5085
              ],
              [
                129.2908,
                35.5087
              ],
              [
                129.2908,
                35.5087
              ],
              [
                129.2925,
                35.5054
              ],
              [
                129.2934,
                35.5036
              ],
              [
                129.2949,
                35.5025
              ],
              [
                129.2965,
                35.5014
              ],
              [
                129.297,
                35.5006
              ],
              [
                129.2971,
                35.4994
              ],
              [
                129.2973,
                35.4988
              ],
              [
                129.2987,
                35.4971
              ],
              [
                129.3009,
                35.4951
              ],
              [
                129.3025,
                35.4947
              ],
              [
                129.3029,
                35.4947
              ],
              [
                129.3038,
                35.4951
              ],
              [
                129.3045,
                35.4954
              ],
              [
                129.3052,
                35.4958
              ],
              [
                129.3052,
                35.4958
              ],
              [
                129.3052,
                35.4959
              ],
              [
                129.3053,
                35.496
              ],
              [
                129.3053,
                35.4961
              ],
              [
                129.3054,
                35.4963
              ],
              [
                129.3056,
                35.4968
              ],
              [
                129.3058,
                35.4971
              ],
              [
                129.3062,
                35.4976
              ],
              [
                129.3075,
                35.4972
              ],
              [
                129.3075,
                35.4971
              ],
              [
                129.3078,
                35.4969
              ],
              [
                129.3079,
                35.4968
              ],
              [
                129.3079,
                35.4968
              ],
              [
                129.3079,
                35.4967
              ],
              [
                129.3079,
                35.4966
              ],
              [
                129.308,
                35.4964
              ],
              [
                129.3085,
                35.4955
              ],
              [
                129.309,
                35.4945
              ],
              [
                129.3105,
                35.4926
              ],
              [
                129.314,
                35.4911
              ],
              [
                129.3189,
                35.491
              ],
              [
                129.3191,
                35.4902
              ],
              [
                129.3194,
                35.4893
              ],
              [
                129.3201,
                35.4874
              ],
              [
                129.3217,
                35.4872
              ],
              [
                129.3232,
                35.4872
              ],
              [
                129.3235,
                35.4874
              ],
              [
                129.324,
                35.4878
              ],
              [
                129.325,
                35.4884
              ],
              [
                129.3261,
                35.4892
              ],
              [
                129.3269,
                35.4892
              ],
              [
                129.3293,
                35.4867
              ],
              [
                129.329,
                35.4866
              ],
              [
                129.329,
                35.4864
              ],
              [
                129.3291,
                35.4862
              ],
              [
                129.3294,
                35.4859
              ],
              [
                129.3306,
                35.4856
              ],
              [
                129.3312,
                35.4856
              ],
              [
                129.3312,
                35.4854
              ],
              [
                129.3322,
                35.484
              ],
              [
                129.3334,
                35.4831
              ],
              [
                129.3348,
                35.4828
              ],
              [
                129.3358,
                35.4825
              ],
              [
                129.3376,
                35.4809
              ],
              [
                129.3389,
                35.4792
              ],
              [
                129.3392,
                35.4767
              ],
              [
                129.3392,
                35.4753
              ],
              [
                129.3391,
                35.4753
              ],
              [
                129.3379,
                35.4751
              ],
              [
                129.3368,
                35.475
              ],
              [
                129.3368,
                35.4742
              ],
              [
                129.3369,
                35.474
              ],
              [
                129.3369,
                35.4738
              ],
              [
                129.337,
                35.4734
              ],
              [
                129.3371,
                35.4733
              ],
              [
                129.3375,
                35.4728
              ],
              [
                129.3383,
                35.4725
              ],
              [
                129.341,
                35.4701
              ],
              [
                129.3436,
                35.4674
              ],
              [
                129.3474,
                35.4643
              ],
              [
                129.3474,
                35.4643
              ],
              [
                129.3474,
                35.4643
              ],
              [
                129.348,
                35.4621
              ],
              [
                129.3482,
                35.4608
              ],
              [
                129.3484,
                35.46
              ],
              [
                129.3484,
                35.46
              ],
              [
                129.3484,
                35.46
              ],
              [
                129.3484,
                35.46
              ],
              [
                129.3475,
                35.4598
              ],
              [
                129.3475,
                35.4596
              ],
              [
                129.3475,
                35.4595
              ],
              [
                129.3499,
                35.4482
              ],
              [
                129.3499,
                35.4482
              ],
              [
                129.352,
                35.4475
              ],
              [
                129.3522,
                35.4474
              ],
              [
                129.3525,
                35.4476
              ],
              [
                129.3546,
                35.449
              ],
              [
                129.3598,
                35.4479
              ],
              [
                129.3601,
                35.4463
              ],
              [
                129.3588,
                35.4429
              ],
              [
                129.3588,
                35.4428
              ],
              [
                129.3561,
                35.4418
              ],
              [
                129.354,
                35.441
              ],
              [
                129.3539,
                35.4409
              ],
              [
                129.3539,
                35.4408
              ],
              [
                129.3552,
                35.4383
              ],
              [
                129.365,
                35.4414
              ],
              [
                129.3651,
                35.4414
              ],
              [
                129.3651,
                35.4414
              ],
              [
                129.3651,
                35.4415
              ],
              [
                129.3652,
                35.4415
              ],
              [
                129.3657,
                35.4426
              ],
              [
                129.3667,
                35.4444
              ],
              [
                129.3682,
                35.4472
              ],
              [
                129.3691,
                35.4488
              ],
              [
                129.3695,
                35.449
              ],
              [
                129.373,
                35.4476
              ],
              [
                129.3737,
                35.4471
              ],
              [
                129.3724,
                35.4453
              ],
              [
                129.3701,
                35.4437
              ],
              [
                129.3665,
                35.437
              ],
              [
                129.3693,
                35.436
              ],
              [
                129.3714,
                35.4353
              ],
              [
                129.3714,
                35.4334
              ],
              [
                129.3736,
                35.4312
              ],
              [
                129.3674,
                35.4309
              ],
              [
                129.3639,
                35.4282
              ],
              [
                129.3617,
                35.4261
              ],
              [
                129.3588,
                35.4265
              ],
              [
                129.3538,
                35.427
              ],
              [
                129.3529,
                35.4271
              ],
              [
                129.3528,
                35.4271
              ],
              [
                129.3528,
                35.427
              ],
              [
                129.3528,
                35.427
              ],
              [
                129.3528,
                35.427
              ],
              [
                129.3528,
                35.4269
              ],
              [
                129.3528,
                35.4269
              ],
              [
                129.3528,
                35.4268
              ],
              [
                129.3528,
                35.4268
              ],
              [
                129.3528,
                35.4268
              ],
              [
                129.3528,
                35.4268
              ],
              [
                129.3533,
                35.4267
              ],
              [
                129.3571,
                35.4261
              ],
              [
                129.364,
                35.4249
              ],
              [
                129.3641,
                35.4249
              ],
              [
                129.3642,
                35.4248
              ],
              [
                129.3642,
                35.4247
              ],
              [
                129.3642,
                35.4247
              ],
              [
                129.3642,
                35.4246
              ],
              [
                129.3643,
                35.4239
              ],
              [
                129.3642,
                35.423
              ],
              [
                129.3639,
                35.4152
              ],
              [
                129.3623,
                35.4148
              ],
              [
                129.3563,
                35.4133
              ],
              [
                129.3562,
                35.4104
              ],
              [
                129.36,
                35.4106
              ],
              [
                129.36,
                35.4106
              ],
              [
                129.36,
                35.4106
              ],
              [
                129.3601,
                35.4106
              ],
              [
                129.3601,
                35.4107
              ],
              [
                129.3603,
                35.4107
              ],
              [
                129.3607,
                35.4109
              ],
              [
                129.3609,
                35.411
              ],
              [
                129.3626,
                35.4109
              ],
              [
                129.3626,
                35.4109
              ],
              [
                129.3627,
                35.4109
              ],
              [
                129.3627,
                35.4109
              ],
              [
                129.3627,
                35.4108
              ],
              [
                129.3628,
                35.4107
              ],
              [
                129.3628,
                35.4107
              ],
              [
                129.3628,
                35.4107
              ],
              [
                129.3628,
                35.4106
              ],
              [
                129.3628,
                35.4092
              ],
              [
                129.3628,
                35.4092
              ],
              [
                129.3626,
                35.4065
              ],
              [
                129.3622,
                35.4059
              ],
              [
                129.3621,
                35.4058
              ],
              [
                129.3599,
                35.4031
              ],
              [
                129.3599,
                35.4031
              ],
              [
                129.3598,
                35.4031
              ],
              [
                129.3594,
                35.403
              ],
              [
                129.3569,
                35.403
              ],
              [
                129.354,
                35.4025
              ],
              [
                129.3541,
                35.3979
              ],
              [
                129.3541,
                35.3979
              ],
              [
                129.3544,
                35.3966
              ],
              [
                129.3545,
                35.3964
              ],
              [
                129.3546,
                35.3963
              ],
              [
                129.3552,
                35.3952
              ],
              [
                129.3555,
                35.3946
              ],
              [
                129.3555,
                35.3939
              ],
              [
                129.3555,
                35.3939
              ],
              [
                129.3554,
                35.3938
              ],
              [
                129.3543,
                35.393
              ],
              [
                129.354,
                35.3928
              ],
              [
                129.3508,
                35.3921
              ],
              [
                129.3508,
                35.3921
              ],
              [
                129.3507,
                35.3921
              ],
              [
                129.3507,
                35.3921
              ],
              [
                129.3506,
                35.3921
              ],
              [
                129.3503,
                35.3922
              ],
              [
                129.3498,
                35.3923
              ],
              [
                129.3497,
                35.3923
              ],
              [
                129.3497,
                35.3923
              ],
              [
                129.3496,
                35.3923
              ],
              [
                129.3495,
                35.3923
              ],
              [
                129.3495,
                35.3922
              ],
              [
                129.3494,
                35.3922
              ],
              [
                129.3493,
                35.3922
              ],
              [
                129.3493,
                35.3922
              ],
              [
                129.3492,
                35.3921
              ],
              [
                129.3486,
                35.3915
              ],
              [
                129.3483,
                35.391
              ],
              [
                129.3474,
                35.3906
              ],
              [
                129.3473,
                35.3905
              ],
              [
                129.3473,
                35.3905
              ],
              [
                129.3473,
                35.3905
              ],
              [
                129.3473,
                35.3905
              ],
              [
                129.3473,
                35.3905
              ],
              [
                129.3473,
                35.3905
              ],
              [
                129.3473,
                35.3905
              ],
              [
                129.3473,
                35.3905
              ],
              [
                129.3473,
                35.3905
              ],
              [
                129.3473,
                35.3905
              ],
              [
                129.3473,
                35.3905
              ],
              [
                129.3473,
                35.3905
              ],
              [
                129.3473,
                35.3905
              ],
              [
                129.3473,
                35.3905
              ],
              [
                129.3473,
                35.3905
              ],
              [
                129.3473,
                35.3905
              ],
              [
                129.3473,
                35.3905
              ],
              [
                129.3473,
                35.3905
              ],
              [
                129.3473,
                35.3905
              ],
              [
                129.3472,
                35.3904
              ],
              [
                129.3472,
                35.3904
              ],
              [
                129.3466,
                35.3899
              ],
              [
                129.3465,
                35.3896
              ],
              [
                129.347,
                35.3881
              ],
              [
                129.3473,
                35.3869
              ],
              [
                129.3477,
                35.3852
              ],
              [
                129.3475,
                35.385
              ],
              [
                129.3472,
                35.3847
              ],
              [
                129.3471,
                35.3846
              ],
              [
                129.3469,
                35.3844
              ],
              [
                129.3469,
                35.3844
              ],
              [
                129.3468,
                35.3843
              ],
              [
                129.3467,
                35.3842
              ],
              [
                129.3467,
                35.3841
              ],
              [
                129.3466,
                35.3841
              ],
              [
                129.3466,
                35.384
              ],
              [
                129.3466,
                35.384
              ],
              [
                129.3463,
                35.3836
              ],
              [
                129.3461,
                35.3833
              ],
              [
                129.346,
                35.3831
              ],
              [
                129.3459,
                35.383
              ],
              [
                129.3455,
                35.3821
              ],
              [
                129.3455,
                35.382
              ],
              [
                129.3452,
                35.3811
              ],
              [
                129.3451,
                35.3809
              ],
              [
                129.3451,
                35.3808
              ],
              [
                129.3451,
                35.3808
              ],
              [
                129.3451,
                35.3808
              ],
              [
                129.345,
                35.3806
              ],
              [
                129.345,
                35.3805
              ],
              [
                129.345,
                35.3804
              ],
              [
                129.345,
                35.3803
              ],
              [
                129.3446,
                35.3781
              ],
              [
                129.3446,
                35.3781
              ],
              [
                129.3449,
                35.3779
              ],
              [
                129.3449,
                35.3779
              ],
              [
                129.3449,
                35.3779
              ],
              [
                129.3449,
                35.3779
              ],
              [
                129.3449,
                35.3779
              ],
              [
                129.3449,
                35.3779
              ],
              [
                129.3449,
                35.3779
              ],
              [
                129.3451,
                35.3778
              ],
              [
                129.3452,
                35.3779
              ],
              [
                129.3453,
                35.3779
              ],
              [
                129.3454,
                35.378
              ],
              [
                129.3455,
                35.378
              ],
              [
                129.3456,
                35.3778
              ],
              [
                129.3456,
                35.3774
              ],
              [
                129.3456,
                35.3774
              ],
              [
                129.3456,
                35.3774
              ],
              [
                129.3456,
                35.3773
              ],
              [
                129.3456,
                35.3773
              ],
              [
                129.3456,
                35.3773
              ],
              [
                129.3455,
                35.3773
              ],
              [
                129.3455,
                35.3773
              ],
              [
                129.3455,
                35.3773
              ],
              [
                129.3455,
                35.3773
              ],
              [
                129.3455,
                35.3773
              ],
              [
                129.3455,
                35.3773
              ],
              [
                129.3454,
                35.3773
              ],
              [
                129.3454,
                35.3773
              ],
              [
                129.3454,
                35.3773
              ],
              [
                129.3454,
                35.3773
              ],
              [
                129.3454,
                35.3773
              ],
              [
                129.3454,
                35.3773
              ],
              [
                129.3454,
                35.3773
              ],
              [
                129.3454,
                35.3773
              ],
              [
                129.3454,
                35.3773
              ],
              [
                129.3454,
                35.3773
              ],
              [
                129.3454,
                35.3773
              ],
              [
                129.3454,
                35.3773
              ],
              [
                129.3454,
                35.3773
              ],
              [
                129.3454,
                35.3773
              ],
              [
                129.3454,
                35.3773
              ],
              [
                129.3454,
                35.3773
              ],
              [
                129.3454,
                35.3773
              ],
              [
                129.3454,
                35.3773
              ],
              [
                129.3454,
                35.3773
              ],
              [
                129.3454,
                35.3773
              ],
              [
                129.3454,
                35.3773
              ],
              [
                129.3454,
                35.3773
              ],
              [
                129.3454,
                35.3773
              ],
              [
                129.3454,
                35.3773
              ],
              [
                129.3454,
                35.3773
              ],
              [
                129.3454,
                35.3773
              ],
              [
                129.3454,
                35.3773
              ],
              [
                129.3454,
                35.3773
              ],
              [
                129.3454,
                35.3773
              ],
              [
                129.3454,
                35.3773
              ],
              [
                129.3453,
                35.3773
              ],
              [
                129.3453,
                35.3773
              ],
              [
                129.3453,
                35.3773
              ],
              [
                129.3453,
                35.3773
              ],
              [
                129.3453,
                35.3772
              ],
              [
                129.3453,
                35.3772
              ],
              [
                129.3453,
                35.3772
              ],
              [
                129.3453,
                35.3772
              ],
              [
                129.3453,
                35.3772
              ],
              [
                129.3452,
                35.3769
              ],
              [
                129.3452,
                35.3769
              ],
              [
                129.3451,
                35.3768
              ],
              [
                129.3451,
                35.3768
              ],
              [
                129.3451,
                35.3768
              ],
              [
                129.345,
                35.3757
              ],
              [
                129.345,
                35.3755
              ],
              [
                129.345,
                35.3755
              ],
              [
                129.345,
                35.3752
              ],
              [
                129.345,
                35.3752
              ],
              [
                129.3451,
                35.3751
              ],
              [
                129.3451,
                35.375
              ],
              [
                129.3451,
                35.375
              ],
              [
                129.3451,
                35.375
              ],
              [
                129.3458,
                35.3746
              ],
              [
                129.3465,
                35.3742
              ],
              [
                129.3466,
                35.3742
              ],
              [
                129.352,
                35.3724
              ],
              [
                129.3521,
                35.3724
              ],
              [
                129.3522,
                35.3723
              ],
              [
                129.3522,
                35.3723
              ],
              [
                129.3532,
                35.3722
              ],
              [
                129.3533,
                35.3722
              ],
              [
                129.3534,
                35.3722
              ],
              [
                129.3534,
                35.3722
              ],
              [
                129.3534,
                35.3722
              ],
              [
                129.3534,
                35.3722
              ],
              [
                129.3535,
                35.3722
              ],
              [
                129.3535,
                35.3722
              ],
              [
                129.3543,
                35.372
              ],
              [
                129.3553,
                35.3718
              ],
              [
                129.3553,
                35.3718
              ],
              [
                129.3553,
                35.3718
              ],
              [
                129.3553,
                35.3717
              ],
              [
                129.3556,
                35.3694
              ],
              [
                129.3547,
                35.368
              ],
              [
                129.3546,
                35.3678
              ],
              [
                129.3545,
                35.3677
              ],
              [
                129.3545,
                35.3676
              ],
              [
                129.3545,
                35.3673
              ],
              [
                129.3546,
                35.3672
              ],
              [
                129.3546,
                35.367
              ],
              [
                129.3547,
                35.3669
              ],
              [
                129.3548,
                35.3667
              ],
              [
                129.3549,
                35.3666
              ],
              [
                129.355,
                35.3665
              ],
              [
                129.3551,
                35.3665
              ],
              [
                129.3552,
                35.3664
              ],
              [
                129.3553,
                35.3664
              ],
              [
                129.3563,
                35.3663
              ],
              [
                129.3578,
                35.3659
              ],
              [
                129.3604,
                35.3647
              ],
              [
                129.3604,
                35.3647
              ],
              [
                129.3606,
                35.3645
              ],
              [
                129.3614,
                35.3633
              ],
              [
                129.3614,
                35.3632
              ],
              [
                129.3615,
                35.3628
              ],
              [
                129.3616,
                35.3627
              ],
              [
                129.3616,
                35.3627
              ],
              [
                129.3619,
                35.3603
              ],
              [
                129.3618,
                35.3595
              ],
              [
                129.3617,
                35.3588
              ],
              [
                129.3608,
                35.3572
              ],
              [
                129.3603,
                35.3566
              ],
              [
                129.36,
                35.3564
              ],
              [
                129.3591,
                35.3556
              ],
              [
                129.359,
                35.3555
              ],
              [
                129.3589,
                35.3555
              ],
              [
                129.3584,
                35.3553
              ],
              [
                129.3578,
                35.3551
              ],
              [
                129.3547,
                35.3548
              ],
              [
                129.3537,
                35.3549
              ],
              [
                129.35,
                35.3549
              ],
              [
                129.3463,
                35.3522
              ],
              [
                129.3451,
                35.3518
              ],
              [
                129.3451,
                35.3518
              ],
              [
                129.345,
                35.3518
              ],
              [
                129.3449,
                35.3518
              ],
              [
                129.3448,
                35.3519
              ],
              [
                129.3448,
                35.3519
              ],
              [
                129.3447,
                35.352
              ],
              [
                129.3447,
                35.352
              ],
              [
                129.3447,
                35.3521
              ],
              [
                129.3448,
                35.3523
              ],
              [
                129.3449,
                35.3525
              ],
              [
                129.345,
                35.3526
              ],
              [
                129.345,
                35.3527
              ],
              [
                129.3449,
                35.3536
              ],
              [
                129.3448,
                35.3537
              ],
              [
                129.3448,
                35.3539
              ],
              [
                129.3448,
                35.3539
              ],
              [
                129.3412,
                35.3562
              ],
              [
                129.341,
                35.3564
              ],
              [
                129.3408,
                35.3565
              ],
              [
                129.3406,
                35.3566
              ],
              [
                129.3404,
                35.3566
              ],
              [
                129.3402,
                35.3567
              ],
              [
                129.3401,
                35.3567
              ],
              [
                129.3388,
                35.3567
              ],
              [
                129.3386,
                35.3567
              ],
              [
                129.3381,
                35.3567
              ],
              [
                129.3379,
                35.3567
              ],
              [
                129.3376,
                35.3567
              ],
              [
                129.3373,
                35.3566
              ],
              [
                129.3369,
                35.3565
              ],
              [
                129.3366,
                35.3565
              ],
              [
                129.336,
                35.3562
              ],
              [
                129.3353,
                35.356
              ],
              [
                129.3352,
                35.3559
              ],
              [
                129.3352,
                35.3559
              ],
              [
                129.3352,
                35.3559
              ],
              [
                129.3349,
                35.3557
              ],
              [
                129.3347,
                35.3556
              ],
              [
                129.3342,
                35.3552
              ],
              [
                129.3341,
                35.3551
              ],
              [
                129.3341,
                35.3551
              ],
              [
                129.3337,
                35.3546
              ],
              [
                129.3337,
                35.3546
              ],
              [
                129.3336,
                35.3544
              ],
              [
                129.3332,
                35.3533
              ],
              [
                129.3332,
                35.3532
              ],
              [
                129.3333,
                35.3529
              ],
              [
                129.3333,
                35.3529
              ],
              [
                129.3334,
                35.3528
              ],
              [
                129.3334,
                35.3527
              ],
              [
                129.3328,
                35.3502
              ],
              [
                129.3323,
                35.3479
              ],
              [
                129.3293,
                35.3472
              ],
              [
                129.328,
                35.347
              ],
              [
                129.3279,
                35.3474
              ],
              [
                129.3279,
                35.3475
              ],
              [
                129.3278,
                35.3475
              ],
              [
                129.3276,
                35.3476
              ],
              [
                129.3274,
                35.3477
              ],
              [
                129.3272,
                35.3477
              ],
              [
                129.3272,
                35.3477
              ],
              [
                129.3257,
                35.3477
              ],
              [
                129.3251,
                35.3477
              ],
              [
                129.3227,
                35.3466
              ],
              [
                129.3222,
                35.3462
              ],
              [
                129.322,
                35.346
              ],
              [
                129.3207,
                35.3432
              ],
              [
                129.3203,
                35.3419
              ],
              [
                129.3203,
                35.3405
              ],
              [
                129.3199,
                35.3399
              ],
              [
                129.3199,
                35.3398
              ],
              [
                129.3199,
                35.3398
              ],
              [
                129.3199,
                35.3397
              ],
              [
                129.3199,
                35.3396
              ],
              [
                129.3199,
                35.3396
              ],
              [
                129.3199,
                35.3396
              ],
              [
                129.3199,
                35.3395
              ],
              [
                129.3199,
                35.3394
              ],
              [
                129.3199,
                35.3394
              ],
              [
                129.3199,
                35.3393
              ],
              [
                129.32,
                35.3393
              ],
              [
                129.32,
                35.3393
              ],
              [
                129.32,
                35.3393
              ],
              [
                129.3201,
                35.3393
              ],
              [
                129.3201,
                35.3393
              ],
              [
                129.3202,
                35.3393
              ],
              [
                129.3202,
                35.3393
              ],
              [
                129.3202,
                35.3393
              ],
              [
                129.3206,
                35.3388
              ],
              [
                129.3206,
                35.3388
              ],
              [
                129.3206,
                35.3387
              ],
              [
                129.3204,
                35.3385
              ],
              [
                129.3204,
                35.3385
              ],
              [
                129.3204,
                35.3384
              ],
              [
                129.3204,
                35.3384
              ],
              [
                129.3204,
                35.3384
              ],
              [
                129.3193,
                35.3379
              ],
              [
                129.3193,
                35.3379
              ],
              [
                129.3192,
                35.3379
              ],
              [
                129.3186,
                35.338
              ],
              [
                129.3184,
                35.3382
              ],
              [
                129.3184,
                35.3383
              ],
              [
                129.3184,
                35.3383
              ],
              [
                129.3184,
                35.3384
              ],
              [
                129.3183,
                35.3384
              ],
              [
                129.3182,
                35.3385
              ],
              [
                129.3181,
                35.3386
              ],
              [
                129.318,
                35.3387
              ],
              [
                129.3179,
                35.3387
              ],
              [
                129.3178,
                35.3388
              ],
              [
                129.3178,
                35.3388
              ],
              [
                129.3177,
                35.3388
              ],
              [
                129.3176,
                35.3388
              ],
              [
                129.3175,
                35.3388
              ],
              [
                129.3174,
                35.3388
              ],
              [
                129.3172,
                35.3389
              ],
              [
                129.3171,
                35.3389
              ],
              [
                129.317,
                35.3389
              ],
              [
                129.3167,
                35.3389
              ],
              [
                129.3165,
                35.3388
              ],
              [
                129.3165,
                35.3388
              ],
              [
                129.3164,
                35.3388
              ],
              [
                129.3164,
                35.3388
              ],
              [
                129.3164,
                35.3387
              ],
              [
                129.3163,
                35.3387
              ],
              [
                129.3154,
                35.3366
              ],
              [
                129.3154,
                35.3366
              ],
              [
                129.3155,
                35.3363
              ],
              [
                129.3156,
                35.3361
              ],
              [
                129.3153,
                35.3354
              ],
              [
                129.3129,
                35.3306
              ],
              [
                129.3116,
                35.3295
              ],
              [
                129.3086,
                35.3283
              ],
              [
                129.3082,
                35.3282
              ],
              [
                129.3077,
                35.3281
              ],
              [
                129.3075,
                35.3281
              ],
              [
                129.3074,
                35.3281
              ],
              [
                129.3073,
                35.3281
              ],
              [
                129.3072,
                35.3281
              ],
              [
                129.3071,
                35.3281
              ],
              [
                129.3071,
                35.3281
              ],
              [
                129.307,
                35.3281
              ],
              [
                129.307,
                35.3281
              ],
              [
                129.3069,
                35.3282
              ],
              [
                129.3069,
                35.3282
              ],
              [
                129.3069,
                35.3283
              ],
              [
                129.3069,
                35.3284
              ],
              [
                129.3069,
                35.3284
              ],
              [
                129.3069,
                35.3285
              ],
              [
                129.307,
                35.3285
              ],
              [
                129.3071,
                35.3285
              ],
              [
                129.3071,
                35.3285
              ],
              [
                129.3072,
                35.3285
              ],
              [
                129.3076,
                35.3286
              ],
              [
                129.3078,
                35.3285
              ],
              [
                129.3078,
                35.3285
              ],
              [
                129.3078,
                35.3285
              ],
              [
                129.3078,
                35.3285
              ],
              [
                129.3078,
                35.3284
              ],
              [
                129.3077,
                35.3284
              ],
              [
                129.3078,
                35.3284
              ],
              [
                129.3079,
                35.3285
              ],
              [
                129.308,
                35.3285
              ],
              [
                129.3081,
                35.3285
              ],
              [
                129.3083,
                35.3286
              ],
              [
                129.3084,
                35.3286
              ],
              [
                129.3086,
                35.3287
              ],
              [
                129.3087,
                35.3288
              ],
              [
                129.3088,
                35.3289
              ],
              [
                129.3089,
                35.3289
              ],
              [
                129.3089,
                35.3289
              ],
              [
                129.3091,
                35.329
              ],
              [
                129.3093,
                35.3294
              ],
              [
                129.3094,
                35.3294
              ],
              [
                129.3094,
                35.3294
              ],
              [
                129.3095,
                35.3297
              ],
              [
                129.3095,
                35.3297
              ],
              [
                129.3095,
                35.3297
              ],
              [
                129.308,
                35.3308
              ],
              [
                129.307,
                35.3308
              ],
              [
                129.307,
                35.3308
              ],
              [
                129.3067,
                35.3308
              ],
              [
                129.3063,
                35.3307
              ],
              [
                129.3062,
                35.3307
              ],
              [
                129.3051,
                35.3303
              ],
              [
                129.305,
                35.3303
              ],
              [
                129.3049,
                35.3302
              ],
              [
                129.3048,
                35.3301
              ],
              [
                129.3048,
                35.3301
              ],
              [
                129.3048,
                35.3299
              ],
              [
                129.3045,
                35.33
              ],
              [
                129.3042,
                35.3301
              ],
              [
                129.3041,
                35.3302
              ],
              [
                129.3027,
                35.3323
              ],
              [
                129.3024,
                35.333
              ],
              [
                129.3022,
                35.3335
              ],
              [
                129.3022,
                35.3336
              ],
              [
                129.3023,
                35.3339
              ],
              [
                129.3023,
                35.334
              ],
              [
                129.2999,
                35.336
              ],
              [
                129.2919,
                35.3368
              ],
              [
                129.2898,
                35.3393
              ],
              [
                129.286,
                35.3393
              ],
              [
                129.2856,
                35.3392
              ],
              [
                129.2855,
                35.3392
              ],
              [
                129.2817,
                35.3403
              ],
              [
                129.2811,
                35.3406
              ],
              [
                129.2797,
                35.3414
              ],
              [
                129.2808,
                35.3429
              ],
              [
                129.2821,
                35.3439
              ],
              [
                129.2834,
                35.3454
              ],
              [
                129.2839,
                35.3461
              ],
              [
                129.2849,
                35.3507
              ],
              [
                129.2843,
                35.3523
              ],
              [
                129.2842,
                35.3528
              ],
              [
                129.284,
                35.3531
              ],
              [
                129.2833,
                35.3537
              ],
              [
                129.2832,
                35.3537
              ],
              [
                129.2828,
                35.354
              ],
              [
                129.2826,
                35.3541
              ],
              [
                129.2821,
                35.3546
              ],
              [
                129.2811,
                35.3555
              ],
              [
                129.2805,
                35.3562
              ],
              [
                129.2809,
                35.3591
              ],
              [
                129.2813,
                35.3608
              ],
              [
                129.2815,
                35.3611
              ],
              [
                129.2817,
                35.3615
              ],
              [
                129.2819,
                35.3619
              ],
              [
                129.2824,
                35.364
              ],
              [
                129.2822,
                35.3653
              ],
              [
                129.2809,
                35.3656
              ],
              [
                129.2795,
                35.3661
              ],
              [
                129.2794,
                35.3661
              ],
              [
                129.2783,
                35.3679
              ],
              [
                129.2776,
                35.3699
              ],
              [
                129.2776,
                35.3699
              ],
              [
                129.2773,
                35.3714
              ],
              [
                129.2768,
                35.3721
              ],
              [
                129.2723,
                35.3772
              ],
              [
                129.2712,
                35.3779
              ],
              [
                129.2681,
                35.3806
              ],
              [
                129.2663,
                35.3837
              ],
              [
                129.2661,
                35.3842
              ],
              [
                129.2658,
                35.3853
              ],
              [
                129.2655,
                35.3871
              ],
              [
                129.2633,
                35.3856
              ],
              [
                129.2619,
                35.3851
              ],
              [
                129.2585,
                35.3842
              ],
              [
                129.258,
                35.3841
              ],
              [
                129.2578,
                35.3842
              ],
              [
                129.2575,
                35.3842
              ],
              [
                129.2558,
                35.3849
              ],
              [
                129.2554,
                35.3851
              ],
              [
                129.2549,
                35.3855
              ],
              [
                129.2548,
                35.3856
              ],
              [
                129.2547,
                35.3857
              ],
              [
                129.2547,
                35.3857
              ],
              [
                129.2538,
                35.3863
              ],
              [
                129.2529,
                35.3868
              ],
              [
                129.2506,
                35.3874
              ],
              [
                129.2503,
                35.3868
              ],
              [
                129.2508,
                35.3858
              ],
              [
                129.2509,
                35.3847
              ],
              [
                129.2507,
                35.3845
              ],
              [
                129.2498,
                35.3837
              ],
              [
                129.2488,
                35.3832
              ],
              [
                129.2485,
                35.3831
              ],
              [
                129.248,
                35.383
              ],
              [
                129.2472,
                35.3828
              ],
              [
                129.2469,
                35.3828
              ],
              [
                129.2468,
                35.3827
              ],
              [
                129.2468,
                35.3827
              ],
              [
                129.242,
                35.3834
              ],
              [
                129.2402,
                35.3843
              ],
              [
                129.237,
                35.3836
              ],
              [
                129.2368,
                35.3834
              ],
              [
                129.2364,
                35.383
              ],
              [
                129.2363,
                35.3824
              ],
              [
                129.2361,
                35.3817
              ],
              [
                129.2354,
                35.3803
              ],
              [
                129.2333,
                35.3805
              ],
              [
                129.2324,
                35.3807
              ],
              [
                129.2318,
                35.3811
              ],
              [
                129.2317,
                35.3811
              ],
              [
                129.2302,
                35.3811
              ],
              [
                129.2248,
                35.3804
              ],
              [
                129.2219,
                35.3798
              ],
              [
                129.2205,
                35.3793
              ],
              [
                129.2185,
                35.379
              ],
              [
                129.2165,
                35.3793
              ],
              [
                129.2116,
                35.3808
              ],
              [
                129.211,
                35.3811
              ],
              [
                129.2084,
                35.3823
              ],
              [
                129.2079,
                35.3825
              ],
              [
                129.2051,
                35.3843
              ],
              [
                129.2044,
                35.3852
              ],
              [
                129.2037,
                35.3863
              ],
              [
                129.2034,
                35.3866
              ],
              [
                129.2026,
                35.3872
              ],
              [
                129.2012,
                35.3878
              ],
              [
                129.2018,
                35.3897
              ],
              [
                129.2019,
                35.3906
              ],
              [
                129.202,
                35.3912
              ],
              [
                129.2028,
                35.3926
              ],
              [
                129.2033,
                35.3929
              ],
              [
                129.2038,
                35.3932
              ],
              [
                129.205,
                35.394
              ],
              [
                129.2059,
                35.3946
              ],
              [
                129.2065,
                35.395
              ],
              [
                129.2072,
                35.3954
              ],
              [
                129.2078,
                35.3958
              ],
              [
                129.2078,
                35.3961
              ],
              [
                129.2079,
                35.3965
              ],
              [
                129.2079,
                35.3971
              ],
              [
                129.2089,
                35.3994
              ],
              [
                129.2094,
                35.3995
              ],
              [
                129.2097,
                35.3996
              ],
              [
                129.2103,
                35.3997
              ],
              [
                129.2106,
                35.3997
              ],
              [
                129.2138,
                35.4021
              ],
              [
                129.2189,
                35.407
              ],
              [
                129.2191,
                35.4077
              ],
              [
                129.2189,
                35.4093
              ],
              [
                129.2182,
                35.4115
              ],
              [
                129.2168,
                35.4121
              ],
              [
                129.2161,
                35.4124
              ],
              [
                129.2148,
                35.413
              ],
              [
                129.2139,
                35.4141
              ],
              [
                129.2131,
                35.416
              ],
              [
                129.213,
                35.4167
              ],
              [
                129.2129,
                35.4174
              ],
              [
                129.2115,
                35.4191
              ],
              [
                129.2109,
                35.4194
              ],
              [
                129.2102,
                35.4197
              ],
              [
                129.2086,
                35.4201
              ],
              [
                129.2078,
                35.42
              ],
              [
                129.2069,
                35.42
              ],
              [
                129.2056,
                35.4203
              ],
              [
                129.2033,
                35.421
              ],
              [
                129.2021,
                35.4215
              ],
              [
                129.2002,
                35.4241
              ],
              [
                129.2006,
                35.4254
              ],
              [
                129.2009,
                35.4281
              ],
              [
                129.1999,
                35.4305
              ],
              [
                129.2007,
                35.4307
              ],
              [
                129.2021,
                35.4321
              ],
              [
                129.2019,
                35.4326
              ],
              [
                129.1985,
                35.4368
              ],
              [
                129.198,
                35.4373
              ],
              [
                129.1969,
                35.4382
              ],
              [
                129.1974,
                35.4384
              ],
              [
                129.1971,
                35.4387
              ],
              [
                129.197,
                35.4389
              ],
              [
                129.1934,
                35.4375
              ],
              [
                129.1921,
                35.4366
              ],
              [
                129.1915,
                35.4362
              ],
              [
                129.1913,
                35.4361
              ],
              [
                129.1911,
                35.4359
              ],
              [
                129.1911,
                35.4359
              ],
              [
                129.1908,
                35.4357
              ],
              [
                129.1908,
                35.4356
              ],
              [
                129.1907,
                35.4355
              ],
              [
                129.1907,
                35.4354
              ],
              [
                129.1906,
                35.4353
              ],
              [
                129.1906,
                35.4352
              ],
              [
                129.1905,
                35.4351
              ],
              [
                129.1904,
                35.435
              ],
              [
                129.1904,
                35.435
              ],
              [
                129.1903,
                35.435
              ],
              [
                129.1902,
                35.435
              ],
              [
                129.1901,
                35.4349
              ],
              [
                129.1901,
                35.4349
              ],
              [
                129.1899,
                35.4349
              ],
              [
                129.1886,
                35.4348
              ],
              [
                129.1883,
                35.4347
              ],
              [
                129.1872,
                35.4348
              ],
              [
                129.1844,
                35.4345
              ],
              [
                129.1837,
                35.4342
              ],
              [
                129.1821,
                35.4335
              ],
              [
                129.1784,
                35.4323
              ],
              [
                129.1775,
                35.4329
              ],
              [
                129.1767,
                35.4336
              ],
              [
                129.1728,
                35.4336
              ],
              [
                129.1728,
                35.4336
              ],
              [
                129.1727,
                35.4336
              ],
              [
                129.1718,
                35.4335
              ],
              [
                129.1711,
                35.4334
              ],
              [
                129.1711,
                35.4334
              ],
              [
                129.1706,
                35.4333
              ],
              [
                129.1701,
                35.4326
              ],
              [
                129.17,
                35.4325
              ],
              [
                129.1699,
                35.4323
              ],
              [
                129.1682,
                35.4318
              ],
              [
                129.168,
                35.4318
              ],
              [
                129.1678,
                35.4318
              ],
              [
                129.1676,
                35.4318
              ],
              [
                129.1656,
                35.4321
              ],
              [
                129.1652,
                35.4336
              ],
              [
                129.1635,
                35.4345
              ],
              [
                129.1626,
                35.4348
              ],
              [
                129.162,
                35.435
              ],
              [
                129.1603,
                35.4355
              ],
              [
                129.1585,
                35.4365
              ],
              [
                129.1551,
                35.4389
              ],
              [
                129.154,
                35.4397
              ],
              [
                129.1534,
                35.4402
              ],
              [
                129.1528,
                35.4408
              ],
              [
                129.1525,
                35.4413
              ],
              [
                129.152,
                35.4419
              ],
              [
                129.1478,
                35.4441
              ],
              [
                129.146,
                35.4441
              ],
              [
                129.1451,
                35.4447
              ],
              [
                129.1432,
                35.4457
              ],
              [
                129.1405,
                35.4476
              ],
              [
                129.1396,
                35.4485
              ],
              [
                129.1388,
                35.4504
              ],
              [
                129.1386,
                35.4507
              ],
              [
                129.1381,
                35.4521
              ],
              [
                129.1357,
                35.4535
              ],
              [
                129.1341,
                35.4546
              ],
              [
                129.1313,
                35.4564
              ],
              [
                129.1309,
                35.4582
              ],
              [
                129.1286,
                35.46
              ],
              [
                129.1264,
                35.4617
              ],
              [
                129.1218,
                35.4634
              ],
              [
                129.1206,
                35.4655
              ],
              [
                129.1211,
                35.4665
              ],
              [
                129.1217,
                35.4675
              ],
              [
                129.1213,
                35.4701
              ],
              [
                129.12,
                35.4711
              ],
              [
                129.1188,
                35.472
              ],
              [
                129.1185,
                35.4724
              ],
              [
                129.1176,
                35.474
              ],
              [
                129.1171,
                35.4752
              ],
              [
                129.1157,
                35.4766
              ],
              [
                129.1137,
                35.4774
              ],
              [
                129.112,
                35.4782
              ],
              [
                129.1096,
                35.4795
              ],
              [
                129.1094,
                35.4797
              ],
              [
                129.1083,
                35.4811
              ],
              [
                129.1079,
                35.4836
              ],
              [
                129.1079,
                35.4839
              ],
              [
                129.108,
                35.484
              ],
              [
                129.1082,
                35.4842
              ],
              [
                129.1083,
                35.4843
              ],
              [
                129.1088,
                35.4847
              ],
              [
                129.1089,
                35.4849
              ],
              [
                129.109,
                35.4849
              ],
              [
                129.1091,
                35.4851
              ],
              [
                129.1093,
                35.4854
              ],
              [
                129.1094,
                35.4866
              ],
              [
                129.1085,
                35.4879
              ],
              [
                129.108,
                35.4882
              ],
              [
                129.1075,
                35.4887
              ],
              [
                129.1068,
                35.4895
              ],
              [
                129.1063,
                35.4913
              ],
              [
                129.1062,
                35.4918
              ],
              [
                129.1063,
                35.4938
              ],
              [
                129.1065,
                35.4944
              ],
              [
                129.1067,
                35.4951
              ],
              [
                129.1053,
                35.4965
              ],
              [
                129.1043,
                35.4971
              ],
              [
                129.1041,
                35.4973
              ],
              [
                129.104,
                35.4973
              ],
              [
                129.1026,
                35.4977
              ],
              [
                129.1022,
                35.4976
              ],
              [
                129.1013,
                35.4973
              ],
              [
                129.1005,
                35.4966
              ],
              [
                129.0995,
                35.4965
              ],
              [
                129.0991,
                35.4966
              ],
              [
                129.0983,
                35.4969
              ],
              [
                129.0979,
                35.4972
              ],
              [
                129.0974,
                35.4975
              ],
              [
                129.0971,
                35.4977
              ],
              [
                129.097,
                35.4979
              ],
              [
                129.0968,
                35.4981
              ],
              [
                129.0949,
                35.4981
              ],
              [
                129.0943,
                35.4976
              ],
              [
                129.0935,
                35.4979
              ],
              [
                129.0911,
                35.4981
              ],
              [
                129.0907,
                35.4983
              ],
              [
                129.0906,
                35.4983
              ],
              [
                129.0905,
                35.4984
              ],
              [
                129.0902,
                35.4986
              ],
              [
                129.0901,
                35.4987
              ],
              [
                129.09,
                35.4987
              ],
              [
                129.0898,
                35.4988
              ],
              [
                129.0893,
                35.4992
              ],
              [
                129.0873,
                35.5007
              ],
              [
                129.0869,
                35.5012
              ],
              [
                129.0864,
                35.5018
              ],
              [
                129.0797,
                35.503
              ],
              [
                129.0772,
                35.5037
              ],
              [
                129.0717,
                35.5056
              ],
              [
                129.071,
                35.5059
              ],
              [
                129.0695,
                35.5065
              ],
              [
                129.0688,
                35.5068
              ],
              [
                129.0686,
                35.5069
              ],
              [
                129.0681,
                35.5073
              ],
              [
                129.0668,
                35.508
              ],
              [
                129.0653,
                35.5088
              ],
              [
                129.0644,
                35.5093
              ],
              [
                129.0616,
                35.5096
              ],
              [
                129.0586,
                35.5113
              ],
              [
                129.0526,
                35.5145
              ],
              [
                129.0519,
                35.5171
              ],
              [
                129.0512,
                35.5191
              ],
              [
                129.0511,
                35.5198
              ],
              [
                129.0522,
                35.5213
              ],
              [
                129.0524,
                35.5225
              ],
              [
                129.0521,
                35.5244
              ],
              [
                129.0533,
                35.5257
              ],
              [
                129.0533,
                35.5257
              ],
              [
                129.0543,
                35.5259
              ],
              [
                129.0566,
                35.5271
              ],
              [
                129.0567,
                35.5292
              ],
              [
                129.0568,
                35.5302
              ],
              [
                129.0568,
                35.5307
              ],
              [
                129.0558,
                35.5323
              ],
              [
                129.0556,
                35.5322
              ],
              [
                129.0535,
                35.5315
              ],
              [
                129.0482,
                35.5296
              ],
              [
                129.0477,
                35.5295
              ],
              [
                129.0458,
                35.5295
              ],
              [
                129.0432,
                35.5291
              ],
              [
                129.0423,
                35.5286
              ],
              [
                129.0393,
                35.5275
              ],
              [
                129.0333,
                35.5258
              ],
              [
                129.0325,
                35.5257
              ],
              [
                129.0311,
                35.526
              ],
              [
                129.03,
                35.5262
              ],
              [
                129.0273,
                35.5271
              ],
              [
                129.0242,
                35.5258
              ],
              [
                129.0203,
                35.5241
              ],
              [
                129.013,
                35.5231
              ],
              [
                129.0117,
                35.5231
              ],
              [
                129.0109,
                35.5232
              ],
              [
                129.009,
                35.524
              ],
              [
                129.009,
                35.5249
              ],
              [
                129.009,
                35.5255
              ],
              [
                129.0093,
                35.5265
              ],
              [
                129.0094,
                35.5267
              ],
              [
                129.0095,
                35.5271
              ],
              [
                129.0096,
                35.5273
              ],
              [
                129.0097,
                35.528
              ],
              [
                129.0097,
                35.5281
              ],
              [
                129.0096,
                35.5283
              ],
              [
                129.0076,
                35.5291
              ],
              [
                129.0074,
                35.5291
              ],
              [
                129.0043,
                35.5292
              ],
              [
                129.002,
                35.5289
              ],
              [
                129.0019,
                35.5289
              ],
              [
                128.9978,
                35.5281
              ],
              [
                128.9954,
                35.5278
              ],
              [
                128.9946,
                35.5281
              ],
              [
                128.9946,
                35.5285
              ],
              [
                128.9946,
                35.5295
              ],
              [
                128.9946,
                35.5302
              ],
              [
                128.9947,
                35.5304
              ],
              [
                128.9955,
                35.5313
              ],
              [
                128.9961,
                35.532
              ],
              [
                128.9962,
                35.5323
              ],
              [
                128.9961,
                35.5332
              ],
              [
                128.996,
                35.5337
              ],
              [
                128.9959,
                35.5343
              ],
              [
                128.9959,
                35.5352
              ],
              [
                128.9962,
                35.5357
              ],
              [
                128.9964,
                35.5362
              ],
              [
                128.9972,
                35.5369
              ],
              [
                128.998,
                35.5376
              ],
              [
                128.9988,
                35.5385
              ],
              [
                128.999,
                35.54
              ],
              [
                128.9983,
                35.5417
              ],
              [
                128.9966,
                35.544
              ],
              [
                128.9944,
                35.5458
              ],
              [
                128.9944,
                35.5458
              ],
              [
                128.9923,
                35.5474
              ],
              [
                128.9909,
                35.549
              ],
              [
                128.9903,
                35.5499
              ],
              [
                128.9893,
                35.5516
              ],
              [
                128.9874,
                35.5507
              ],
              [
                128.9855,
                35.5495
              ],
              [
                128.9843,
                35.5487
              ],
              [
                128.9822,
                35.5472
              ],
              [
                128.9809,
                35.5464
              ],
              [
                128.9804,
                35.547
              ],
              [
                128.9797,
                35.5486
              ],
              [
                128.9788,
                35.5497
              ],
              [
                128.977,
                35.5516
              ],
              [
                128.9762,
                35.5522
              ],
              [
                128.9752,
                35.5532
              ],
              [
                128.9729,
                35.5561
              ],
              [
                128.9724,
                35.5571
              ],
              [
                128.9713,
                35.5599
              ],
              [
                128.9712,
                35.5603
              ],
              [
                128.9719,
                35.5602
              ],
              [
                128.9756,
                35.5619
              ],
              [
                128.977,
                35.5628
              ],
              [
                128.9779,
                35.5634
              ],
              [
                128.9796,
                35.5634
              ],
              [
                128.9817,
                35.5639
              ],
              [
                128.985,
                35.5646
              ],
              [
                128.987,
                35.5654
              ],
              [
                128.9893,
                35.5663
              ],
              [
                128.9932,
                35.5673
              ],
              [
                128.9941,
                35.567
              ],
              [
                128.9958,
                35.5679
              ],
              [
                129.0031,
                35.5751
              ],
              [
                129.0038,
                35.5762
              ],
              [
                129.0043,
                35.5768
              ],
              [
                129.0045,
                35.577
              ],
              [
                129.0048,
                35.5773
              ],
              [
                129.0079,
                35.5802
              ],
              [
                129.0123,
                35.5827
              ],
              [
                129.0131,
                35.583
              ],
              [
                129.0145,
                35.5826
              ],
              [
                129.0173,
                35.5832
              ],
              [
                129.0189,
                35.5838
              ],
              [
                129.0192,
                35.5843
              ],
              [
                129.0188,
                35.5851
              ],
              [
                129.0189,
                35.5868
              ],
              [
                129.0194,
                35.5877
              ],
              [
                129.0205,
                35.5886
              ],
              [
                129.0216,
                35.5894
              ],
              [
                129.022,
                35.5899
              ],
              [
                129.0228,
                35.5913
              ],
              [
                129.023,
                35.5962
              ],
              [
                129.0246,
                35.5999
              ],
              [
                129.0244,
                35.6013
              ],
              [
                129.0243,
                35.6015
              ],
              [
                129.023,
                35.6024
              ],
              [
                129.0226,
                35.603
              ],
              [
                129.0229,
                35.6041
              ],
              [
                129.0236,
                35.6092
              ],
              [
                129.023,
                35.6134
              ],
              [
                129.0225,
                35.6142
              ],
              [
                129.0204,
                35.6152
              ],
              [
                129.0194,
                35.6156
              ],
              [
                129.0167,
                35.6163
              ],
              [
                129.0133,
                35.6153
              ],
              [
                129.0085,
                35.6159
              ],
              [
                129.0079,
                35.6162
              ],
              [
                129.0065,
                35.6185
              ],
              [
                129.0057,
                35.6191
              ],
              [
                129.0027,
                35.6203
              ],
              [
                129.0039,
                35.6217
              ],
              [
                129.0061,
                35.6235
              ],
              [
                129.0089,
                35.6253
              ],
              [
                129.0103,
                35.6261
              ],
              [
                129.0126,
                35.6269
              ],
              [
                129.0147,
                35.6278
              ],
              [
                129.0168,
                35.6288
              ],
              [
                129.018,
                35.6296
              ],
              [
                129.0186,
                35.6307
              ],
              [
                129.0193,
                35.6324
              ],
              [
                129.0201,
                35.634
              ],
              [
                129.0207,
                35.635
              ],
              [
                129.0209,
                35.6351
              ],
              [
                129.0248,
                35.6361
              ],
              [
                129.0266,
                35.6364
              ],
              [
                129.0269,
                35.6361
              ],
              [
                129.0285,
                35.6349
              ],
              [
                129.029,
                35.6346
              ],
              [
                129.0304,
                35.634
              ],
              [
                129.0355,
                35.632
              ],
              [
                129.0364,
                35.6322
              ],
              [
                129.037,
                35.6325
              ],
              [
                129.0372,
                35.6332
              ],
              [
                129.0373,
                35.6336
              ],
              [
                129.038,
                35.6349
              ],
              [
                129.0407,
                35.6373
              ],
              [
                129.0433,
                35.641
              ],
              [
                129.0438,
                35.642
              ],
              [
                129.0442,
                35.6429
              ],
              [
                129.0445,
                35.6436
              ],
              [
                129.0446,
                35.6445
              ],
              [
                129.0447,
                35.6449
              ],
              [
                129.0451,
                35.6463
              ],
              [
                129.0461,
                35.6491
              ],
              [
                129.0469,
                35.6505
              ],
              [
                129.0485,
                35.6502
              ],
              [
                129.0506,
                35.6495
              ],
              [
                129.052,
                35.6491
              ],
              [
                129.0548,
                35.6485
              ],
              [
                129.0567,
                35.6483
              ],
              [
                129.0577,
                35.6483
              ],
              [
                129.0633,
                35.6466
              ],
              [
                129.0693,
                35.6454
              ],
              [
                129.0693,
                35.6454
              ],
              [
                129.0696,
                35.6453
              ],
              [
                129.0705,
                35.6449
              ],
              [
                129.0711,
                35.6445
              ],
              [
                129.0712,
                35.6444
              ],
              [
                129.0718,
                35.644
              ],
              [
                129.0722,
                35.6437
              ],
              [
                129.0722,
                35.6437
              ],
              [
                129.0722,
                35.6437
              ],
              [
                129.0755,
                35.6404
              ],
              [
                129.0777,
                35.6415
              ],
              [
                129.0784,
                35.6419
              ],
              [
                129.079,
                35.6422
              ],
              [
                129.0791,
                35.6423
              ],
              [
                129.0797,
                35.6426
              ],
              [
                129.0807,
                35.6432
              ],
              [
                129.0809,
                35.6433
              ],
              [
                129.0809,
                35.6435
              ],
              [
                129.081,
                35.6439
              ],
              [
                129.0813,
                35.645
              ],
              [
                129.0814,
                35.6452
              ],
              [
                129.0812,
                35.6467
              ],
              [
                129.0811,
                35.6468
              ],
              [
                129.0807,
                35.6478
              ],
              [
                129.0807,
                35.648
              ],
              [
                129.0805,
                35.6481
              ],
              [
                129.0798,
                35.649
              ],
              [
                129.0798,
                35.6491
              ],
              [
                129.078,
                35.6499
              ],
              [
                129.0762,
                35.6509
              ],
              [
                129.0754,
                35.6518
              ],
              [
                129.0753,
                35.6518
              ],
              [
                129.0722,
                35.6556
              ],
              [
                129.0681,
                35.6586
              ],
              [
                129.068,
                35.6586
              ],
              [
                129.0679,
                35.6588
              ],
              [
                129.0675,
                35.6609
              ],
              [
                129.0673,
                35.662
              ],
              [
                129.0674,
                35.6622
              ],
              [
                129.0685,
                35.6637
              ],
              [
                129.069,
                35.6691
              ],
              [
                129.0672,
                35.6713
              ],
              [
                129.0681,
                35.6732
              ],
              [
                129.069,
                35.6738
              ],
              [
                129.0712,
                35.6755
              ],
              [
                129.073,
                35.6774
              ],
              [
                129.073,
                35.6774
              ],
              [
                129.0723,
                35.6776
              ],
              [
                129.0715,
                35.6781
              ],
              [
                129.0707,
                35.6786
              ],
              [
                129.07,
                35.68
              ],
              [
                129.0698,
                35.6814
              ],
              [
                129.0699,
                35.6824
              ],
              [
                129.0719,
                35.6844
              ],
              [
                129.0727,
                35.6853
              ],
              [
                129.0737,
                35.6865
              ],
              [
                129.0739,
                35.6868
              ],
              [
                129.0741,
                35.687
              ],
              [
                129.0741,
                35.6872
              ],
              [
                129.0741,
                35.6873
              ],
              [
                129.074,
                35.6876
              ],
              [
                129.074,
                35.6878
              ],
              [
                129.0741,
                35.688
              ],
              [
                129.0743,
                35.6884
              ],
              [
                129.0772,
                35.6929
              ],
              [
                129.0805,
                35.6959
              ],
              [
                129.0831,
                35.6976
              ],
              [
                129.0848,
                35.6978
              ],
              [
                129.0857,
                35.6981
              ],
              [
                129.0873,
                35.699
              ],
              [
                129.0899,
                35.701
              ],
              [
                129.0902,
                35.7026
              ],
              [
                129.0903,
                35.7027
              ],
              [
                129.091,
                35.7027
              ],
              [
                129.0918,
                35.7028
              ],
              [
                129.0927,
                35.7029
              ],
              [
                129.0929,
                35.7029
              ],
              [
                129.0933,
                35.7029
              ],
              [
                129.0937,
                35.703
              ],
              [
                129.0974,
                35.7043
              ],
              [
                129.1017,
                35.706
              ],
              [
                129.1018,
                35.7061
              ],
              [
                129.1021,
                35.7061
              ],
              [
                129.1029,
                35.7063
              ],
              [
                129.1032,
                35.7064
              ],
              [
                129.1035,
                35.7064
              ],
              [
                129.105,
                35.7064
              ],
              [
                129.1104,
                35.7074
              ],
              [
                129.1127,
                35.7084
              ],
              [
                129.1157,
                35.7085
              ],
              [
                129.1171,
                35.7072
              ],
              [
                129.1175,
                35.7067
              ],
              [
                129.1196,
                35.707
              ],
              [
                129.1228,
                35.7078
              ],
              [
                129.124,
                35.7082
              ],
              [
                129.1241,
                35.7082
              ],
              [
                129.1242,
                35.7083
              ],
              [
                129.1243,
                35.7085
              ],
              [
                129.1243,
                35.7086
              ],
              [
                129.1243,
                35.7086
              ],
              [
                129.1248,
                35.7101
              ],
              [
                129.1257,
                35.7124
              ],
              [
                129.1262,
                35.7136
              ],
              [
                129.127,
                35.714
              ],
              [
                129.1274,
                35.7141
              ],
              [
                129.1314,
                35.7128
              ],
              [
                129.1342,
                35.7121
              ],
              [
                129.1353,
                35.7123
              ],
              [
                129.1368,
                35.7129
              ],
              [
                129.1364,
                35.7131
              ],
              [
                129.136,
                35.7135
              ],
              [
                129.1358,
                35.7136
              ],
              [
                129.1361,
                35.7144
              ],
              [
                129.1366,
                35.7155
              ],
              [
                129.1379,
                35.7171
              ],
              [
                129.1395,
                35.7182
              ],
              [
                129.1395,
                35.7182
              ],
              [
                129.1395,
                35.7183
              ],
              [
                129.1375,
                35.7207
              ],
              [
                129.1384,
                35.7218
              ],
              [
                129.141,
                35.7239
              ],
              [
                129.1413,
                35.7241
              ],
              [
                129.142,
                35.7243
              ],
              [
                129.1445,
                35.7248
              ],
              [
                129.1461,
                35.7249
              ],
              [
                129.1461,
                35.7249
              ],
              [
                129.1472,
                35.7247
              ],
              [
                129.1487,
                35.7235
              ],
              [
                129.1498,
                35.7233
              ],
              [
                129.1529,
                35.722
              ],
              [
                129.1548,
                35.7209
              ],
              [
                129.1563,
                35.7198
              ],
              [
                129.1581,
                35.7176
              ],
              [
                129.1594,
                35.716
              ],
              [
                129.1595,
                35.7159
              ]
            ]
          ]
        ]
      },
      "properties": {
        "name": "울주군",
        "base_year": "2018",
        "name_eng": "Ulju-gun",
        "code": "26310"
      }
    }
  ]
}
